iter,seed,category,ret,E_wh,T_s,unserved,E_lamE_high,T_lamE_high,E_lamT_high,T_lamT_high,pg_loss,v_loss,entropy,kl,energy_check_err
0,42,1,-1.4876,540.67,766.77,0,545.85,769.43,537.12,764.95,-0.0038785,0.25479,1.1329,0.015911,6.1035e-05
1,43,1,-1.6376,660.84,949.71,0,665.91,986.84,657.13,922.62,0.0010886,0.19421,1.4012,0.012323,0.00012207
2,44,2,-2.0963,793.14,1085.3,0,797.91,1088.7,789.42,1082.7,0.0026089,0.2016,1.7173,0.010792,0.00012207
3,45,1,-1.7304,610.06,854.44,0,603.16,850.4,616.15,857.99,-0.015346,0.039683,1.2795,0.013859,0.00012207
4,46,1,-1.572,579.17,774.04,0,584.94,784,573.76,764.69,-0.0068312,0.030129,1.2475,0.0088329,0.00012207
5,47,2,-1.8721,734.58,957.83,0,740.36,952.34,729.79,962.38,-0.015944,0.016444,1.5828,0.016761,0.00018311
6,48,3,-1.8211,812.73,1021.1,0,804.43,1018.1,822.15,1024.5,-0.012433,0.01514,1.8417,0.014353,0.00012207
7,49,1,-1.483,516.01,663.76,0,516.6,675.38,515.39,651.38,-0.01285,0.030437,0.83965,0.0042436,6.1035e-05
8,50,1,-1.341,603.74,761.12,0,605.01,759.85,602.3,762.55,-0.020579,0.0088358,1.1052,0.019772,0.00012207
9,51,1,-1.2841,422.51,509.43,0,425.59,522.06,420.26,500.22,-0.038529,0.011887,0.71642,0.021864,6.1035e-05
10,52,1,-1.347,621.84,755.31,0,624.01,765.19,619.54,744.79,-0.011862,0.006795,1.1942,0.010655,0.00012207
11,53,3,-1.4909,761.63,884.11,0,762.92,878.56,759.86,891.72,-0.010856,0.0073466,1.3745,0.022852,0.00018311
12,54,3,-1.3816,688.21,813.88,0,680.13,805.29,695.8,821.96,-0.0081909,0.006612,1.1427,0.019183,0.00012207
13,55,0,-1.1565,397.06,480.63,0.015625,396.98,479,397.12,482.06,-0.0015837,0.030297,0.37922,0.011259,6.1035e-05
14,56,2,-1.2903,590.7,678.84,0,582.71,677.36,604.95,681.47,-0.003975,0.0066552,1.1914,0.026588,0.00012207
15,57,1,-1.268,406.69,437,0,397.47,429.02,411.52,441.17,-0.020864,0.0074847,0.36854,0.040252,6.1035e-05
16,58,2,-1.3312,675.25,776.07,0,667.47,775.24,683.52,776.94,-0.012794,0.0070736,0.79425,0.024243,0.00012207
17,59,0,-1.1104,416.22,497.33,0,413.59,501.46,418.39,493.91,-0.011799,0.0058383,0.17234,0.015971,6.1035e-05
18,60,1,-1.2002,508.06,564.56,0,506.27,572.26,509.85,556.86,-0.011326,0.0046215,0.07381,0.028195,6.1035e-05
19,61,3,-1.257,690.7,712.5,0,683.05,722.39,697.89,703.21,0.0084767,0.0043164,0.4744,0.03656,0.00012207
20,62,3,-1.3024,604.53,655.52,0,599.14,674.03,608.21,642.86,-0.0044577,0.0051087,0.58569,0.037744,0.00012207
21,63,2,-1.0518,524.55,548.02,0,524.26,562.94,524.87,532.14,-0.0093262,0.0062035,0.2783,0.01303,0.00012207
22,64,0,-1.0522,442,502.24,0.125,440.44,519.51,443.89,481.41,-0.017674,0.073281,-0.21747,0.032541,6.1035e-05
23,65,1,-1.1454,538.49,591.9,0,546.07,625.47,530.9,558.33,-0.026314,0.0063732,-0.055699,0.046462,6.1035e-05
24,66,1,-0.96317,426.95,453.94,0,422.9,466.71,432.15,437.53,-0.013485,0.0030812,-0.093066,0.039709,6.1035e-05
25,67,0,-1.0356,402.86,456.71,0,391.56,471.13,415.67,440.36,-0.025759,0.0087413,-0.35664,0.028378,6.1035e-05
26,68,2,-1.0862,491.03,489.62,0,497.45,530.46,487.19,465.12,-0.0022679,0.0081018,-0.024455,0.014327,0.00012207
27,69,0,-1.0417,413.94,436.22,0,410.27,445.82,416.45,429.65,-0.0025614,0.005263,-0.44196,0.013416,6.1035e-05
28,70,3,-1.2092,541.21,536.73,0,547.03,572.43,533.25,487.8,0.0053778,0.0065878,0.28551,0.036431,0.00012207
29,71,2,-1.0094,507.33,518.26,0,517.94,553.85,495.31,477.92,-0.011197,0.004577,0.047375,0.06422,6.1035e-05
30,72,1,-1.0758,405.05,412.27,0,396.47,431.57,412.63,395.24,-0.014845,0.0051255,-0.22937,0.030646,6.1035e-05
31,73,2,-1.2269,558.27,566.79,0,546.9,620.63,566.05,529.96,-0.010028,0.0061459,-0.070386,0.050787,6.1035e-05
32,74,3,-1.2762,653,649.01,0,649.01,689.24,657.81,600.46,0.003219,0.0050527,0.37317,0.016355,0.00018311
33,75,3,-1.1871,561.68,530.22,0,554.31,551.35,569.53,507.73,-0.0089621,0.0034041,0.26064,0.025721,0.00012207
34,76,1,-1.092,533,547.25,0,513.44,563.52,555.18,528.81,-0.0028695,0.0046784,-0.24964,0.065409,6.1035e-05
35,77,1,-0.9842,398.12,393.65,0,390.07,419.73,404.39,373.36,-0.023089,0.002778,-0.63509,0.15038,6.1035e-05
36,78,2,-1.1818,566.3,586.91,0,565.15,631.98,567.45,541.84,0.0018953,0.0055103,-0.028009,0.051879,0.00012207
37,79,0,-1.0175,421.5,441.94,0,411.13,455.49,432.54,427.51,-0.02773,0.0064991,-0.46341,0.019727,6.1035e-05
38,80,3,-1.136,490.67,473.71,0,470,482.08,514.09,464.23,-0.001187,0.0037793,-0.18973,0.054449,9.1553e-05
39,81,1,-1.2074,582.6,584.16,0,556.5,639.04,596.27,555.41,-0.026281,0.0045226,-0.4902,0.12958,0.00012207
40,82,3,-1.1459,544.37,517.52,0,529.18,543.23,556.18,497.52,0.0044364,0.0028287,-0.10816,0.026349,0.00012207
41,83,1,-1.0927,493.62,508.77,0,484.92,529.8,507.2,475.96,0.012393,0.0033391,-0.17619,0.045162,6.1035e-05
42,84,3,-1.1376,547.54,520.72,0,536.87,547.17,557.56,495.86,0.0086639,0.0037567,-0.095752,0.044922,0.00012207
43,85,0,-1.1694,441.27,490.34,0.1875,427.61,522.07,456.76,454.39,-0.016883,0.090806,-0.46891,0.022603,6.1035e-05
44,86,1,-1.0467,548.73,563.34,0,529.59,593.92,565.62,536.35,-0.0064977,0.012139,-0.28638,0.027038,6.1035e-05
45,87,3,-1.1137,596.07,571.55,0,591.32,611.84,601.46,525.89,0.0089342,0.0034335,-0.039217,0.071183,0.00018311
46,88,1,-1.0374,523.56,550.44,0,518.49,590.56,528.96,507.72,-0.0094378,0.0030652,-0.27119,0.066087,6.1035e-05
47,89,1,-1.026,415.97,418.17,0,407.88,441.37,423.57,396.38,-0.027585,0.0018616,-0.66294,0.088344,6.1035e-05
48,90,1,-1.0317,431.96,446.1,0,415.88,472.54,449.07,417.96,-0.021058,0.0016415,-0.53478,0.080752,6.1035e-05
49,91,1,-1.0266,406.1,388.1,0,391.5,406.95,415.46,376.02,-0.0070509,0.0027625,-0.95994,0.060145,6.1035e-05
50,92,2,-1.0082,492.78,498.18,0,483.25,530.6,503.57,461.45,-0.011063,0.0035135,-0.19633,0.27738,0.00012207
51,93,2,-1.0873,750.33,728.59,0,657.11,690.95,878.07,780.17,-0.0014927,0.006134,0.075181,0.027413,0.00018311
52,94,0,-0.96154,361.07,359.53,0,342.95,363.51,380.37,355.29,-0.021071,0.011758,-0.5041,0.04624,3.0518e-05
53,95,3,-1.2905,649.86,612.96,0,587.29,606.25,701.71,618.53,0.0024145,0.0071202,0.042266,0.026623,0.00018311
54,96,3,-1.1529,594.55,567.8,0,532.05,563.34,657.05,572.27,-0.018609,0.0041065,-0.24385,0.096167,0.00012207
55,97,1,-1.238,611.08,617.49,0,530.99,609.49,673.38,623.7,-0.017043,0.0056348,-0.34352,0.037445,0.00012207
56,98,1,-1.0232,374.77,359.91,0,361.36,378.25,386.6,343.73,-0.024604,0.009608,-0.51642,0.036381,6.1035e-05
57,99,1,-0.98655,403.18,407.24,0,372.25,425.24,436.11,388.08,-0.024237,0.0027369,-0.56108,0.062132,6.1035e-05
58,100,3,-1.3532,674.05,631.65,0,630.55,656.14,705.8,613.77,0.0040416,0.0092033,-0.059477,0.064707,0.00012207
59,101,3,-1.1425,653.59,636.72,0,614.98,648.42,710.01,619.62,-0.0018726,0.0023528,-0.0050464,0.033426,0.00012207
60,102,3,-1.1245,542.75,518.71,0,518.01,534.35,576.66,497.28,-0.011847,0.0028139,-0.15519,0.052144,0.00012207
61,103,2,-1.1624,598.38,596.03,0,569.23,614.8,643.84,566.76,-0.0026358,0.0034995,0.0020608,0.02355,0.00012207
62,104,3,-1.0655,542.33,514.53,0,514.01,541.76,567.31,490.51,-0.0024569,0.0026173,-0.27402,0.041475,0.00012207
63,105,1,-1.0635,368.22,359.56,0,360.89,376.48,377.06,339.14,-0.023824,0.0044366,-0.70943,0.030153,6.1035e-05
64,106,2,-1.0644,549.1,535.62,0,514.46,572.28,576.03,507.1,-0.021001,0.0027917,-0.57513,0.10691,0.00012207
65,107,0,-1.0516,418.97,438.83,0,400.8,468.74,436.04,410.73,-0.0088356,0.0071172,-0.777,0.039959,3.0518e-05
66,108,1,-0.9465,414.32,403.77,0,396.04,419.99,433.78,386.5,-0.017286,0.011499,-0.87194,0.06782,6.1035e-05
67,109,2,-1.0449,620.66,593.87,0,596.92,616.21,655.37,561.23,0.008401,0.002933,-0.39071,0.041123,0.00012207
68,110,0,-1.0532,412.81,421.95,0,393.07,443.11,429.16,404.42,-0.0075923,0.0022054,-0.78589,0.021648,6.1035e-05
69,111,1,-1.0515,465.72,466.99,0,446.68,510.34,482.52,428.73,-0.019245,0.0024877,-0.77546,0.075597,6.1035e-05
70,112,1,-1.0071,530.96,522.66,0,495.75,548.49,564.03,498.39,-0.01199,0.0026988,-0.81024,0.182,6.1035e-05
71,113,2,-1.0189,486.73,487.28,0,461.79,527.82,511.66,446.74,-0.0096111,0.0022901,-0.68997,0.049299,9.1553e-05
72,114,3,-1.1026,666.47,621.56,0,646.47,658.67,695.69,567.33,0.0087022,0.0034019,-0.41552,0.051364,0.00018311
73,115,0,-1.0081,431.93,466.27,0.10938,412.77,533.9,445.91,416.92,-0.01818,0.063367,-1.1154,0.043342,6.1035e-05
74,116,1,-1.1093,546.73,549.97,0,538.34,607.28,556.25,485.02,-0.025508,0.004427,-0.92516,0.073158,0.00012207
75,117,0,-1.261,445.04,458.58,0.3125,442.39,499.64,448.46,405.79,-0.044911,0.14437,-0.9736,0.48505,6.1035e-05
76,118,1,-0.9608,479.26,473.82,0,467.6,509.28,490.21,440.52,0.0040589,0.038531,-0.89086,0.027504,0.00012207
77,119,2,-1.0973,593.98,575.32,0,563.06,648.55,610.18,536.97,-0.0048762,0.006252,-0.69174,0.044681,0.00012207
78,120,3,-1.1718,583.62,537.45,0,549.68,563.61,611.74,515.77,0.0088079,0.0044908,-0.43084,0.098025,0.00012207
79,121,1,-1.0346,350.33,331.2,0,332.57,351.8,362.48,317.11,-0.021004,0.010746,-1.1888,0.081993,6.1035e-05
80,122,3,-1.1516,536.88,506.22,0,537.98,556.93,535.92,461.48,-0.0022171,0.0026531,-0.5692,0.027515,0.00012207
81,123,2,-1.0773,556.16,548.13,0,536.07,597.55,573.88,504.52,0.0037729,0.0033686,-0.38023,0.04559,0.00012207
82,124,2,-1.1677,651.95,630.39,0,627.04,665.7,680.17,590.38,0.0038148,0.0034761,-0.39417,0.05356,0.00012207
83,125,1,-1.093,575.11,549.6,0,542.01,576.6,597.76,531.14,-0.021426,0.0036601,-0.91914,0.057384,6.1035e-05
84,126,2,-1.1081,580.68,565.53,0,565.12,613.32,595.31,520.63,-0.0065444,0.0018041,-0.46395,0.044901,0.00012207
85,127,1,-1.0409,393.04,378.4,0,379.67,401.52,405.59,356.68,-0.025746,0.0033805,-0.88573,0.061614,6.1035e-05
86,128,2,-1.0158,628.62,585.47,0,600.54,617.65,655.01,555.24,0.011971,0.001879,-0.70713,0.063922,0.00012207
87,129,3,-1.0937,604.84,563.14,0,583.33,608.78,623.83,522.87,-0.0037327,0.0021824,-0.70154,0.049721,0.00012207
88,130,2,-1.0742,558.44,554.66,0,542.62,615.11,572.4,501.33,0.014645,0.0012499,-0.77614,0.060101,0.00012207
89,131,3,-1.0434,576.02,556.87,0,563.27,604.19,590.46,503.24,0.00020523,0.0014333,-0.57939,0.048956,0.00012207
90,132,3,-1.0675,518.09,501.48,0,503.46,539.36,533.66,461.15,0.012132,0.001719,-0.72158,0.07881,6.1035e-05
91,133,2,-1.0191,481.28,464.15,0,467.54,487.81,502.71,427.23,-0.0049396,0.0015533,-0.58819,0.031711,9.1553e-05
92,134,0,-0.97651,321.13,323.81,0,309.66,342.17,331.26,307.62,-0.0060844,0.0028985,-1.2845,0.11236,3.0518e-05
93,135,3,-1.1401,642.69,615.43,0,589.54,629.46,711.01,597.39,0.0028493,0.0023621,-0.51192,0.045421,0.00018311
94,136,0,-1.0259,410.83,426.97,0.03125,382.86,464.09,432.59,398.1,-0.005432,0.021701,-1.1549,0.036688,6.1035e-05
95,137,0,-0.91488,439,458.45,0.03125,421.02,498.42,456.97,418.48,-0.0097934,0.02233,-1.2743,0.038139,6.1035e-05
96,138,0,-0.96464,359.85,365.28,0,341.17,394.12,375.33,341.39,-0.031577,0.002864,-1.3487,0.076641,3.0518e-05
97,139,3,-1.0637,613.66,575.27,0,573.21,607.51,651.66,544.98,-0.035751,0.0023602,-0.32618,0.56975,0.00012207
98,140,0,-1.972,448.72,458.45,1.0312,439.52,516.36,455.88,413.41,-0.029367,0.41699,-0.45382,0.039546,6.1035e-05
99,141,2,-1.344,691.74,695.77,0,657.26,742.99,736.08,635.05,0.0045431,0.051835,-0.13714,0.037374,0.00012207
100,142,1,-1.216,557.43,554.33,0,529.63,593.51,588.95,509.94,-0.0061672,0.017592,-0.63874,0.028153,6.1035e-05
101,143,1,-1.1687,579.64,580.19,0,555.74,606.29,616.94,539.47,-0.014267,0.006629,-0.49236,0.040107,6.1035e-05
102,144,2,-1.1578,573.48,545.45,0,548.26,583.39,597.17,509.8,0.00028091,0.0033778,-0.73762,0.034396,0.00012207
103,145,1,-1.1436,473.87,456.78,0,455.05,490.15,492.7,423.4,-0.021088,0.0066148,-1.0856,0.059181,6.1035e-05
104,146,0,-1.419,458.15,483.67,0.45312,452.06,517.81,467.64,430.41,-0.018449,0.26179,-0.78585,0.028309,6.1035e-05
105,147,2,-1.1308,571.59,531.62,0,522.47,539.21,627.25,523.02,-0.0044015,0.044064,-0.98473,0.032831,0.00012207
106,148,1,-1.0018,588.68,590.32,0,564,634.48,618.47,537.01,-0.0060117,0.0059033,-0.94965,0.026642,0.00012207
107,149,3,-1.0445,614.48,559.09,0,591.19,596.41,642.58,514.05,-0.0061086,0.002012,-0.85417,0.050612,0.00012207
108,150,1,-1.1001,357.92,324.92,0,340.96,344.95,370.31,310.3,-0.024492,0.0035386,-1.0728,0.045655,6.1035e-05
109,151,2,-1.0568,595.33,576.59,0,567.52,615.04,628.88,530.19,-0.0036022,0.0022939,-0.8029,0.03728,6.1035e-05
110,152,1,-0.97114,440.29,415.66,0,428.01,443.86,455.11,381.62,-0.012888,0.0011228,-1.2418,0.10962,6.1035e-05
111,153,3,-1.1847,602.93,545.37,0,571.3,559.17,652.28,523.84,-0.018235,0.0035559,-0.60406,0.050818,6.1035e-05
112,154,3,-1.167,597.35,533.35,0,539.76,562.17,631.9,516.06,-0.0019016,0.0019145,-0.91882,0.034336,0.00012207
113,155,1,-0.96926,475.82,474.91,0,439.1,491.47,523.04,453.61,-0.016805,0.0029701,-1.0516,0.11305,6.1035e-05
114,156,0,-1.3711,448.5,452.88,0.39062,443.89,491,453.73,409.69,-0.0078828,0.18341,-1.267,0.014329,6.1035e-05
115,157,3,-1.1151,640.35,581.68,0,607.12,633.21,667.89,538.98,-0.0064815,0.017786,-0.83826,0.030126,0.00012207
116,158,0,-0.98528,381.68,380.09,0,371.2,402.52,393.55,354.66,-0.0047319,0.02916,-1.2431,0.017906,3.0518e-05
117,159,0,-1.0045,397.84,371.44,0,383.93,396.62,405.13,358.25,0.0019103,0.013751,-1.6445,0.029198,6.1035e-05
118,160,2,-1.0767,620.84,587.66,0,598.06,617.04,650.14,549.89,0.010991,0.0031091,-0.77227,0.033721,0.00012207
119,161,1,-1.0583,469.59,445.43,0,447.6,457.72,494.51,431.5,-0.023428,0.0022073,-1.3327,0.04761,6.1035e-05
120,162,2,-1.0107,525.11,514.97,0,503.68,540.31,556.43,477.92,-0.010907,0.0021293,-1.0349,0.021151,0.00012207
121,163,3,-0.98714,570.79,541.05,0,553.56,568.72,594.42,503.14,-0.0094042,0.0018642,-0.82721,0.058292,0.00012207
122,164,0,-0.95595,436.37,443.45,0.0625,408.27,456.19,466.28,429.88,-0.010608,0.040709,-1.3816,0.099912,6.1035e-05
123,165,2,-0.96173,430.32,399.53,0,413.4,426.48,443.48,378.58,-0.0044784,0.0022913,-1.1859,0.015879,9.1553e-05
124,166,1,-0.99102,364.78,332.59,0,354.19,345.45,376.06,318.91,-0.0121,0.0032565,-1.5051,0.027501,6.1035e-05
125,167,3,-1.0579,473.52,456.41,0,454.84,478.85,499.11,425.65,-0.01237,0.0018208,-1.0035,0.050397,0.00012207
126,168,0,-1.9144,471.41,486.69,1.0312,468.01,514.68,477.08,440.06,-0.03823,0.67404,-1.4857,0.22103,3.0518e-05
127,169,2,-1.0292,602.08,570.03,0,567.56,606.26,636.59,533.81,-0.0037608,0.10807,-1.0073,0.020475,0.00012207
128,170,2,-1.0543,480.47,466.27,0,452.43,488.33,512.24,441.27,-0.0056253,0.011003,-1.2221,0.077175,6.1035e-05
129,171,3,-1.0802,565.55,536.75,0,532.09,553.15,614.47,512.78,0.0019798,0.0023566,-1.0275,0.057203,0.00012207
130,172,1,-0.91592,512.46,505.47,0,492.17,527.8,542.11,472.83,-0.0068378,0.0063808,-1.4229,0.077326,6.1035e-05
131,173,3,-1.092,582.43,527.86,0,545.34,553.99,619.52,501.74,0.0011314,0.0020704,-1.0177,0.048282,0.00012207
132,174,3,-1.0511,611.77,565.8,0,572.88,581.31,653.17,549.28,0.0034247,0.0019667,-0.9877,0.12776,0.00012207
133,175,1,-0.99786,416.3,399.92,0,411.77,432.14,421.43,363.42,0.0020263,0.0035172,-1.4325,0.076608,6.1035e-05
134,176,0,-0.90544,395.52,378.51,0,382.79,395.6,407.47,362.46,-0.028388,0.0058325,-1.7602,0.11002,6.1035e-05
135,177,0,-0.9801,335.62,333.91,0,326.7,345.79,348.67,316.53,-0.0071993,0.011342,-1.4012,0.047549,3.0518e-05
136,178,0,-1.7909,467.78,449.31,0.84375,462.41,480.46,472.52,421.83,-0.012366,0.43331,-1.1396,0.050312,6.1035e-05
137,179,0,-1.0654,406.53,405.43,0.125,381.16,420.34,433.53,389.56,0.0057079,0.2786,-1.2275,0.12294,3.0518e-05
138,180,3,-1.1808,617.63,601.69,0,591.19,658.72,645.76,540.99,-0.0020093,0.011486,-0.6349,0.042962,0.00012207
139,181,1,-1.0432,565.31,546.57,0,523.78,584.31,593.73,520.75,-0.011984,0.00331,-1.353,0.049354,9.1553e-05
140,182,1,-0.91824,509.37,482.03,0,487.24,501.56,530.17,463.67,-0.014679,0.0047634,-1.4935,0.024209,6.1035e-05
141,183,0,-1.2634,446.79,431.7,0.26562,445.03,462.91,449.04,391.58,-0.050097,0.13739,-1.2273,0.096816,6.1035e-05
142,184,1,-0.93389,421.86,396.59,0,394.23,407.97,453.17,383.69,-0.022221,0.033557,-1.3234,0.063015,6.1035e-05
143,185,2,-1.0804,535.81,501.88,0,496.97,527.88,567.98,480.34,-0.012568,0.007523,-0.79488,0.056268,0.00012207
144,186,1,-1.0899,533.37,501.65,0,512.71,528.22,550.49,479.63,-0.018216,0.0047789,-1.0899,0.046263,9.1553e-05
145,187,1,-1.0481,416.19,380.45,0,384.54,383.13,447.84,377.77,-0.050701,0.0037239,-1.3408,0.12119,6.1035e-05
146,188,2,-1.0405,556.73,560.67,0,536.62,603.79,586.12,497.66,-0.011259,0.002643,-0.5616,0.054566,0.00012207
147,189,0,-1.0274,425.14,445.58,0.03125,412.28,481.8,439.73,404.54,-0.019598,0.023099,-1.5395,0.054018,6.1035e-05
148,190,2,-0.99015,458.88,461.36,0,444.45,511.23,474.23,408.28,-0.026068,0.0019369,-0.97665,0.12239,9.1553e-05
149,191,0,-1.438,450.62,453.44,0.4375,446.95,493.41,454.51,410.89,-0.039742,0.25284,-1.4428,0.14503,6.1035e-05
150,192,0,-1.0253,386,391.18,0,367.94,424.44,402.97,359.94,-0.01648,0.06102,-1.3933,0.03255,6.1035e-05
151,193,2,-1.0729,535.42,495.91,0,522.61,544.74,544.77,460.27,-0.016127,0.0069968,-1.2238,0.19892,0.00012207
152,194,3,-1.185,622.15,562.82,0,577.28,592.31,650.92,543.92,0.0025165,0.0041912,-0.78626,0.20115,0.00012207
153,195,2,-1.1586,611.89,565.73,0,550.53,549.8,690.77,586.2,-0.0063179,0.0057255,-0.78235,0.028646,0.00012207
154,196,0,-1.1806,447.5,440.06,0.23438,436.76,469.37,457.58,412.54,-0.011086,0.11743,-1.2905,0.023328,6.1035e-05
155,197,0,-1.5704,463.11,453.09,0.57812,458.88,486.91,467.91,414.76,-0.014982,0.2477,-1.188,0.015208,6.1035e-05
156,198,1,-1.1091,533.71,540.63,0,501.8,570.66,574.74,502.01,-0.0028943,0.036183,-0.89052,0.027396,0.00012207
157,199,0,-0.97695,451.79,454.99,0.046875,440.52,485.7,465.38,417.92,-0.012589,0.065754,-1.5875,0.032794,3.0518e-05
158,200,0,-1.149,456.83,457.42,0.15625,449.33,508.76,461.95,422.3,-0.023413,0.12157,-1.7695,0.076544,3.0518e-05
159,201,3,-1.0996,606.82,551.8,0,594.93,571.62,621.18,527.89,0.00074621,0.0038187,-0.79867,0.05724,0.00012207
160,202,0,-1.0038,428.72,415.99,0,419.06,438.18,437.79,395.14,-0.019232,0.0060655,-1.4161,0.037244,6.1035e-05
161,203,3,-1.1098,633.85,577.98,0,630.5,626.53,637.42,526.3,0.0035896,0.0053692,-1.0351,0.06832,0.00018311
162,204,3,-1.0489,566.7,520.81,0,579.19,567.34,551.62,464.65,-0.0012163,0.0027533,-1.1009,0.078325,0.00012207
163,205,1,-1.0812,544.27,514.66,0,529.31,547.26,560.21,479.97,-0.00084702,0.0041579,-1.244,0.071154,0.00012207
164,206,1,-1.0311,483.4,470.84,0,480.22,498.05,487.75,433.55,0.017386,0.0025497,-1.2898,0.057219,6.1035e-05
165,207,2,-1.0688,534.03,510.83,0,515.91,539.08,557.32,474.51,0.0070904,0.0038839,-1.0675,0.050759,6.1035e-05
166,208,1,-1.0969,593.93,532.86,0,569.11,553.89,612.04,517.52,-0.014933,0.0023607,-1.3991,0.073784,6.1035e-05
167,209,0,-0.99664,435.69,440.29,0,421.9,479.93,448.64,403.06,-0.0039368,0.0054908,-1.5232,0.067989,6.1035e-05
168,210,3,-1.1118,642.47,559.33,0,624.04,582.49,666.17,529.56,-0.0023171,0.0038298,-1.1884,0.075215,0.00012207
169,211,0,-1.6973,460.23,477.56,0.82812,460.4,530.9,459.99,404.47,-0.014724,0.52179,-1.1658,0.093523,6.1035e-05
170,212,1,-0.99924,443.07,419.65,0,419.48,422.39,473.4,416.13,0.0002782,0.074757,-1.7085,0.036132,6.1035e-05
171,213,1,-0.99988,456.17,413.03,0,449.94,441.67,460.16,394.68,0.01171,0.0034484,-1.8948,0.019906,6.1035e-05
172,214,1,-1.0972,601.31,548.06,0,567.65,572.93,622.88,532.12,0.00091495,0.0027491,-1.7143,0.074882,0.00012207
173,215,1,-1.0866,532.95,478.79,0,524.26,496.87,540.16,463.81,0.022666,0.0025352,-1.6123,0.078002,0.00012207
174,216,0,-1.0125,402.45,392.96,0,399.34,422.38,405.2,367,-0.025136,0.013097,-1.7398,0.058217,3.0518e-05
175,217,3,-1.0529,608.69,565.57,0,599.93,609.58,621.49,501.25,0.0014381,0.0042205,-0.67664,0.090021,0.00012207
176,218,2,-1.0327,519.79,469.91,0,485.72,485.98,544.66,458.18,-0.022466,0.0026819,-1.1528,0.050045,9.1553e-05
177,219,2,-1.0783,500.33,469.18,0,491.81,512.6,508.86,425.76,-0.0083884,0.0022429,-1.103,0.020355,6.1035e-05
0,42,1,-1.4876,540.67,766.77,0,545.85,769.43,537.12,764.95,-0.0045295,0.57864,1.1342,0.0093708,6.1035e-05
1,43,1,-1.5573,654.98,933.67,0,655.73,951.01,654.17,915.22,0.0015923,0.30283,1.4207,0.0033304,0.00012207
2,44,2,-2.0266,790.46,1106.1,0,800.9,1120.1,779.35,1091.2,0.009509,0.31444,1.7847,0.014994,0.00012207
3,45,1,-1.7741,610.77,882.8,0,612.33,889.68,609.21,875.91,0.010819,0.28489,1.2976,-0.0030957,0.00012207
4,46,1,-1.5821,565.66,777.09,0,568.8,791.84,563.21,765.62,-0.011925,0.24612,1.2737,0.0012846,0.00012207
5,47,2,-1.791,713.37,959.28,0,714.34,945.99,712.04,977.48,0.0003837,0.2304,1.6469,-0.00046193,0.00012207
6,48,3,-1.8542,799.66,1040.3,0,792.76,1020.4,809.1,1067.5,0.0022794,0.25417,1.8953,0.012627,0.00018311
7,49,1,-1.5479,527.94,684.75,0,522.37,668.93,533.52,700.57,-0.0015429,0.14105,0.86857,0.0092448,6.1035e-05
8,50,1,-1.3751,610.41,826.34,0,607.18,817.08,614.56,838.24,-0.00096535,0.12107,1.2031,0.0056866,0.00012207
9,51,1,-1.3239,427.32,528.59,0,421.95,520.04,432.05,536.13,-0.026618,0.10705,0.79683,0.0050613,6.1035e-05
10,52,1,-1.3947,622.82,797.51,0,624.29,805.64,621.35,789.38,-0.0019871,0.095636,1.2281,0.0079401,0.00012207
11,53,3,-1.6085,767.48,937.43,0,770.51,933.08,765.55,940.22,0.0057653,0.10989,1.5186,-8.3165e-05,0.00018311
12,54,3,-1.4144,707.47,868.07,0,711.65,879.43,700.94,850.34,0.0047605,0.031206,1.3088,0.008368,0.00018311
13,55,0,-1.1943,392.55,515.66,0,389.46,513.72,395.46,517.48,-0.0045877,0.02028,0.40979,0.013768,6.1035e-05
14,56,2,-1.4419,619.19,738.15,0,618.17,735.5,620.2,740.8,-8.2572e-05,0.051234,1.2482,0.0021502,0.00018311
15,57,1,-1.2632,398.68,450.03,0,402.57,444.86,393.98,456.27,-0.022203,0.023291,0.35256,0.022323,6.1035e-05
16,58,2,-1.4772,739.16,870.72,0,743.77,875.31,733.94,865.53,0.0060137,0.023043,0.7652,0.054047,0.00012207
17,59,0,-1.0997,410.13,475.73,0,411.91,474.12,408.46,477.24,-0.00040054,0.024608,0.1985,0.0012919,6.1035e-05
18,60,1,-1.2976,554.12,626.27,0,554.65,624.32,553.11,630,0.039825,0.017379,0.3788,0.017241,0.00012207
19,61,3,-1.3448,716.5,754.73,0,709.64,742.76,721.2,762.91,0.0027665,0.011033,0.77635,0.018515,0.00012207
20,62,3,-1.3173,609.06,663.9,0,604.46,664.56,613.12,663.33,0.0084821,0.016699,0.87151,0.03139,0.00018311
21,63,2,-1.1801,581.74,617.28,0,581.16,624.67,582.5,607.77,-0.0053648,0.019554,0.69004,0.010343,0.00012207
22,64,0,-1.8762,441.89,485.08,0.9375,445.21,492.07,438.96,478.92,0.013181,0.63893,0.19192,-0.0028741,6.1035e-05
23,65,1,-1.4256,660.62,714.25,0,671.7,723.22,651.44,706.82,0.0094754,0.042057,0.56448,0.011788,0.00012207
24,66,1,-1.1849,507.74,545.21,0,514.43,554.59,501.46,536.4,-0.02482,0.023713,0.2584,0.041525,6.1035e-05
25,67,0,-1.0626,418.7,445.27,0,415.43,454.48,421.59,437.15,-0.0018622,0.023306,-0.33723,-0.0017838,6.1035e-05
26,68,2,-1.2665,563.17,561.19,0,561.19,560.29,564.92,561.98,0.012974,0.0058613,0.49287,0.013292,6.1035e-05
27,69,0,-1.1726,417.14,441.83,0.14062,415.99,441.13,419.05,442.99,0.037531,0.1229,-0.19825,0.00045783,6.1035e-05
28,70,3,-1.5165,660.25,639.77,0,665.39,643.98,655.42,635.81,0.012439,0.027757,0.68462,0.026811,0.00012207
29,71,2,-1.2848,638.2,636.34,0,625.41,624.68,647.53,644.85,0.006838,0.050516,0.78955,0.0070724,0.00012207
30,72,1,-1.2347,462.92,457.87,0,460.17,460.05,465.67,455.7,-0.0087543,0.015732,0.20759,-0.00066356,6.1035e-05
31,73,2,-1.3714,624.39,594.24,0,612.37,588.26,633.16,598.6,0.010853,0.020619,0.15527,0.03936,0.00012207
32,74,3,-1.4878,755.87,706.46,0,740.58,697.66,770.23,714.73,0.0031805,0.01813,0.45314,0.064684,0.00018311
33,75,3,-1.2509,591.66,537.26,0,594.08,541.24,589.09,533.03,0.0077784,0.017591,0.40955,0.016112,0.00012207
34,76,1,-1.2291,598.85,588.09,0,595.75,590.21,601.94,585.96,-0.019762,0.015295,-0.1522,0.013516,0.00012207
35,77,1,-1.1349,453.49,444.69,0,454.46,444.99,452.32,444.34,0.0099617,0.013251,-0.33709,0.0066664,6.1035e-05
36,78,2,-1.4151,664.81,671.61,0,665.27,683.36,664.42,661.88,0.0057224,0.0099886,0.16787,-0.0016386,0.00012207
37,79,0,-1.0988,432.45,439.08,0.046875,433.55,443.89,431.42,434.55,0.019628,0.11486,-0.37991,0.0067819,3.0518e-05
38,80,3,-1.3782,581.36,566.7,0,578.56,564.05,584.97,570.11,0.0067521,0.043913,0.13349,0.0080177,0.00012207
39,81,1,-1.6334,771.42,776.66,0,755.68,771.41,785.31,781.3,0.0080234,0.041018,-0.064991,0.010032,0.00012207
40,82,3,-1.3576,623.21,606.84,0,628.71,617.7,618.04,596.65,0.012739,0.022012,0.28431,0.012984,0.00018311
41,83,1,-1.2517,550.05,554.17,0,550.05,559.53,550.06,547.7,-0.0074224,0.0074296,-0.058589,0.01191,0.00012207
42,84,3,-1.3692,637.18,619.14,0,642.07,629.33,632.59,609.56,-0.0012545,0.0060018,0.24048,0.0047031,0.00012207
43,85,0,-1.6828,461.57,481.75,0.625,460.07,485.13,462.46,479.72,-0.010992,0.30605,-0.33409,0.0022154,6.1035e-05
44,86,1,-1.2273,629.51,636.42,0,629.35,636.9,629.64,636.02,-0.0011914,0.025354,-0.019589,0.0034842,0.00012207
45,87,3,-1.3136,686.95,635.16,0,682.46,633.18,690.02,636.51,0.0047786,0.0051619,0.076103,0.0018467,0.00012207
46,88,1,-1.4718,726.12,737.39,0,727.02,745.52,725.33,730.21,0.006876,0.019523,0.12478,0.0010545,0.00012207
47,89,1,-1.2434,495.17,485.75,0,492.3,484.43,497.55,486.84,-0.0081143,0.02272,-0.22948,0.0046734,6.1035e-05
48,90,1,-1.3658,565.3,561.24,0,561.91,564.91,568.3,557.99,0.0021133,0.02624,-0.24212,0.0085204,6.1035e-05
49,91,1,-1.2221,473,453.97,0,476.49,453.11,470.46,454.61,-0.0021633,0.020722,-0.3403,-0.00049922,6.1035e-05
50,92,2,-1.2013,581.75,549.18,0,574.62,542.56,587.65,554.66,0.0043953,0.01289,-0.14356,0.021645,0.00012207
51,93,2,-1.1328,767.98,725.79,0,771.76,725.56,763.12,726.09,0.0032518,0.0054973,0.011328,0.0046015,0.00018311
52,94,0,-1.0219,379.9,373.45,0,380.19,377.26,379.61,369.65,-0.010136,0.0076103,-0.67978,-0.0038546,3.0518e-05
53,95,3,-1.4443,707.38,671.59,0,707.35,673.11,707.41,669.98,0.008144,0.019863,0.16418,0.013549,0.00012207
54,96,3,-1.4132,697.69,675.87,0,697.41,679.74,697.92,672.67,0.00055157,0.010994,0.022293,0.004772,0.00018311
55,97,1,-1.3046,630.33,636.57,0,627.32,636.53,633.97,636.62,-0.00026164,0.005472,-0.24121,0.0040542,0.00012207
56,98,1,-1.0175,367.75,350.05,0,369.81,352.68,364.33,345.68,0.00083776,0.037923,-0.5533,-7.9961e-05,3.0518e-05
57,99,1,-1.0529,419.95,401.2,0,417.2,402.8,422.22,399.87,0.0016442,0.024936,-0.45617,0.011078,6.1035e-05
58,100,3,-1.5348,741.74,696.44,0,735.74,696.88,747.38,696.02,-0.0030629,0.019127,0.28248,0.0091711,0.00018311
59,101,3,-1.2454,695.4,658.73,0,689.39,660.69,701.05,656.89,0.0092204,0.0096136,0.23675,0.018079,0.00018311
60,102,3,-1.1502,540.96,511.55,0,534.62,511.28,549.11,511.9,-0.022806,0.0036312,-0.015738,0.054142,0.00012207
61,103,2,-1.1302,575.11,550.15,0,576.44,552.13,573.02,547.06,-0.006687,0.0041925,-0.014342,-0.0019945,0.00012207
62,104,3,-1.2294,601.18,581.82,0,602.06,585.23,600.13,577.7,0.020493,0.0059801,0.042778,0.029498,0.00012207
63,105,1,-1.1921,399.23,389.74,0,401.4,392.77,397.55,387.39,0.012122,0.011478,-0.40246,-0.0028007,6.1035e-05
64,106,2,-1.1953,601.32,572.68,0,596.29,577.57,605.23,568.88,-0.0026646,0.0084097,-0.27189,0.0065896,0.00012207
65,107,0,-1.104,411.96,428.69,0.03125,416.89,434.93,406.38,421.61,0.030007,0.03375,-0.58722,0.00047839,3.0518e-05
66,108,1,-0.99549,418.47,413.41,0,418.28,423.35,418.6,406.16,-0.0024806,0.014366,-0.54124,0.00084531,6.1035e-05
67,109,2,-1.2965,733.2,715.81,0,721.83,716.51,743.88,715.15,-0.0053792,0.0084255,0.0099172,0.019008,0.00018311
68,110,0,-1.0482,401.46,409.98,0,402.87,414.36,400.12,405.87,-0.00029733,0.037118,-0.49704,-0.00016838,6.1035e-05
69,111,1,-1.0989,471.13,472.83,0,477.19,487.56,463.34,453.9,-0.0031477,0.018884,-0.32715,0.0021498,6.1035e-05
70,112,1,-1.1565,592.32,579.12,0,590.55,582.38,594.1,575.86,-0.0050224,0.0071661,-0.22791,0.0012646,0.00012207
71,113,2,-1.1427,541.09,504.36,0,530,502.98,552.18,505.74,0.0020887,0.0083467,-0.4227,0.0066535,0.00012207
72,114,3,-1.2372,743.86,653.52,0,733.99,657.95,753.72,649.1,0.0088215,0.0058503,-0.106,0.02188,0.00018311
73,115,0,-1.0384,462.98,478.58,0.046875,461.18,480.55,464.89,476.5,0.0019751,0.036665,-0.75341,0.0035499,6.1035e-05
74,116,1,-1.2756,614.05,593.32,0,600.71,590.54,630.16,596.68,-0.010693,0.012619,-0.4584,0.018199,0.00012207
75,117,0,-1.3028,460.45,467.05,0.26562,455.94,471.19,463.15,464.57,0.054367,0.22563,-0.66377,0.014477,6.1035e-05
76,118,1,-1.1226,544.68,538.18,0,546.96,551.15,542.1,523.47,0.013446,0.02455,-0.32988,-0.00093596,0.00012207
77,119,2,-1.3017,674.4,660.25,0,670.63,672.6,677.72,649.34,0.024201,0.012154,-0.35552,0.021478,0.00012207
78,120,3,-1.2513,607.52,559.83,0,602.28,573.75,612.14,547.54,0.0090516,0.0096703,-0.28316,0.0068297,0.00012207
79,121,1,-1.1733,384.66,380.01,0,381.77,387.57,387.55,372.46,0.0070543,0.0085672,-0.44382,0.0025612,6.1035e-05
80,122,3,-1.3769,619.47,600,0,616.08,607.68,624.11,589.47,0.039889,0.011258,-0.096395,0.040352,0.00012207
81,123,2,-1.2215,600.08,593.98,0,598.12,610.43,601.6,581.19,0.004613,0.007345,-0.083592,0.013713,0.00012207
82,124,2,-1.2975,693.97,692.76,0,690.25,708.29,699.06,671.47,0.014722,0.01169,0.14045,0.014876,0.00012207
83,125,1,-1.302,649.81,653.9,0,636.14,656.55,659.78,651.97,-0.0016437,0.019849,-0.24661,0.033962,0.00012207
84,126,2,-1.3124,647.65,651.39,0,647.11,666.76,648.15,636.96,0.019801,0.017328,0.025945,0.031965,0.00012207
85,127,1,-1.1189,409.07,394.45,0,410.26,402.79,407.72,385,-0.010516,0.018708,-0.27856,0.0018364,6.1035e-05
86,128,2,-1.1281,672.74,641.9,0,668.75,646.42,677.55,636.44,0.02182,0.01162,-0.23081,0.033294,0.00012207
87,129,3,-1.2626,675.34,634.75,0,676.05,658.81,674.67,612.15,0.040721,0.014132,0.18434,0.05729,0.00012207
88,130,2,-1.2674,634.6,616.68,0,640.87,645.66,631.08,600.43,0.019299,0.011879,-0.11747,0.034536,0.00012207
89,131,3,-1.2079,646.73,625.7,0,630.61,639.1,661.87,613.12,0.0035362,0.0099635,0.095018,0.016246,0.00018311
90,132,3,-1.2791,610.58,569.32,0,603.09,580.2,617.61,559.11,0.010942,0.0074137,-0.071333,0.011831,0.00012207
91,133,2,-1.0749,499.51,467.53,0,500.4,479.14,498.28,451.61,-0.01792,0.0080021,-0.070601,0.0061852,0.00012207
92,134,0,-1.041,332,337.98,0,327.48,339.9,335.51,336.5,-0.023619,0.018152,-0.61203,0.00021546,3.0518e-05
93,135,3,-1.2693,689.67,659.21,0,690.19,672.38,689.09,644.28,0.024942,0.026836,-0.035137,0.031613,0.00018311
94,136,0,-1.2014,426.49,432.69,0.125,418.26,440.18,432.12,427.57,-0.014903,0.079374,-0.76016,0.011302,6.1035e-05
95,137,0,-1.5896,464.93,463.88,0.64062,464.95,478.99,464.91,449.69,0.010019,0.34354,-0.54863,0.0013204,6.1035e-05
96,138,0,-1.068,387.22,384.02,0,384.43,391.8,389.14,378.71,0.0022537,0.048276,-0.88769,0.0021542,6.1035e-05
97,139,3,-1.1556,630.28,618.04,0,632.4,642.86,628.16,593.22,-6.1207e-07,0.010129,-0.1122,0.027667,0.00018311
98,140,0,-0.94719,425.13,451.08,0,420.99,462.6,429.55,438.81,-0.004035,0.012692,-0.64066,0.0012109,6.1035e-05
99,141,2,-1.2326,618.94,587.5,0,608.97,590.48,630.25,584.13,0.013688,0.013857,-0.33515,0.01817,0.00018311
100,142,1,-1.1071,495.87,463.41,0,490.3,464.97,499.94,462.28,0.024365,0.010487,-0.69517,0.0038441,6.1035e-05
101,143,1,-1.0849,526.33,501.59,0,525.28,508.63,527.31,494.97,-0.002771,0.0023256,-0.49005,0.00076079,6.1035e-05
102,144,2,-1.1343,545.11,519.51,0,534.46,522.63,557.18,515.97,0.027224,0.0047658,-0.48675,0.014536,9.1553e-05
103,145,1,-1.2112,488.08,453.85,0,484.09,459.83,490.82,449.76,0.038207,0.012568,-0.754,0.011674,6.1035e-05
104,146,0,-0.97911,442.72,447.56,0.03125,436.83,451.25,451.91,441.79,-0.004052,0.04528,-0.85853,0.006949,9.1553e-05
105,147,2,-1.0701,531.54,488.04,0,533.04,501.09,529.72,472.29,0.0083829,0.0055934,-0.58072,0.013201,0.00012207
106,148,1,-0.98753,570.09,540.99,0,566.15,554.12,573.35,530.12,0.012513,0.0037322,-0.7914,0.0092079,6.1035e-05
107,149,3,-1.0406,599.18,525.01,0,588.18,531.25,607.2,520.45,0.0028423,0.0049702,-0.43119,0.020686,0.00012207
108,150,1,-1.1323,363.95,322.68,0,361.7,324.45,366.83,320.4,0.0057323,0.0068912,-0.52804,0.0085311,9.1553e-05
109,151,2,-1.2176,656.19,621.34,0,652.45,641.34,658.91,606.74,0.10731,0.010233,-0.22021,0.07469,0.00012207
110,152,1,-1.0949,485.81,446.63,0,475.12,447.8,495.25,445.6,-0.012426,0.0069721,-0.82002,-0.00078879,6.1035e-05
111,153,3,-1.1482,563.69,516.98,0,559.74,526.47,567.89,506.88,0.013811,0.0058056,-0.56255,0.018231,0.00012207
112,154,3,-1.1548,579.64,514,0,576.31,523.86,584.5,499.59,0.0001851,0.0042378,-0.60305,0.0069773,0.00012207
113,155,1,-1.0413,504.94,473.91,0,489.92,472.74,524.25,475.43,-0.0069349,0.003872,-0.76781,0.029195,6.1035e-05
114,156,0,-1.3615,473.03,462.22,0.32812,470.58,470.64,476.85,449.09,-0.0024697,0.19675,-0.9695,0.0037464,6.1035e-05
115,157,3,-1.2289,685.81,614.46,0,665.14,620.37,707.81,608.17,0.02277,0.005404,-0.10676,0.028791,0.00018311
116,158,0,-1.0349,389.05,390.98,0,385.63,397.46,392.47,384.5,-0.0017264,0.037302,-0.65488,0.0013427,6.1035e-05
117,159,0,-1.0563,404.89,390.07,0,389.64,386.69,416.74,392.7,-0.0054373,0.025566,-0.90046,0.022069,6.1035e-05
118,160,2,-1.0584,598.57,558.29,0,586.26,569.4,612.51,545.69,0.0077277,0.0081408,-0.49541,0.026499,0.00012207
119,161,1,-1.136,494.69,467.64,0,485.84,476.61,502.5,459.73,0.0012789,0.0052393,-0.58401,0.036453,0.00012207
120,162,2,-1.1165,572.85,547.81,0,561.33,557.66,588.64,534.31,-0.0079999,0.0056846,-0.23845,0.026219,0.00012207
121,163,3,-1.0694,608.73,556.92,0,592.92,564.82,622.69,549.95,0.0067886,0.0080906,-0.17003,0.02235,0.00012207
122,164,0,-1.0076,440.25,447.2,0.078125,435.74,459.19,443.98,437.27,-0.0073909,0.054188,-0.74435,-0.0099417,6.1035e-05
123,165,2,-1.0621,462.12,438.23,0,458.37,447.87,466.94,425.84,0.0079086,0.010709,-0.18603,0.034447,6.1035e-05
124,166,1,-1.0506,370.3,356.75,0,364.05,370.64,375.49,345.24,-0.00031308,0.006474,-0.64415,0.00071955,6.1035e-05
125,167,3,-1.1413,497.59,468.77,0,483.96,479.14,508.89,460.18,-0.0038344,0.0066234,-0.35151,0.0078683,0.00012207
126,168,0,-2.5147,475.47,471.43,1.6094,474.13,491.32,476.52,455.97,-0.0060872,1.7989,-0.99716,-0.0001437,nan
127,169,2,-1.0888,621.06,585.41,0,620.08,608.83,622.33,555.3,0.0062285,0.015549,-0.20541,0.010434,0.00012207
128,170,2,-1.1049,485.96,477.65,0,470.82,487.11,500.19,468.76,-0.0018785,0.0068781,-0.58856,0.0096272,9.1553e-05
129,171,3,-1.1555,586.38,551.42,0,583.58,570.02,589.18,532.82,0.018951,0.0083761,-0.25295,0.035981,0.00012207
130,172,1,-1.0002,532.15,548.68,0,525.01,570.31,539.74,525.66,0.014459,0.0078514,-0.41231,0.018969,0.00012207
131,173,3,-1.1763,604.72,557.94,0,598.68,593.61,608.11,537.94,0.014055,0.0062821,-0.28789,0.036086,0.00012207
132,174,3,-1.0547,588.27,568.6,0,576.71,579.44,601.38,556.32,0.0024881,0.0036114,-0.12612,0.013167,0.00012207
133,175,1,-1.0407,418.94,409.35,0,417.56,431.52,420.07,390.97,-0.010843,0.015765,-0.74459,0.011788,6.1035e-05
134,176,0,-0.92783,398.21,387.15,0,387.05,390.97,412.56,382.23,-0.004297,0.01312,-0.77516,0.00018854,6.1035e-05
135,177,0,-1.0271,344.3,338.21,0,343.06,343.19,345.99,331.38,-0.0014671,0.0099199,-0.76665,0.0040098,3.0518e-05
136,178,0,-1.3106,462.53,461.27,0.34375,460.92,473.72,464.88,443.07,0.012345,0.27235,-0.406,-0.00042775,6.1035e-05
137,179,0,-0.93562,386.53,391.84,0,384.85,404.13,387.93,381.65,-0.015497,0.0054194,-0.8437,-0.010951,6.1035e-05
138,180,3,-1.2954,662.69,622.46,0,646.46,637.74,679.98,606.19,0.0041041,0.0201,-0.28479,0.020747,0.00018311
139,181,1,-1.0482,545.97,550.03,0,541.6,562.55,552.35,531.72,0.0048176,0.02173,-0.62573,0.013732,6.1035e-05
140,182,1,-0.95174,500.43,506.49,0,489.3,523.73,509.08,493.09,0.0053579,0.0096143,-0.55469,0.016935,9.1553e-05
141,183,0,-1.0585,457.11,462.11,0,450.73,477.22,465.32,442.68,0.0010023,0.0054628,-0.45754,-0.0023807,6.1035e-05
142,184,1,-0.98627,429.84,409.22,0,423.07,426.43,435.44,394.97,-0.022637,0.0057769,-0.74029,0.0039738,6.1035e-05
143,185,2,-1.0588,501.73,502.15,0,494.23,518.89,513.42,476.02,0.014242,0.0050013,-0.30198,0.0062065,0.00012207
144,186,1,-1.0706,501.21,497.55,0,488.92,507.84,512.75,487.89,-0.0077877,0.0045181,-0.68349,0.070128,6.1035e-05
145,187,1,-1.0558,404.02,393.09,0,394.59,398.29,417.81,385.48,-0.011094,0.0067049,-0.50222,0.024397,6.1035e-05
146,188,2,-1.1989,606.46,596.16,0,578.31,607.2,624.51,589.09,0.090877,0.0079524,-0.082265,0.054019,0.00012207
147,189,0,-1.2615,441.12,458.67,0.1875,431.56,480.6,448.09,442.67,-0.0094039,0.098689,-0.74104,0.014595,6.1035e-05
148,190,2,-1.085,489.32,478.79,0,479.46,497.74,500.51,457.31,-0.000333,0.034111,-0.27251,0.032774,0.00012207
149,191,0,-1.0706,447.66,473.08,0.015625,436.71,496.46,454.69,458.1,-0.0018349,0.015325,-0.77477,-0.0014726,6.1035e-05
150,192,0,-1.0013,362.68,377.41,0,358.21,395.36,368.08,355.73,-0.00024749,0.003003,-0.71322,-0.006561,6.1035e-05
151,193,2,-1.1597,552.27,549.13,0,539.1,582.7,564.65,517.6,-0.0062356,0.014338,-0.22923,0.02698,6.1035e-05
152,194,3,-1.1922,585.09,607.38,0,577.05,648.06,593.65,564.07,0.024687,0.0069441,0.10597,0.029039,0.00012207
153,195,2,-1.0972,562.08,549.35,0,551.68,577.93,574.63,514.85,0.010655,0.012536,-0.31813,0.010073,0.00012207
154,196,0,-0.93717,425.13,446.68,0,413.24,476.02,434.37,423.85,0.0012675,0.01508,-0.75978,0.0030132,6.1035e-05
155,197,0,-1.078,453.19,461.71,0.0625,444.84,481.62,460.55,444.15,-0.001737,0.050511,-0.80243,-0.0021316,6.1035e-05
156,198,1,-1.0747,497.14,509.75,0,489.29,538.49,505.49,479.15,-0.0017697,0.011244,-0.63984,0.015299,6.1035e-05
157,199,0,-0.93917,444.07,460.91,0,435.87,478.08,456.06,435.82,-0.0013636,0.0017587,-0.93356,0.0015856,6.1035e-05
158,200,0,-1.1932,459.6,491.74,0.15625,449.34,518.28,471.23,461.66,-0.010978,0.091807,-0.77996,0.0022706,6.1035e-05
159,201,3,-1.1368,595.17,598.1,0,566.24,638.49,616.28,568.62,0.020309,0.014193,-0.030968,0.022064,0.00012207
160,202,0,-1.0639,439.75,458.61,0,429.27,483.33,451.64,430.59,0.0050592,0.028888,-0.56132,0.021019,6.1035e-05
161,203,3,-1.1674,647.51,613.48,0,625.06,641.28,669.95,585.67,0.01362,0.0054714,-0.23909,0.051027,0.00018311
162,204,3,-1.1548,616.06,560.26,0,594.07,585.56,632.1,541.8,0.009153,0.0035916,-0.47661,0.014566,0.00012207
163,205,1,-1.0377,509.99,506.06,0,498.85,525.07,527.37,476.4,0.00015659,0.0054513,-0.65144,-0.0021961,9.1553e-05
164,206,1,-1.0926,502.53,503.28,0,478.84,524.04,526.22,482.52,0.012997,0.0032665,-0.70525,0.017347,9.1553e-05
165,207,2,-1.0596,517.17,512.35,0,499.55,522.42,553.24,491.74,-0.0083045,0.0036496,-0.55663,0.01089,0.00012207
166,208,1,-1.0548,553.7,535.88,0,541.79,568.08,565.62,503.69,-0.0098232,0.002965,-0.68431,0.0057737,0.00012207
167,209,0,-1.0039,424.58,441.47,0,414.91,461.5,437.01,415.72,-0.0025348,0.0030997,-0.89274,0.0014743,6.1035e-05
168,210,3,-1.138,639.37,578.08,0,621.5,612.71,655.14,547.52,0.0066278,0.0043151,-0.44311,0.021873,0.00018311
169,211,0,-1.9249,465.02,463.41,1.0469,466.43,509.94,463.69,419.69,-0.013075,0.6411,-0.68355,0.012379,3.0518e-05
170,212,1,-0.98062,425.7,427.37,0,407.81,448.03,443.6,406.7,0.019296,0.080486,-0.81935,0.016044,6.1035e-05
171,213,1,-1.0203,453.31,443.3,0,428.35,448.23,487.51,436.54,-0.031158,0.05306,-0.78115,0.062344,6.1035e-05
172,214,1,-1.0404,542.45,554.75,0,526.75,595.36,557.2,516.59,-0.0010357,0.0085589,-0.80512,0.0097585,6.1035e-05
173,215,1,-1.0329,494.96,501.89,0,486.61,527.2,509.84,456.77,0.017214,0.003777,-0.5223,0.0063445,0.00012207
174,216,0,-1.0667,411.08,431.81,0,400.88,454.39,423.39,404.56,-0.00071404,0.0093363,-1.0166,0.0028542,6.1035e-05
175,217,3,-1.0921,628.34,569.9,0,603.82,621.29,645.12,534.74,-0.00036437,0.0034881,-0.64807,0.02156,0.00012207
176,218,2,-0.96962,472.01,460.44,0,460.74,494.33,482.6,428.6,0.0046493,0.01067,-0.68722,0.015417,6.1035e-05
177,219,2,-1.0452,475.08,468.68,0,455,508.34,495.17,429.03,0.0018589,0.0045282,-0.86507,0.016477,9.1553e-05
178,220,3,-1.0764,591.88,557.56,0,577.03,588.2,610.97,518.16,0.0057769,0.0027782,-0.41327,0.012752,0.00012207
179,221,0,-0.98063,431.53,460.22,0.015625,418.28,496.95,444.77,423.49,-0.011562,0.013061,-0.85379,0.017215,3.0518e-05
180,222,1,-0.98245,446.13,454.19,0,434.08,493.13,458.97,412.74,-0.012922,0.0054998,-0.76667,0.039256,6.1035e-05
181,223,1,-0.98578,433.97,421.86,0,411.05,462.4,449.66,394.12,0.015317,0.0045796,-0.87663,0.0080826,6.1035e-05
182,224,1,-0.93083,534.31,546,0,518.13,589.49,552.64,496.72,-0.0015462,0.0028953,-0.74949,0.13628,6.1035e-05
183,225,0,-0.97502,410.7,426.3,0,397.86,467.88,420.69,393.97,0.0056117,0.011479,-0.93581,0.0021941,6.1035e-05
184,226,3,-1.1373,576.19,553.83,0,555.08,599.15,598.67,505.58,0.012789,0.0072081,-0.37221,0.020941,0.00012207
185,227,0,-0.99568,374.95,403.42,0,367.04,434.57,383.91,368.11,0.016604,0.010748,-0.7709,0.0069969,6.1035e-05
186,228,0,-1.1313,413.93,459.32,0.10938,397.43,516.29,428.49,409.05,-0.010653,0.063885,-0.7298,-0.0018574,6.1035e-05
187,229,2,-1.1282,546.35,529.92,0,523.15,570.57,566.83,494.05,0.0070241,0.0057716,-0.65797,0.015642,0.00012207
188,230,0,-1.8041,462.83,487.21,0.70312,464.18,578.74,461.96,428.54,0.0096599,0.46467,-0.68921,0.01301,6.1035e-05
189,231,3,-1.1412,572.12,561.1,0,553.27,590.03,597.95,521.44,0.010002,0.012356,-0.37008,0.024004,0.00012207
190,232,1,-1.0283,390.44,395.08,0,380.22,424.74,402.02,361.46,0.0060125,0.014505,-0.58725,0.001867,9.1553e-05
191,233,0,-1.2203,443.44,476.09,0.34375,435.68,526.38,449.88,434.43,0.0070244,0.20961,-0.722,-0.00063167,6.1035e-05
192,234,1,-0.9291,424.06,428.98,0,411.87,461.17,440.75,384.86,0.0060133,0.015162,-0.71185,0.00084968,6.1035e-05
193,235,1,-0.99207,400.01,436.83,0,378.3,469.32,427.92,395.06,-0.011867,0.0032819,-0.54008,0.0068743,6.1035e-05
194,236,0,-1.0315,338.81,343.23,0,325.75,369.76,347.75,325.08,0.042813,0.0028575,-0.96847,0.027479,3.0518e-05
195,237,1,-1.0609,390.24,412.92,0,382.93,451.73,399.65,363.02,-0.0040442,0.009717,-0.70247,0.0059381,6.1035e-05
196,238,2,-1.065,539.42,547.88,0,525.28,595.73,551.9,505.66,0.0038186,0.0071727,-0.56529,0.0098043,0.00012207
197,239,3,-1.0116,547.65,543.66,0,527.09,606.37,564.69,491.71,0.0071294,0.0040138,-0.60967,0.068486,0.00012207
198,240,3,-1.0793,643.64,625.34,0,616.27,675.18,674.66,568.86,0.0022422,0.0022349,-0.27072,0.015476,0.00012207
199,241,1,-1.0751,400.47,373.45,0,391.11,403.33,408.21,348.69,-0.010076,0.0041265,-0.78912,-0.00076183,6.1035e-05
200,242,2,-1.031,613.46,604.93,0,590.58,667.85,633.65,549.42,0.013305,0.0020355,-0.6575,0.054221,0.00012207
201,243,2,-1.0651,565.45,544.13,0,541.36,584.55,588.07,506.15,0.0026639,0.0026728,-0.83581,0.055234,0.00012207
202,244,3,-1.153,576.37,565.47,0,554.58,627.21,592.27,520.41,0.013019,0.0071183,-0.71191,0.03789,0.00012207
203,245,0,-1.2148,460.26,515.09,0.125,454.14,582.14,466.77,443.71,-0.0051164,0.079177,-0.8209,0.011657,6.1035e-05
204,246,0,-1.398,461.31,479.72,0.45312,454.71,524.84,468.33,431.7,0.0067374,0.19514,-1.0636,0.0012765,6.1035e-05
205,247,0,-0.98712,416.75,445.07,0,399.97,487.86,432.52,404.88,-0.0027629,0.065374,-1.0182,0.00072877,6.1035e-05
206,248,1,-1.0013,410.91,404.67,0,385.83,431.78,430.41,383.59,-0.0083996,0.033867,-0.98321,0.0076492,6.1035e-05
207,249,1,-0.96547,434.15,436.9,0,416.71,485.67,444.62,407.63,0.0042733,0.01613,-0.84876,0.0018725,9.1553e-05
208,250,3,-1.1957,624.32,627.7,0,596.97,668.21,659.48,575.61,0.0040495,0.015608,-0.48315,0.010673,0.00012207
209,251,1,-1.0174,473.43,483.92,0,454.29,533.03,490.31,440.58,-0.0080389,0.0050862,-0.87173,-0.0011959,6.1035e-05
210,252,0,-0.99816,447.09,467.95,0,437.33,491.95,463.35,427.95,-0.00029042,0.011616,-1.0228,0.00056565,6.1035e-05
211,253,0,-0.9985,376.64,376.94,0,364.88,408.14,385.22,354.16,-0.0060399,0.0095262,-1.2375,0.0030446,3.0518e-05
212,254,2,-1.1026,568.21,540.43,0,551.76,591.1,583.66,492.83,-0.0033727,0.0073187,-0.70029,0.033704,0.00012207
213,255,0,-0.96638,370.88,379.57,0,360.15,411.55,379.77,353.07,0.0064999,0.0016196,-1.0861,0.0013273,6.1035e-05
214,256,2,-1.0017,511.51,502.46,0,482.56,547.46,535.5,465.18,0.0028319,0.0028276,-0.78522,0.0033177,0.00012207
215,257,2,-1.1556,511.5,490.39,0,482.74,536.48,527.63,464.53,0.001653,0.0037942,-0.94884,0.011934,0.00012207
216,258,1,-1.0233,488.11,505.04,0,471.8,560.77,502.5,455.88,-0.010796,0.0039978,-0.95887,0.0076607,6.1035e-05
217,259,1,-1.0382,479.48,501.32,0,461.18,534.8,501.57,460.92,-0.00082053,0.0019972,-0.91023,0.01887,9.1553e-05
218,260,0,-0.99031,331.47,347.06,0,321.56,369.16,344.22,318.64,-0.0042208,0.019418,-1.0603,0.0061149,3.0518e-05
219,261,3,-1.1002,501.17,491.19,0,477.17,539.31,519.84,453.77,0.055035,0.0044067,-0.72909,0.067774,9.1553e-05
220,262,1,-0.93488,533.68,546.81,0,506.67,616.91,551,501.88,0.023473,0.002659,-0.75705,0.011873,0.00012207
221,263,3,-1.1188,571.4,540.36,0,549.55,570.1,597.78,504.46,0.0075377,0.0037884,-0.76524,0.034003,0.00012207
222,264,2,-1.0487,500.19,497.71,0,481.65,531.45,524.02,454.32,-0.00065973,0.0016603,-0.72074,0.030455,0.00012207
223,265,1,-0.99706,381.77,392.13,0,369.4,422.01,395.79,358.26,-0.004694,0.0023258,-1.0379,0.011798,6.1035e-05
224,266,0,-0.89893,443.01,470.6,0,429.18,506.96,459.7,426.72,0.0024552,0.0050796,-1.0015,0.0051309,6.1035e-05
225,267,1,-1.1093,571.49,600.92,0,545.12,662.07,596.26,543.48,0.012512,0.018776,-0.78215,0.012878,0.00012207
226,268,0,-1.0292,419.7,454.04,0,406.66,494.21,435.45,405.57,-0.0036349,0.0024424,-1.0503,0.0012166,6.1035e-05
227,269,3,-1.1392,600.05,570.81,0,576.48,613.15,623.62,528.46,0.0078446,0.0036892,-0.66992,0.023172,0.00012207
228,270,0,-0.99699,418.03,442.06,0,399.08,482.71,432.77,410.44,-0.010588,0.00098941,-1.0729,0.0045499,6.1035e-05
229,271,0,-0.99801,370.13,389.1,0,357.43,421.95,384.52,351.87,0.00041998,0.0093713,-1.1268,0.0010724,6.1035e-05
230,272,2,-1.0103,569.1,589.9,0,541.95,658.05,593.06,529.77,0.0083535,0.0040029,-0.71907,0.023334,0.00012207
231,273,3,-1.0264,561.78,551.24,0,540.89,597.54,582.67,504.94,0.0020492,0.0018691,-0.72819,0.023329,0.00018311
232,274,0,-0.99418,438.96,468.67,0,420.99,518.98,454.81,424.28,-0.0061268,0.00091186,-1.2024,-6.8507e-05,6.1035e-05
233,275,0,-0.99202,357.56,380.57,0,347.7,405.45,373.99,339.12,0.0046894,0.0030306,-0.84641,-4.7054e-05,3.0518e-05
234,276,2,-1.0114,494.35,503.95,0,473.01,545.46,518.53,456.91,0.016124,0.0020121,-0.71925,0.036776,0.00012207
235,277,2,-1.0925,492.9,489.77,0,471.74,536.77,514.06,442.76,-0.0074775,0.0013638,-0.84048,0.0084083,0.00012207
236,278,3,-1.0412,607.63,574.52,0,571.77,642.34,632.17,528.12,0.014037,0.0020113,-0.78602,0.050059,0.00012207
237,279,0,-1.0151,379.23,376.53,0,367.93,407.8,389.2,348.94,-0.00082596,0.0017365,-1.3421,-0.00043855,6.1035e-05
238,280,2,-1.0639,537.16,535.7,0,509.44,589.99,563.2,484.7,0.010172,0.0022594,-1.0463,0.033509,6.1035e-05
239,281,0,-0.88342,426.14,445.61,0,411.13,488.51,441.15,402.71,0.0031528,0.0064772,-1.3332,0.001847,3.0518e-05
240,282,0,-1.1803,451.85,463.94,0.15625,437.41,498.3,469.27,422.49,0.016684,0.10876,-1.0278,0.0099734,6.1035e-05
241,283,3,-0.97469,595.28,581.77,0,566.4,628.15,634.85,518.21,0.0057169,0.0066121,-0.7002,0.05457,0.00012207
242,284,3,-1.0832,509.28,495.7,0,485.54,527.46,539.81,454.87,0.079553,0.0039227,-0.73914,0.0201,0.00012207
243,285,3,-1.0116,538.64,532,0,521.18,573.73,564.15,471.01,-0.0021738,0.0015087,-0.72839,0.010419,0.00012207
244,286,2,-1.0573,550.63,570.1,0,530.22,628.22,573.76,504.22,0.00866,0.0020342,-0.88921,0.02708,0.00018311
245,287,0,-0.97622,418.52,438.74,0,397.92,492.5,434.55,396.94,0.00021381,0.0033103,-1.4285,0.00039387,6.1035e-05
246,288,2,-0.89979,510.44,519.34,0,493.73,569.75,526.14,471.98,0.0063476,0.0040781,-1.065,0.0099764,6.1035e-05
247,289,0,-0.93669,417.63,422.01,0,401.62,448.65,430.09,401.29,-0.013722,0.0023358,-1.2826,0.010282,6.1035e-05
248,290,3,-0.9133,493.28,503.63,0,472.76,539.25,521.4,454.82,0.0031392,0.0023877,-0.79605,0.011849,9.1553e-05
249,291,2,-0.9158,550.9,538.02,0,525.53,574.59,574.74,503.67,0.00507,0.0050044,-1.1039,0.0040844,0.00012207
250,292,0,-0.95052,356.31,368.44,0,345.06,393.84,366.87,344.57,-0.012376,0.0028002,-1.3166,-0.0086528,3.0518e-05
251,293,2,-1.0641,492.68,485.19,0,476.72,527.72,510.77,436.99,-0.00066195,0.010792,-0.99633,0.030028,9.1553e-05
252,294,2,-0.98279,516.3,502.58,0,490.08,528.83,540.93,477.93,0.035615,0.0073442,-0.94801,0.037478,0.00012207
253,295,1,-1.0209,444.78,438.53,0,413.44,469.34,466.22,417.45,-0.012488,0.0036929,-1.13,0.01452,6.1035e-05
254,296,1,-1.0205,478.52,468.32,0,453.25,507.37,496.97,439.82,0.057441,0.0034519,-1.1682,0.0026451,9.1553e-05
255,297,3,-1.0245,570.55,561,0,542.23,608.24,595.54,519.33,0.051124,0.0013226,-0.82836,0.10779,0.00018311
256,298,2,-1.072,612.07,611.76,0,573.12,649.62,659.07,566.07,0.0072974,0.0024032,-0.61478,0.028403,0.00018311
257,299,3,-1.051,512.65,471.36,0,484.51,499.83,534.54,449.21,0.0033312,0.0019843,-0.84966,0.021106,9.1553e-05
258,300,1,-0.98134,532.18,553.63,0,506.99,596.98,562.58,501.32,0.0087674,0.0019295,-0.98194,0.0085815,0.00012207
259,301,0,-1.0636,406.24,407.69,0,395.18,430.37,418.02,383.55,-0.028984,0.0031126,-1.231,0.04528,6.1035e-05
260,302,3,-1.079,555.37,500.84,0,532.77,538.64,572.95,471.44,0.014274,0.0023365,-0.95121,0.028883,0.00012207
261,303,0,-1.0151,380.33,393.11,0,377.01,431.42,383.87,352.32,0.01071,0.0064983,-1.0874,0.016244,6.1035e-05
262,304,1,-1.0411,479.58,490.19,0,463.13,532.94,494.09,452.48,0.025262,0.0023474,-0.90758,0.032734,6.1035e-05
263,305,0,-0.99591,398.06,413.51,0.03125,382.77,436.23,413.34,390.78,0.0026354,0.031284,-1.225,0.0039763,6.1035e-05
264,306,0,-1.0799,441.66,476.21,0,428.81,513.83,455.34,436.17,0.0092229,0.011063,-1.1138,0.00075473,6.1035e-05
265,307,1,-1.0089,525.6,493.8,0,497.51,519.29,548.87,472.67,0.014069,0.0020223,-1.0618,0.0095115,0.00012207
266,308,3,-1.0766,528.77,465.13,0,498.09,494.2,549.76,445.24,0.01198,0.0019675,-0.8045,0.014105,0.00012207
267,309,3,-1.0814,599.9,560.49,0,569.27,597.4,630.53,523.57,0.0081151,0.0030046,-0.69061,0.019739,0.00012207
268,310,1,-1.1596,549.32,551.22,0,517.58,599.34,571.04,518.3,0.0071113,0.0074071,-0.67348,0.012064,0.00012207
269,311,0,-1.1086,445.85,468.93,0.15625,431.25,513.63,459.57,426.95,0.0056497,0.073736,-1.0569,0.051829,6.1035e-05
270,312,3,-0.94766,529.56,490.7,0,509.33,530.11,549.8,451.29,0.0014988,0.018606,-0.80261,0.025294,0.00012207
271,313,0,-0.97884,427.88,461.52,0,415.9,490.48,446.57,416.35,0.0094593,0.0072369,-1.1732,-0.0011717,6.1035e-05
272,314,3,-1.0194,552.04,506.02,0,532.86,544.33,571.22,467.72,0.012928,0.0037014,-0.97088,0.023845,0.00012207
273,315,1,-0.86942,534.97,534.72,0,508.34,573.88,561.61,495.56,-0.0083562,0.0030331,-1.1085,0.025244,6.1035e-05
274,316,2,-1.0181,501.51,532.01,0,482.02,579.66,526.58,470.74,0.01752,0.0023408,-0.75865,0.027681,6.1035e-05
275,317,3,-1.0016,567.83,541.94,0,552.32,586.23,586.54,488.49,0.0099065,0.0035186,-0.85905,0.051665,0.00012207
276,318,3,-0.99208,566.06,560.76,0,550.5,612.33,583.69,502.31,0.026816,0.0043055,-0.77007,0.051163,0.00012207
277,319,2,-1.0182,565.32,563.35,0,513.58,591.07,617.05,535.63,0.043273,0.0093595,-0.75328,0.10441,0.00012207
278,320,1,-1.0093,407.13,398.37,0,385.75,416.48,429.88,379.1,-0.011416,0.0040269,-1.2015,0.0031752,6.1035e-05
279,321,1,-0.96469,398.09,377.21,0,389.22,395.95,407.53,357.27,-0.0041416,0.0022013,-1.2224,0.00016132,6.1035e-05
280,322,1,-1.1001,443.3,420.51,0,422.99,447.33,460.13,398.28,-0.0034118,0.0047998,-1.1565,0.0061966,6.1035e-05
281,323,1,-0.99155,584.88,586.19,0,561.8,630.45,611.03,536.03,0.010285,0.0037357,-1.1018,0.014768,0.00012207
282,324,3,-1.0769,480.65,452.43,0,454.07,498.13,500.04,419.09,0.00058218,0.0018019,-0.84211,0.035201,6.1035e-05
283,325,2,-0.8829,461.46,429.76,0,448.9,461.16,470.63,406.84,-0.0011324,0.010105,-1.4116,0.013664,9.1553e-05
284,326,0,-0.95425,416.05,409.24,0,404.78,434.89,426.63,385.13,-0.0071229,0.0093299,-1.352,0.0086925,3.0518e-05
285,327,2,-1.0026,583.06,544.9,0,551.15,567.27,621.59,517.89,0.011388,0.010177,-1.0567,0.018303,0.00012207
286,328,2,-1.0589,569.1,521.65,0,543.41,543.04,593.24,501.56,-0.0044694,0.0066127,-1.0121,0.011885,6.1035e-05
287,329,0,-1.0381,409.69,430.92,0.015625,398.65,452.85,428.11,394.38,-0.0012794,0.012785,-1.0898,0.0039797,6.1035e-05
288,330,0,-0.98219,385.72,388.09,0,374.45,404.1,402.19,364.68,-0.0062988,0.0023683,-1.3412,0.0010943,6.1035e-05
289,331,0,-0.99738,362.3,374.79,0,352.64,397.91,375.55,343.12,-0.0031854,0.0014587,-1.2531,-0.0037723,3.0518e-05
290,332,1,-0.95251,420.79,404.41,0,398.24,413.7,444.8,394.53,-0.009909,0.0038434,-1.2365,0.0082014,6.1035e-05
291,333,1,-1.039,430.64,429.17,0,407.78,457.61,452.11,402.45,-0.00047472,0.0040317,-1.209,0.0063877,9.1553e-05
292,334,2,-1.0618,537.25,558.43,0,513.04,597.45,572.65,501.41,0.024188,0.0034151,-0.68461,0.013382,0.00012207
293,335,0,-1.0371,390.88,402.63,0,377.82,439.55,401.71,372.03,0.0039373,0.0027875,-1.1425,-0.0066288,6.1035e-05
294,336,1,-0.85473,413.39,405.27,0,401.94,427.44,428.1,376.77,-0.0079966,0.0085167,-1.2637,0.0065035,6.1035e-05
295,337,0,-1.0537,437.52,470.85,0,417.96,523.68,455.89,421.24,0.038397,0.023349,-1.2676,0.017891,6.1035e-05
296,338,3,-1.1313,555.53,490.81,0,538.1,521.59,574.09,458.04,0.011881,0.0061384,-1.1952,0.025459,0.00012207
297,339,1,-1.0521,368.94,349.58,0,355.13,383.92,379.01,324.53,-0.0061486,0.0023255,-1.342,0.010367,3.0518e-05
298,340,1,-0.91981,448.91,473.45,0,428.55,529.55,468.03,420.75,-0.0028351,0.0031304,-1.3083,0.015696,6.1035e-05
299,341,0,-1.0114,369.28,376.96,0,355.57,411.36,381.38,346.61,-0.014775,0.0029056,-1.1971,0.0014067,6.1035e-05
300,342,0,-1.0073,394.88,401.3,0,384.85,429.62,404.91,372.97,-0.021819,0.0023275,-1.2968,0.0035145,3.0518e-05
301,343,0,-0.99164,326.23,329.84,0,312.83,359.1,338.05,304.03,0.0013254,0.003352,-1.212,0.00063027,3.0518e-05
302,344,3,-1.2626,605.7,568.59,0,572.67,614.88,636.73,525.1,0.03176,0.020528,-0.59621,0.025496,0.00012207
303,345,2,-1.1158,573.06,532.32,0,546.52,562.23,595.06,507.53,0.0023193,0.0093646,-0.9719,0.0095108,6.1035e-05
304,346,2,-1.1087,515.63,498.45,0,478.63,515.68,552.62,481.22,0.014485,0.0044883,-0.9018,0.013631,0.00012207
305,347,0,-0.9687,435.37,429.84,0,419.24,463.04,447.92,404.01,-0.0038487,0.0043125,-1.2596,0.0031075,6.1035e-05
306,348,1,-1.0853,536.74,512.56,0,522.71,550.06,549.11,479.46,0.0057717,0.0064741,-1.2226,0.012828,0.00012207
307,349,0,-0.95673,421.25,430.85,0,411,461.97,432.16,397.73,-0.024642,0.0022581,-1.0685,0.0044452,6.1035e-05
308,350,2,-1.0512,460.48,451.31,0,445.06,503.18,472.48,410.96,0.0090693,0.0024619,-1.1646,0.0087633,6.1035e-05
309,351,0,-0.97016,396.77,397.77,0,374.38,415.89,417.8,380.75,-0.00044419,0.0034655,-1.2854,0.028971,3.0518e-05
310,352,0,-1.0211,449.3,487.79,0,430.84,525.64,471.58,442.12,0.00069574,0.007072,-0.98723,0.0042263,6.1035e-05
311,353,0,-1.3799,434.65,477.04,0.53125,451.19,555.26,413.39,376.47,-0.0060206,0.2987,-1.1145,0.00078253,6.1035e-05
312,354,3,-1.0363,484.3,479.88,0,449.53,520.66,511.34,448.16,0.021771,0.016165,-0.84104,0.0072064,9.1553e-05
313,355,3,-0.98988,513.53,485.12,0,455.91,527.52,555.58,454.18,0.005477,0.0064516,-1.1234,0.019379,0.00012207
314,356,2,-1.0666,487.22,465.82,0,452.65,503.71,509.39,441.54,0.016219,0.0039448,-1.0823,0.031719,0.00012207
315,357,0,-1.0396,383.38,419.41,0,366.01,453.19,405.72,375.98,-0.010971,0.012237,-1.0756,0.0031188,3.0518e-05
316,358,3,-0.95948,515.46,497.22,0,466.21,524.34,553.77,476.13,0.034573,0.0027045,-0.83218,0.043557,9.1553e-05
317,359,2,-0.9264,460.02,459.45,0,443.54,492.27,485.73,408.26,0.015723,0.0078484,-0.89235,0.020926,9.1553e-05
318,360,2,-1.022,551.32,531.9,0,514.43,564.06,588.21,499.74,-0.0086652,0.0031161,-1.0765,0.01907,9.1553e-05
319,361,1,-0.89998,503.66,537.14,0,468.36,570.27,546.27,497.15,0.013513,0.0026695,-0.85578,0.035634,6.1035e-05
320,362,1,-0.98582,318.76,309.35,0,307.53,334.24,330.72,282.85,0.0099528,0.0022823,-1.1131,0.0161,3.0518e-05
321,363,2,-0.96097,524.62,513.49,0,498.54,560.84,552.39,463.09,-0.003252,0.0027562,-1.1118,0.018027,0.00012207
322,364,2,-0.96515,585.14,560.13,0,551.78,603.34,616.47,519.54,0.019662,0.0016959,-1.0863,-0.001071,0.00012207
323,365,3,-1.0389,539.94,548.67,0,515.39,584.01,571.5,503.23,0.015286,0.0064231,-0.54418,0.033362,0.00012207
324,366,1,-0.96762,385.8,371.62,0,365.03,393.17,403.02,353.77,0.026039,0.0051069,-1.0639,0.1161,6.1035e-05
325,367,1,-1.0714,422.69,397.8,0,405.27,425.73,437.13,374.65,-0.00095002,0.0016533,-1.1775,0.0067299,6.1035e-05
326,368,2,-0.97762,560.06,558.1,0,544.39,628.7,574.77,491.78,0.0044013,0.0037733,-0.94352,0.032268,6.1035e-05
327,369,0,-0.87038,392.09,406.26,0,372.74,447.46,407.14,374.22,-0.022116,0.0059035,-1.3914,0.01004,3.0518e-05
328,370,3,-1.1449,562.64,536.78,0,541.2,580.73,588.5,483.74,0.038321,0.0082724,-0.68885,0.10197,0.00012207
329,371,0,-1.2955,459.26,497.56,0.35938,446.81,568.92,468.34,445.49,-0.0073482,0.194,-1.2084,-0.0047813,6.1035e-05
330,372,0,-0.88698,383.39,394.72,0,367.19,428.81,396,368.21,-0.0021266,0.011254,-1.4174,0.0043898,3.0518e-05
331,373,0,-0.98729,403.86,414.36,0,390.67,454.75,416.24,376.41,-0.0017424,0.008593,-1.3955,-0.00031626,3.0518e-05
332,374,0,-0.99117,387.65,402.96,0,375.04,437.28,401.07,366.42,-0.0026597,0.0030572,-1.2295,0.0012042,3.0518e-05
333,375,1,-0.9357,364.59,367.4,0,354.09,400.93,376.49,329.4,-0.006112,0.0092708,-1.2405,0.0060184,6.1035e-05
334,376,2,-0.86078,515.69,486.05,0,489.62,534.2,533.53,453.1,5.3844e-05,0.0049374,-1.3698,0.0022003,6.1035e-05
335,377,3,-0.9837,551.31,511.76,0,528.17,553.53,575.94,467.3,0.016161,0.007753,-1.0425,0.019542,0.00012207
336,378,0,-0.98181,424.6,445.47,0,407.42,494.89,439.77,401.87,-0.00071582,0.01464,-1.5024,-0.00014293,6.1035e-05
337,379,3,-1.0004,469.24,490.55,0,444.06,542.51,494.42,438.58,0.044488,0.012106,-1.03,0.053987,6.1035e-05
338,380,2,-0.94237,448.21,458.61,0,435.27,497.23,467.12,402.16,0.014917,0.016682,-1.1174,0.10011,6.1035e-05
339,381,0,-0.94814,414.83,424.95,0,397.39,465.81,428.39,393.17,0.039634,0.0066004,-1.4717,-0.00098883,6.1035e-05
340,382,0,-0.93227,392.73,403.35,0,379.79,446.56,404.14,365.23,-0.03226,0.0023224,-1.3334,-0.00036986,3.0518e-05
341,383,1,-1.0062,408.46,405.33,0,394.3,449.24,422.62,361.42,-0.0039999,0.0077458,-1.4449,0.0016954,6.1035e-05
342,384,0,-0.97381,406.24,422.11,0,389.98,463.2,420.59,385.86,0.0039962,0.010705,-1.3476,0.00012827,6.1035e-05
343,385,3,-1.0553,555.67,518.11,0,542.95,561.16,569.21,472.29,0.015577,0.0032488,-1.1091,0.050773,6.1035e-05
344,386,2,-0.99378,558.84,561.21,0,534.81,612.48,584.42,506.64,0.0037506,0.0065181,-1.1223,0.033948,0.00012207
345,387,1,-1.078,498.85,496.05,0,481.26,543.65,515.38,451.33,-0.0051241,0.0072849,-1.3109,0.024357,6.1035e-05
346,388,0,-0.94525,380.41,399.77,0,367.94,427.49,397.5,361.79,-0.0030667,0.001492,-1.2819,-0.0031207,3.0518e-05
347,389,2,-0.94594,545.68,565.78,0,524.05,621.84,571.78,498.12,0.025047,0.0016676,-1.009,0.058899,0.00012207
348,390,3,-1.0633,502.39,507.43,0,480.32,550.84,534.66,443.99,0.0089566,0.0056133,-0.81475,0.01041,0.00012207
349,391,1,-0.98666,435.7,449.28,0,422.39,478.05,459.44,397.99,-3.2253e-05,0.0019119,-0.99651,0.01163,6.1035e-05
350,392,1,-0.96636,498.87,507.57,0,481.37,547.94,522.84,452.25,0.015113,0.0049748,-1.387,0.0063042,6.1035e-05
351,393,0,-0.98173,433.64,442.64,0,420.91,472,450,404.89,-0.0018382,0.0030229,-1.4024,0.0026535,6.1035e-05
352,394,2,-1.0527,437.17,406.36,0,430.67,436.33,444.53,372.38,0.0068997,0.0066159,-1.3661,0.0074642,6.1035e-05
353,395,1,-1.0009,357.15,337.42,0,341.84,357.72,371.52,318.34,-0.011062,0.0017947,-1.4711,0.0073118,3.0518e-05
354,396,3,-0.93699,540.2,512.7,0,520.1,553.09,559.07,474.75,-0.003511,0.0015072,-1.1362,0.013827,0.00012207
355,397,1,-0.94149,433.61,439.28,0,420.23,475.34,450.82,392.92,-0.0071626,0.0011155,-1.3219,0.020354,6.1035e-05
356,398,3,-0.91847,476.74,443.63,0,454.28,484.94,494.21,411.49,0.0022813,0.002478,-1.3128,0.01388,0.00012207
357,399,2,-0.9721,469.44,451.84,0,448.11,480.1,495.19,417.74,-0.018511,0.0015399,-1.1638,0.0045427,0.00012207
358,400,3,-1.0917,530.68,523.13,0,506.2,562.94,558.41,478.01,-0.0051177,0.0039219,-0.92759,0.024079,0.00012207
359,401,2,-1.0436,501.33,476.66,0,478.42,502.9,534.82,438.31,0.0032664,0.0025581,-1.0551,0.0084139,6.1035e-05
360,402,0,-1.0003,460.58,472.29,0.015625,443.46,515.48,475.69,434.18,0.032484,0.01341,-1.6171,-0.0041177,6.1035e-05
361,403,0,-0.98858,403.55,407.33,0,391.4,435.25,417.33,375.69,0.0028672,0.0036668,-1.5237,0.0007043,6.1035e-05
362,404,0,-0.9221,393.5,404.31,0,381.9,434.87,407.49,367.43,-0.020167,0.0026025,-1.3477,0.0056392,6.1035e-05
363,405,0,-1.0095,388.4,404.51,0,373.48,440.35,404.27,366.36,-0.003263,0.022428,-1.3523,0.0054897,6.1035e-05
364,406,2,-0.95568,521.35,499.84,0,495.43,536.05,545.7,465.83,0.01306,0.0023487,-1.1766,0.020303,0.00012207
365,407,0,-1.3834,463.55,497.26,0.375,454.3,546.99,474.04,440.9,-0.0046663,0.38007,-1.151,0.0096416,6.1035e-05
366,408,3,-1.1739,621.1,593.7,0,589.11,649.14,655.15,534.68,0.015045,0.0093116,-0.8064,0.012892,0.00018311
367,409,2,-0.91923,449.17,444.44,0,427.17,493.18,465.23,408.88,-0.0041039,0.034096,-1.1774,0.016168,6.1035e-05
368,410,3,-1.1215,587.8,544.02,0,562.08,614.79,606.57,492.37,0.011662,0.012203,-0.63691,0.087353,0.00012207
369,411,2,-1.0882,496.25,498.59,0,469.38,533.24,523.11,463.94,-0.0027622,0.0025895,-0.79724,0.0013478,6.1035e-05
370,412,3,-1.0762,563.39,579.09,0,535.14,625.72,602.1,515.19,0.0022027,0.0052235,-0.69899,0.022738,0.00012207
371,413,1,-0.91608,410.54,408.67,0,385.46,444.25,432.68,377.27,0.0024735,0.0077643,-1.2438,0.00014174,6.1035e-05
372,414,2,-0.96239,580.67,590.31,0,554.34,637.21,610.5,537.16,0.0029384,0.0038585,-0.86991,0.0057222,0.00012207
373,415,3,-1.0884,539.23,544.92,0,503.35,600.76,567.15,501.48,0.017601,0.0051881,-0.77881,0.030849,6.1035e-05
374,416,1,-0.97691,370.93,374.66,0,356.04,402.12,391.34,337.03,0.0044899,0.0017817,-1.0633,0.013048,6.1035e-05
375,417,0,-0.94704,409.87,404.07,0,394.54,440.67,421.05,377.35,-0.00077256,0.0041039,-1.4043,0.0025879,6.1035e-05
376,418,0,-0.98162,367.42,375.03,0,356.31,400.27,380.82,344.57,0.00093263,0.00048681,-1.4057,-0.00035694,6.1035e-05
377,419,2,-1.0198,540.87,534.91,0,507.57,581.83,570.26,493.5,0.0012207,0.0018628,-0.93784,0.010764,6.1035e-05
378,420,2,-0.96749,465.11,452.18,0,429,489.91,488.25,428,0.043389,0.0027025,-1.3399,0.013395,6.1035e-05
379,421,0,-1.7388,461.69,479.74,0.875,463.56,543.06,459.82,416.41,-0.0035518,0.83413,-1.063,0.01232,6.1035e-05
380,422,2,-0.97045,521.75,529.07,0,491.18,571.5,558.64,477.86,0.0080933,0.0056508,-1.0227,0.015449,9.1553e-05
381,423,2,-0.91726,471.29,468.38,0,448.83,517.21,492.39,422.52,0.0072452,0.008261,-1.2523,0.0093036,0.00012207
382,424,3,-1.0551,493.78,468.28,0,468.51,500.32,519.04,436.23,0.0019296,0.0029982,-1.0013,0.036418,9.1553e-05
383,425,1,-0.97465,345.64,357.14,0,333.84,379.65,365.3,319.61,-0.0040511,0.0026544,-1.1651,-0.0011537,3.0518e-05
384,426,2,-1.0053,432.11,422.57,0,415.77,457.29,446.53,391.93,-0.0053065,0.0016574,-1.2883,0.02726,6.1035e-05
385,427,3,-0.97548,454.27,470.21,0,441.69,528.27,468.53,404.41,0.007352,0.0012032,-1.0522,0.039437,9.1553e-05
386,428,3,-1.0475,548.71,525.61,0,515.93,608.06,567.1,479.36,0.027146,0.0027465,-1.0392,0.035218,0.00012207
387,429,1,-0.94523,508.28,532.3,0,486.88,592.5,531.07,468.22,0.018691,0.0018333,-1.2049,0.054313,9.1553e-05
388,430,0,-0.9857,414.45,431.37,0,398.53,482.66,428.5,386.11,-0.040976,0.00041722,-1.5397,0.0031244,6.1035e-05
389,431,0,-2.1566,469.12,501.84,1.125,466.21,581.69,472.23,416.85,-0.001725,1.4699,-1.3407,-0.00074795,6.1035e-05
390,432,1,-0.98533,545.42,549.86,0,519.79,607.43,569.5,495.78,0.0083652,0.0088149,-1.2361,0.0014779,0.00012207
391,433,0,-0.99883,358.84,365.58,0,346.79,396.14,372.49,330.95,0.0057151,0.016689,-1.3481,0.0046595,6.1035e-05
392,434,3,-1.0182,563.67,572.74,0,539.14,614.1,607.4,499.02,0.021873,0.0022963,-0.82249,0.046487,0.00018311
393,435,1,-1.0523,458.8,465.52,0,437.64,497.58,486.01,424.31,-0.010439,0.012668,-1.1099,0.0092079,6.1035e-05
394,436,2,-0.9741,495.73,497.44,0,478.17,541.53,516.93,444.24,0.002804,0.0044916,-1.1714,0.018044,6.1035e-05
395,437,0,-0.97481,399.9,421.34,0,382.97,461.55,417.92,378.53,-0.0089368,0.0056469,-1.2955,0.0081393,6.1035e-05
396,438,2,-0.94928,574.18,578.41,0,543.88,653.31,599.28,516.35,0.010072,0.0016984,-1.0908,0.028176,0.00012207
397,439,0,-1.0058,452.45,504.22,0.03125,443.19,561.04,465.13,426.37,-0.019314,0.029498,-1.1884,-0.005808,6.1035e-05
398,440,2,-1.079,488.01,471,0,448.94,526.62,511.45,437.63,0.025627,0.0042923,-1.1548,0.022316,0.00012207
399,441,1,-0.96532,512.63,517.87,0,487.07,583.58,532.52,466.77,0.0046714,0.0034519,-1.0086,0.026446,6.1035e-05
400,442,2,-1.011,579.53,545.74,0,551.78,598.74,604.01,498.99,-0.003427,0.0019686,-1.3196,0.019547,0.00012207
401,443,2,-1.0224,457.13,448.91,0,436.35,489.82,476.65,410.49,0.011263,0.0017081,-1.2318,0.0098717,9.1553e-05
402,444,1,-1.0189,468.7,469.65,0,445.54,522.8,486.71,428.32,0.0064045,0.005793,-1.3573,0.0040285,6.1035e-05
403,445,3,-1.0184,472.37,467.31,0,440.8,492.7,505.97,440.29,0.053999,0.0046858,-0.70111,0.018353,6.1035e-05
404,446,2,-1.0161,462.87,461.71,0,435.08,528.02,479.55,421.92,0.009562,0.0020401,-1.28,0.054568,0.00012207
405,447,0,-0.99385,407.93,425.15,0,392.76,473.29,420.5,385.26,-0.011769,0.0021253,-1.285,-0.0070902,3.0518e-05
406,448,1,-1.0913,509.24,541.99,0,486.97,581.66,543.99,480.1,0.010232,0.0068492,-0.72538,0.015452,0.00012207
407,449,1,-1.0759,476.72,502.46,0,443.31,546.99,512.28,455.06,-0.003618,0.0052371,-0.94483,0.0078464,6.1035e-05
408,450,2,-0.92237,484.96,507.7,0,456.82,557.7,518.91,447.37,0.013611,0.005718,-0.79122,0.022537,6.1035e-05
409,451,3,-1.0624,516.2,516,0,487.91,553.95,544.49,478.06,0.010594,0.0041379,-0.86743,0.0050948,0.00012207
410,452,0,-1.0075,405.66,444.01,0,391.36,487.78,421.85,394.4,0.0054777,0.003713,-0.87082,0.010446,6.1035e-05
411,453,0,-1.0177,385.63,400.48,0,371.33,431.61,401.83,365.2,-0.010489,0.0070795,-1.0011,0.0091829,6.1035e-05
412,454,0,-1.042,454.1,526.56,0.0625,436.6,597.04,470.53,460.34,0.072146,0.039191,-1.1598,-0.0032979,6.1035e-05
413,455,1,-1.0243,398.27,406.17,0,390.74,443.84,409.28,351.11,-0.0099767,0.003,-0.95544,0.0034194,6.1035e-05
414,456,1,-1.0207,414.22,456.01,0,392.32,500.91,442.39,398.29,-0.0090486,0.0035955,-0.8606,0.029157,6.1035e-05
415,457,3,-1.0511,558.35,563.79,0,539.57,621.35,581.01,494.32,0.013167,0.0044689,-0.72679,0.0089852,0.00012207
416,458,2,-0.96563,506.66,528.52,0,484.3,591.31,530.46,461.67,0.017413,0.0027563,-0.94916,0.015832,6.1035e-05
417,459,0,-0.93621,426.39,480.62,0.046875,412.74,536.12,442.86,413.63,0.0078883,0.02854,-1.2194,0.0049844,6.1035e-05
418,460,0,-1.1269,444.38,466.22,0.078125,432.09,521.8,455.23,417.19,-0.0038502,0.03868,-1.1212,-0.00048201,6.1035e-05
419,461,1,-1.0111,394.6,404.15,0,377.65,438.84,415.07,362.27,-0.0074389,0.0038157,-0.93555,0.0075196,6.1035e-05
420,462,3,-1.0775,528.92,550.11,0,492.43,599.64,567.77,497.38,0.031397,0.0053846,-0.614,0.05994,0.00012207
421,463,2,-0.95539,588.01,611.09,0,555.7,672.25,624.62,541.77,0.003956,0.0031643,-0.81222,0.018908,0.00012207
422,464,3,-1.0529,467.19,481.14,0,436.51,524.5,501.97,432.01,0.0054891,0.0026134,-0.68904,0.013132,0.00012207
423,465,0,-0.9906,294.44,309.27,0,283.42,341.21,304.79,279.28,0.00031626,0.003529,-1.1034,-0.0019921,3.0518e-05
424,466,0,-0.91768,389.56,402.52,0,369.61,437.92,408.29,369.27,-0.010808,0.0049336,-1.307,0.0025114,3.0518e-05
425,467,0,-0.94832,418.45,479.66,0.09375,401.15,514.78,445.44,424.87,-0.0014618,0.063405,-1.0035,0.071066,6.1035e-05
426,468,3,-1.0715,503.25,535.96,0,475.82,598.21,532.46,469.68,0.0038873,0.0045248,-0.93938,0.026726,9.1553e-05
427,469,0,-1.0618,387.94,402.65,0,376.41,432.15,401,369.23,0.015872,0.0031811,-1.0654,0.06829,3.0518e-05
428,470,2,-0.99053,475.4,505.09,0,454.4,545.51,506.08,446,0.0041545,0.003384,-0.68376,0.007482,9.1553e-05
429,471,2,-1.0053,447.77,445.47,0,425.78,504.52,466,396.55,0.0015858,0.0015362,-1.0687,0.016935,9.1553e-05
430,472,2,-0.99164,547.29,563.09,0,514.95,624.16,579.63,502.02,0.0097441,0.002255,-1.0848,0.029169,0.00012207
431,473,1,-0.97377,336.78,347.43,0,318.39,389.57,355.16,305.29,0.0033583,0.0032881,-1.3352,0.0098887,3.0518e-05
432,474,1,-0.99922,353.94,366.96,0,334.5,420.26,368.13,328.06,0.0032365,0.0017272,-1.3898,-0.0059039,6.1035e-05
433,475,2,-0.92154,486.95,495.41,0,459.56,552.63,514.35,438.2,-0.0139,0.0030336,-1.086,0.0079079,9.1553e-05
434,476,2,-1.0533,523.61,503.66,0,505.14,561.75,538.92,455.53,-0.0046248,0.0058021,-1.0931,0.0071048,0.00012207
435,477,0,-1.3819,443.86,476.14,0.40625,429.65,530.31,459.98,414.75,-0.031296,0.25508,-1.2949,0.044308,6.1035e-05
436,478,0,-0.99248,330.7,351.44,0,318.58,386.84,343.6,313.76,0.0020741,0.011097,-1.4174,0.0024523,3.0518e-05
437,479,1,-0.98204,515.81,526.69,0,489.96,596.17,535.92,472.65,-0.00069663,0.0089774,-1.2628,0.024271,9.1553e-05
438,480,3,-1.0561,610.24,598.02,0,587.91,639.36,650.06,524.33,0.0062109,0.0032502,-0.64259,0.035719,0.00012207
439,481,1,-0.97995,487.48,484.81,0,466.46,530.33,506.02,444.64,0.024011,0.0034916,-1.1437,0.01722,6.1035e-05
440,482,2,-0.94521,502.53,516.67,0,479.82,571.59,525.25,461.76,0.0036697,0.0039471,-1.0695,0.0052116,6.1035e-05
441,483,1,-1.0025,405.78,412.39,0,390,441.22,427.41,372.89,0.029467,0.0038672,-1.1542,0.010985,6.1035e-05
442,484,1,-0.92659,344.27,327.19,0,328.53,360.89,356.52,300.98,0.0037228,0.0049728,-1.4461,0.0064712,6.1035e-05
443,485,2,-1.0123,520.29,524.51,0,499.21,560.03,549.17,475.84,-0.004107,0.0030443,-1.079,0.010264,6.1035e-05
444,486,0,-0.95839,398.26,421.23,0,377.08,464.03,415.8,385.76,0.0085849,0.0019537,-1.4373,0.01857,6.1035e-05
445,487,0,-1.0348,313.87,335.21,0,303.2,360.68,327.6,302.47,-0.033535,0.0024892,-1.0472,0.0033734,6.1035e-05
446,488,3,-1.0676,596.99,580.15,0,569.85,654.96,620.93,514.14,0.020099,0.0040315,-0.94712,0.035391,0.00018311
447,489,0,-1.0133,358.97,358.83,0,344.89,383.9,373.05,333.76,-0.0015803,0.010082,-1.1524,0.0062167,3.0518e-05
448,490,3,-0.97472,572.11,529.62,0,532.33,603.67,595.98,485.19,0.010092,0.0018813,-1.0834,0.019166,0.00012207
449,491,1,-0.95475,452.1,464.95,0,424.14,525.37,473.85,417.95,-0.0030552,0.001586,-1.3833,0.0038834,9.1553e-05
450,492,2,-1.018,522.15,513.81,0,504.17,573.88,540.13,453.74,0.0087875,0.0020618,-1.2029,0.0084832,0.00012207
451,493,0,-0.98845,426.59,436.53,0,412.01,474.8,440.28,400.58,-0.024812,0.0032924,-1.4327,0.005421,3.0518e-05
452,494,3,-1.0511,449.98,477.26,0,418.79,535.88,483.19,414.84,0.012845,0.0043249,-0.77908,0.014079,6.1035e-05
453,495,1,-0.94156,535.55,554.91,0,508.03,612.47,563.07,497.36,-0.00064306,0.0019568,-1.1979,0.015206,0.00012207
454,496,3,-1.0761,565.59,532.01,0,534.71,584.7,596.47,479.31,0.0080722,0.00192,-0.95499,0.0063568,0.00012207
455,497,3,-1.0076,491.44,491.25,0,470.67,532.36,519.91,434.92,0.009015,0.0017568,-0.89891,0.025353,9.1553e-05
456,498,2,-0.89663,476.41,492.69,0,451.51,538.57,504.64,440.68,-0.00384,0.0031876,-1.0843,0.033219,0.00012207
457,499,2,-1.0159,563.87,536.48,0,526.24,599.81,587.99,495.88,0.023483,0.0021581,-1.4081,0.015632,0.00012207
458,500,1,-1.0046,327.17,304.06,0,311.52,332.75,336.55,286.84,0.00036091,0.00221,-1.5634,-0.0034649,6.1035e-05
459,501,1,-0.90216,361.26,353.25,0,351.5,388.61,369.87,322.04,0.0015862,0.0046754,-1.5241,0.05935,6.1035e-05
460,502,1,-1.0445,524.4,515.18,0,497.48,544.45,556.88,479.84,-0.0039944,0.0032859,-1.3125,0.016265,0.00012207
461,503,3,-1.0044,605.35,565.56,0,581.62,616.4,632.24,507.95,0.01506,0.0027598,-1.0117,0.014513,0.00012207
462,504,2,-0.99805,476.62,450.09,0,449.89,475.89,505.07,422.63,-0.0013364,0.0012366,-1.4094,0.0083837,9.1553e-05
463,505,3,-1.0088,561.63,536.01,0,534.55,600.53,578.99,494.66,-0.0018904,0.0011233,-1.0408,0.010923,0.00012207
464,506,1,-1.0783,551.39,562.8,0,522.22,601.53,586.6,516.06,0.009771,0.013873,-1.094,0.0083683,6.1035e-05
465,507,2,-1.0874,470.74,459.27,0,438.15,505.89,493.04,427.37,0.0069861,0.0033624,-1.4029,0.033141,6.1035e-05
466,508,1,-0.97502,413.32,391.44,0,400.69,419.67,425.18,364.92,-0.0060762,0.013664,-1.4937,0.02434,6.1035e-05
467,509,2,-0.95097,467.02,452.64,0,435.54,485.5,498.5,419.78,-0.01257,0.0025402,-1.3466,0.025386,9.1553e-05
468,510,1,-1.0417,536.26,511.56,0,507.85,560.37,555.69,478.16,0.0014963,0.0033171,-1.4544,0.023434,9.1553e-05
469,511,3,-0.95682,503.84,485.07,0,476.69,522.6,530.99,447.55,0.0061462,0.0015649,-1.1386,0.041816,0.00012207
470,512,0,-1.0616,450.81,451.96,0.078125,436.41,495.08,463.51,413.91,-0.011347,0.051219,-1.4274,0.0044031,6.1035e-05
471,513,1,-0.99457,452.09,442.53,0,435.39,483.52,467.77,404.02,0.011065,0.0019482,-1.5307,0.0034407,6.1035e-05
472,514,2,-1.1028,512.43,493.14,0,491.38,528.07,541.26,445.27,-0.00083262,0.0033656,-1.1862,0.014964,0.00012207
473,515,2,-1.0045,566.46,536.43,0,527.42,613.54,586.91,496.04,0.0076062,0.003178,-1.4629,0.0072015,0.00012207
474,516,3,-1.0467,511.27,516.39,0,488.17,557.67,539.15,466.57,0.013306,0.0014737,-1.0374,0.0236,0.00012207
475,517,1,-1.0575,385.64,374.47,0,374.52,396.61,402.98,339.92,-0.041286,0.0026652,-1.1745,-0.002065,6.1035e-05
476,518,3,-1.0179,610.15,568.25,0,584.53,618.33,637.41,514.94,0.016868,0.0010545,-0.99398,0.010153,0.00012207
477,519,0,-0.96982,406.14,399.36,0,391.51,427.95,419.06,374.13,0.00053392,0.0060442,-1.7371,0.00090527,6.1035e-05
478,520,2,-0.93275,420.86,420.58,0,395.93,469.08,436.84,389.49,0.0027822,0.0017982,-1.4527,0.042562,9.1553e-05
479,521,0,-1.0016,366.71,370.24,0,351.41,395.48,382.01,345,-0.016803,0.0015045,-1.4956,-0.002035,3.0518e-05
480,522,0,-1.4758,467.12,481.77,0.5625,459.78,554.85,473.61,417.29,-0.0071181,0.28479,-1.4345,-0.0015945,6.1035e-05
481,523,0,-0.97967,318.32,330.46,0,303.7,361.11,330.44,305.07,6.97e-06,0.0066365,-1.4495,-0.00077859,3.0518e-05
482,524,1,-1.0262,518.33,502.83,0,488.76,578.74,531.77,468.33,0.013574,0.014984,-1.5488,0.049804,0.00012207
483,525,3,-1.0048,576.89,528.08,0,558.53,580.53,591.18,487.29,0.017767,0.0072682,-1.3594,0.010149,0.00018311
484,526,2,-1.0284,561.92,506.65,0,538.62,569.52,576.86,466.35,-0.0052529,0.0028331,-1.4486,0.014459,0.00012207
485,527,1,-1.037,429.71,426.43,0,406.55,460.42,451.47,394.5,0.0043688,0.0049013,-1.3048,0.024336,6.1035e-05
486,528,0,-0.99097,321.84,324.48,0,309.93,347.42,336.21,296.79,0.0024986,0.0032503,-1.3441,-0.0049706,6.1035e-05
487,529,2,-1.0026,471.28,468.7,0,447.64,518.5,490.87,427.44,0.0024475,0.0012196,-1.3852,0.0062695,0.00012207
488,530,3,-1.0688,573.52,549.84,0,551.43,596.7,600.18,493.29,0.011571,0.0022829,-1.0009,0.025309,0.00018311
489,531,2,-0.99887,529.06,557.64,0,511.03,605.52,559.12,477.83,0.043439,0.0010664,-1.145,0.031048,6.1035e-05
490,532,3,-1.0251,541.57,558.19,0,509.87,612.66,575.31,500.21,0.0061095,0.00094153,-0.9279,0.0090712,0.00012207
491,533,0,-0.97991,289.61,294.69,0,279.6,312.52,301.68,273.16,-0.0028335,0.0081336,-1.3693,0.001822,3.0518e-05
492,534,3,-1.0697,565.46,517.23,0,536.27,576.16,585.43,476.91,0.010304,0.0017793,-1.1932,0.036831,0.00012207
493,535,1,-1.0251,451.45,456.59,0,433.31,498.81,473.34,405.63,-0.0067986,0.0020349,-1.228,0.020315,6.1035e-05
494,536,0,-1.0366,363.85,351.34,0,345.24,374.03,377.43,334.79,-0.0068243,0.0041484,-1.5433,-0.0013255,6.1035e-05
495,537,0,-0.99113,387.14,395.01,0,370.54,417.27,405.96,369.78,-0.0025205,0.0034492,-1.4635,0.0098506,6.1035e-05
496,538,0,-1.0094,369.47,375.16,0,359.55,401.44,381.44,343.45,-0.017603,0.0028274,-1.4626,0.032183,6.1035e-05
497,539,3,-1.0276,501.33,471.11,0,476.37,507.68,520.75,442.67,0.019013,0.0012894,-1.373,0.044234,0.00012207
498,540,3,-1.0183,501.73,486.18,0,477.74,517.9,534.62,442.71,0.0044778,0.00099076,-1.0635,0.027355,0.00012207
499,541,1,-0.96243,480.62,479.97,0,460.12,513.53,502.44,444.25,-0.017856,0.0029386,-1.5011,0.053566,6.1035e-05
500,542,1,-0.99565,422.25,424.23,0,405.25,460.85,439.24,387.61,0.018789,0.0016578,-1.4925,0.010109,6.1035e-05
501,543,0,-1.2931,461.57,499.57,0.39062,451.07,544.55,475.95,437.94,-0.030811,0.25299,-1.5054,-0.0010619,6.1035e-05
502,544,3,-1.0599,541.9,508.37,0,501.44,544.36,575.43,478.54,0.0057435,0.025412,-1.0493,0.031577,0.00018311
503,545,0,-1.0041,458.95,451.25,0.015625,440.89,486.57,474.89,420.08,-0.0061156,0.042887,-1.8307,0.0041904,6.1035e-05
504,546,3,-0.99978,518.95,478.01,0,493.49,519.11,540.04,443.96,0.021806,0.0087032,-1.298,0.020826,0.00012207
505,547,2,-0.98513,519.91,486.58,0,495.71,520.51,537.57,461.81,0.017451,0.0054713,-1.4278,0.037371,0.00012207
506,548,2,-0.87173,470.35,468.23,0,450.48,497.16,499.37,425.95,0.0019401,0.0013418,-1.2933,0.039976,9.1553e-05
507,549,2,-0.98901,586.06,570.69,0,551.27,619.44,620.84,521.95,-0.0015529,0.0044973,-1.3071,0.02747,0.00012207
508,550,2,-1.0241,564.7,532.63,0,536.17,574.67,593.22,490.58,0.012166,0.001955,-1.3688,0.019006,0.00012207
509,551,1,-0.93809,436.56,432.3,0,421.05,470.45,454.14,389.07,-0.0063272,0.0022716,-1.4653,0.0084329,6.1035e-05
510,552,1,-0.98673,359.11,358.19,0,346.1,382.54,373.85,330.6,0.00021452,0.0010295,-1.5133,0.010213,6.1035e-05
511,553,0,-0.92811,388.99,394.43,0,374.71,420.68,406.23,362.75,-0.0015417,0.00045382,-1.6408,0.00022174,3.0518e-05
512,554,3,-1.0054,552.91,540.53,0,533.55,583.57,579.45,481.55,-0.011075,0.0017887,-0.94485,0.03852,0.00012207
513,555,3,-1.0675,514.6,479.69,0,489.07,534.66,532.06,442.08,0.013814,0.0026641,-1.3107,0.028197,0.00012207
514,556,2,-0.91569,479.32,494.34,0,460.41,527.31,508.8,442.91,0.0034487,0.0036713,-1.1935,0.020037,6.1035e-05
515,557,1,-0.94691,410.1,406.96,0,388.02,452.99,426.21,373.37,0.00093242,0.00061989,-1.5742,0.00092648,9.1553e-05
516,558,1,-0.9764,512.69,511.2,0,490.86,562.48,534.53,459.92,-0.024014,0.0019664,-1.2955,0.022278,6.1035e-05
517,559,1,-1.0311,494.92,519.43,0,481.51,564.99,514.52,452.84,0.0039361,0.0035513,-0.89266,0.011446,0.00012207
518,560,3,-1.086,533.12,502.1,0,504.72,552.33,559.8,454.92,0.012284,0.0023013,-1.0388,0.038489,0.00012207
519,561,2,-0.90058,447.37,430.26,0,420.37,463.28,472.73,399.23,-0.010857,0.010178,-1.4104,0.0093443,9.1553e-05
520,562,1,-0.91313,364.17,365.32,0,344.59,401.9,379.4,336.87,-0.010813,0.001765,-1.6113,0.023647,6.1035e-05
521,563,2,-0.90047,463.61,470.27,0,446.12,513.48,483.44,421.31,0.0035227,0.0022532,-1.1432,0.019969,9.1553e-05
522,564,1,-0.96855,540.55,569.06,0,515.22,618.96,571.14,508.83,0.011954,0.0055776,-1.1741,0.029242,6.1035e-05
523,565,2,-0.98665,516.94,530.87,0,496.03,574.62,545.59,470.9,0.00090522,0.0014296,-1.0951,0.012859,9.1553e-05
524,566,0,-0.97385,428.01,449.13,0,407.92,497.05,445.74,406.84,-0.0074207,0.00044858,-1.6216,0.0087725,3.0518e-05
525,567,3,-0.98087,601.14,545.27,0,573.47,591.62,627.13,501.74,0.020336,0.0018148,-1.1931,0.021377,0.00012207
526,568,0,-1.0122,363.09,384.58,0,337.97,402.96,395.38,360.94,-0.047134,0.002488,-1.479,0.020049,6.1035e-05
527,569,3,-0.92869,506.1,493.3,0,483.77,539.67,534.8,433.68,-0.00015036,0.0014164,-1.1157,0.0088589,0.00012207
528,570,2,-1.013,462.88,469.29,0,428.89,503.2,503.9,428.37,-0.011252,0.0052362,-1.2366,0.017313,0.00012207
529,571,3,-1.0446,533.27,512.8,0,499.51,562.78,567.03,462.83,-0.0027666,0.0018183,-1.2336,0.036395,0.00018311
530,572,2,-1.0382,471.47,485.12,0,453.68,520.65,501.12,425.9,-0.00025518,0.0027464,-1.0885,0.020097,6.1035e-05
531,573,1,-0.93037,416.97,431.66,0,392.21,464.37,445.05,394.59,0.015853,0.0021237,-1.5621,0.040299,6.1035e-05
532,574,2,-1.0052,578.89,579.73,0,552.32,653.22,603.84,510.69,0.0038618,0.0015715,-1.3253,0.027468,0.00012207
533,575,2,-0.95089,518.04,521.29,0,496.58,571.48,543.95,460.7,0.014057,0.0012078,-1.2867,0.020046,0.00012207
534,576,0,-0.96775,398.27,427.66,0,377.44,468.64,421.88,381.21,0.022542,0.0032773,-1.4056,0.030526,6.1035e-05
535,577,2,-1.0226,467.69,462.67,0,443.69,495.79,498.56,420.09,0.025216,0.0021371,-1.3121,0.025451,6.1035e-05
536,578,2,-1.0014,488.67,485.89,0,454.58,544.21,515.19,440.53,0.0056973,0.002011,-1.5611,0.0089587,6.1035e-05
537,579,3,-0.98098,553.28,533.54,0,517.06,600.2,581.45,481.69,0.0045011,0.0010906,-1.0398,0.016873,0.00012207
538,580,2,-1.0805,480.17,478.21,0,472.91,529.04,489.52,412.85,0.0016651,0.0016871,-1.36,0.012309,9.1553e-05
539,581,1,-1.0062,519.41,532.64,0,478.19,587.43,555.77,484.29,-0.0004164,0.002642,-1.3991,0.0061637,9.1553e-05
540,582,3,-0.95581,562.91,565.35,0,544.89,619.89,592.95,474.45,-0.0034771,0.0011243,-1.0508,0.056796,0.00018311
541,583,2,-1.0591,478.82,476.54,0,430.84,538.48,505.73,441.79,-0.0018229,0.0018261,-1.6721,0.018343,9.1553e-05
542,584,0,-1.1373,425.16,473.47,0.125,405.52,512.75,453.87,416.06,-0.0074834,0.090189,-1.2699,0.0083952,3.0518e-05
543,585,2,-0.9744,488.14,514.07,0,465.77,568.45,516.9,444.14,0.0087591,0.0033464,-1.1315,0.031447,9.1553e-05
544,586,0,-0.90843,388.9,417.81,0,367.71,469.36,408.81,369.39,-0.026023,0.0086746,-1.623,0.017907,6.1035e-05
545,587,0,-0.97195,335.14,352.72,0,325.36,385.1,346.94,313.64,-0.020852,0.0026772,-1.4286,0.033697,6.1035e-05
546,588,2,-0.95542,515.2,537.5,0,495.05,583.83,546.65,465.23,0.019998,0.001355,-1.17,0.009866,0.00012207
547,589,2,-1.0073,468.83,513.8,0,441.52,564.14,506.26,444.82,0.0013747,0.0031308,-1.243,0.041671,6.1035e-05
548,590,2,-1.0144,464.42,494.68,0,442.91,552.95,487.31,432.65,0.029913,0.0013403,-1.2355,0.0058826,9.1553e-05
549,591,3,-1.0659,548.93,559.33,0,524.54,627.27,571.84,495.5,0.0094198,0.0024998,-1.0725,0.041661,0.00018311
550,592,2,-0.97445,533.41,520.39,0,505.73,587.39,557.83,461.28,0.0067948,0.0078968,-1.3393,0.005617,0.00012207
551,593,1,-1.0166,492.53,508.98,0,469.14,572.3,514.51,449.5,0.021255,0.0029638,-1.3602,0.01762,9.1553e-05
552,594,0,-1.4936,454.52,535.5,0.51562,445.73,621.42,465.12,431.82,0.0069948,0.41093,-1.2405,-0.002044,6.1035e-05
553,595,0,-0.91923,401.56,470.23,0,377.78,521.55,432.12,404.24,-0.0050701,0.009122,-1.3623,0.011158,6.1035e-05
554,596,1,-0.96454,447.38,486.11,0,429.16,545.38,474.01,399.48,0.0014697,0.011136,-1.372,0.012693,6.1035e-05
555,597,1,-1.0075,468.58,498.31,0,451.76,549.52,491.64,428.12,0.0055186,0.013843,-1.1989,0.020882,6.1035e-05
556,598,3,-0.96414,492.25,477.96,0,470.35,532.45,514.15,423.46,0.0014568,0.0062228,-1.3805,0.013641,9.1553e-05
557,599,1,-0.92377,461.39,478.5,0,435.38,550.19,481.62,422.75,0.0045829,0.0019231,-1.4426,0.0017562,6.1035e-05
558,600,0,-0.88439,441.48,473.99,0,418.83,523.42,465.6,421.37,0.0039224,0.0011483,-1.5452,0.0041764,6.1035e-05
559,601,1,-0.97822,502.55,550.35,0,479.7,609.03,533.86,469.94,0.0099656,0.0041444,-1.3587,0.0012615,0.00012207
560,602,2,-0.98525,550.32,537.44,0,519.12,607.71,574.59,482.78,0.0028803,0.0048499,-1.5023,0.027972,0.00012207
561,603,0,-1.0031,318.37,315.21,0,308.09,336.29,329.31,292.78,0.0020115,0.0068528,-1.6508,-0.00065894,3.0518e-05
562,604,3,-0.86209,529.51,555.25,0,504.21,623.6,556.44,482.5,0.0089979,0.0018578,-1.136,0.028688,0.00012207
563,605,3,-1.1187,603.97,600.78,0,581.2,673.19,629.78,518.73,0.014699,0.0064584,-1.0265,0.032519,0.00018311
564,606,0,-0.96773,358.57,376.43,0,345.2,415.07,374.72,329.8,-0.0032374,0.0011184,-1.3493,-0.0003765,3.0518e-05
565,607,0,-0.98653,374.41,407.96,0,363.19,440.44,390.81,360.5,-0.026438,0.0023266,-1.2765,0.0054453,6.1035e-05
566,608,3,-1.0139,530.17,488.41,0,500.88,541.8,556.01,441.3,0.011669,0.003259,-1.2152,0.014456,0.00012207
567,609,1,-0.93457,464.38,467.72,0,446.22,498.33,494.66,416.69,0.001304,0.002089,-1.3198,0.0059484,6.1035e-05
568,610,2,-1.03,539.96,526.66,0,498.36,560.16,579.03,495.19,0.010801,0.0036304,-1.2999,0.027891,6.1035e-05
569,611,1,-1.0258,484.35,471.39,0,451.7,516,506.69,440.87,-0.0042706,0.0017601,-1.6083,0.013049,6.1035e-05
570,612,2,-0.96011,548.67,516.54,0,520.08,546,579.1,485.19,-0.0064327,0.0020307,-1.5207,0.05398,0.00012207
571,613,3,-0.98888,533.16,517.49,0,504.8,567.53,558.18,473.35,0.00086336,0.0022532,-1.3053,0.019981,0.00012207
572,614,2,-0.96901,550.11,547.79,0,531.94,590.53,578.46,481.11,0.0076455,0.0015894,-1.2193,0.007731,9.1553e-05
573,615,1,-0.9545,442.43,440.6,0,425.56,479.38,460.39,399.32,-0.0045815,0.0014768,-1.5954,0.017322,6.1035e-05
574,616,3,-0.9963,578.42,572.74,0,555.42,631.05,604.5,506.66,0.012546,0.0021296,-1.1744,0.027604,0.00018311
575,617,2,-0.99924,630.8,581.35,0,591.57,645.82,657.64,537.23,0.081859,0.0042262,-1.3464,0.058701,0.00012207
576,618,1,-1.0699,390.1,384.4,0,364.96,427.86,409.65,350.6,-0.021675,0.013031,-1.0755,0.014449,6.1035e-05
577,619,1,-0.95812,437.03,428.43,0,418.82,470.64,454.13,388.79,0.0019045,0.00044214,-1.6341,0.0047638,6.1035e-05
578,620,2,-0.98418,513.37,526.09,0,476.38,576.39,550.35,475.78,0.0082405,0.0023354,-1.0852,0.013938,0.00012207
579,621,2,-1.0918,571.16,545.41,0,524.7,599.26,609.65,500.79,0.013001,0.0036101,-1.4809,0.057979,0.00012207
580,622,0,-0.92583,375.58,396.9,0,359.39,436.36,390.78,359.83,0.0014838,0.011729,-1.6308,0.0012223,3.0518e-05
581,623,1,-1.0832,419.53,419.72,0,395.62,459.33,443.43,380.1,0.018365,0.0087319,-1.5741,0.0080849,6.1035e-05
582,624,3,-0.9838,606.99,570.66,0,570.22,642.92,637.45,510.79,0.010909,0.00072657,-1.1848,0.0099998,0.00018311
583,625,1,-1.0656,486.37,505.4,0,465.26,568.6,503.86,453.03,0.00035461,0.0085348,-1.4961,0.010402,6.1035e-05
584,626,1,-1.0366,505.75,537.62,0,483.95,598.94,530.46,468.13,0.01259,0.0015622,-1.4094,-0.00035926,6.1035e-05
585,627,0,-0.99015,397.46,408.63,0,378.9,450.62,414.89,369.18,-0.004302,0.014585,-1.699,-0.00039363,3.0518e-05
586,628,2,-1.1166,571.67,566.42,0,534.85,608.33,613.39,518.91,0.0088638,0.007087,-1.2437,0.040143,0.00012207
587,629,3,-1.0511,487.02,475.12,0,471.52,530.39,502.52,419.85,-0.010409,0.0011982,-1.2822,0.018963,0.00012207
588,630,2,-1.0957,551.05,517.37,0,512.92,591.42,569.67,481.21,0.083056,0.002915,-1.5302,0.051999,0.00012207
589,631,1,-1.0846,536.31,544.31,0,504.83,589.81,571.99,492.75,0.017295,0.002893,-1.2517,0.0062946,0.00012207
590,632,3,-1.0332,684.6,631.62,0,639.67,705.09,721.83,570.74,0.0080213,0.0015004,-1.2288,0.012799,0.00012207
591,633,2,-0.95687,513.3,509.56,0,481.26,561.91,541.57,463.36,0.015037,0.0034384,-1.3608,0.018257,6.1035e-05
592,634,3,-0.95486,521.6,516.68,0,498.03,560.12,546.69,470.45,0.0036817,0.0027951,-1.2158,0.017101,0.00012207
593,635,1,-0.97559,450.24,460.46,0,425.73,502.26,478.03,413.09,0.0053596,0.0040904,-1.4116,0.0019835,6.1035e-05
594,636,3,-0.97023,576.55,558.63,0,548.15,616.87,606.79,496.62,0.029057,0.00091536,-1.2259,0.046292,0.00012207
595,637,0,-0.99944,356.99,369.7,0,341.59,403.48,375.58,328.92,0.00046651,0.0070336,-1.4125,0.0033198,3.0518e-05
596,638,2,-1.0735,475.89,480.38,0,451.9,539.64,495.76,431.28,0.0095476,0.0041878,-1.1709,0.053042,6.1035e-05
597,639,2,-1.0845,537.32,544.94,0,505.9,601.32,570.77,484.92,-0.0104,0.0046409,-1.0989,0.037199,6.1035e-05
598,640,3,-1.0787,545.48,540.33,0,510.63,603,578.21,481.46,0.0045211,0.0031697,-1.0203,0.021409,0.00012207
599,641,2,-0.96909,468.87,472.39,0,444.98,515.9,494.29,426.07,0.0033593,0.0054507,-1.2347,-0.00099851,6.1035e-05
600,642,0,-1.3038,456.24,482.09,0.29688,451.98,550.14,460.49,414.04,-0.025244,0.17614,-1.4459,0.014313,3.0518e-05
601,643,0,-1.0278,420.46,444.56,0,406.92,506.59,431.68,393.15,0.0036931,0.005231,-1.5361,0.017076,3.0518e-05
602,644,0,-0.94955,388.57,419.87,0,374.38,452.85,409.29,371.65,-0.011458,0.010427,-1.4357,0.031013,6.1035e-05
603,645,1,-1.0319,561.31,575.97,0,532.05,648.83,587.12,511.68,0.0025845,0.0046733,-1.5769,0.0090948,0.00012207
604,646,3,-0.99944,557.38,516.46,0,527.02,572.22,580.99,473.1,-0.010567,0.0010664,-1.3062,0.02231,0.00012207
605,647,1,-0.9637,455.78,488.78,0,442.09,551.04,473.37,408.73,-0.0090916,0.0023216,-1.4563,0.027885,0.00012207
606,648,0,-1.205,451.7,477.69,0.15625,432.09,547.74,466.94,423.2,-0.016659,0.11789,-1.5249,0.01533,3.0518e-05
607,649,1,-0.9961,408.55,422.5,0,387.88,468.21,430.56,373.83,-0.00399,0.00094328,-1.3922,0.020942,6.1035e-05
608,650,0,-0.93395,375.48,405.79,0,355.82,453.34,395.14,358.23,-0.013239,0.0031963,-1.6058,-0.0074693,6.1035e-05
609,651,1,-0.97987,395.31,395.15,0,380.02,427.58,414.98,353.45,0.0086599,0.0022177,-1.5977,-0.00048713,6.1035e-05
610,652,1,-0.91762,451.01,451.32,0,431.64,489.55,475.92,402.18,0.0013306,0.0035983,-1.4056,0.0035086,6.1035e-05
611,653,3,-0.97631,539.33,509.56,0,500.71,562,577.95,457.12,-0.0012453,0.0037882,-1.2651,0.0066708,0.00012207
612,654,3,-0.91945,499.88,513.7,0,466.16,557.47,540.58,460.87,0.00057841,0.001308,-1.1113,0.029163,0.00012207
613,655,0,-0.99001,380.93,386.75,0,368.65,425.5,392.46,350.35,0.0074181,0.0032904,-1.7077,-0.0078558,6.1035e-05
614,656,0,-0.99224,355.75,360.61,0,340.81,395.61,368.93,329.73,0.0082941,0.0032241,-1.6309,-0.0029428,6.1035e-05
615,657,3,-0.99054,562.37,536.36,0,538.84,586.95,590.76,475.31,-5.7117e-05,0.0010449,-1.3141,0.023369,0.00012207
616,658,3,-1.0674,525.38,496.47,0,498.33,555.09,550.79,441.41,0.00039162,0.0014735,-1.2711,0.055472,0.00012207
617,659,2,-0.98171,571.97,568.22,0,535.23,641.55,604.38,503.51,0.0011051,0.0017795,-1.4507,0.0517,0.00012207
618,660,3,-1.0528,494.13,503.02,0,468.77,552.74,528.88,434.87,0.0030321,0.0016433,-1.1032,0.018174,0.00018311
619,661,2,-0.93792,488.36,504.15,0,470.72,561.24,511.06,430.74,-0.017457,0.004056,-1.2327,0.026659,9.1553e-05
620,662,2,-0.93148,559.44,578.64,0,525.9,632.03,599.91,514.21,0.008406,0.0010692,-1.1732,0.010375,0.00012207
621,663,2,-0.99808,542.77,570.75,0,500.04,633.8,585.5,507.71,0.0057467,0.0024713,-1.2237,0.015352,0.00012207
622,664,0,-0.91818,403.6,438.58,0,385.19,500.82,420.9,380.11,-0.011526,0.001437,-1.663,-0.0032946,3.0518e-05
623,665,1,-1.023,519.11,550.21,0,469.32,612.52,560.38,498.59,-0.0020821,0.0053072,-1.3411,0.0083709,9.1553e-05
624,666,2,-0.95482,518.15,518.09,0,483.21,575.32,550.97,464.32,-0.019834,0.0028135,-1.4669,0.065936,0.00012207
625,667,3,-1.0528,482.99,494.16,0,453.53,536.31,514.36,449.29,0.019938,0.002585,-1.076,0.033195,0.00012207
626,668,3,-1.0634,494.69,493.6,0,471.97,543.52,518.88,440.45,0.0092078,0.0049486,-1.1815,0.028164,6.1035e-05
627,669,3,-1.079,505.08,517.41,0,468.89,583.39,537.02,459.19,0.017914,0.0024185,-1.0108,0.0088432,6.1035e-05
628,670,1,-1.1568,517.68,540.37,0,489.94,612.54,543.73,472.57,-0.008503,0.0037703,-1.2922,0.014501,9.1553e-05
629,671,3,-1.0678,527.26,526.25,0,498.86,590.47,553.95,465.92,0.020194,0.0080072,-1.0564,0.050171,0.00012207
630,672,3,-1.0019,517.12,530.82,0,497.71,571.03,551.74,459.12,-0.0016017,0.0069136,-0.87825,0.021682,9.1553e-05
631,673,1,-1.0477,425.55,448.57,0,407.34,502.6,447.51,383.36,-0.007205,0.0071436,-1.5241,0.0028502,3.0518e-05
632,674,1,-1.0345,419.17,439.25,0,400.98,488.86,442.57,375.46,-0.0007565,0.002721,-1.5415,0.023111,6.1035e-05
633,675,3,-0.9338,502,473.21,0,469.98,543.19,525.36,422.15,0.004103,0.0015848,-1.4952,0.020142,0.00012207
634,676,3,-0.97285,516.19,514.06,0,491.73,564.52,545.7,453.16,0.001325,0.0018665,-1.1852,0.061614,0.00012207
635,677,1,-1.023,306.52,293.89,0,291.33,322.17,318.33,271.9,-0.0075077,0.0064032,-1.4981,0.0011913,6.1035e-05
636,678,1,-0.96502,324.71,346.23,0,306.55,381.03,345.3,306.79,0.013711,0.0013497,-1.6482,0.01188,6.1035e-05
637,679,0,-1.0029,416.92,425.86,0,399.08,455.02,435.91,394.82,0.012793,0.00272,-1.6354,0.054634,6.1035e-05
638,680,0,-1.5769,438.95,435.16,0.57812,428.06,491.92,447.41,391.01,-0.026202,0.58041,-1.3915,0.0031171,6.1035e-05
639,681,1,-1.1244,557.91,561.81,0,540.83,626.55,577.26,488.44,-0.011558,0.0087938,-1.5508,0.0085914,6.1035e-05
640,682,1,-1.0327,460.16,445.86,0,433.72,507.9,478.26,403.42,0.0013866,0.032486,-1.6655,0.0080168,9.1553e-05
641,683,1,-0.81542,440.38,433.72,0,419.34,470.69,464.22,391.82,-0.0060228,0.031811,-1.5044,0.047333,6.1035e-05
642,684,0,-0.93083,378.49,392.85,0,364.73,425.25,395.1,353.75,-0.023088,0.0033797,-1.8014,-0.001616,3.0518e-05
643,685,2,-1.0317,435.16,442.96,0,425.43,489.89,449.39,374.35,0.004086,0.015014,-1.3889,0.013381,9.1553e-05
644,686,1,-0.98328,511.13,522.53,0,473.1,592.46,540.71,468.14,0.021241,0.017269,-1.6115,0.010645,9.1553e-05
645,687,2,-0.98908,493.73,475.58,0,456.11,531.43,521.18,434.82,0.010726,0.0039131,-1.4253,0.0055946,6.1035e-05
646,688,1,-1.0242,392.8,415.33,0,378.14,458.37,412.9,356.35,0.020453,0.002844,-1.36,0.014022,6.1035e-05
647,689,3,-0.9632,548.6,556.25,0,524.59,630.98,574.17,476.7,0.01672,0.0042411,-1.088,0.056952,0.00012207
648,690,2,-1.0634,479.02,506.49,0,451.6,558.92,512.12,443.22,0.0096379,0.0027275,-1.2676,0.055999,9.1553e-05
649,691,3,-1.0788,575.5,586.35,0,528.37,640.87,632.37,520.56,0.016244,0.0031317,-0.83974,0.01684,0.00018311
650,692,1,-0.98876,356.03,346.3,0,335.39,379.11,375.42,315.47,0.011046,0.0076562,-1.2875,0.0028109,3.0518e-05
651,693,0,-1.022,416.54,443.98,0,399.32,491.84,436.05,389.74,-0.00012878,0.0026312,-1.2518,0.0027152,6.1035e-05
652,694,1,-1.1089,547.04,538.17,0,482.93,572.25,596.9,511.66,-0.0030023,0.0054478,-1.2155,0.013704,0.00012207
653,695,2,-0.97564,490.05,488.99,0,446.63,536.56,523.82,451.99,0.00010868,0.0023104,-1.4475,0.0075342,6.1035e-05
654,696,2,-1.031,470.28,470.78,0,431.34,508.39,509.23,433.17,0.00097341,0.0027581,-1.3357,0.010147,6.1035e-05
655,697,3,-0.94292,548.71,536.39,0,516.07,575.27,593.44,483.11,0.017792,0.0021456,-1.034,0.036655,0.00012207
656,698,1,-1.0224,416.75,437.76,0,397.98,472.25,442.47,390.49,-0.0094699,0.0047175,-1.3471,0.0092503,6.1035e-05
657,699,1,-0.89696,490.42,501.62,0,467.26,554.15,513.58,449.09,-0.007439,0.0031809,-1.4316,0.028114,6.1035e-05
658,700,2,-0.95248,481.15,496.18,0,453.62,554,505.44,445.15,0.013942,0.0021317,-1.544,0.082323,9.1553e-05
659,701,3,-0.98945,554.78,547.96,0,514.21,610.58,592.9,489.14,0.0086993,0.0020217,-1.3692,0.024352,0.00012207
660,702,3,-1.0472,485.39,463.49,0,452.42,514.8,507.95,428.38,-0.00085017,0.003874,-1.5125,0.0094845,0.00012207
661,703,3,-0.99479,517.84,515.43,0,494.01,562.9,548.48,454.4,0.00094246,0.0019849,-1.2959,0.019872,0.00012207
662,704,1,-0.99955,455.6,453.24,0,436.25,502.23,474.96,404.25,0.017967,0.0015238,-1.6967,0.031716,6.1035e-05
663,705,3,-0.93243,472.82,471.54,0,453.39,516.72,491.07,429.09,-0.0017056,0.0011413,-1.4842,0.032996,9.1553e-05
664,706,0,-0.97561,401.25,434.65,0,386.64,462.13,424.03,391.77,-0.0056845,0.0097659,-1.6419,0.0056415,6.1035e-05
665,707,1,-0.96773,508.31,519.49,0,481.49,572.58,535.14,466.39,0.021554,0.0019596,-1.472,-0.0072863,6.1035e-05
666,708,0,-1.0024,457.42,492.73,0.03125,438.71,541.51,474.99,446.91,-0.0010162,0.019847,-1.8493,-0.0024853,6.1035e-05
667,709,1,-0.8551,442.33,474.69,0,426.18,517.35,465.95,412.35,-0.0094947,0.0061133,-1.5268,0.0084146,6.1035e-05
668,710,0,-0.92933,364.83,388.64,0,348.21,428.72,383.67,343.21,0.029585,0.0024259,-1.4602,0.00070956,6.1035e-05
669,711,2,-0.97723,573.18,567.49,0,531.73,636.3,609.75,506.78,-0.012447,0.0054461,-1.4701,0.084777,0.00012207
670,712,1,-0.90541,343.73,345.86,0,323.91,391.84,359.14,310.09,-0.0046188,0.0026619,-1.5643,0.0028293,6.1035e-05
671,713,2,-1.0091,436.04,443.31,0,410.94,498.33,458.18,394.75,0.0051459,0.0014501,-1.4774,0.041606,9.1553e-05
672,714,3,-0.95772,605.91,588.14,0,565.04,657.78,641.97,526.7,0.00072191,0.003523,-1.1311,0.078929,0.00012207
673,715,0,-1.0476,405.93,430.96,0,385.46,473.75,426.41,388.16,-0.0037494,0.0032048,-1.3904,0.0023237,6.1035e-05
674,716,3,-1.0039,473.67,483.1,0,448.82,529.05,505.63,424.02,0.02241,0.0017343,-1.0164,0.037918,9.1553e-05
675,717,3,-1.0612,556.59,565.08,0,518.13,630.02,592.72,504.08,0.019273,0.0022077,-0.94859,0.030169,0.00018311
676,718,1,-1.0432,430.48,439.06,0,403.18,478.85,461.41,393.97,0.0036247,0.0022486,-1.3155,-0.0024617,6.1035e-05
677,719,2,-1.0235,479.29,493.18,0,453.67,542.56,506.56,440.61,0.010609,0.0032239,-1.1801,0.034153,0.00012207
678,720,3,-1.0345,538.28,542.12,0,508.99,590.08,571.47,487.77,0.012741,0.0017017,-1.1412,0.01996,0.00012207
679,721,3,-1.0361,512.89,513.01,0,488.78,571.63,537.01,454.38,0.0089827,0.00098239,-1.076,0.017646,9.1553e-05
680,722,1,-0.97703,390.84,401.88,0,376.75,436.3,411.44,351.58,-0.0014817,0.00079137,-1.3612,0.0076247,6.1035e-05
681,723,3,-0.99301,504.34,528.46,0,481.11,602.79,529.06,449.33,-0.00051295,0.0010362,-0.94847,0.010694,0.00012207
682,724,1,-0.98275,441.03,456.53,0,413.44,494.65,476.5,407.51,-0.007935,0.00399,-0.98317,0.0017404,9.1553e-05
683,725,2,-1.019,525.59,551.95,0,491.16,617.66,564.61,477.47,0.0037345,0.0018144,-1.1576,0.12402,6.1035e-05
684,726,0,-0.94339,388.95,432.27,0,365.06,491.25,410.03,380.23,-0.0018423,0.0025958,-1.4259,0.0036247,6.1035e-05
685,727,1,-1.0673,392.61,390.31,0,367.67,446.66,409.67,351.75,0.00065017,0.0078906,-1.5203,0.0094692,6.1035e-05
686,728,2,-0.91723,490.06,513.16,0,468.33,565.78,519.83,441.04,0.016673,0.0030951,-1.25,0.022257,9.1553e-05
687,729,0,-1.0314,461.44,514.27,0.046875,449.32,566.42,474.34,458.76,0.0027612,0.032198,-1.2369,9.0037e-05,6.1035e-05
688,730,0,-0.97591,419.81,444.62,0,401.04,491.85,439.79,394.35,-0.00027375,0.00081311,-1.5299,-0.00022491,6.1035e-05
689,731,1,-0.96336,436.36,450.52,0,404.9,517.23,459.32,401.84,0.011228,0.0039502,-1.5113,-0.0045507,6.1035e-05
690,732,2,-0.9355,513.37,527.54,0,487.11,581.3,543.14,466.62,0.00048535,0.0057192,-1.3494,0.043185,0.00012207
691,733,2,-0.9233,487.1,477.01,0,463.62,537.94,505.37,429.61,0.0019443,0.0040919,-1.4745,0.00079713,6.1035e-05
692,734,3,-0.9415,484.99,499.31,0,462.37,557.5,506.24,444.64,0.0017846,0.0011425,-1.2452,0.013556,0.00012207
693,735,3,-1.0153,559.49,564.59,0,537.61,632.52,578.79,504.65,0.010243,0.0028123,-1.1325,0.0099239,0.00012207
694,736,3,-1.0522,449.97,440.02,0,423.94,496.66,468.97,398.69,-0.0066578,0.0026445,-1.3655,0.025633,9.1553e-05
695,737,3,-0.98276,529.78,552.9,0,493.82,616.69,565.74,489.12,0.012715,0.0026915,-1.187,0.030711,0.00012207
696,738,3,-0.88699,503.01,493.53,0,477.78,549.02,529.88,434.45,0.0028765,0.0071235,-1.2166,0.002009,0.00012207
697,739,0,-1.0226,399.2,421.02,0,385.44,466.72,414.79,369.22,-0.010732,0.0042626,-1.4249,0.00060541,6.1035e-05
698,740,0,-1.0707,391.56,438.82,0,375.83,480.14,414.55,378.42,0.013452,0.0080318,-1.3269,0.023873,6.1035e-05
699,741,0,-1.0743,457.29,489.56,0.09375,434.95,549.14,477,436.99,0.041029,0.067864,-1.6568,-0.0027028,6.1035e-05
700,742,0,-0.96968,421.47,440.86,0,399.45,506.15,436.53,396.18,-0.0073259,0.0037049,-1.4009,-0.0013974,6.1035e-05
701,743,0,-0.94426,422.61,444.42,0,401.61,489.21,441.13,404.9,0.02972,0.0022803,-1.7033,0.011167,6.1035e-05
702,744,0,-1.4466,453.04,490.54,0.4375,446.71,563.47,459.78,412.91,0.0038743,0.26822,-1.5405,0.012369,6.1035e-05
703,745,2,-0.94413,443.73,442.16,0,422.37,475.17,467.95,404.74,0.0066679,0.023478,-1.5145,0.013247,9.1553e-05
704,746,2,-0.96461,530.41,542.79,0,506.01,589.27,568.48,470.28,-0.0055591,0.0048113,-1.2294,0.013526,0.00012207
705,747,2,-1.038,487.26,486.37,0,464.13,542.04,510.38,430.7,0.0036171,0.0034233,-1.3861,0.010596,0.00012207
706,748,0,-1.0144,334.28,361.39,0,320.21,391.81,352.37,322.28,-0.0021426,0.0022889,-1.3375,0.0050726,6.1035e-05
707,749,0,-1.0021,427.72,437.63,0.03125,406.18,482.29,445.58,400.62,-0.0051778,0.038869,-1.7108,-0.0027727,6.1035e-05
708,750,3,-0.99999,494.74,494.3,0,469.97,549.64,515.26,448.44,0.018757,0.0033793,-1.4176,0.017883,6.1035e-05
709,751,2,-0.92808,515.1,507.37,0,484.55,551.35,545.65,463.39,-0.0051927,0.0031501,-1.3823,0.0024699,9.1553e-05
710,752,1,-1.0056,416.16,410.77,0,392.55,452.43,434.53,378.37,0.020374,0.0025236,-1.888,0.027085,6.1035e-05
711,753,2,-0.84639,556.87,570.97,0,527.24,601.47,606.24,520.13,0.0037325,0.0019983,-1.2203,0.013808,0.00012207
712,754,3,-1.0828,599.3,569.69,0,565.59,620.45,633.01,518.93,0.018309,0.0051013,-1.1484,0.059447,0.00012207
713,755,0,-0.97844,381.14,385.92,0,364.23,416.1,397.03,357.56,0.02872,0.0019519,-1.5063,-0.0010161,6.1035e-05
714,756,2,-0.97837,512.9,497.27,0,494.32,542.17,531.48,452.37,-0.0052537,0.001072,-1.5304,0.017868,9.1553e-05
715,757,0,-1.489,466.01,479.93,0.60938,453.99,536.46,478.02,423.39,0.022016,0.35001,-1.7088,-0.0003345,6.1035e-05
716,758,3,-1.0025,497.87,463.61,0,467.03,504.99,523.42,429.33,-0.007565,0.014999,-1.3508,0.016307,0.00012207
717,759,3,-0.99671,521.28,467.08,0,503.26,506.21,539.3,427.95,0.0048092,0.0046589,-1.2582,0.026777,0.00012207
718,760,2,-1.0171,533.05,522.15,0,511.44,577.02,549.86,479.46,-0.0020385,0.0011918,-1.4889,0.027357,0.00012207
719,761,3,-0.95783,520.63,512.53,0,497.89,555.92,546.4,463.35,-0.0016198,0.0017549,-1.2354,0.020441,0.00012207
720,762,2,-1.0552,467.74,454.46,0,445,485.76,495.18,416.69,0.0046352,0.0040357,-1.2973,0.043094,9.1553e-05
721,763,1,-0.91576,509.26,529.57,0,489.34,567.91,542.45,465.67,-0.010276,0.0024413,-1.2928,0.030016,6.1035e-05
722,764,3,-0.98908,545.71,548.25,0,521.38,618.58,567.18,486.19,-0.0055085,0.0015995,-1.2138,0.032354,0.00012207
723,765,0,-1.401,458.18,486.11,0.4375,452.79,555.36,463.26,421.06,0.015476,0.30308,-1.2891,0.007825,0.00012207
724,766,0,-0.97716,433.77,444.34,0,416.35,478.44,452.31,408.05,-0.0020757,0.0055751,-1.816,0.00028372,6.1035e-05
725,767,1,-0.89235,448.42,432.16,0,428.07,475.74,464.26,398.26,-0.018788,0.019634,-1.6409,0.028537,6.1035e-05
726,768,1,-0.94791,573.35,573.62,0,550.2,627,599.6,513.12,0.0069955,0.0030609,-1.2244,0.0063378,0.00012207
727,769,0,-1.0027,455.56,463.44,0.078125,444.5,500.24,465.32,430.97,0.017506,0.042859,-1.583,0.0065295,6.1035e-05
728,770,3,-1.028,591.51,546.74,0,566.73,620.07,609.6,493.24,0.011082,0.0038145,-1.2902,0.02598,0.00012207
729,771,1,-0.94351,502.54,522.55,0,476.33,582.87,532.25,454.17,-0.0065848,0.00074122,-1.4721,0.01375,0.00012207
730,772,0,-0.93744,441.99,436.65,0,416.93,477.86,456.05,413.54,0.0015006,0.0022377,-1.9496,0.03607,6.1035e-05
731,773,2,-1.0001,506.99,481.81,0,488.94,547.33,521.95,427.53,0.0075271,0.0015988,-1.6165,0.013587,9.1553e-05
732,774,2,-0.89268,459.98,478.09,0,440.5,525.35,485.03,417.34,0.0010414,0.0012761,-1.4266,0.00264,9.1553e-05
733,775,0,-1.0702,444.19,481.52,0.015625,423.43,518.06,474.54,428.11,-0.0087412,0.025521,-1.3405,0.023603,3.0518e-05
734,776,1,-0.97688,398.86,401.11,0,386.38,427.74,419.67,356.74,-0.0079822,0.0024126,-1.392,0.028987,6.1035e-05
735,777,3,-1.0262,479.89,469.7,0,452.53,505.34,515.06,423.87,0.03279,0.0023982,-1.1974,0.017399,0.00012207
736,778,3,-1.0376,556.55,524.24,0,537.78,580.48,575.33,468,0.0046564,0.0024942,-1.2335,0.027837,0.00012207
737,779,1,-1.0977,526.72,549.55,0,499.42,607.41,557.66,483.98,0.017563,0.0030539,-1.2969,0.030145,6.1035e-05
738,780,0,-0.98141,421.71,434.66,0,397.67,481.87,440.4,397.94,-0.021156,0.010656,-1.764,0.011731,6.1035e-05
739,781,3,-0.8979,430.13,420.45,0,416.61,453.72,443.64,387.18,0.012806,0.0031556,-1.4753,0.03732,9.1553e-05
740,782,2,-1.0065,530.27,516.86,0,498.14,558.32,564.46,472.72,0.00077485,0.0024824,-1.4363,0.03284,0.00012207
741,783,0,-1.0704,453.03,474,0.03125,432.13,527.47,471.47,426.81,-0.028848,0.024805,-1.6643,0.010198,6.1035e-05
742,784,1,-0.97675,421.35,442.6,0,402.72,480.91,445.3,393.35,0.0050661,0.001891,-1.3923,0.0076903,6.1035e-05
743,785,1,-0.93052,439.45,438.07,0,414.69,482.51,464.21,393.62,0.0026891,0.0070011,-1.5157,0.0031332,6.1035e-05
744,786,0,-1.0044,375.75,396.46,0,369.46,432.16,383.83,350.56,-0.016279,0.0027989,-1.5332,0.010678,6.1035e-05
745,787,0,-1.0114,434.22,465.23,0,412.05,527.7,453.78,410.11,0.03531,0.0023829,-1.5871,0.010852,6.1035e-05
746,788,2,-1.102,494.68,516.29,0,469.99,553.63,533.21,458.03,0.064052,0.0045904,-1.1708,0.012541,0.00012207
747,789,3,-1,529.36,528.3,0,498.16,561.07,578.05,477.17,0.0053598,0.0014039,-1.0257,0.0050578,0.00012207
748,790,3,-1.0575,592.12,560.88,0,538.62,591.11,645.61,530.65,0.020064,0.0022071,-1.268,0.032354,0.00012207
749,791,1,-1.0984,581.4,602.31,0,513.15,629.77,658.75,571.2,0.017768,0.0052546,-1.2783,0.010542,0.00012207
750,792,2,-1.0227,478.98,459.13,0,423.43,459.66,550.4,458.44,0.0018545,0.0072238,-1.2523,0.095287,0.00012207
751,793,0,-1.5663,456.73,466.61,0.59375,445.04,532.83,465.81,415.1,0.0053737,0.42383,-1.629,0.00067123,3.0518e-05
752,794,0,-1.057,366.69,344.04,0,340.76,362.26,380.28,334.5,0.0033992,0.025378,-1.634,-0.0038123,3.0518e-05
753,795,1,-1.0322,385.13,370.59,0,347.95,384.42,417.94,358.38,-0.019776,0.018221,-1.6726,-0.004882,6.1035e-05
754,796,0,-0.98889,366.71,360.6,0,352.94,385.93,378.11,339.61,0.0018557,0.046482,-1.6181,0.0012331,6.1035e-05
755,797,2,-1.0115,525.9,489.1,0,492.98,533.31,547.01,460.76,0.0048445,0.0069962,-1.6713,-0.00043177,0.00012207
756,798,0,-1.1021,449.65,451.56,0.17188,432.56,490.86,465.71,414.65,0.0073177,0.1069,-1.635,0.010448,6.1035e-05
757,799,2,-0.99163,552.21,522.13,0,526.9,564.1,579.16,477.45,0.0042291,0.0033382,-1.4528,0.0049468,0.00012207
758,800,3,-0.96291,569.08,556.2,0,546.05,598.96,595.19,507.74,-0.002136,0.0014884,-1.2586,0.014417,0.00012207
759,801,3,-1.0304,481.36,461.45,0,459.28,490.44,503.44,432.46,0.005598,0.0016508,-1.2007,0.027708,6.1035e-05
760,802,2,-0.98749,472.6,450.06,0,449.19,484.92,494.59,417.32,0.0093669,0.0018135,-1.5768,0.0066852,9.1553e-05
761,803,1,-1.0943,474.27,436.7,0,458.01,465.31,488.63,411.45,-0.015476,0.0066662,-1.5529,0.0069834,6.1035e-05
762,804,0,-1.1249,459.27,488.08,0.10938,448,520.05,475.74,441.35,-0.0091369,0.062266,-1.5921,-0.00016183,6.1035e-05
763,805,3,-1.0413,571.95,536.48,0,539.9,588.49,598.5,493.4,0.091868,0.008304,-1.1687,0.020581,0.00012207
764,806,0,-0.99662,416.67,442.44,0,403.26,468.47,439.03,399.06,0.0044441,0.010121,-1.4126,0.0095551,6.1035e-05
765,807,3,-0.98085,500.81,499.28,0,475.44,539.32,529.56,453.9,0.0094504,0.0034478,-1.3209,0.040818,0.00012207
766,808,0,-0.97598,367.47,376.28,0,348.55,410.64,384.16,345.97,-0.0067123,0.0063446,-1.4889,-0.0060089,6.1035e-05
767,809,1,-0.98268,456.67,451.63,0,437.03,481.08,478.93,418.25,0.014224,0.0018454,-1.3846,0.067786,6.1035e-05
768,810,1,-1,443.38,406.07,0,418.04,450.64,459.62,377.51,0.0056678,0.0013831,-1.7847,0.003219,6.1035e-05
769,811,1,-1.0612,518.69,498.42,0,500.74,526.77,540.35,464.21,-0.0052432,0.0042249,-1.5389,0.015041,0.00012207
770,812,2,-1.0021,499.63,483.41,0,473.38,518.02,522.79,452.88,0.0033039,0.0039066,-1.5117,0.030293,9.1553e-05
771,813,1,-0.9134,429.13,408.34,0,413.56,438.21,446.78,374.48,-0.015512,0.005002,-1.6637,0.010504,6.1035e-05
772,814,0,-1.0037,374.42,358.11,0,364,377.23,384.21,340.15,-0.0065948,0.001437,-1.7617,0.0014512,6.1035e-05
773,815,3,-1.1066,606.7,561,0,575.92,607.86,641.59,507.89,0.014746,0.0047032,-1.0476,0.051594,0.00018311
774,816,2,-1.059,517.48,481.2,0,476.29,514.33,549.52,455.43,0.013385,0.0024683,-1.4414,0.041228,0.00012207
775,817,1,-1.0567,426.31,427.07,0,411.83,453.92,448.9,385.17,-0.00051148,0.0068235,-1.2141,0.028241,6.1035e-05
776,818,1,-0.98256,344.19,330.96,0,331.85,351.18,359.09,306.55,-0.0063121,0.0029842,-1.6571,0.0005773,3.0518e-05
777,819,3,-0.93467,541.13,541.73,0,505.66,573.61,596.45,492.01,0.013191,0.0039946,-1.2394,0.035793,0.00012207
778,820,0,-0.96165,401.89,412.16,0,385.61,443.16,419.22,379.16,0.00041877,0.00065085,-1.8281,-0.002725,6.1035e-05
779,821,2,-1.005,564.3,533.51,0,519.2,566.39,601.67,506.27,0.021039,0.0046928,-1.426,0.057961,0.00018311
780,822,3,-0.98554,513.53,499.56,0,492.06,527.92,547.01,455.32,0.0078039,0.0019084,-1.1123,0.013697,0.00012207
781,823,1,-0.93171,427.33,399.44,0,406.93,424.86,445.33,377.01,-0.0064691,0.0020442,-1.6707,0.0062825,6.1035e-05
782,824,0,-0.97014,410.85,426.74,0,393.82,463.73,428.97,387.37,0.00044238,0.0037667,-1.7737,-0.00016097,3.0518e-05
783,825,1,-0.96242,463.54,454.74,0,441.41,490.75,487.09,416.4,0.0042896,0.00097697,-1.6372,0.010936,6.1035e-05
784,826,1,-0.95919,488.64,504.52,0,471.29,543.32,514,447.82,0.025266,0.001214,-1.3277,0.0071304,6.1035e-05
785,827,0,-1.0217,351.26,346.27,0,343.67,366.29,361.01,320.53,-0.0087152,0.0014309,-1.4497,-0.00043915,6.1035e-05
786,828,1,-0.9758,443.03,456.21,0,420.63,488.23,475.77,409.41,-0.0090463,0.0015154,-1.5193,0.0054004,9.1553e-05
787,829,3,-0.97994,527.64,514.28,0,497.8,554.34,559.4,471.63,-0.0032524,0.0012472,-1.1107,0.013221,0.00012207
788,830,3,-0.99294,532.83,494.53,0,497.42,558.5,555.53,453.52,0.013437,0.0011456,-1.487,0.048527,0.00012207
789,831,1,-0.82307,467.06,474.5,0,447.18,526.3,488.23,419.35,-0.016204,0.0053011,-1.4894,0.017722,6.1035e-05
790,832,1,-1.0479,428.21,423.3,0,396.78,465.35,452.66,390.59,-0.0027919,0.0042636,-1.5748,0.02237,6.1035e-05
791,833,3,-0.92326,486.58,485.47,0,450.77,534.8,518.19,441.94,0.00037344,0.001116,-1.3665,0.032538,0.00012207
792,834,1,-0.96824,512.69,516.7,0,490.64,569.08,536.15,460.94,0.0025609,0.0013576,-1.4258,0.015952,9.1553e-05
793,835,2,-0.95849,495.58,470,0,477.23,505.1,517.73,427.63,0.0053249,0.00091836,-1.5456,0.0036044,6.1035e-05
794,836,1,-1.015,462.63,491.12,0,445.54,533.9,487.62,428.61,0.014125,0.0039691,-1.3136,0.0032965,6.1035e-05
795,837,3,-1.0555,584.1,544.87,0,565.63,595.92,607.85,479.23,0.017085,0.001721,-1.1513,0.031601,0.00018311
796,838,1,-0.94619,468.46,492.99,0,441.48,538.66,501.01,437.87,0.0030646,0.0039261,-1.2242,0.0088353,0.00012207
797,839,0,-1.1788,426.4,441.03,0.17188,401.46,476.23,451.35,405.83,-0.0036881,0.11247,-1.5668,0.0096041,6.1035e-05
798,840,1,-0.94056,333.87,323.51,0,322.73,362.57,343.7,289.05,-0.002639,0.0043929,-1.6565,0.0037262,6.1035e-05
799,841,1,-0.95094,438,455.92,0,411.99,507.98,462.44,407.02,-0.0045184,0.0011834,-1.6215,0.0034873,9.1553e-05
800,842,2,-0.96051,523.28,516.68,0,494.39,568.96,552.17,464.4,0.0050819,0.00072253,-1.2905,0.0091509,0.00012207
801,843,0,-1.1835,431.31,472.24,0.15625,425.08,548.38,437.54,396.09,-0.031716,0.10298,-1.2605,-0.0050023,6.1035e-05
802,844,3,-0.96519,556.12,562.4,0,521.62,604.68,595.22,514.47,0.012996,0.0016976,-1.1386,0.031328,0.00012207
803,845,2,-0.96042,492.32,466.42,0,452.49,522.38,514.66,435.02,-0.00034145,0.0018653,-1.5972,0.011377,9.1553e-05
804,846,1,-0.9341,519.97,543.91,0,480.34,603.08,559.6,484.75,0.016268,0.0018662,-1.3098,0.022716,0.00012207
805,847,0,-1.0077,418.81,417.5,0,397.69,482.8,429.88,383.3,0.020207,0.0034645,-1.6138,0.010888,6.1035e-05
806,848,0,-0.96502,392.12,400.84,0,371.46,435.64,410.36,370.14,0.0089399,0.0012098,-1.7724,0.0023138,6.1035e-05
807,849,2,-1.0133,504.79,504.04,0,478.93,564.02,529.09,447.7,-0.00030643,0.0028632,-1.4219,0.016037,6.1035e-05
808,850,0,-0.95779,397.06,414.35,0,380.85,450.5,415.44,373.38,0.0015155,0.0022651,-1.7444,0.00042216,3.0518e-05
809,851,0,-0.93317,295.53,294.34,0,285.07,316.51,306,272.18,0.0012188,0.006269,-1.849,-0.00040514,3.0518e-05
810,852,1,-1.0705,387.84,376.77,0,369.59,418.26,401.16,346.5,-0.024471,0.0052839,-1.587,0.0018193,6.1035e-05
811,853,3,-0.97722,484.29,488.65,0,456.9,537.79,515.33,432.96,-0.0008965,0.0012835,-1.3936,0.0014125,9.1553e-05
812,854,0,-0.95001,373.77,396.37,0,357.06,418.24,398.19,364.41,-0.0038658,0.0022972,-1.405,0.0010318,6.1035e-05
813,855,2,-1.0154,499.57,474.56,0,465.39,517.08,527.9,439.33,-0.0086102,0.0030742,-1.552,0.013991,9.1553e-05
814,856,1,-0.98946,532.27,562.6,0,500.4,614.84,573.24,495.42,0.0025519,0.0030743,-1.4085,0.003432,0.00012207
815,857,0,-1.0084,437.9,473.29,0.03125,420.51,520.02,460.26,413.22,0.031474,0.03063,-1.4254,0.0028502,3.0518e-05
816,858,3,-0.99188,511.16,517.24,0,466.31,571.29,553.3,466.47,-0.0037602,0.0045592,-1.2504,0.011005,9.1553e-05
817,859,2,-1.0292,478.91,480.94,0,461.98,536.27,495.84,425.6,0.015923,0.0015445,-1.6407,0.0038485,9.1553e-05
818,860,0,-0.95753,463.97,491.66,0.015625,450.43,558.3,475.91,432.87,-0.0021489,0.01062,-1.6796,0.016583,3.0518e-05
819,861,3,-1.0023,481.86,526,0,471.54,581.69,495.14,454.39,-0.0063872,0.0015384,-1.1539,0.029421,0.00012207
820,862,2,-0.97119,439.33,436.21,0,410.64,475.27,466.29,399.52,0.0094777,0.0017147,-1.4034,0.011801,9.1553e-05
821,863,3,-1.0143,508.22,520.89,0,483.92,585.67,531.05,460.04,0.015414,0.0024074,-1.1522,0.046307,6.1035e-05
822,864,3,-1.0824,483.82,469.26,0,458.39,515.88,510.88,419.64,0.0065309,0.0022275,-1.1582,0.018505,6.1035e-05
823,865,2,-1.0575,582.92,592.26,0,546.39,662.66,617.23,526.12,0.024137,0.0023816,-1.4081,0.036648,0.00012207
824,866,0,-1.048,393.95,418.78,0,378.29,467.07,409.61,370.49,-0.014003,0.001246,-1.4746,0.019555,6.1035e-05
825,867,1,-0.93782,379.04,368.52,0,359.75,401.04,397.16,337.97,0.0023116,0.0050004,-1.4648,0.0061102,3.0518e-05
826,868,1,-0.90013,377.74,367.72,0,353.79,410.02,394.12,338.79,0.0098891,0.0054618,-1.7642,0.018219,6.1035e-05
827,869,0,-1.0201,413.4,421.36,0,396.86,479.75,424.72,381.42,0.0037123,0.0012536,-1.8753,0.004991,6.1035e-05
828,870,0,-0.92651,357.43,370.12,0,335.91,405.91,375.27,340.47,0.012555,0.0032542,-1.6368,0.00032365,6.1035e-05
829,871,0,-0.97258,374.6,386.33,0,357.7,430.95,390.47,344.42,0.0043408,0.00061211,-1.5878,0.010666,6.1035e-05
830,872,3,-1.0628,518.71,517.77,0,495.76,568.72,546.41,456.28,0.0050613,0.0028324,-1.0041,0.016667,0.00012207
831,873,1,-1.0333,403.46,406.46,0,379.24,450.95,423.52,369.59,0.009875,0.0039562,-1.4075,0.013225,6.1035e-05
832,874,2,-1.0384,548.4,555.62,0,499.72,625.99,586.26,500.88,0.0034582,0.0018876,-1.3047,0.014401,0.00012207
833,875,2,-1.0692,494.37,478.82,0,476.64,529.09,512.1,428.55,0.0033393,0.0017109,-1.334,0.028946,0.00012207
834,876,1,-1.0168,447.43,459.33,0,416.74,522.08,471.3,410.53,0.012583,0.0032662,-1.5306,-0.0035976,6.1035e-05
835,877,0,-1.0098,366.6,376.53,0,352.1,412.84,381.09,340.22,-0.0057201,0.0045539,-1.6603,-0.0037236,6.1035e-05
836,878,2,-1.0065,473.49,505.83,0,449.82,571.57,498.68,435.86,0.0067976,0.0014121,-1.2748,0.010769,6.1035e-05
837,879,3,-1.0057,500.94,505.68,0,460.61,556,541.26,455.36,0.0055044,0.00078762,-1.0478,0.0018164,0.00012207
838,880,1,-1.0882,453.61,476.16,0,436.55,547.48,467.75,417.06,0.01986,0.0057116,-1.4412,0.02693,9.1553e-05
839,881,0,-0.99685,452.22,461.41,0.015625,432.49,512.37,468.57,419.19,-0.0029005,0.013779,-1.8231,-9.7403e-05,3.0518e-05
840,882,1,-1.1138,526.75,563.11,0,507.78,639.56,546.95,481.72,-0.012024,0.010252,-1.301,0.06523,0.00012207
841,883,1,-0.94991,327.48,341.15,0,313.51,381.41,343.3,295.51,0.00915,0.0036429,-1.4519,0.00087824,6.1035e-05
842,884,3,-0.99679,555.32,509.66,0,490.32,584.39,594.31,464.82,0.016383,0.0051088,-1.4719,0.025735,9.1553e-05
843,885,1,-0.95372,404.16,429.49,0,370.7,492.15,428.58,383.77,-0.0053517,0.0023619,-1.4847,0.01446,6.1035e-05
844,886,2,-1.0513,467.56,492.15,0,436.9,548.47,502.3,428.32,-0.0077502,0.0049011,-1.2033,0.057347,6.1035e-05
845,887,1,-0.98501,480.11,524.99,0,458.06,591.23,505.1,449.93,-0.00011344,0.0017672,-1.3744,0.010136,9.1553e-05
846,888,1,-1.0429,557.39,609.59,0,525.93,683.17,597.83,515,0.00081014,0.0018978,-1.3681,0.0048621,0.00012207
847,889,1,-0.97423,445.36,470.65,0,431.76,534.12,458.95,407.18,-0.018093,0.0027963,-1.5434,0.010312,6.1035e-05
848,890,1,-0.86292,398.42,409.06,0,362.16,450.91,424.87,378.51,-0.0053272,0.0093583,-1.7452,0.018376,6.1035e-05
849,891,2,-0.96402,482.76,493.04,0,457.31,554.28,503.85,442.3,0.0048102,0.0028057,-1.4812,0.0081429,9.1553e-05
850,892,2,-0.99711,458.03,476.6,0,429.65,530.16,483.07,429.35,0.010229,0.0022772,-1.4075,0.018445,6.1035e-05
851,893,1,-0.94026,337.8,343.48,0,318.38,378.02,359.81,304.33,-0.003947,0.0018417,-1.3049,0.0072835,6.1035e-05
852,894,0,-0.9835,340.99,356.88,0,322.91,396.86,355.06,325.78,0.0028718,0.00077334,-1.7995,-0.001491,6.1035e-05
853,895,0,-0.99307,345.06,335.95,0,332.58,361.96,354.77,315.72,0.025264,0.0040143,-1.4013,-0.0046758,6.1035e-05
854,896,2,-0.96918,489.41,487.51,0,469.17,540.02,510.95,431.61,-0.0079088,0.0007197,-1.4453,0.0073246,6.1035e-05
855,897,3,-1.0224,471.7,486.61,0,455.31,524.95,500.9,418.28,0.0070973,0.0039746,-1.036,0.0031187,6.1035e-05
856,898,3,-1.0258,592.12,560.1,0,541.96,620.53,628.72,516,0.011263,0.0029601,-1.2914,0.026044,0.00012207
857,899,1,-1.0312,500.71,513.52,0,487.25,580.64,512.58,454.31,-0.0015159,0.0028335,-1.36,0.018979,9.1553e-05
858,900,1,-0.93294,431.43,459.74,0,401.89,510.83,460.96,408.65,-0.0072966,0.0037851,-1.4989,0.017361,6.1035e-05
859,901,1,-0.97947,434.88,452.32,0,412.41,495.07,460.34,403.88,-0.012024,0.0019921,-1.3607,0.010369,6.1035e-05
860,902,2,-1.0215,572.08,548.63,0,536.36,590.01,607.8,507.25,0.020347,0.0017272,-1.4427,0.022239,0.00012207
861,903,1,-1.0133,396.09,386.63,0,371.35,428.22,414.15,356.28,-0.00033626,0.0022938,-1.7157,0.0038729,6.1035e-05
862,904,1,-0.98187,373.47,369.77,0,354.64,401.22,393.51,336.3,-0.0091833,0.00209,-1.7551,0.0095166,6.1035e-05
863,905,2,-1.0691,519.07,497.8,0,484.56,553.81,544.26,456.93,0.0032261,0.0018556,-1.4158,0.014181,0.00012207
864,906,3,-0.96026,556.4,543.02,0,516.49,608.2,583.71,498.42,0.0068696,0.001669,-1.4658,0.01556,0.00012207
865,907,1,-1.0525,469.46,492.7,0,434.67,539.17,504.26,446.24,0.015313,0.0025824,-1.473,0.021781,9.1553e-05
866,908,1,-0.88267,426.86,436.03,0,414.02,485.89,441.42,379.53,0.013628,0.0076448,-1.4721,-0.0076869,6.1035e-05
867,909,2,-0.91352,487.08,480.89,0,456.43,528.41,514.12,438.95,0.012555,0.0040212,-1.5855,0.010541,6.1035e-05
868,910,3,-0.99504,508.69,531.62,0,485.79,577.28,542.14,464.88,0.002003,0.001749,-1.1302,0.015829,0.00012207
869,911,0,-1.0284,369.63,385.94,0,357.4,415.92,386.39,344.85,0.0017341,0.0053236,-1.5814,-0.0015886,3.0518e-05
870,912,1,-0.86285,354.48,364.4,0,338.92,406.31,371.03,319.8,-0.0016909,0.0020529,-1.6595,-0.0072533,3.0518e-05
871,913,1,-0.95773,388.84,377.82,0,371.73,417.67,402.16,346.81,0.0089556,0.0011466,-1.6915,0.057411,6.1035e-05
872,914,0,-0.98727,387.37,408.94,0,371.94,443.55,404.85,369.71,0.05158,0.001234,-1.7533,-0.0006894,3.0518e-05
873,915,1,-0.98411,451.26,454.58,0,427.94,499.84,474.58,409.31,0.0024048,0.001153,-1.4795,0.0041567,6.1035e-05
874,916,2,-1.0349,497.12,475.54,0,471.48,515.42,522.75,435.66,0.0096804,0.0023532,-1.5414,0.02153,6.1035e-05
875,917,2,-0.98983,491.13,503.24,0,465.12,561.13,514.08,452.16,0.010618,0.0016053,-1.5385,0.010223,9.1553e-05
876,918,2,-0.88686,411.23,397.03,0,383.22,432.73,435.95,365.53,-0.0051419,0.0036433,-1.6289,0.0013814,6.1035e-05
877,919,3,-0.96659,486.94,488.47,0,463.25,539.65,509.2,440.39,0.015983,0.0028312,-1.4591,0.014612,0.00012207
878,920,2,-1.0594,415.88,419.83,0,401.41,441.96,441.66,380.39,0.0041837,0.0078481,-1.2888,0.014329,6.1035e-05
879,921,2,-0.9458,518.88,516.54,0,491.04,558.01,554.67,463.23,0.0042191,0.0018426,-1.5081,0.021015,6.1035e-05
880,922,1,-0.97583,354.42,357.07,0,339.84,388.06,373.16,317.22,0.0092289,0.00062405,-1.6792,-0.0021834,6.1035e-05
881,923,1,-1.0264,456.3,465.55,0,444.05,530.63,468.55,400.47,0.022229,0.0034876,-1.6319,0.013223,6.1035e-05
882,924,3,-1.0548,554.94,534.8,0,527.01,582.69,584.68,483.83,0.0076725,0.0019668,-1.3883,0.024416,0.00012207
883,925,0,-0.99553,414.37,425.77,0,398.39,468.53,428.47,388.04,-0.0059461,0.0026501,-1.7179,0.0043507,6.1035e-05
884,926,1,-0.93505,453.13,460.74,0,438.06,491.35,476.64,412.98,0.0070677,0.0030954,-1.4379,0.012959,6.1035e-05
885,927,0,-1.5176,461.81,462.95,0.54688,456.35,514.91,466.93,414.14,-0.0057317,0.33301,-1.7562,0.0027823,3.0518e-05
886,928,3,-1.0081,533.37,532.98,0,511.52,571.12,569.77,469.41,0.0064104,0.0078288,-1.1142,0.013263,0.00012207
887,929,0,-0.98085,415.47,427.97,0,397.91,465.44,430.97,394.91,0.0029299,0.014654,-1.7643,-0.0022879,6.1035e-05
888,930,0,-1.011,382.3,369.02,0,367.51,396.55,394.55,346.21,0.00028804,0.0088302,-1.9904,0.00097717,3.0518e-05
889,931,0,-0.95689,388.26,390.67,0,373.72,421.42,402.81,359.92,-0.00028747,0.0029915,-1.8774,-0.0020078,3.0518e-05
890,932,2,-1,558.56,526.8,0,534.39,582.2,578.59,480.89,0.019443,0.0048148,-1.5979,0.068312,0.00012207
891,933,2,-0.99892,539.62,527.21,0,518.82,566.54,566.37,476.66,0.0026604,0.0053245,-1.3608,0.031549,0.00012207
892,934,1,-0.97573,423.43,401.92,0,405.47,442.13,436.54,372.57,0.06919,0.001924,-1.7986,0.0055568,6.1035e-05
893,935,2,-1.0312,484.77,456.55,0,463.61,490.19,502.31,428.68,0.043862,0.0019628,-1.6506,0.073333,9.1553e-05
894,936,0,-0.98177,411.61,416.42,0,395,436.05,434.38,389.51,-0.013452,0.0023645,-1.4383,0.016,6.1035e-05
895,937,3,-1.0157,528.15,507.33,0,491.98,532.64,569.15,478.63,0.0011096,0.0020254,-1.425,0.014112,0.00012207
896,938,1,-0.92527,447.71,428.21,0,405.45,446.48,478.55,414.89,0.0070185,0.0054007,-1.6107,0.0078958,9.1553e-05
897,939,2,-1.0044,566.88,514.94,0,522.64,542.98,595.24,496.96,-0.0094402,0.002302,-1.5952,0.045112,6.1035e-05
898,940,1,-0.94877,470.58,461.51,0,451.73,493.46,496.41,417.73,-0.0019119,0.0030924,-1.3825,0.0056357,6.1035e-05
899,941,2,-0.95378,543.41,527.16,0,506.54,569.58,572.09,494.17,0.0012542,0.0022027,-1.5095,0.015748,0.00012207
900,942,2,-1.0324,582.02,560.73,0,558.05,595.77,614.86,512.7,0.004669,0.0025187,-1.2446,0.030903,0.00012207
901,943,0,-0.9929,388.98,373.73,0,375.35,395.26,401,354.72,-0.0020696,0.0010193,-1.9601,-0.0043296,6.1035e-05
902,944,3,-1.0085,520.75,503.25,0,504.29,540.63,539.41,460.88,0.0020605,0.0014412,-1.3319,0.011638,0.00012207
903,945,3,-1.016,575.81,520.6,0,554.18,564.02,594.9,482.29,0.0058453,0.00085461,-1.4674,0.02921,0.00012207
904,946,0,-1.0319,357.36,352.8,0,342.47,385.28,366.9,331.98,-0.0036987,0.004122,-2.0141,-0.0018867,3.0518e-05
905,947,2,-1.0186,510.97,493.83,0,487.34,530.82,534.6,456.84,0.012797,0.00138,-1.566,0.063858,6.1035e-05
906,948,1,-0.9872,420.55,424.71,0,400.7,471.04,439.2,381.18,0.0015279,0.0010297,-1.5805,0.0075513,6.1035e-05
907,949,1,-0.94344,401.85,406.76,0,378.49,446.11,423.79,369.79,0.0072128,0.0011954,-1.4776,0.049214,6.1035e-05
908,950,2,-0.98569,508.59,494.17,0,476.17,527.48,543.11,458.72,0.0026171,0.00095019,-1.604,0.0082893,6.1035e-05
909,951,0,-0.99038,382.76,377.71,0,366.42,401.19,398.11,355.65,0.02015,0.0026616,-1.9782,-4.1071e-05,6.1035e-05
910,952,0,-1.0651,433.42,454.35,0.1875,424.58,494.17,442.27,414.53,-0.017728,0.080527,-1.7256,0.019337,3.0518e-05
911,953,0,-1.0234,458.27,465.32,0.046875,440.27,505.17,473.18,432.31,-0.0068191,0.029117,-1.8614,-0.00051827,6.1035e-05
912,954,2,-0.98725,526.47,512.06,0,499.33,562.71,550.43,467.37,0.029021,0.0022849,-1.5889,0.040741,0.00012207
913,955,0,-1.0429,458.74,485.2,0.0625,438.69,532.73,477.57,440.54,-0.0064433,0.037711,-1.7722,0.0059858,6.1035e-05
914,956,1,-0.98573,385.81,367.55,0,367.15,404.04,400.33,339.17,-0.0024902,0.0011174,-1.8808,6.938e-05,6.1035e-05
915,957,0,-0.98053,432.95,437.41,0,413.6,483.02,447.07,404.12,0.001853,0.0034023,-2.0108,0.00243,6.1035e-05
916,958,0,-2.1063,464.98,450.22,1.2344,461.19,501.99,468.12,407.33,0.011632,1.0647,-1.5861,0.0024109,3.0518e-05
917,959,1,-0.97146,406.88,420.09,0,388.31,453.14,432.33,374.8,0.0095297,0.016662,-1.6964,0.027973,6.1035e-05
918,960,2,-0.91532,569.67,541.87,0,542.43,584.8,595.27,501.55,0.0029424,0.023257,-1.5909,0.0077238,6.1035e-05
919,961,0,-0.98782,397.5,387.15,0,388.04,400.32,412.26,366.59,0.0011971,0.0043341,-1.6772,0.0011348,3.0518e-05
920,962,1,-1.0573,394.24,380.99,0,381.93,400.99,414.77,347.65,0.0025713,0.013121,-1.6399,0.00030008,6.1035e-05
921,963,1,-1.0244,466.3,489,0,441.45,541.14,492.76,433.5,0.011284,0.015038,-1.4258,0.0091087,9.1553e-05
922,964,2,-1.0032,515.81,477.07,0,482.08,542.47,534.74,440.39,-0.00066386,0.0024093,-1.7373,0.011046,0.00012207
923,965,2,-0.96376,480.82,469.86,0,456.79,506.53,506.4,430.83,0.011358,0.002208,-1.609,0.014846,9.1553e-05
924,966,2,-1.0016,481.67,465.26,0,457.34,513.44,503.14,422.74,0.00046731,0.0027848,-1.5838,0.014523,9.1553e-05
925,967,3,-0.95114,564.58,542.64,0,518.89,603.61,595.85,500.93,0.016463,0.0028766,-1.4799,0.0054544,6.1035e-05
926,968,3,-1.0638,547.21,526.74,0,520.31,571.06,584.07,466.01,0.013273,0.004943,-1.2927,0.037916,0.00012207
927,969,0,-1.0025,384.6,387.99,0,370.22,418.81,399.92,355.19,0.00030516,0.0059804,-1.7368,0.00016341,6.1035e-05
928,970,3,-1.0024,567.25,564.19,0,519.33,625,600.04,522.59,0.0091579,0.002147,-1.5189,0.051375,0.00018311
929,971,3,-1.0689,514.82,518.43,0,491.66,556.7,546.55,465.98,0.0099616,0.0011703,-1.2743,0.020899,0.00012207
930,972,0,-0.97743,352.12,371.85,0,336.83,409.62,368.4,331.64,-0.04124,0.0042701,-1.2874,0.021338,3.0518e-05
931,973,3,-0.99195,443.37,449.53,0,419.5,494.19,465.79,407.57,0.00049052,0.001107,-1.4995,0.009553,6.1035e-05
932,974,0,-0.97306,388.82,411.76,0,371.2,451.14,408.79,367.13,0.0069907,0.0011831,-1.8122,-0.0008679,6.1035e-05
933,975,3,-0.99137,451.13,449.19,0,423.32,479.98,477.25,420.27,-0.0087823,0.0010511,-1.5038,0.022615,6.1035e-05
934,976,2,-1.0859,551.99,523.25,0,512.76,572.41,580.61,487.38,-0.0024623,0.0021043,-1.7218,0.021209,0.00012207
935,977,2,-0.903,424.34,422.39,0,407.61,454.91,445.86,380.57,0.0033239,0.0053837,-1.4436,0.0096476,6.1035e-05
936,978,3,-0.96735,588.74,533.88,0,558.68,602.4,605.6,495.45,3.3456e-05,0.0021026,-1.7374,0.018526,0.00012207
937,979,1,-0.94172,363.04,367.38,0,341.03,410.62,382.46,329.23,0.0038608,0.0039276,-1.7058,0.0032753,6.1035e-05
938,980,2,-1.1188,532.97,536.63,0,508.84,593.51,560.32,472.17,0.0030337,0.0049864,-1.4073,0.014096,0.00012207
939,981,2,-1.0202,515.72,498.55,0,489.99,538.64,539.89,460.88,-0.0071618,0.0023185,-1.5377,0.013551,0.00012207
940,982,0,-0.98671,363.94,359.02,0,350.85,383.5,376.24,336.02,0.033895,0.011083,-1.9023,0.0060582,3.0518e-05
941,983,0,-1.0653,457.93,466.33,0.09375,445.96,495.91,474.34,425.8,-0.010196,0.052884,-1.6986,0.012225,6.1035e-05
942,984,3,-1.1011,560.99,525.64,0,521.97,575.37,591.33,486.97,0.0076944,0.0019191,-1.3322,0.013367,0.00018311
943,985,2,-0.9403,474.42,449.53,0,444.42,479.24,500.9,423.31,0.030169,0.004789,-1.6979,0.020665,0.00012207
944,986,0,-0.99185,416.72,422.02,0,391.21,478.02,433.08,386.13,-0.0035763,0.0013756,-2.0492,0.004293,6.1035e-05
945,987,0,-0.95076,408.72,399.31,0,390.23,438.33,420.58,374.29,-0.0073135,0.0022051,-1.9445,0.0086751,6.1035e-05
946,988,0,-0.99011,410.85,407.38,0,391.31,455.98,422.57,378.22,-0.0041644,0.0012938,-2.0815,0.0065799,6.1035e-05
947,989,1,-0.99893,356.95,335.71,0,346.86,351.55,369.94,315.36,-0.018618,0.0016043,-1.8021,0.017902,6.1035e-05
948,990,0,-0.9202,436.43,443.16,0,423.11,467.47,454.68,409.83,-0.0002726,0.0018191,-1.9031,0.0061538,6.1035e-05
949,991,2,-1.0703,523.99,492.74,0,505.97,540.17,537.13,458.13,0.019082,0.0031069,-1.7135,0.032187,6.1035e-05
950,992,2,-1.024,555.09,521.54,0,541.02,552.13,575.67,476.84,-2.1181e-05,0.0009647,-1.6153,0.036527,0.00012207
951,993,0,-0.96211,412.11,418.71,0,402.51,441.35,426.15,385.62,-0.0039279,0.0013386,-1.8456,0.0013478,6.1035e-05
952,994,1,-1.0256,362.97,332.05,0,350.23,348.18,373.52,318.69,-0.009427,0.0035908,-1.9401,0.010146,6.1035e-05
953,995,1,-0.91998,421.88,423.25,0,403.53,459.02,442.68,382.71,-0.022933,0.00082516,-1.7659,0.00055055,6.1035e-05
954,996,0,-1.031,460.98,460.61,0.0625,446.26,499.28,475.7,421.94,-0.040752,0.034396,-1.7929,-0.0068596,6.1035e-05
955,997,0,-0.94116,414.3,417.15,0,399.36,439.39,434.77,386.67,-0.020504,0.0008179,-1.7269,-0.003943,3.0518e-05
956,998,1,-1.0127,471.32,482.51,0,453.19,519.72,497.81,428.14,-0.0087301,0.0025712,-1.3451,0.0067583,6.1035e-05
957,999,3,-1.0146,540.12,495.19,0,515.57,525.34,566.26,463.1,-0.0012026,0.0017823,-1.4562,0.065294,0.00012207
958,1000,1,-0.93872,381.23,369.03,0,365.29,393.9,399.29,340.86,-0.01417,0.003183,-1.7313,0.039813,6.1035e-05
959,1001,0,-0.97651,388.16,380.2,0,377.06,401.43,401.57,354.58,-0.00060078,0.00080656,-2.0394,0.0011732,3.0518e-05
960,1002,3,-0.98821,533.19,538.13,0,507.17,572.03,571.22,488.59,0.0024016,0.0011101,-1.3716,0.054548,0.00012207
961,1003,3,-1.0172,551.48,514.52,0,522.86,553.91,581.95,472.58,-0.0035692,0.0016608,-1.5004,0.012476,0.00012207
962,1004,1,-0.94551,397.86,378.99,0,372.34,425.3,410.33,356.38,-0.0059547,0.0017375,-2.1276,0.014931,6.1035e-05
963,1005,2,-1.0642,524.31,513.68,0,498.71,564.54,551.56,459.53,0.010333,0.0038396,-1.4775,0.021007,6.1035e-05
964,1006,2,-0.88771,532.17,539.11,0,499.63,612.94,559.14,477.94,-0.0042424,0.0034503,-1.6721,0.01436,0.00012207
965,1007,1,-0.98137,368.64,355.42,0,353.74,383.99,383.54,326.85,-0.014333,0.00061338,-1.9167,0.010622,6.1035e-05
966,1008,0,-1.0131,395.85,413.04,0,368.63,458.78,417.02,377.45,-0.002723,0.0036355,-1.8286,0.010294,6.1035e-05
967,1009,0,-0.99703,458.67,490.28,0.09375,442.15,535.26,477.38,439.3,-0.00028971,0.058139,-1.7794,0.022121,6.1035e-05
968,1010,0,-0.93253,437.07,458.26,0.015625,413.45,513.53,457.92,409.5,0.010082,0.0083028,-2.0358,-0.0012769,6.1035e-05
969,1011,3,-0.97207,503.67,470.79,0,475,522.47,524.58,433.07,-0.0026646,0.0011241,-1.7693,0.020705,6.1035e-05
970,1012,3,-1.0052,519.34,470.13,0,492.38,509.49,540.31,439.53,0.011733,0.0015617,-1.7779,0.052003,0.00012207
971,1013,3,-1.0755,517.9,506.47,0,491.95,572.17,540.8,448.5,0.013799,0.0019773,-1.5319,0.022777,9.1553e-05
972,1014,2,-0.97799,467.19,448.54,0,441.12,480.76,496.75,412.02,0.0093574,0.0022516,-1.6296,0.017348,6.1035e-05
973,1015,1,-0.87666,514.28,532.23,0,487.77,577.99,548.36,473.39,-0.00019379,0.0013504,-1.6972,0.0065045,6.1035e-05
974,1016,2,-1.03,447.56,432.57,0,429.22,468.23,469.68,389.52,-0.0047212,0.0025123,-1.4956,0.03196,9.1553e-05
975,1017,0,-0.92145,411.43,419.54,0,386.52,466.94,428.48,387.11,-0.0004183,0.0022879,-1.8249,0.0039906,6.1035e-05
976,1018,1,-0.97802,348.06,344.56,0,330.17,383.86,363.85,309.89,-0.0050867,0.0017972,-1.8745,0.0068344,3.0518e-05
977,1019,2,-0.98677,613.21,586.09,0,584.46,635.96,645.79,529.57,0.010804,0.0022549,-1.635,0.039949,0.00012207
978,1020,3,-1.0236,588.47,547.55,0,556.61,608.95,616.59,493.37,0.023708,0.001641,-1.5853,0.022421,0.00012207
979,1021,2,-0.99929,482.34,475.86,0,459.38,509.01,510.06,435.86,-0.0014178,0.0013925,-1.5861,0.0060191,6.1035e-05
980,1022,0,-0.97402,407.19,396.26,0,392.07,430.94,420.53,365.67,-0.0019363,0.0016035,-1.7742,0.00023252,6.1035e-05
981,1023,1,-0.90281,340.53,328.3,0,322.29,362.84,353.02,304.68,0.012381,0.0030372,-2.0785,-0.0032808,6.1035e-05
982,1024,2,-0.93495,472.94,476.44,0,449.56,524,499.43,422.54,-0.010783,0.0016795,-1.4992,0.023587,6.1035e-05
983,1025,2,-0.98499,571.5,523.31,0,529.05,592.84,592.23,489.35,-0.0085395,0.0014794,-1.8354,0.038702,0.00012207
984,1026,2,-0.93361,538.67,539.7,0,514.62,582.73,569.6,484.38,-0.0029719,0.0010585,-1.4978,0.012972,0.00012207
985,1027,0,-0.97362,379.67,393.34,0,364.37,421.28,399.33,357.41,-0.028944,0.0025776,-1.7894,-0.0013209,6.1035e-05
986,1028,3,-0.95633,509.37,497.98,0,480.86,538.4,541.68,452.17,0.0053445,0.0012614,-1.4981,0.019268,0.00012207
987,1029,3,-1.0221,589.35,564.89,0,559.69,627.35,619,502.43,0.01619,0.00099689,-1.4748,0.025236,0.00012207
988,1030,0,-1.0099,318.71,316.49,0,306.95,349.1,325.77,296.92,-0.018204,0.0019005,-1.9499,0.008697,3.0518e-05
989,1031,3,-0.94075,481.53,481.37,0,450.89,534.21,506.92,437.59,0.0021712,0.0016334,-1.6906,0.017985,0.00012207
990,1032,3,-1.0523,567.73,529.35,0,546.07,576.1,589.38,482.6,0.017076,0.0025098,-1.444,0.025508,0.00012207
991,1033,0,-1.1011,452.78,479.09,0.10938,438.74,521.42,469.72,428,0.0053459,0.081881,-1.7015,0.019159,9.1553e-05
992,1034,1,-1.0194,489.84,498.48,0,469.12,543.44,513.32,447.53,0.0039303,0.004359,-1.5751,0.01753,6.1035e-05
993,1035,3,-1.0318,585.5,548.11,0,561.93,602.55,610.59,490.16,0.0064991,0.0026866,-1.4086,0.031005,0.00018311
994,1036,3,-0.95193,536.12,525.49,0,507.95,592.41,560.98,466.44,-0.00073486,0.001516,-1.5821,0.024821,0.00012207
995,1037,0,-1.5477,463.92,472.72,0.57812,448.07,550.86,475.49,415.7,-0.00071458,0.36541,-1.7978,0.0095513,6.1035e-05
996,1038,1,-0.97324,361.66,374.75,0,350.87,404.62,380.89,321.5,-0.00014143,0.010593,-1.6653,0.0038761,3.0518e-05
997,1039,2,-1.0072,541.52,528.79,0,515.08,581.08,571.49,469.53,0.0032559,0.0024458,-1.6921,0.018198,0.00012207
998,1040,1,-0.84638,452.66,466.49,0,430,510.06,480.02,413.9,0.013682,0.0051776,-1.5715,0.0040513,9.1553e-05
999,1041,3,-1.0463,525.39,525.56,0,496.23,592.31,552.78,462.85,0.031383,0.0034461,-1.4757,0.015178,0.00012207
1000,1042,0,-1.2748,457.29,490.76,0.3125,453.3,540.23,462.76,422.96,0.02126,0.17745,-1.7809,0.0009051,6.1035e-05
1001,1043,1,-0.93551,464.96,477.65,0,433.89,536.26,494.15,422.59,-0.0095435,0.011634,-1.4968,0.007503,9.1553e-05
1002,1044,2,-0.98578,513.16,495.32,0,488.49,567.97,530.04,445.62,0.0235,0.0060147,-1.7328,0.019553,6.1035e-05
1003,1045,0,-0.94565,405.61,419.74,0,388.08,463.33,421.08,381.28,-0.0069114,0.0093683,-2.0136,0.0013499,3.0518e-05
1004,1046,3,-0.93617,455.93,443.83,0,434.94,479.02,481.27,401.36,0.010513,0.0016985,-1.5467,0.010151,0.00012207
1005,1047,3,-0.9842,525.21,501.84,0,492.9,559.56,553.72,450.92,0.0042437,0.0032519,-1.5587,0.0080327,0.00012207
1006,1048,1,-0.94025,479.91,491.55,0,468.9,563.61,489.61,427.96,-0.013336,0.0026889,-1.7636,0.025238,9.1553e-05
1007,1049,3,-1.0162,536.28,521.51,0,510.11,572.69,562.44,470.33,-0.00051877,0.0018559,-1.4143,0.017311,0.00012207
1008,1050,3,-0.98885,508.57,491.16,0,469.5,546.72,537.07,450.61,-0.0095473,0.0025858,-1.6757,0.025739,0.00015259
1009,1051,3,-0.98027,465.11,464.12,0,430.39,516.92,493.87,420.37,-0.00042636,0.0014563,-1.454,0.035881,6.1035e-05
1010,1052,0,-1.009,372.27,380.96,0,347.37,443.22,385.31,348.35,-0.0048776,0.001086,-2.0894,-0.00081965,6.1035e-05
1011,1053,3,-1.1192,571.14,556.76,0,531.11,622.11,604.32,502.61,0.0060588,0.0022571,-1.4459,0.013343,0.00018311
1012,1054,1,-1.0417,412.66,405.93,0,393.1,450.8,431.04,363.78,0.0073633,0.0027064,-1.6858,0.0038623,6.1035e-05
1013,1055,1,-0.94614,450.04,481.46,0,439.98,547.09,463.84,391.52,0.0062647,0.0042475,-1.4271,0.037686,6.1035e-05
1014,1056,2,-0.98478,517.84,513.34,0,467.53,555.83,565.11,473.43,0.0054486,0.0025502,-1.5731,0.022704,0.00012207
1015,1057,0,-1.0408,448,473.08,0,425.42,504.74,475.25,434.86,0.0062762,0.004979,-1.7296,0.0031588,6.1035e-05
1016,1058,0,-0.97354,381.58,403.35,0,368.37,438.03,399.69,355.82,0.0018646,0.00055345,-1.6629,-1.2844e-05,3.0518e-05
1017,1059,2,-1.0119,430.55,439.71,0,405.26,489.68,455.83,389.73,-0.0010111,0.0026915,-1.5777,0.0093503,6.1035e-05
1018,1060,3,-1.0058,589.87,579.99,0,541.78,635.54,635.04,527.81,0.015127,0.0018243,-1.3304,0.025838,0.00012207
1019,1061,0,-1.0355,410.67,438.59,0,390.03,489.98,432.63,383.89,0.00055353,0.0029367,-1.6354,0.00087696,6.1035e-05
1020,1062,2,-1.0327,439.63,441.39,0,403.37,476.02,471.63,410.83,-0.0048412,0.0023225,-1.4617,0.033652,9.1553e-05
1021,1063,3,-1.0474,533.47,522.15,0,494.86,553.46,589.89,476.39,0.0094649,0.001741,-1.2618,0.012634,0.00012207
1022,1064,1,-1.006,388.17,389.46,0,367.15,426.96,407.91,354.24,-0.0036345,0.001615,-1.6965,0.016257,9.1553e-05
1023,1065,1,-1.0088,412.97,427.09,0,394.3,460.72,444.07,371.05,0.0010092,0.0020971,-1.3005,0.0066259,6.1035e-05
1024,1066,1,-0.9774,469.85,485.86,0,446.42,542.97,491.87,432.22,-0.0044089,0.0025343,-1.6289,0.014987,6.1035e-05
1025,1067,2,-0.97893,506.42,496.39,0,467.83,537.04,542.66,458.2,0.01591,0.0025916,-1.6198,0.030782,0.00012207
1026,1068,2,-1.0373,493.25,462.44,0,465.78,495.08,522.5,427.69,-0.0014897,0.001721,-1.7171,0.0095678,6.1035e-05
1027,1069,0,-0.96125,460.96,504.14,0,446.21,554.9,476.66,450.1,-0.008699,0.0007717,-1.7264,-0.0036084,6.1035e-05
1028,1070,1,-0.93199,537.43,578.67,0,510.53,656.64,567.91,490.3,-0.002424,0.0016296,-1.5291,0.0050325,0.00012207
1029,1071,3,-0.98887,536.42,498.27,0,494.14,543,563.52,469.59,0.019723,0.0021795,-1.6319,0.013583,0.00012207
1030,1072,2,-0.92134,480.11,487.83,0,447.62,526.27,514.71,446.9,0.0025106,0.0018511,-1.6309,0.0062182,9.1553e-05
1031,1073,1,-0.88212,389.7,392.82,0,374.5,436.98,404.9,348.67,-0.00034009,0.0026884,-1.5958,0.021769,3.0518e-05
1032,1074,0,-0.91046,413.85,442.12,0,395.7,482.27,434.42,396.61,-0.0053452,0.0020449,-1.7009,-0.00099592,6.1035e-05
1033,1075,3,-1.0023,470.44,454.78,0,445.17,493.34,492.74,420.76,0.0030688,0.0040147,-1.3865,0.012122,0.00012207
1034,1076,0,-1.0382,457,473.56,0.0625,436.14,519.65,475.4,432.89,-0.029018,0.035921,-1.7395,0.0031743,6.1035e-05
1035,1077,3,-0.97278,477.93,484.61,0,449.48,536.39,504.66,435.97,0.020206,0.0019595,-1.4922,0.023125,0.00012207
1036,1078,3,-1.0189,551.72,533.43,0,522.7,574,586.76,484.48,0.0035516,0.0018862,-1.2648,0.028783,0.00012207
1037,1079,3,-1.0778,607.04,566.13,0,586.19,607.85,639.56,501.03,0.0019215,0.0013439,-1.2119,0.029271,0.00018311
1038,1080,0,-0.93101,395.42,413.63,0,372.93,455.4,415.25,376.77,-0.0047564,0.0041936,-1.6724,0.0061264,6.1035e-05
1039,1081,3,-0.98035,534.56,498.52,0,505.21,539.08,565.81,455.34,0.0019615,0.00094871,-1.3757,0.02378,0.00012207
1040,1082,3,-1.0133,466.23,432.35,0,445.12,466.97,487.34,397.72,-0.0012258,0.001405,-1.5123,0.013624,9.1553e-05
1041,1083,0,-0.97535,421.42,440.49,0,402.25,488.77,439.43,395.14,-0.0032689,0.0035228,-1.8154,0.003025,6.1035e-05
1042,1084,2,-1.0179,496.59,496.62,0,463.68,519.52,544.7,463.14,0.0055839,0.0038192,-1.3769,0.0132,0.00012207
1043,1085,2,-0.98669,454.12,435.57,0,426.87,465.29,478.17,409.34,0.0088599,0.0017045,-1.7355,0.0064446,9.1553e-05
1044,1086,2,-1.0373,561.4,578.03,0,529.47,627.58,595.4,525.28,0.0011666,0.0018269,-1.4023,0.029831,0.00012207
1045,1087,2,-0.98484,502.76,471.99,0,471.98,516.01,528.25,435.52,0.0016676,0.0022541,-1.7063,-0.0002777,6.1035e-05
1046,1088,0,-1.0072,410.07,404.12,0,393.82,435.45,424.4,376.47,0.0016758,0.0015296,-1.9288,0.0010885,6.1035e-05
1047,1089,3,-0.98749,520.42,510.19,0,509.81,557.32,533.23,453.31,-0.0019016,0.0024081,-1.257,0.0086144,0.00012207
1048,1090,3,-1.0051,470.59,462.12,0,451.55,498.41,492.17,421,0.0038328,0.0012032,-1.445,0.026685,9.1553e-05
1049,1091,1,-1.0011,509.18,506.2,0,490.81,556.25,528.73,452.91,-0.0049066,0.0032869,-1.6731,0.0012452,0.00012207
1050,1092,1,-0.98768,449.08,442.28,0,427.02,480.95,466.23,412.2,-0.0052784,0.0032248,-1.6633,0.024095,6.1035e-05
1051,1093,3,-0.9955,543.48,516.81,0,505.97,554.83,578.73,481.1,0.029754,0.0037726,-1.0913,0.04122,0.00012207
1052,1094,1,-0.96784,460.23,475.07,0,444.11,517.62,479.69,423.72,0.012736,0.0012046,-1.433,0.013445,9.1553e-05
1053,1095,1,-0.92209,513.72,528.1,0,493.3,593.54,534.13,462.67,-0.014585,0.0022224,-1.589,0.016336,6.1035e-05
1054,1096,2,-0.99209,540.76,520.27,0,500.25,567.91,570.32,485.51,0.0071457,0.001695,-1.5622,0.023686,0.00012207
1055,1097,2,-0.91422,446.14,454.29,0,439.24,488.6,459.3,388.78,-0.0038605,0.0028697,-1.3269,0.012143,6.1035e-05
1056,1098,2,-1.07,476.83,477.6,0,447.72,519.36,514.24,423.91,0.0098909,0.0036544,-1.415,0.0087481,6.1035e-05
1057,1099,0,-1.8055,450.76,463.22,0.89062,442.54,503.26,462.01,408.35,-0.0075865,0.6285,-1.3205,0.0084677,3.0518e-05
1058,1100,0,-0.89306,404.85,416.73,0,392.84,475.32,413.06,376.65,-0.0091949,0.013994,-1.9173,0.025974,6.1035e-05
1059,1101,3,-0.99782,502.41,461.27,0,470.8,508.07,522.67,431.28,0.01016,0.0079902,-1.3985,0.014663,9.1553e-05
1060,1102,0,-1.058,442.63,460,0,415.92,512.45,463.4,419.21,0.0022464,0.0032943,-1.5915,0.0032324,3.0518e-05
1061,1103,3,-0.94623,488.76,515.23,0,465.36,560.19,518.86,457.43,0.017942,0.0034158,-1.2703,0.025226,0.00012207
1062,1104,1,-0.90375,436.16,432.1,0,423.47,481.94,446.02,393.34,-0.026242,0.0041347,-1.7243,0.0071763,3.0518e-05
1063,1105,0,-0.9671,441.9,485.5,0,426.33,517.65,469.66,428.2,-7.582e-05,0.002201,-1.5494,-0.0007738,6.1035e-05
1064,1106,3,-0.98899,539.41,526.77,0,504.16,581.23,565.12,487.03,0.01343,0.0013176,-1.4329,0.018716,0.00012207
1065,1107,0,-1.1739,437.27,459.66,0.1875,423.2,522.16,451.35,397.16,-0.0085324,0.11298,-1.5896,0.0080514,6.1035e-05
1066,1108,1,-0.92066,515.48,531.78,0,489.94,592.59,544.44,462.85,0.010455,0.0027114,-1.453,0.013561,0.00012207
1067,1109,3,-1.1278,531.11,510.89,0,509.35,568.73,552.86,453.06,0.0098173,0.0034465,-1.3456,0.078749,0.00012207
1068,1110,2,-0.98153,518.3,537.75,0,493.72,588.68,549.89,472.26,0.0036743,0.0026454,-1.2368,0.012835,9.1553e-05
1069,1111,1,-0.9045,523.4,575.9,0,508.12,630.29,547.24,491.04,0.0001149,0.0027188,-1.1883,0.036036,0.00012207
1070,1112,0,-0.93268,343.84,358.21,0,333.35,399.32,353.09,321.93,-0.0049598,0.0012057,-1.6284,-0.0054995,3.0518e-05
1071,1113,3,-1.0334,483.65,483.56,0,465.67,543.85,500.55,426.92,0.0052725,0.0029582,-1.2473,0.01602,0.00012207
1072,1114,1,-0.95715,382.42,369.71,0,359.84,425.8,395.08,338.24,-0.0094359,0.0035139,-1.8972,-0.0024616,3.0518e-05
1073,1115,0,-1.6914,470.13,492.59,0.75,467.02,572,472.39,434.65,-0.0010143,0.57477,-1.5781,0.0063638,6.1035e-05
1074,1116,3,-0.96693,520.58,536.46,0,506.87,580.78,540.61,471.7,0.0032372,0.014872,-1.0273,0.0065204,0.00012207
1075,1117,3,-1.009,484.83,472.73,0,457.12,527.69,507.78,427.19,0.0067693,0.0041076,-1.2363,0.011206,9.1553e-05
1076,1118,2,-0.95166,517.94,493.91,0,474.84,539.77,553.65,455.92,0.0065567,0.0042169,-1.5241,0.025567,0.00012207
1077,1119,2,-0.92893,471.55,481.06,0,445.78,523.45,502.66,429.9,0.0057088,0.0030099,-1.3996,0.02875,9.1553e-05
1078,1120,0,-1.0327,397.7,421.05,0,380.42,465.55,417.29,370.61,-0.0068384,0.011649,-1.4714,0.0083208,3.0518e-05
1079,1121,0,-1.0768,371.66,414.71,0,354.96,456.22,394.54,357.82,-0.0033132,0.019219,-1.5144,0.0023712,3.0518e-05
1080,1122,1,-0.98336,458.55,474.09,0,435.19,522.96,486.73,415.11,0.012746,0.0015014,-1.3972,0.01392,6.1035e-05
1081,1123,3,-0.99081,548.38,553.17,0,525.53,606.91,575.95,488.32,-0.010581,0.0020493,-1.1952,0.032069,0.00015259
1082,1124,2,-0.92023,501.03,500.94,0,475.83,556.73,524.71,448.54,0.0091559,0.003583,-1.4397,0.022955,9.1553e-05
1083,1125,1,-1.0215,475.31,483.33,0,457.97,531.51,494.95,428.72,-0.00044282,0.0024084,-1.4117,0.0062214,6.1035e-05
1084,1126,2,-1.0111,479.86,471.99,0,459.42,513.76,506.14,418.29,-0.010099,0.0013018,-1.142,0.0131,6.1035e-05
1085,1127,1,-0.92666,494.78,502.27,0,473.22,545.34,519.22,453.46,-0.0050535,0.00080664,-1.4609,0.027453,9.1553e-05
1086,1128,1,-1.0716,519.21,503.22,0,480.75,553.26,545.52,468.99,0.0073804,0.0081762,-1.6398,0.0029008,6.1035e-05
1087,1129,1,-1.02,436.76,441.47,0,417.79,475.86,459.65,399.97,-0.0051213,0.0033655,-1.6606,0.0054803,6.1035e-05
1088,1130,3,-1.002,518.23,501.62,0,488.94,553.23,542.49,458.86,-0.0049357,0.0016971,-1.5016,0.013438,0.00012207
1089,1131,1,-0.97906,401.4,391.82,0,376.89,426.7,423.03,361.04,0.020258,0.0040855,-1.7376,0.010744,6.1035e-05
1090,1132,0,-0.95877,386.47,382.14,0,371.45,427.86,394.33,358.2,0.025561,0.011144,-1.9421,0.025701,6.1035e-05
1091,1133,3,-1.0459,487.85,451.54,0,465.84,485.69,509.85,417.39,0.0085567,0.0030501,-1.3356,0.020457,9.1553e-05
1092,1134,2,-1.0934,549.18,536.24,0,515.49,593.16,575.39,491.98,-0.0023249,0.0064585,-1.3704,0.023166,0.00012207
1093,1135,1,-0.87098,315.61,303.82,0,305.28,323.45,328.9,278.59,-1.2973e-05,0.015338,-1.8332,8.9149e-05,6.1035e-05
1094,1136,0,-0.98046,304.9,312.4,0,294.5,334.28,319.17,282.42,0.00059145,0.0056667,-1.7541,0.00459,3.0518e-05
1095,1137,0,-0.90828,417.51,431.56,0,400.24,472.09,435.88,388.42,-0.012112,0.0026613,-1.725,0.0010461,3.0518e-05
1096,1138,3,-0.94645,543.39,525.3,0,516.03,563.85,576.42,478.77,0.0053723,0.0018574,-1.2109,0.029671,0.00012207
1097,1139,2,-0.93332,482.83,483.24,0,456.8,518.22,516.3,438.26,-0.0010223,0.0020226,-1.3625,0.014243,6.1035e-05
1098,1140,1,-0.9531,465.42,463.14,0,440.21,522.25,485.03,417.16,-0.0049247,0.0018615,-1.7078,0.012704,6.1035e-05
1099,1141,3,-0.96617,502.49,485.12,0,477.11,526.31,531.25,438.44,0.012762,0.00079697,-1.2544,0.0054247,9.1553e-05
1100,1142,3,-1.057,511.81,482.36,0,483.45,531.04,533.86,444.5,0.009294,0.0019639,-1.4515,0.021707,9.1553e-05
1101,1143,1,-1.0541,502.32,508.77,0,464.59,550.24,542.48,464.62,-0.0034334,0.0060289,-1.5473,0.0076602,6.1035e-05
1102,1144,2,-0.95718,569.61,547.23,0,542.87,617.96,590.4,492.22,0.011715,0.0030267,-1.4716,0.0505,0.00012207
1103,1145,2,-1.044,494.93,492.56,0,467.32,540.77,524.33,441.23,0.022246,0.0016422,-1.3485,0.021015,0.00012207
1104,1146,2,-1.0232,528.31,535.58,0,509.65,610.77,544.78,469.24,0.0056309,0.0026437,-1.4372,0.023711,0.00012207
1105,1147,0,-0.97441,451.25,481.21,0,431.98,526.13,474.49,427,0.016578,0.0013404,-1.732,-0.00012444,6.1035e-05
1106,1148,1,-0.97758,472.08,479.01,0,457.34,537.73,485.94,423.85,-0.011735,0.0022045,-1.4533,0.005185,6.1035e-05
1107,1149,2,-0.90355,473.17,483.81,0,452.58,541.66,495.09,422.22,-0.0037669,0.0012649,-1.3304,0.0095767,9.1553e-05
1108,1150,3,-1.0164,488.02,471.62,0,462.92,521.29,513.13,421.95,0.0044599,0.0031047,-1.3709,0.026025,0.00012207
1109,1151,1,-0.91379,350.2,352.54,0,329.22,394.85,367.59,317.48,-0.0053755,0.0028753,-1.6815,-0.0014085,3.0518e-05
1110,1152,0,-1.0016,373.84,393.97,0,354.32,419.54,397.39,363.11,-0.048608,0.0020273,-1.505,-0.0072475,6.1035e-05
1111,1153,3,-0.94373,536.81,544.7,0,509.1,601.25,570.25,476.45,0.0046156,0.003778,-1.2939,0.013064,0.00012207
1112,1154,2,-0.9516,510.37,530.74,0,481.94,587.93,540.64,469.85,0.013245,0.0017267,-1.295,0.015388,6.1035e-05
1113,1155,1,-0.97328,452.68,467.22,0,441.07,540.39,462.91,402.66,-0.003523,0.0026741,-1.3561,0.0017758,6.1035e-05
1114,1156,1,-1.0484,505.68,524.94,0,476.96,581.2,534.4,468.68,-0.015138,0.0033447,-1.1093,0.028386,0.00012207
1115,1157,0,-0.97673,399.48,417.44,0,382.91,453.11,416.04,381.77,-0.0060899,0.0036952,-1.78,0.0027012,3.0518e-05
1116,1158,3,-1.045,488.62,540.21,0,466.81,581.73,522.64,475.45,0.0040955,0.0025027,-1.1216,0.026208,6.1035e-05
1117,1159,3,-0.89189,465.62,487.44,0,447,528.88,494.68,422.78,0.0032106,0.0022164,-1.2139,0.013844,9.1553e-05
1118,1160,0,-0.98901,400.43,407.18,0,380.81,457.14,415.7,368.33,-0.0007302,0.0039821,-1.7653,0.017551,6.1035e-05
1119,1161,0,-0.98489,425.36,457.97,0,400.67,521.35,445.81,405.45,-0.0017546,0.0051179,-1.6866,0.00079071,6.1035e-05
1120,1162,1,-0.90624,402.95,409.11,0,387.26,443.82,424.46,361.55,0.0036515,0.0021379,-1.5287,-0.00012528,6.1035e-05
1121,1163,3,-0.97871,441.62,464.42,0,420.69,531.81,458.95,408.58,-0.0014626,0.0012963,-1.3552,0.019713,9.1553e-05
1122,1164,1,-0.93485,494.98,529.25,0,478.49,617.31,510.46,446.53,0.0045402,0.0031452,-1.3721,0.02369,6.1035e-05
1123,1165,1,-0.98961,529.89,558.85,0,503.43,629.56,559.89,478.71,0.040714,0.0037337,-1.5048,0.085314,6.1035e-05
1124,1166,3,-1.0201,503.59,489.63,0,480.17,549.85,519.62,448.42,0.021199,0.0029863,-1.5543,0.01207,0.00012207
1125,1167,2,-0.97099,550.67,554.41,0,529.89,608.19,575.75,489.5,0.0033318,0.0013765,-1.403,0.049108,0.00012207
1126,1168,0,-0.95874,432.32,467.55,0,413.51,514.32,452.35,417.76,-0.01385,0.0011714,-1.7072,0.010761,6.1035e-05
1127,1169,0,-1.016,409.2,439.37,0,387.12,485.31,431.28,393.44,-0.01277,0.0033076,-1.6333,-0.00014168,6.1035e-05
1128,1170,3,-0.94346,584.02,555.07,0,548.74,621.39,608.16,509.7,0.011237,0.0018125,-1.4564,0.022748,0.00012207
1129,1171,3,-1.0328,560.25,537.99,0,537.46,605.63,581.66,474.44,0.0025372,0.0013693,-1.4503,0.018789,0.00012207
1130,1172,1,-0.92139,478.96,473.22,0,456.19,531.18,495.57,430.91,-0.022996,0.0010896,-1.6504,0.012822,6.1035e-05
1131,1173,2,-0.99279,449.21,460.25,0,422.32,493.77,486.06,414.31,-0.0013569,0.0031486,-1.4754,0.023749,6.1035e-05
1132,1174,0,-0.88874,441,458.02,0,419.22,505.35,460.21,416.27,-0.029476,0.0023382,-1.8636,0.0094977,6.1035e-05
1133,1175,0,-0.90518,349.08,378.48,0,338.03,404.31,367.48,335.42,0.025831,0.002897,-1.6,0.0019828,6.1035e-05
1134,1176,2,-0.96755,570.49,562.86,0,554.52,621.34,588.59,496.58,0.020446,0.0019088,-1.572,0.012164,0.00012207
1135,1177,0,-0.98312,439.64,439.23,0,415.48,490.34,454.14,408.56,-0.00054962,0.0019618,-2.0835,0.00041565,6.1035e-05
1136,1178,3,-1.0204,541.5,497.75,0,517.16,555.09,561.66,450.24,0.0044086,0.0011431,-1.5851,0.008651,0.00018311
1137,1179,2,-0.93928,538.52,538.79,0,507.1,604.04,568.04,477.5,0.030894,0.0024418,-1.6153,0.051551,0.00012207
1138,1180,3,-1.0379,589.31,568.1,0,561.49,633.17,613.85,510.68,0.0097922,0.0015747,-1.5028,0.040276,0.00012207
1139,1181,0,-0.93664,426.57,431.97,0,404.62,480.38,441.59,398.84,-0.00039329,0.0013081,-2.0386,6.1675e-05,6.1035e-05
1140,1182,3,-0.94914,436.74,436.59,0,410.84,478.63,458.21,401.76,0.0038752,0.001476,-1.7619,0.0051901,9.1553e-05
1141,1183,2,-0.86632,498.81,496.98,0,464.37,545.28,531.16,451.61,0.007268,0.0017575,-1.642,0.025472,9.1553e-05
1142,1184,3,-0.96609,510.41,508.28,0,483.65,563.54,540.74,445.65,0.0090916,0.002668,-1.4392,0.0078683,0.00012207
1143,1185,2,-1.0208,490.84,468.35,0,466.85,514.07,510.72,430.47,0.002177,0.0031463,-1.6519,0.0040525,9.1553e-05
1144,1186,0,-0.91817,354.37,378.08,0,335.41,423.78,370.08,340.21,0.016705,0.00095605,-1.8177,0.00018138,3.0518e-05
1145,1187,0,-0.99001,407.58,425.22,0,385.64,471.14,426.93,384.69,-0.0041948,0.0015905,-1.7436,0.004588,6.1035e-05
1146,1188,3,-1.0377,474.57,480.05,0,451.19,517.63,502.79,434.69,0.03633,0.0016998,-1.5098,0.043376,9.1553e-05
1147,1189,3,-1.0553,573.66,512.28,0,538.72,571.91,596.06,474.06,0.03143,0.0014919,-1.7176,0.14581,0.00012207
1148,1190,2,-0.97845,597.95,590.52,0,557.23,616.79,653.74,554.53,0.0023394,0.0025649,-1.3525,0.050192,0.00012207
1149,1191,1,-0.99502,400.25,403.8,0,384.44,444.9,419.32,354.2,-0.012805,0.0019452,-1.6596,-0.0069444,6.1035e-05
1150,1192,0,-1.4547,452.06,490.65,0.46875,444.24,545.42,462.77,415.6,-0.0023601,0.43841,-1.3262,0.025653,6.1035e-05
1151,1193,3,-0.99448,475,453.44,0,444.64,497.35,505.36,409.52,-0.003711,0.0048474,-1.5136,0.030806,0.00012207
1152,1194,1,-1.0389,460.87,473.65,0,436.63,527.72,482.26,425.94,0.0011823,0.0021764,-1.6039,0.055566,9.1553e-05
1153,1195,3,-1.004,586.74,564.59,0,548.64,610.85,627.3,515.34,0.022019,0.0013383,-1.4643,0.12465,0.00012207
1154,1196,1,-0.96515,423.37,418.75,0,406.14,453.83,441.72,381.42,-0.00017134,0.0027716,-1.5605,0.0027318,6.1035e-05
1155,1197,1,-1.055,404.48,395.05,0,395.58,445.27,411.86,353.44,0.0085541,0.0025942,-1.8196,-0.0009161,6.1035e-05
1156,1198,1,-0.9111,323.2,326.37,0,308.94,370.08,335.78,287.81,-0.0094706,0.0014383,-1.8572,0.020185,6.1035e-05
1157,1199,2,-0.9582,572.24,556.15,0,544.29,606.13,610.55,487.65,0.0014772,0.001006,-1.5155,0.018958,0.00012207
1158,1200,3,-1.0459,536.61,488.83,0,493.69,531.47,574.49,451.2,0.014977,0.0025676,-1.5701,0.019058,0.00012207
1159,1201,0,-0.97816,362.47,389.23,0,341.58,440.61,380.9,343.9,-0.0077638,0.0012878,-1.8606,-0.00039335,3.0518e-05
1160,1202,3,-1.0118,495.61,506.35,0,475.44,550.74,527.09,437.11,0.01059,0.0013208,-1.3535,0.0053323,0.00012207
1161,1203,0,-1.0406,367.11,370.46,0,347.72,392.04,389.07,346,-0.015202,0.0067469,-1.7596,0.0071617,6.1035e-05
1162,1204,1,-0.96512,351.65,357,0,336.57,387.03,371.03,318.39,0.0014475,0.0017389,-1.8379,-0.00030469,6.1035e-05
1163,1205,0,-0.99662,432.01,452.08,0.015625,420.37,500.91,445.22,396.74,0.0037932,0.012723,-1.7729,0.0029457,6.1035e-05
1164,1206,1,-0.96602,493.08,496.58,0,459.73,555.29,522.52,444.77,-0.0090175,0.00069141,-1.8378,0.0039238,6.1035e-05
1165,1207,3,-1.0521,509.57,492.24,0,490.6,534.55,539.16,426.23,-0.0097114,0.001441,-1.3481,0.022617,9.1553e-05
1166,1208,0,-1.0428,442.95,470.67,0.03125,427.6,517.85,460.35,417.19,-0.0094627,0.021882,-1.6887,0.03065,6.1035e-05
1167,1209,2,-0.96859,511.87,508.68,0,473.49,578.39,536.47,463.99,0.011368,0.0025757,-1.6692,0.032251,0.00012207
1168,1210,3,-1.0439,585.16,558.17,0,542.36,620.03,627.96,496.32,0.009216,0.0015165,-1.52,0.024303,0.00012207
1169,1211,2,-0.9766,525.47,500.87,0,497.27,569.43,544.77,453.96,0.014244,0.0019981,-1.606,0.017772,9.1553e-05
1170,1212,0,-0.98454,419.57,430.61,0,402.48,467.92,436.66,393.31,-0.0007124,0.0018322,-1.8119,-9.8462e-05,6.1035e-05
1171,1213,2,-0.96802,558.84,545.93,0,523.89,605.05,587.8,496.95,0.011267,0.0014247,-1.6278,0.024488,0.00012207
1172,1214,2,-0.95261,503.8,509.23,0,486.07,578.28,519.44,448.31,-0.0073757,0.0014311,-1.6756,0.020005,9.1553e-05
1173,1215,1,-0.88146,453.31,479.02,0,435.44,542.49,472.32,411.46,-0.0016648,0.0015114,-1.6074,0.0071853,0.00012207
1174,1216,2,-0.97659,481.65,472.91,0,449.91,517.58,509.66,433.5,-0.0057053,0.0022965,-1.6973,0.020133,9.1553e-05
1175,1217,3,-0.99682,502.82,512.87,0,478.95,576.48,528.22,445.16,0.003714,0.0013622,-1.4197,0.011782,0.00012207
1176,1218,2,-0.97715,530.9,505.65,0,492.89,565.04,555.27,467.57,-0.0014844,0.0014627,-1.7633,0.0082778,0.00012207
1177,1219,0,-0.97737,380.36,388.78,0,366.01,424.95,395.64,350.27,0.00057479,0.0013765,-1.9867,-0.00067642,3.0518e-05
1178,1220,2,-1.0626,525.91,506.73,0,499.72,541.38,559.6,462.18,0.0051866,0.0042508,-1.4935,0.015967,0.00012207
1179,1221,2,-0.98105,491.01,482.85,0,466.11,531.15,519.24,428.12,0.0032331,0.0016189,-1.5026,0.076535,9.1553e-05
1180,1222,2,-0.92094,434.01,450.87,0,405.19,511.79,459.44,397.12,0.00078201,0.0026433,-1.5947,0.0045578,9.1553e-05
1181,1223,0,-0.99822,432.21,438.67,0,410.47,479.51,451.38,402.63,-0.0046289,0.0025796,-1.8452,0.0070631,6.1035e-05
1182,1224,3,-1.0274,571.29,558.38,0,527.68,614.1,612.27,506.04,0.0097128,0.0024833,-1.3368,0.044653,0.00012207
1183,1225,2,-1.0153,487.72,472.18,0,454.19,514.61,519.22,432.32,0.020998,0.0040502,-1.7602,0.049449,0.00012207
1184,1226,0,-0.97941,432.36,445.14,0,414.12,507.7,447.48,393.3,-0.0042683,0.0030004,-2.0028,0.0023237,6.1035e-05
1185,1227,0,-0.98016,336.69,341.36,0,324.72,373.23,347.94,311.44,0.0031162,0.0022971,-2.0495,0.00024078,3.0518e-05
1186,1228,1,-0.86462,499.38,506.25,0,474.2,553.72,526.18,455.72,-0.0061555,0.0038842,-1.6861,0.016513,6.1035e-05
1187,1229,0,-0.96018,445.59,457.64,0,429.72,519.43,459.58,403.11,-0.015024,0.0020288,-1.961,0.0031852,6.1035e-05
1188,1230,1,-0.95698,438.81,482.82,0,418.39,534.52,468.66,407.25,-0.0010431,0.0050987,-1.5774,0.009869,6.1035e-05
1189,1231,0,-0.97859,327.96,328.87,0,311.26,367.02,339.39,302.76,0.012739,0.0022363,-2.0282,-0.00049274,3.0518e-05
1190,1232,3,-1.0477,567.46,536.9,0,540.67,603.4,589.65,481.79,0.011768,0.0017455,-1.5956,0.025967,0.00012207
1191,1233,3,-0.93976,506.58,502.44,0,477.44,569.26,533.95,439.68,-0.00046609,0.0025113,-1.5824,0.024003,9.1553e-05
1192,1234,3,-1.0656,619.37,596.23,0,584.22,643.92,661.79,538.67,0.0081743,0.0022842,-1.425,0.018834,0.00012207
1193,1235,0,-0.98622,321.71,340.18,0,300.81,382.89,341.35,300.06,0.011151,0.0046287,-1.8057,-0.00098581,3.0518e-05
1194,1236,3,-0.94606,462.81,469.27,0,413.44,515.03,509.19,426.29,0.001309,0.00097482,-1.6585,0.017985,9.1553e-05
1195,1237,3,-0.98748,482.21,457.13,0,448.07,510.3,508.76,415.78,0.040355,0.0010096,-1.649,0.036765,6.1035e-05
1196,1238,0,-1.1241,456.23,491.99,0.23438,447.36,542.97,468.39,422.12,0.0081106,0.13191,-1.638,0.0068546,6.1035e-05
1197,1239,0,-1.0012,382.96,374.31,0,367.38,410.25,396.7,342.59,-0.0011898,0.0084551,-2.049,-0.000124,6.1035e-05
1198,1240,1,-0.93744,395.8,411.78,0,369.67,463.33,418.85,366.29,-0.0040031,0.0011,-1.9273,-0.00063499,6.1035e-05
1199,1241,0,-1.0166,406.1,418.05,0,392.25,448.58,422.81,381.21,0.0022442,0.0019289,-1.7616,0.0030133,3.0518e-05
1200,1242,1,-1.0276,376.96,380.04,0,368.45,422.55,386.61,331.85,0.0021027,0.0021647,-1.6095,0.037224,6.1035e-05
1201,1243,3,-1.0521,587.63,547.72,0,571.01,621.83,603.24,478.1,-0.0054451,0.0015181,-1.5545,0.029158,0.00012207
1202,1244,2,-0.95519,534.23,489.2,0,500.74,524.81,567.73,453.58,-0.0048955,0.0021304,-1.6803,0.016915,0.00012207
1203,1245,0,-0.99973,384.79,408.71,0,359.14,440.21,413.86,373,0.0014015,0.0037031,-1.614,0.022987,6.1035e-05
1204,1246,1,-0.95694,454.28,492.63,0,429.11,533.65,488.77,436.42,0.010924,0.0012019,-1.5293,-0.0078839,6.1035e-05
1205,1247,1,-0.96783,473.69,462.58,0,450.55,511.43,495.43,416.7,0.0089056,0.0008251,-1.7895,0.0032592,6.1035e-05
1206,1248,0,-1.0263,459.03,515.64,0,441.4,558.26,477.79,470.26,-0.0033142,0.0015715,-1.8682,-1.0134e-05,3.0518e-05
1207,1249,0,-1.0205,382.33,382.96,0,366.24,416.49,397.44,351.47,-0.0018474,0.0018903,-1.9346,0.0018296,6.1035e-05
1208,1250,2,-0.96973,535.96,523.39,0,498.41,589.3,569.09,465.24,0.0089786,0.0027025,-1.7478,0.040372,0.00012207
1209,1251,1,-1.085,473.26,482.41,0,457.05,551.83,488.49,417.19,-0.0002787,0.004176,-1.5771,0.022402,6.1035e-05
1210,1252,0,-0.93886,369.5,390.97,0,352.72,432.59,385.27,351.87,-0.0015323,0.0050725,-1.7556,0.0065342,6.1035e-05
1211,1253,0,-1.0091,438.45,475.42,0.10938,416.92,526.15,464.44,414.2,-0.0078164,0.07625,-1.6541,0.0040684,6.1035e-05
1212,1254,0,-1.1848,462.8,491.08,0.25,446.66,552.78,477.96,433.12,0.0035474,0.14237,-1.7913,0.0088278,6.1035e-05
1213,1255,3,-1.0475,452.75,473.06,0,437.9,521.14,473.11,407.17,0.0064184,0.0034226,-1.3391,0.054945,6.1035e-05
1214,1256,3,-0.92614,524.52,518.84,0,485.08,583.45,551.5,474.64,-0.0016693,0.0065246,-1.5865,0.056526,0.00012207
1215,1257,3,-0.98197,488.05,504.94,0,465.21,561.7,515.62,436.43,0.010972,0.0025984,-1.385,0.01888,0.00012207
1216,1258,3,-0.99152,448.45,478.28,0,420.32,520.71,484.62,423.72,0.009347,0.0018264,-1.3037,0.02408,9.1553e-05
1217,1259,3,-1.1219,529.57,476.8,0,501.47,520.94,551.42,442.46,-0.0011846,0.0029948,-1.3873,0.0094729,6.1035e-05
1218,1260,1,-0.95851,336.98,341.7,0,321.12,371.71,354.95,307.69,0.009865,0.0011944,-1.6761,0.0020032,3.0518e-05
1219,1261,3,-1.0191,564,560.99,0,518.87,623.74,599.1,512.18,-0.0016357,0.0018468,-1.4793,0.021543,0.00012207
1220,1262,0,-0.99843,395.72,415.64,0,377.9,464.51,412.47,369.74,-0.0080974,0.0044731,-1.759,-0.0026219,3.0518e-05
1221,1263,3,-1.071,555.37,537.26,0,527.18,600.53,583.56,474,0.0028768,0.0021844,-1.1132,0.012442,0.00012207
1222,1264,3,-0.95025,466.54,477.2,0,444.82,512.67,498.3,425.35,-0.0053141,0.0016705,-1.2019,0.014371,0.00012207
1223,1265,0,-0.99792,347.1,342.97,0,326.58,393.8,357.84,316.34,0.0040597,0.0018392,-1.9249,0.0042738,6.1035e-05
1224,1266,3,-0.95041,490.07,472.86,0,464.69,514.43,518.82,425.75,0.00099361,0.00067982,-1.3723,0.0052165,0.00012207
1225,1267,2,-1.0995,488.78,487.75,0,463.01,536.25,519.87,429.22,0.0023816,0.0062101,-1.4612,0.030397,0.00012207
1226,1268,0,-1.6296,461.17,500.98,0.70312,458.68,593.88,463.51,413.71,-0.0034659,0.42685,-1.7787,0.0021978,6.1035e-05
1227,1269,1,-0.94508,396.64,399.59,0,379.74,439,414.63,357.64,-0.0020687,0.019003,-1.5658,0.0082588,6.1035e-05
1228,1270,2,-1.1141,563.49,554.47,0,520.92,613.09,598.76,505.91,0.015448,0.010119,-1.4366,0.019127,6.1035e-05
1229,1271,0,-1.3513,459.7,496.06,0.40625,449.69,569.67,469.71,422.46,-0.016676,0.18167,-1.5229,0.0078673,6.1035e-05
1230,1272,0,-1.2679,442.83,495.21,0.26562,427.84,535.2,469.55,423.93,-0.027652,0.109,-1.3685,0.011651,3.0518e-05
1231,1273,2,-1.0618,514.92,538.27,0,478.34,589.32,556.38,480.41,-0.0053615,0.011187,-1.4305,0.047594,9.1553e-05
1232,1274,0,-0.97878,417.41,439.24,0,398.49,480.84,437.55,394.95,0.00066405,0.056901,-1.9229,0.0024098,3.0518e-05
1233,1275,0,-0.97848,374.83,388.85,0,359.14,425.3,391.53,350.05,-0.001017,0.026074,-1.7964,0.0011328,6.1035e-05
1234,1276,2,-0.90557,496.43,542.61,0,470.31,589.85,537.17,468.91,-0.0027093,0.0075144,-1.1569,0.027079,6.1035e-05
1235,1277,2,-0.96173,441.39,448.53,0,419.42,485.72,466.29,406.39,-0.0021096,0.0096646,-1.3373,0.024919,6.1035e-05
1236,1278,3,-0.99569,498.76,518.14,0,470.49,568.56,530.81,460.99,0.0065232,0.0025996,-0.89207,0.014237,9.1553e-05
1237,1279,2,-1.0356,432.47,458.39,0,409.76,512.3,459.89,393.32,0.013028,0.004629,-1.4021,0.019454,9.1553e-05
1238,1280,3,-0.9814,562.51,566.78,0,519.38,631.12,603.03,506.34,0.026302,0.0030586,-1.0662,0.021555,0.00012207
1239,1281,3,-1.0535,525.69,513.92,0,496.18,577.27,555.21,450.57,0.0056353,0.0034057,-1.1056,0.012699,0.00018311
1240,1282,2,-1.0874,544.73,528.74,0,518.86,604.79,563.62,473.24,0.006971,0.0050223,-1.3814,0.020218,0.00012207
1241,1283,0,-0.97276,404.05,432.14,0,382.55,475.07,425.55,389.2,-0.0029581,0.0017422,-1.5348,0.0044961,6.1035e-05
1242,1284,1,-0.99934,462.83,515.31,0,452.62,567.81,482.32,415.06,-0.002149,0.0024478,-1.1061,0.028834,6.1035e-05
1243,1285,0,-1.0105,387.04,393.89,0,374.12,443.02,396.46,358.04,-0.030818,0.0050307,-1.9256,0.0087711,3.0518e-05
1244,1286,2,-1.0061,462.72,467.18,0,444.43,524.47,481,409.88,0.016835,0.0020243,-1.4775,0.017466,6.1035e-05
1245,1287,2,-0.98356,518.33,537.13,0,492.67,581.85,551.33,479.62,0.0024504,0.0011137,-1.3212,0.0075483,0.00012207
1246,1288,2,-1.0271,459.61,457.07,0,432.36,498.15,490.48,410.52,-0.00061179,0.0018067,-1.5313,0.014739,6.1035e-05
1247,1289,1,-1.0134,401.23,403.91,0,384.45,455.6,415.13,361.08,-0.017556,0.0016101,-1.5562,0.054052,6.1035e-05
1248,1290,1,-0.98328,376.36,384.49,0,364.46,430.57,389.03,335.43,-0.004155,0.0020893,-1.5128,0.015388,6.1035e-05
1249,1291,3,-1.0169,523.17,509.42,0,490.86,560.65,546.75,472.04,0.0084564,0.00092309,-1.4575,0.021537,9.1553e-05
1250,1292,2,-0.90821,464.58,471.4,0,437.34,519.1,495.46,417.34,-0.0088646,0.0024933,-1.5191,0.014444,9.1553e-05
1251,1293,2,-1.0261,489.23,481.16,0,466.29,523.3,512.16,439.02,0.025562,0.0013825,-1.4986,0.035977,9.1553e-05
1252,1294,0,-0.93539,407.47,424.02,0,395.16,448.57,427.99,383.1,-0.024048,0.0012715,-1.7444,-0.00081712,3.0518e-05
1253,1295,3,-0.99287,559.99,550.53,0,530.91,603.07,589.07,497.99,0.0047577,0.0019802,-1.3919,0.049278,0.00012207
1254,1296,2,-0.95212,473.35,471.77,0,454.09,517.32,491.45,428.98,0.0045234,0.0012067,-1.5832,0.073897,9.1553e-05
1255,1297,1,-0.91686,488.6,467.19,0,468.04,514.5,504.58,430.4,-0.018852,0.0010401,-1.9191,0.024315,9.1553e-05
1256,1298,2,-1.0333,555.33,543.85,0,523.39,589.42,589.32,495.34,0.0011867,0.0024763,-1.5662,0.020009,0.00012207
1257,1299,3,-1.0076,456.98,467.63,0,432.59,504.41,484.63,425.95,0.017574,0.00085673,-1.4569,0.043555,9.1553e-05
1258,1300,2,-0.97142,477.07,478.75,0,454.14,518.18,501.48,436.78,0.0011631,0.0029169,-1.5989,0.0033091,9.1553e-05
1259,1301,0,-0.9757,292.48,289.34,0,283.49,320.17,299.04,266.84,-0.00010807,0.0036221,-1.999,-0.00029468,3.0518e-05
1260,1302,0,-0.97344,437.51,443.51,0,426.39,465.62,456.06,406.65,-0.0023751,0.0013554,-1.7844,0.0021838,6.1035e-05
1261,1303,0,-0.99844,376.26,404.38,0,353.74,450.17,394.92,366.44,0.0016219,0.0022994,-1.7871,0.0020016,3.0518e-05
1262,1304,3,-0.96815,531.68,496.58,0,507.27,541.25,556.09,451.92,0.0068747,0.00085352,-1.5283,0.0061322,0.00012207
1263,1305,1,-1.0241,495.85,488.65,0,472.52,527.34,516.43,454.51,0.0032713,0.0039287,-1.7087,0.011386,9.1553e-05
1264,1306,1,-0.97921,421.91,416.86,0,400.51,452.93,444.7,378.46,-0.016941,0.0025914,-1.7933,0.0043428,6.1035e-05
1265,1307,2,-1.0707,539.68,516.26,0,508.33,558.78,571.03,473.74,0.0010129,0.0020963,-1.6146,0.017104,0.00012207
1266,1308,2,-0.92545,481.43,441.88,0,460.17,479.22,499.05,410.94,-0.0021689,0.0067214,-1.9347,0.0055631,6.1035e-05
1267,1309,1,-1.0004,433.61,400.08,0,415.79,434.67,445.8,376.41,-0.014229,0.0023176,-1.8057,0.013745,3.0518e-05
1268,1310,1,-0.97733,380.89,366.38,0,365.17,392.34,396.6,340.43,0.0011039,0.0056065,-2.0944,0.0022904,3.0518e-05
1269,1311,3,-1.0506,469.29,463.67,0,444.63,505.34,495.55,419.31,0.013779,0.0034918,-1.538,-0.0011664,9.1553e-05
1270,1312,0,-1.1324,450.92,477.18,0.1875,436.9,522.69,465.86,428.74,-0.0085811,0.099349,-1.6327,2.5785e-05,6.1035e-05
1271,1313,0,-1.0095,450.18,479.23,0.03125,436,504.25,473.82,437.52,0.0076076,0.018519,-1.7083,0.047616,6.1035e-05
1272,1314,2,-0.87495,514.97,521.18,0,491.08,557.83,554.79,460.11,-0.00066439,0.010415,-1.4998,0.020343,0.00012207
1273,1315,3,-1.0407,504.57,467.88,0,476.71,513.62,527.65,429.98,0.014849,0.0014386,-1.7366,0.033694,6.1035e-05
1274,1316,1,-0.99285,469.75,472.76,0,449.98,509.55,495.16,425.45,-0.0057395,0.0024675,-1.5162,0.001648,6.1035e-05
1275,1317,0,-0.95122,358.29,364.04,0,342.57,397.04,374.02,331.04,0.0015461,0.0030614,-1.8852,0.00064998,6.1035e-05
1276,1318,2,-1.0029,568.72,542.23,0,546.62,601.26,589.48,486.79,-0.0050011,0.0018848,-1.6068,0.012515,0.00012207
1277,1319,0,-2.3471,473.04,468.34,1.4844,471.16,529.41,474.7,414.45,-0.010744,1.6513,-1.8868,-0.0022362,6.1035e-05
1278,1320,1,-0.99396,498.85,495.76,0,476.76,553.57,518.34,444.75,-0.0034264,0.0093875,-1.7168,0.0014372,0.00012207
1279,1321,0,-0.99887,379.74,375.37,0,363.73,402.37,394.78,350.01,-0.0064637,0.052397,-1.9662,0.00070881,6.1035e-05
1280,1322,0,-0.93938,421.32,439.25,0,403.87,468.42,443.74,401.76,-0.00082701,0.017579,-1.8063,0.013513,6.1035e-05
1281,1323,0,-0.97863,342.43,360.57,0,325.29,393.84,359.57,327.29,-0.00024682,0.0041448,-1.8557,0.00096261,3.0518e-05
1282,1324,0,-0.98005,405.81,409.49,0,390.93,440.04,422.67,374.86,-0.0029959,0.003088,-1.9848,0.001722,3.0518e-05
1283,1325,0,-0.9653,396.17,399.32,0,380.44,431.95,412.91,364.58,-0.0048325,0.0017315,-1.8768,0.0038621,6.1035e-05
1284,1326,0,-0.96075,398.7,398.31,0,385.9,421.91,414.16,369.84,-0.032125,0.0026961,-2.0349,0.0022442,6.1035e-05
1285,1327,1,-0.99609,528.38,507.34,0,498.92,536.35,557.84,478.34,-0.0072898,0.0046326,-1.6443,0.01081,6.1035e-05
1286,1328,1,-0.94849,456.83,426,0,434.46,458.42,475.37,399.13,0.014307,0.0080928,-2.0528,0.0089463,6.1035e-05
1287,1329,3,-0.94379,542.13,493.83,0,516.55,539.16,567.72,448.5,-0.0081289,0.0013247,-1.6031,0.015098,0.00012207
1288,1330,2,-0.99851,471.46,440.67,0,443.06,465.46,499.86,415.88,0.014674,0.002391,-1.6503,0.028321,6.1035e-05
1289,1331,1,-0.97396,546.74,528.89,0,520.01,586.25,568.89,481.35,0.001751,0.0023429,-1.683,0.010417,6.1035e-05
1290,1332,2,-1.0136,481.1,464.22,0,450.88,488.42,517.57,435,0.0029872,0.0023401,-1.7921,0.01716,0.00012207
1291,1333,2,-0.90564,543.58,507.54,0,513.42,568.38,561.68,471.03,0.0065458,0.0043338,-1.8702,0.021517,0.00012207
1292,1334,2,-0.96853,442.61,444.28,0,420.92,467.99,478.77,404.75,0.0070019,0.00096969,-1.5348,-0.0011977,6.1035e-05
1293,1335,3,-0.96871,464.32,461.78,0,433.38,504.96,493.39,421.21,0.016822,0.00078358,-1.653,0.028686,0.00012207
1294,1336,1,-1.0396,497.32,493.23,0,472.32,546.88,515.57,454.07,0.0055352,0.0032144,-1.9286,0.0070833,9.1553e-05
1295,1337,3,-1.0372,530.53,484.17,0,503.26,522.45,553.13,452.46,0.0078413,0.0023472,-1.7917,0.012449,0.00012207
1296,1338,0,-0.97706,376.8,384.39,0,361.12,414.04,393.49,352.82,-0.026481,0.0022925,-1.8367,-0.00063541,3.0518e-05
1297,1339,1,-0.8788,436.02,426.05,0,412.15,475.36,454.58,387.7,0.0025479,0.0036987,-1.8984,0.0003966,9.1553e-05
1298,1340,2,-0.93322,527.75,527.62,0,497.82,560.12,563.89,488.4,0.0079072,0.0036795,-1.676,0.028339,0.00012207
1299,1341,1,-0.99916,599.42,578.47,0,567.07,636.85,624.58,533.06,0.02201,0.0035635,-1.8425,0.038999,0.00012207
1300,1342,0,-1.0521,460.08,489.07,0,446.01,515.79,477.08,456.82,-4.4657e-05,0.013583,-1.7699,-0.00094512,6.1035e-05
1301,1343,2,-1.0083,576.55,548.25,0,544.25,603.53,605.05,499.48,0.0092678,0.0022624,-1.686,0.0034315,0.00018311
1302,1344,0,-1.3025,462.32,469.06,0.375,450.4,527.13,471.03,426.69,-0.0019841,0.21341,-1.8974,0.0029129,6.1035e-05
1303,1345,1,-0.99675,426.67,410.72,0,403.37,452.56,441.61,383.9,0.01688,0.0053108,-1.834,0.0021689,9.1553e-05
1304,1346,2,-1.0015,489.23,481.83,0,472.12,521.82,511.24,430.43,-0.0098458,0.0039029,-1.6683,0.019865,9.1553e-05
1305,1347,1,-0.85884,401.09,404.98,0,385.86,446.74,416.31,363.22,-0.0022162,0.014478,-1.8077,-0.0025708,6.1035e-05
1306,1348,2,-1.122,465.89,459.96,0,450.28,507.03,481.51,412.88,0.0016912,0.0124,-1.7222,0.007486,6.1035e-05
1307,1349,2,-0.96614,423.21,409.92,0,404.7,443.54,444.19,371.82,0.00052655,0.0011572,-1.6207,0.018876,6.1035e-05
1308,1350,0,-1.0037,426.23,456.86,0,410.35,495.86,449.45,399.86,0.00023616,0.0033004,-1.6296,0.0019004,6.1035e-05
1309,1351,2,-1.0538,499.73,504.71,0,486.54,569.33,512.11,444.01,0.00034742,0.0029882,-1.6175,0.027489,9.1553e-05
1310,1352,2,-0.97605,468.51,469.16,0,448.92,510.41,492.15,419.37,0.014206,0.00087084,-1.5699,0.0045679,9.1553e-05
1311,1353,0,-0.95649,356.08,366.77,0,338.16,402.42,370.92,337.23,-0.00097605,0.0032045,-2.0077,0.0025409,6.1035e-05
1312,1354,2,-1.0062,533.22,524.96,0,502.23,580.67,562.32,472.62,0.024985,0.0019078,-1.6057,0.022518,0.00012207
1313,1355,3,-1.0207,558.87,506.01,0,520.59,556.69,585.06,471.33,0.018856,0.002788,-1.6632,0.046135,0.00012207
1314,1356,2,-0.83832,411.72,408.48,0,396.2,438.96,430.44,371.7,0.00078194,0.0069837,-1.7846,0.003892,9.1553e-05
1315,1357,0,-0.98833,322.3,311.28,0,311.69,332.17,330.05,296.03,0.0034181,0.0014296,-1.9356,0.0068836,3.0518e-05
1316,1358,1,-0.97631,391.95,372.94,0,380.1,397.52,408.2,339.25,-0.0044744,0.0021128,-1.7958,0.012401,6.1035e-05
1317,1359,2,-1.0073,537.58,518.23,0,507.17,568.3,567.98,468.16,-0.0040792,0.0067274,-1.598,0.027593,9.1553e-05
1318,1360,0,-0.97466,407.18,403.01,0,397.39,422.06,423.49,371.25,0.0034313,0.001551,-1.9183,-0.00022784,6.1035e-05
1319,1361,2,-0.90456,529.36,539.05,0,500.31,596.55,564.41,469.66,0.0034767,0.001393,-1.4602,0.019235,0.00012207
1320,1362,2,-0.92473,499.83,489.88,0,468.43,544.06,527.55,442.08,0.019611,0.0021261,-1.6082,0.040225,0.00012207
1321,1363,3,-0.9717,484.67,449.73,0,457.22,504.97,503.44,411.93,0.0075507,0.0010044,-1.8084,0.010305,0.00012207
1322,1364,3,-1.0278,551.12,511.87,0,516.21,550.36,583.92,475.72,0.00028136,0.0010805,-1.5826,0.042854,0.00012207
1323,1365,1,-1.0982,443.08,415.92,0,421.31,447.41,463.53,386.35,0.012893,0.0036917,-1.5455,-0.00042537,6.1035e-05
1324,1366,2,-0.93651,498.96,466.53,0,456.11,520.01,522.99,436.52,-0.001398,0.0015305,-1.9034,0.026669,6.1035e-05
1325,1367,0,-0.9094,304.93,299.54,0,293.39,330.71,312.83,278.21,-0.0028383,0.0090887,-2.1004,0.0026637,3.0518e-05
1326,1368,3,-0.97118,515.54,498.04,0,481.74,542.24,547.29,456.51,0.01911,0.0025579,-1.7156,0.042503,0.00012207
1327,1369,2,-1.0355,500.5,494.35,0,450.5,520.75,541.92,472.49,0.0055997,0.0072926,-1.6205,0.051131,9.1553e-05
1328,1370,0,-1.0565,449.15,459.54,0.078125,435.9,498.53,466.19,409.41,0.016895,0.048013,-1.8593,0.0040736,6.1035e-05
1329,1371,1,-0.96358,384.61,382.6,0,357.88,430.04,406.75,343.29,0.00030431,0.0014838,-1.9181,0.0068028,6.1035e-05
1330,1372,1,-0.97529,488.39,470.11,0,467.78,516.29,503.43,436.4,0.0042116,0.0063235,-1.9666,0.013321,6.1035e-05
1331,1373,1,-0.99544,392.74,353.38,0,379.31,378.58,401.94,336.14,0.001627,0.0027155,-2.1841,-0.0047936,6.1035e-05
1332,1374,2,-0.94112,439.72,430.56,0,421.53,453.02,463.1,401.69,0.0027376,0.0018504,-1.8074,0.0051121,6.1035e-05
1333,1375,3,-1.033,559.4,521.43,0,543.98,559.72,579.24,472.2,0.0022532,0.0037723,-1.5898,0.070073,0.00012207
1334,1376,3,-1.0456,550.48,519.81,0,522.14,553.38,584.68,479.29,-0.0075577,0.0013648,-1.5053,0.026292,0.00012207
1335,1377,0,-0.87371,402.4,387.83,0,387.36,417.17,413.37,366.42,-0.0015894,0.0066671,-2.2594,0.0009185,6.1035e-05
1336,1378,1,-0.94304,439.44,408.89,0,422.48,430.95,457.49,385.42,-0.0076737,0.00046616,-2.0296,0.007589,6.1035e-05
1337,1379,2,-0.99137,541.05,518.39,0,510.05,569.41,566.73,476.12,0.0032975,0.0018008,-1.8928,0.0092727,0.00012207
1338,1380,1,-1.025,469.54,453.55,0,449.23,485.13,492.56,417.77,-0.0039022,0.0032241,-1.9455,0.0054743,6.1035e-05
1339,1381,0,-0.96818,403.62,408.15,0,389.49,433.97,419.64,378.9,-0.0085225,0.0013848,-2.0973,-0.0029558,6.1035e-05
1340,1382,0,-1.9077,456.48,460.79,1.1094,454.32,507.54,459.09,404.37,0.0015333,0.91005,-1.691,-0.0025914,3.0518e-05
1341,1383,2,-0.99177,531.34,522.91,0,504.72,558.47,567.82,474.18,0.026115,0.011709,-1.6142,0.0035108,0.00012207
1342,1384,1,-0.91945,378.34,365.43,0,361.24,402.54,390.81,338.34,0.0076765,0.017453,-1.9536,0.010839,6.1035e-05
1343,1385,1,-0.97527,510.7,512.43,0,495.82,547.72,535.5,453.62,0.056558,0.0031736,-1.7001,0.034076,6.1035e-05
1344,1386,1,-0.95451,428.81,416.63,0,414.73,450.3,443.8,380.79,-0.0048796,0.0027005,-1.7136,0.00070581,9.1553e-05
1345,1387,1,-0.97603,390.04,384.71,0,365.78,425.23,408.91,353.2,-8.0974e-05,0.0011531,-1.916,0.0086659,6.1035e-05
1346,1388,1,-0.93826,418.03,393.37,0,393.81,423.08,436.87,370.26,-0.0068208,0.00091435,-1.9322,0.018988,6.1035e-05
1347,1389,1,-1.0298,472.42,489.02,0,443.64,545.84,501.2,432.21,0.0061898,0.010878,-1.6642,0.016958,6.1035e-05
1348,1390,0,-0.93432,375.94,393.46,0,353.72,446.01,392.16,355.12,0.00024636,0.0037359,-2.0158,0.0071652,6.1035e-05
1349,1391,2,-0.98554,490.41,479.59,0,467.65,534.32,510.49,431.3,-0.0094611,0.0020936,-1.7813,0.011073,9.1553e-05
1350,1392,3,-0.94802,503.3,497.83,0,492.19,530.93,524.51,434.65,0.00060403,0.0014314,-1.406,0.024965,0.00012207
1351,1393,2,-0.9334,530.42,520.93,0,499.67,582.04,554.34,473.41,0.021147,0.001203,-1.8109,0.028853,0.00012207
1352,1394,1,-1.0177,503.95,533.4,0,485.94,586.94,527.1,464.55,-0.0044817,0.0085656,-1.4811,0.046805,0.00012207
1353,1395,0,-0.98187,403.62,416.21,0,389.38,447.52,418.79,382.88,-0.0015259,0.00078153,-1.9522,-0.0026254,6.1035e-05
1354,1396,1,-0.96641,371.11,378,0,361.56,402.53,389.32,331.16,-0.014476,0.0016521,-1.4211,0.014049,6.1035e-05
1355,1397,0,-0.95203,373.71,415.4,0,359.17,447.3,397.96,362.23,-0.0158,0.0020636,-1.5844,-0.0039491,6.1035e-05
1356,1398,2,-1.0043,493.42,506.86,0,477.06,565.35,511.96,440.58,-0.00037011,0.0026919,-1.5578,0.051648,0.00012207
1357,1399,3,-1.0007,530.61,531.18,0,488.4,589.87,567.84,479.4,0.026782,0.0017497,-1.6668,0.048647,0.00012207
1358,1400,2,-0.9704,549.68,552.69,0,521.68,604.69,581.41,493.76,0.002905,0.0007826,-1.6804,0.0077886,0.00012207
1359,1401,3,-1.013,517.4,490.34,0,484.91,539.39,544.33,449.69,0.0066899,0.0010662,-1.7607,0.0099719,0.00012207
1360,1402,0,-0.9856,395.02,386.09,0,377.03,421.81,406.55,363.19,0.015651,0.00096397,-2.342,0.0011107,6.1035e-05
1361,1403,3,-0.9605,507.02,477.3,0,479.13,517.6,531.62,441.75,-0.017546,0.0010648,-1.8227,0.018016,0.00012207
1362,1404,3,-0.95373,517.99,508.89,0,484.53,553.5,549.43,466.99,-0.0033242,0.0017439,-1.6383,0.059462,0.00012207
1363,1405,3,-0.93127,502.77,507.26,0,480.91,551.06,529.15,454.39,0.017702,0.00094074,-1.5494,0.016651,0.00012207
1364,1406,3,-0.88471,549.92,565.31,0,517.18,608.32,587.02,516.56,0.01973,0.0016252,-1.4586,0.028607,0.00012207
1365,1407,1,-0.94511,406.05,399.33,0,385.55,436.63,424.15,366.42,-0.016393,0.00061007,-2.0116,0.06245,6.1035e-05
1366,1408,0,-0.98337,369.57,378.62,0,360.06,402.46,383.46,343.76,-0.0023867,0.00068115,-1.9637,0.0031006,6.1035e-05
1367,1409,1,-0.86652,500.69,488.63,0,483.62,522.41,521.3,447.86,-0.0002913,0.0026743,-1.974,0.0037948,0.00012207
1368,1410,1,-1.0124,491.63,497.47,0,466.36,548.22,516.91,446.73,0.0082549,0.0033253,-1.6637,0.015603,6.1035e-05
1369,1411,0,-0.96126,390.57,390.62,0,375.95,424.59,404.3,358.71,-0.0007417,0.0019247,-1.9948,-0.0018949,6.1035e-05
1370,1412,3,-0.9567,529.03,500.87,0,498.66,538.22,563.45,458.53,-0.0062162,0.0010051,-1.6234,0.020777,0.00012207
1371,1413,3,-0.95122,458.83,450.36,0,438.95,487.24,479.99,411.09,0.0041838,0.00089021,-1.8978,0.021196,9.1553e-05
1372,1414,0,-0.91328,329.89,339.77,0,319.07,368.09,342.95,305.58,-0.018029,0.0030142,-1.9972,0.011239,6.1035e-05
1373,1415,1,-1.046,438.49,403.15,0,426.29,437.7,449.94,370.68,-0.012053,0.0043165,-1.9569,0.0085411,6.1035e-05
1374,1416,3,-1.007,533.04,492.7,0,506.78,550.93,554.8,444.44,0.11608,0.0035933,-1.692,0.047083,0.00012207
1375,1417,3,-0.97354,467.57,446.99,0,441.94,485.49,493.21,408.49,-0.010218,0.001267,-1.8304,0.0049631,9.1553e-05
1376,1418,2,-1.0348,489.38,479.86,0,472.58,519.8,512.4,425.14,0.019542,0.0039254,-1.589,0.014315,6.1035e-05
1377,1419,2,-0.96688,525.42,501.51,0,497.58,542.53,556.96,455.02,-0.0034839,0.0029523,-1.5373,0.011126,0.00012207
1378,1420,0,-0.97828,434.75,418.19,0,416.79,455.29,447.04,392.8,0.035251,0.0065625,-1.9907,0.0036732,6.1035e-05
1379,1421,3,-0.9808,506.13,497.67,0,475.22,551.28,537.05,444.06,0.01801,0.003965,-1.6974,0.026827,0.00012207
1380,1422,3,-0.99645,562.85,539.15,0,535.61,589.43,593.72,482.18,0.009732,0.0011473,-1.6621,0.0090496,0.00012207
1381,1423,1,-0.92798,418.43,408.52,0,398.15,458.98,434.2,369.28,-0.007883,0.0017177,-2.0063,0.041682,6.1035e-05
1382,1424,1,-0.90255,462.44,434.89,0,434.03,470.03,483.17,409.24,-0.016779,0.0033013,-2.1045,-5.5913e-05,0.00012207
1383,1425,2,-1.0779,468.82,469.92,0,454.96,510.8,487.82,413.9,-0.0038375,0.0025924,-1.6526,0.016831,9.1553e-05
1384,1426,2,-1.0264,513.83,496.18,0,487.28,543.99,540.39,448.37,0.0010481,0.0016522,-1.7422,0.002782,9.1553e-05
1385,1427,3,-1.0525,555.91,532.87,0,525.6,579.2,586.21,486.54,0.0094753,0.0018767,-1.5447,0.015287,0.00012207
1386,1428,3,-0.95382,493.41,500.82,0,468.99,543.61,522.88,449.17,0.0063021,0.0018757,-1.5553,0.034439,0.00012207
1387,1429,1,-1.038,463.41,468.41,0,445.17,505.46,490.08,414.26,-0.0074768,0.0024415,-1.6259,0.014026,9.1553e-05
1388,1430,3,-1.0849,535.06,520.25,0,506.67,586.38,560.11,461.89,0.0192,0.0044287,-1.6601,0.028808,0.00012207
1389,1431,1,-0.96643,384.44,372.72,0,376.12,396.34,396.59,338.19,-0.0094082,0.001368,-1.8251,-0.0028593,6.1035e-05
1390,1432,3,-1.134,482.97,488.26,0,452.12,524.52,522.64,441.63,0.00061733,0.0052692,-1.3495,0.017536,0.00012207
1391,1433,1,-1.0219,471.44,466.83,0,450.89,506.36,496.25,419.12,-0.0097344,0.0015213,-1.7228,0.0049907,6.1035e-05
1392,1434,1,-0.934,455.44,431.58,0,448.6,498.69,459.55,391.31,0.00016884,0.0048517,-2.0238,0.0080048,6.1035e-05
1393,1435,3,-0.92442,500.41,491.85,0,480.58,540.91,522.9,436.25,0.0053077,0.0018161,-1.5432,0.0012564,6.1035e-05
1394,1436,1,-0.89563,565.07,573.98,0,533.96,623.09,600.33,518.32,0.013055,0.0018979,-1.7079,0.002591,0.00012207
1395,1437,3,-0.91424,486.26,484.87,0,465.49,535.31,509.81,427.71,-0.0024474,0.0014168,-1.6622,0.0022829,0.00012207
1396,1438,3,-0.92277,533.8,557.95,0,516.01,605.17,563.46,479.26,0.003012,0.0012201,-1.4231,0.0087894,0.00012207
1397,1439,1,-0.95174,431.63,428.1,0,412.32,483.75,447.63,382,0.01645,0.001135,-1.8218,0.014938,6.1035e-05
1398,1440,3,-0.99987,511.54,480.36,0,476.31,522.34,542.63,443.31,0.0050822,0.0017458,-1.8085,0.012225,0.00012207
1399,1441,1,-0.9641,442.66,420.95,0,423.57,453.79,458.48,393.74,-0.044089,0.0010618,-2.1161,0.016678,6.1035e-05
1400,1442,2,-0.98267,480.84,449.71,0,454.91,512.21,496.4,412.21,0.0017367,0.0029371,-1.9546,0.05988,0.00012207
1401,1443,0,-0.99686,436.16,443.67,0,416.11,481.04,454.98,408.56,-0.0047492,0.0023391,-1.8871,0.0027981,6.1035e-05
1402,1444,1,-1.0522,514.48,509.07,0,476.21,579.32,539.01,464.04,0.0015544,0.0043042,-1.9618,0.010349,0.00012207
1403,1445,1,-0.95153,464.12,469.03,0,437.58,504.36,494.2,429,-0.0064123,0.0033143,-1.8846,0.020795,6.1035e-05
1404,1446,0,-0.86447,429.74,428.1,0,417.26,453.46,444.8,397.48,-0.00045359,0.01071,-2.108,-0.00015723,6.1035e-05
1405,1447,2,-1.0417,447.8,428.4,0,420.31,482.67,465.42,393.61,-0.0060801,0.0026757,-1.9269,0.023326,6.1035e-05
1406,1448,1,-0.99463,361.3,348.94,0,348.89,376.81,372.96,322.75,0.0075915,0.0041434,-2.1881,0.0017467,6.1035e-05
1407,1449,1,-0.98369,452.92,438.08,0,427.31,485.13,472.85,401.48,0.00033812,0.0012807,-2.0135,0.010672,9.1553e-05
1408,1450,0,-1.0754,361.66,364.72,0,349.8,403.18,371.49,332.86,-0.0098871,0.0091087,-2.065,0.0010516,3.0518e-05
1409,1451,0,-1.0436,440.69,445.58,0.015625,425.46,487.71,455,406,-0.0055205,0.010346,-2.0051,0.0019588,6.1035e-05
1410,1452,0,-0.90548,371.83,404.85,0,359.9,433.6,393.11,353.59,-0.0038206,0.0018254,-1.6727,0.0014575,6.1035e-05
1411,1453,3,-1.0253,538.33,541.44,0,519.31,598.22,561.29,472.91,0.0065622,0.0014527,-1.5414,0.027609,0.00012207
1412,1454,2,-0.9802,513.91,477.58,0,489.08,529.67,532.02,439.57,0.030204,0.0019113,-2.029,0.014436,9.1553e-05
1413,1455,2,-1.0069,506.91,488.22,0,476.79,547.37,530.34,442.21,-0.0047877,0.0016216,-1.8813,0.024799,6.1035e-05
1414,1456,0,-0.912,410.64,422.31,0,391.72,460,428.42,386.91,0.012843,0.001194,-2.0072,0.003088,6.1035e-05
1415,1457,0,-0.94194,469.68,502.65,0.046875,460.91,580.65,476.95,438.03,-0.00043824,0.029544,-1.8919,-0.0059486,6.1035e-05
1416,1458,2,-0.97394,481.32,446.99,0,458.81,494.5,501.19,405.08,-0.021467,0.0011453,-1.9032,0.013575,6.1035e-05
1417,1459,0,-1.0717,455.02,504.65,0.09375,446.22,539.97,470.69,441.67,0.012034,0.063625,-1.6728,0.0047481,6.1035e-05
1418,1460,3,-0.88735,467.19,469.34,0,443.21,509.71,496.14,420.62,-0.0052373,0.0035415,-1.5251,0.014514,0.00012207
1419,1461,2,-0.94239,456.62,461.78,0,434.8,513.18,478.45,410.37,-0.022997,0.0023611,-1.7124,0.040053,6.1035e-05
1420,1462,2,-0.93451,543.47,505.41,0,511.4,572.81,561.45,467.59,0.012901,0.0015243,-1.9453,0.026049,0.00012207
1421,1463,1,-0.95784,428.53,431.57,0,408.82,483.88,445.92,385.42,-0.0022963,0.0032726,-1.9609,0.011637,6.1035e-05
1422,1464,2,-0.97729,551.3,566.63,0,529.08,618.24,583.76,491.19,0.060221,0.0017127,-1.452,0.052598,0.00012207
1423,1465,3,-1.0313,577.79,565.39,0,537.03,628.38,613.77,509.81,0.0023523,0.0012982,-1.5814,0.026003,0.00012207
1424,1466,3,-0.94054,485.49,453.51,0,440.85,521.33,505.78,422.69,0.021048,0.0032486,-1.98,0.011609,9.1553e-05
1425,1467,2,-1.0294,514.7,489.97,0,486.64,539.2,535.17,454.04,0.0053145,0.0022926,-1.7762,0.01887,6.1035e-05
1426,1468,1,-0.86119,494.85,481.17,0,472.6,528.58,511.09,446.58,-0.00098119,0.008115,-1.9391,0.013666,6.1035e-05
1427,1469,3,-1.0103,492.85,466.28,0,474.91,501.43,517.45,418.12,0.0049005,0.0027352,-1.5024,0.027679,0.00012207
1428,1470,0,-0.99746,432.61,476.39,0,407.7,539.46,457.51,413.31,0.00027319,0.00622,-1.8379,0.0002393,6.1035e-05
1429,1471,3,-1.0468,553.74,499.49,0,526.75,554.48,571.04,464.24,0.00084494,0.0017537,-1.8868,0.015047,0.00012207
1430,1472,1,-1.062,453.12,441.87,0,432.26,482.69,471.52,405.85,0.005011,0.0034828,-2.0924,0.00090712,6.1035e-05
1431,1473,2,-1.0046,506.89,469.62,0,479.28,494.74,528.37,450.08,0.0020299,0.0066514,-1.8599,0.042138,6.1035e-05
1432,1474,1,-0.90042,388.97,364.8,0,376.06,389.58,399.66,344.27,-0.00038412,0.0059308,-2.2338,-0.00032322,3.0518e-05
1433,1475,0,-0.98544,435.52,439.45,0,418.98,472.61,450.11,410.19,-0.0027128,0.004764,-2.1041,0.0082941,6.1035e-05
1434,1476,0,-0.95308,440.95,454.23,0,430.5,505.63,449.62,411.64,-0.028728,0.0034368,-1.9852,0.019954,3.0518e-05
1435,1477,3,-0.97209,527.46,473.47,0,509.17,525.91,540.81,435.21,0.0048835,0.0026178,-1.8344,0.012769,0.00012207
1436,1478,0,-0.98279,417.03,421.72,0.03125,398.03,457.15,432.78,392.37,0.00059006,0.021866,-2.123,0.0038173,6.1035e-05
1437,1479,2,-0.97127,475.68,445.93,0,451.41,491.91,492.28,414.47,0.012493,0.0016633,-2.1128,0.033018,9.1553e-05
1438,1480,2,-0.9105,501.56,474.69,0,481.29,511,523.14,436.02,-0.029894,0.0021608,-1.9697,0.060364,0.00012207
1439,1481,1,-0.93003,540.11,524.4,0,514.67,567.27,565.55,481.53,0.012904,0.0019326,-1.7167,0.024077,6.1035e-05
1440,1482,1,-0.9796,487.2,467.59,0,470.84,500.47,502.57,436.7,0.019817,0.0034571,-1.9056,0.018645,6.1035e-05
1441,1483,0,-0.92739,433.67,417.97,0,420.13,452.16,444.21,391.37,-0.0003121,0.00078553,-2.3661,0.00085353,6.1035e-05
1442,1484,0,-1.0098,383.13,394.47,0,370.6,427.8,396.47,358.98,-0.0022133,0.0053384,-1.7495,0.016571,6.1035e-05
1443,1485,1,-0.90299,512.31,506.67,0,494.12,545.25,532.93,462.93,-0.003976,0.0022403,-1.852,0.030806,6.1035e-05
1444,1486,0,-0.9826,390.42,382.44,0,373.22,419.37,400.74,360.28,0.011907,0.00073235,-2.4062,0.0010362,6.1035e-05
1445,1487,1,-0.97308,515.28,517.53,0,495.89,544.59,545.54,475.33,0.0026883,0.0031263,-1.7101,0.0025836,0.00012207
1446,1488,0,-1.4186,461.31,476.67,0.4375,450.26,519.3,475.52,421.84,8.1758e-05,0.33082,-1.907,0.033359,6.1035e-05
1447,1489,3,-1.0531,479.37,444.93,0,452.83,469.94,504.3,421.45,0.0084129,0.0047107,-1.814,0.046408,6.1035e-05
1448,1490,1,-1.0385,463.55,460.34,0,437,501.6,486.97,423.94,0.001285,0.0080524,-2.0517,0.013836,6.1035e-05
1449,1491,0,-0.91762,328.29,328.13,0,315.57,356.37,339.5,303.21,-0.0024324,0.026506,-2.013,0.0011124,3.0518e-05
1450,1492,1,-0.98264,293.11,271.53,0,285.04,289.66,301.17,253.4,-0.0011617,0.0096009,-2.0948,0.008164,6.1035e-05
1451,1493,0,-1.017,409.04,402.51,0,391.32,442.72,421.98,373.16,0.026451,0.041303,-1.9759,0.020053,6.1035e-05
1452,1494,2,-0.97034,527.39,519.58,0,509.57,582.77,543.12,463.82,-0.011445,0.0040309,-1.8268,0.046415,0.00012207
1453,1495,3,-1.0148,558.93,573.41,0,540.97,629.96,585.18,490.77,0.014095,0.0062579,-1.3401,0.025261,0.00012207
1454,1496,1,-0.81133,388.56,375.41,0,371.84,419.84,399.29,346.93,-3.5036e-05,0.0024067,-2.0908,0.010631,6.1035e-05
1455,1497,3,-1.0149,501.58,512.44,0,482.98,573.8,521.38,447.13,-0.0052966,0.0021969,-1.6498,0.014491,9.1553e-05
1456,1498,3,-0.98479,459.92,444.93,0,443.22,477.83,480.07,405.23,0.0047777,0.0025145,-1.6156,0.026272,9.1553e-05
1457,1499,0,-1.0127,411,412.59,0,387.39,471.79,425.17,377.07,-0.035478,0.0027336,-1.9221,-0.0094519,3.0518e-05
1458,1500,2,-0.99925,551.53,519.67,0,531.71,568.79,571.35,470.54,0.014763,0.0024834,-1.7728,0.012154,0.00012207
1459,1501,2,-0.97986,498.21,494.66,0,491.3,553.19,506.04,428.32,0.0046959,0.0023448,-1.6832,0.041475,6.1035e-05
1460,1502,2,-0.9191,508.78,496.54,0,482.14,566.14,528.22,445.75,0.0018179,0.0010463,-2.0075,0.0015661,6.1035e-05
1461,1503,0,-0.9872,340.05,356.15,0,324.87,402.7,351.86,319.94,-0.020337,0.002375,-2.1704,0.011676,3.0518e-05
1462,1504,2,-1.0152,503.27,462.03,0,481.95,513.77,520.94,419.15,0.0011012,0.0015651,-2.0781,0.012868,9.1553e-05
1463,1505,3,-0.95145,532.41,529.23,0,513.67,567.57,563.65,465.32,0.13106,0.0013898,-1.4245,0.020317,0.00012207
1464,1506,2,-0.93671,508.03,504.4,0,477.23,569.24,535.22,447.2,0.0049465,0.0012573,-1.8377,0.025974,0.00012207
1465,1507,1,-0.92347,322.31,337.2,0,310.32,370.64,336.77,296.83,-0.027752,0.0014535,-1.9782,-0.0038128,3.0518e-05
1466,1508,2,-0.97666,496.07,497.29,0,473.12,555.61,519.01,438.97,0.057838,0.0017034,-1.644,0.02561,0.00012207
1467,1509,0,-0.98515,386.65,400.45,0,372.53,437.67,402.65,358.27,0.0015686,0.00075259,-1.944,0.0011585,6.1035e-05
1468,1510,1,-0.93027,410.47,412.39,0,386.18,460.66,429.36,374.85,0.0071027,0.0013618,-2.1039,0.00041618,6.1035e-05
1469,1511,1,-0.92199,523.97,497.96,0,489.7,536.11,552.36,466.36,0.0079082,0.0029891,-1.9313,0.035007,6.1035e-05
1470,1512,0,-0.94186,401.69,419.64,0,388.26,450.08,421.32,375.15,-0.002352,0.0014045,-1.6924,-0.0011567,3.0518e-05
1471,1513,0,-0.98822,300.51,308.48,0,293.67,334.95,309.3,274.44,-0.0016751,0.0016997,-1.8175,0.0042531,3.0518e-05
1472,1514,1,-1.0206,339.17,330.39,0,320.99,372.23,353.32,297.84,-0.018963,0.0080149,-1.8084,0.0072454,6.1035e-05
1473,1515,2,-1.0107,554.21,534.14,0,529,575.78,577.89,495.03,0.024995,0.0019307,-1.8398,0.021237,0.00012207
1474,1516,1,-0.93391,369.94,372.64,0,365.56,398.56,379.57,315.62,0.0094821,0.0046784,-1.6511,-0.0040245,3.0518e-05
1475,1517,3,-1.057,532.31,485.35,0,514.93,523.21,548.64,449.79,-0.0021819,0.0025349,-1.951,0.033661,6.1035e-05
1476,1518,3,-0.97206,549.87,531.77,0,523.11,576.32,580.2,481.28,0.0072694,0.0017951,-1.698,0.017911,0.00012207
1477,1519,2,-1.0275,507.89,482.03,0,492.84,523.57,524.96,434.94,0.0051911,0.0012753,-1.8652,0.016951,0.00012207
1478,1520,1,-0.99021,422.02,390.61,0,404.44,426.92,435.69,362.37,0.0023649,0.0028699,-1.9839,0.00020976,6.1035e-05
1479,1521,3,-1.0526,554.94,544.24,0,528.17,610.7,578.56,485.61,0.0080957,0.0050285,-1.6749,0.0049452,0.00012207
1480,1522,0,-0.94144,432.82,443.06,0,420.46,472.22,448.7,405.56,0.00035879,0.0037462,-2.0036,0.0029187,6.1035e-05
1481,1523,3,-0.95288,515.26,527.6,0,492.27,577.43,548.86,454.77,0.0063735,0.0010821,-1.4364,0.03291,9.1553e-05
1482,1524,0,-0.98753,421.65,439.51,0,406.47,494.26,435.05,391.2,-0.0035657,0.0016615,-2.0164,0.0055184,6.1035e-05
1483,1525,1,-1.0164,557.21,554.63,0,529.32,604.27,588.82,498.37,0.0039206,0.001984,-1.8284,0.0020905,6.1035e-05
1484,1526,3,-1.0361,527.97,491.05,0,493.15,531.82,556.83,457.28,0.016437,0.0024462,-1.64,0.040414,0.00012207
1485,1527,0,-1.6303,461.6,463.31,0.6875,451.77,521.22,470.28,412.22,0.0046533,0.54091,-1.6138,0.0054609,6.1035e-05
1486,1528,3,-1.0705,561.88,525.96,0,534.67,583.43,579.32,489.12,0.0094562,0.0080663,-1.6908,0.0073266,0.00012207
1487,1529,2,-0.97741,529.36,517.45,0,503.37,561.36,555.35,473.54,0.014161,0.011234,-1.7043,0.013356,0.00012207
1488,1530,1,-1.0167,354.07,352.01,0,329.38,383.14,377.27,322.77,-0.0028828,0.0041316,-1.7383,-0.00075494,6.1035e-05
1489,1531,3,-0.95985,567.43,545.27,0,534.72,593.59,602.26,493.83,0.022599,0.0018866,-1.5086,0.090546,0.00018311
1490,1532,2,-1.0731,619.06,606.14,0,599.28,680.46,637.64,536.32,0.013258,0.0037678,-1.5028,0.04198,0.00012207
1491,1533,2,-0.99913,503.92,485,0,486.67,544.93,516.51,441.26,0.0028865,0.0016321,-1.7775,0.0054406,6.1035e-05
1492,1534,1,-0.99764,504.33,525.27,0,490.33,598.24,519.24,447.59,-0.0026936,0.0024588,-1.3837,0.034584,6.1035e-05
1493,1535,3,-1.0455,573.16,545.38,0,550.78,603.94,595.55,486.82,0.013689,0.0034088,-1.4172,0.017691,0.00012207
1494,1536,1,-0.96968,453.67,466.06,0,430.12,507.16,480.37,419.48,-0.014949,0.0020055,-1.7552,0.0061975,6.1035e-05
1495,1537,1,-0.94044,410.34,404.46,0,390.13,446.52,428.18,367.36,-0.0089483,0.0018041,-1.906,0.0063816,6.1035e-05
1496,1538,3,-1.0129,528.7,484.99,0,515.4,559.77,535.67,445.82,0.0049659,0.001932,-1.7589,0.048716,0.00012207
1497,1539,2,-1.0304,481.06,477,0,453.42,513.98,510.47,437.64,-0.006339,0.0023956,-1.6801,0.0078954,6.1035e-05
1498,1540,2,-1.0035,503.8,473.57,0,475.58,517.94,527.18,436.81,0.018853,0.0012323,-1.672,0.016083,6.1035e-05
1499,1541,2,-0.99779,503.33,477.06,0,483.68,520,524.25,431.35,0.001281,0.0014053,-1.7163,0.009459,0.00012207
1500,1542,1,-1.0101,495.16,511.08,0,458.69,539.86,545.13,471.64,-0.003535,0.0018013,-1.4294,0.018199,6.1035e-05
1501,1543,0,-1.0341,446.22,484.32,0,431.98,534.66,463.4,423.57,-0.026061,0.0040039,-1.7904,0.02418,6.1035e-05
1502,1544,1,-0.98344,409.85,408.69,0,399.18,452,421.21,362.59,-0.0096699,0.0059969,-1.6344,0.018755,6.1035e-05
1503,1545,2,-0.98154,482.1,450.97,0,465.47,496.16,498.74,405.78,0.004722,0.0019922,-1.809,0.018515,6.1035e-05
1504,1546,2,-1.0066,487.19,466.36,0,453.31,510.29,515.26,429.96,0.022502,0.0019195,-1.7386,0.023677,0.00012207
1505,1547,1,-0.97997,396.99,373.74,0,383.3,403.14,410.67,344.33,-0.00031187,0.0056905,-2.0325,0.0016485,6.1035e-05
1506,1548,1,-0.99971,466.63,474.9,0,446.04,503.36,500.95,427.48,0.0037981,0.0025865,-1.4503,0.0021767,6.1035e-05
1507,1549,0,-0.99258,381.66,378.82,0,365.91,420.43,393.91,346.46,0.00061285,0.0026583,-2.1499,-1.9792e-05,3.0518e-05
1508,1550,1,-1.0017,527.48,546.14,0,496.3,599.1,562.82,486.12,-0.0065943,0.0033281,-1.6813,0.0071862,9.1553e-05
1509,1551,3,-0.91463,539.32,513.07,0,512.27,579.23,563.2,454.7,0.011031,0.0017134,-1.6585,0.041722,0.00012207
1510,1552,3,-1.076,562.95,562.21,0,537.63,615.19,599.96,484.77,0.020709,0.0058703,-1.1939,0.015121,0.00012207
1511,1553,1,-0.98744,448.79,491.35,0,429.89,542.29,476.42,416.91,0.0026595,0.0025492,-1.5884,0.0050221,6.1035e-05
1512,1554,2,-0.9199,505.6,499.47,0,470.99,558.79,532.53,453.33,-0.0063686,0.0064233,-1.6238,0.034255,6.1035e-05
1513,1555,2,-0.84748,386.33,397.96,0,365.36,450.49,404.84,351.62,0.0092979,0.0046735,-1.7891,0.029157,6.1035e-05
1514,1556,1,-1.0093,419.32,423.67,0,396.28,479.53,439.66,374.38,-0.01248,0.011084,-1.6362,0.025598,6.1035e-05
1515,1557,0,-1.4929,463.17,492.5,0.57812,452.66,576.8,471.88,422.66,0.0050768,0.4218,-1.6428,-0.0078589,6.1035e-05
1516,1558,0,-0.98704,396.27,453.84,0,377.76,511.68,418.61,384.03,-0.014093,0.0040052,-1.5156,0.0028498,6.1035e-05
1517,1559,2,-0.96748,494.2,481.11,0,468.1,531.24,518.72,434.01,0.030328,0.002898,-1.6463,0.028569,6.1035e-05
1518,1560,2,-0.88529,514.09,508.79,0,489.74,559.08,538.44,458.49,-0.012851,0.0058979,-1.7323,0.012041,0.00012207
1519,1561,3,-0.98198,513.09,498.92,0,490.59,539.91,538.59,452.47,0.0061097,0.0058764,-1.6495,0.0095956,0.00012207
1520,1562,1,-0.93337,503.22,513.57,0,478.76,576.92,527.68,450.22,0.0062433,0.0050559,-1.5842,0.0083876,6.1035e-05
1521,1563,1,-1.0002,455.74,455.29,0,434.74,502.13,475.47,411.29,-0.0034512,0.0021119,-1.7191,0.016249,9.1553e-05
1522,1564,1,-0.99644,428.65,421.08,0,407.32,483.51,443.25,378.37,0.0027131,0.001931,-1.986,0.0031394,9.1553e-05
1523,1565,0,-1.0457,440.49,479.81,0.015625,422.4,538.16,459.74,417.69,-0.0076273,0.014759,-1.7911,0.0065657,6.1035e-05
1524,1566,3,-1.0234,524.79,552.03,0,495.91,604.16,567.01,475.83,0.0171,0.0047964,-1.2703,0.028626,0.00012207
1525,1567,3,-0.99062,514.96,519.96,0,487.69,569.7,544,467.02,0.022666,0.0027379,-1.5027,0.034592,0.00012207
1526,1568,1,-1.0048,503.65,508.18,0,470.2,565.99,533.16,457.17,-0.002153,0.0049146,-1.7095,0.017878,0.00012207
1527,1569,1,-0.90314,425.01,427.34,0,401.4,474.8,444.58,388.01,-0.0099421,0.003557,-1.8335,0.00093073,6.1035e-05
1528,1570,0,-1.4296,448.71,471.18,0.51562,452.75,543,444.12,389.78,0.036026,0.32951,-1.7364,0.013122,6.1035e-05
1529,1571,2,-0.8682,432.76,458.86,0,411.9,509.55,457.93,397.68,0.0017603,0.00736,-1.6652,0.0056345,6.1035e-05
1530,1572,1,-0.97505,510.07,502.93,0,473.25,587.97,530.73,455.23,-0.011534,0.0020518,-1.7675,0.011764,6.1035e-05
1531,1573,3,-1.067,563.77,547.75,0,524.29,625.71,590.78,494.42,0.019157,0.0039524,-1.6393,0.016028,0.00012207
1532,1574,3,-1.0235,510.3,498.22,0,488.67,552.83,531.93,443.62,0.0083958,0.0020005,-1.6078,0.012057,0.00012207
1533,1575,0,-0.9992,405.16,419.06,0,392.16,451.93,420.84,379.4,0.0017258,0.0035139,-1.8344,-0.0014989,6.1035e-05
1534,1576,1,-1.02,519.2,535.11,0,483.29,604.67,547.12,481.01,0.0018266,0.003919,-1.668,0.012148,9.1553e-05
1535,1577,0,-1.0557,455.15,494.27,0.046875,445.3,549.24,465.64,435.76,-0.0077347,0.023428,-1.6491,0.0095319,6.1035e-05
1536,1578,1,-0.97612,369.63,363.54,0,349.41,409.66,385.36,327.67,-0.0030193,0.0019133,-1.9826,0.00030053,3.0518e-05
1537,1579,0,-0.95287,414.74,422.48,0,394.93,471.18,430.15,384.6,-0.01234,0.0073474,-1.987,0.011438,3.0518e-05
1538,1580,3,-0.98887,501.64,491.75,0,468.8,533.46,541.27,441.4,0.0006999,0.0027252,-1.6093,-0.0037429,0.00012207
1539,1581,0,-0.97568,374.32,383.98,0,362.82,430.27,385.13,340.49,-0.0029638,0.0019635,-1.8282,0.043233,3.0518e-05
1540,1582,3,-0.97412,490.41,466.72,0,452.51,508.77,518.07,436.03,0.0037186,0.0016431,-1.7751,0.020948,6.1035e-05
1541,1583,0,-0.96409,343.72,359.03,0,330.27,391.4,358.97,322.34,0.00055861,0.0034547,-1.7635,-0.00040594,3.0518e-05
1542,1584,0,-1.4168,455.56,454.48,0.42188,448.5,494.43,462.63,414.52,-0.010312,0.26019,-1.7062,0.0045144,6.1035e-05
1543,1585,3,-0.93018,477.12,477.19,0,443.35,531.65,501.76,437.45,0.0050376,0.0055959,-1.6641,0.0352,0.00012207
1544,1586,3,-1.009,543.31,530.37,0,498.13,577.26,583.18,488.99,-0.0021963,0.0024813,-1.2947,0.0122,0.00012207
1545,1587,3,-0.90778,514.16,498.28,0,487.11,527.89,556.35,452.09,0.020008,0.0021663,-1.4762,0.01036,0.00012207
1546,1588,2,-0.97161,499.64,507.99,0,472.83,552.13,530.02,457.96,0.00030773,0.0020014,-1.7293,0.0053806,9.1553e-05
1547,1589,0,-1.021,402,399.94,0,386.26,442.82,411.44,374.22,0.030592,0.0025166,-2.0019,-0.0066502,6.1035e-05
1548,1590,3,-1.043,567.43,536.87,0,533.04,583.29,599.73,493.26,0.004652,0.0029303,-1.4418,0.0065129,0.00012207
1549,1591,1,-0.94438,457.75,470.32,0,435.85,512.77,485.91,415.73,0.013332,0.0021151,-1.6154,0.0038701,9.1553e-05
1550,1592,2,-0.95007,477.3,468.03,0,444.67,511.34,509.93,424.72,0.011714,0.0025347,-1.6467,0.009093,0.00012207
1551,1593,2,-0.9075,448.35,448.49,0,432.99,471.35,479.79,401.69,-0.0088856,0.0016825,-1.6223,0.0072934,6.1035e-05
1552,1594,0,-0.95824,354.09,381.9,0,342.14,413.56,370.48,338.53,-0.0031838,0.0038005,-1.7071,0.0027077,6.1035e-05
1553,1595,0,-1.1272,455.29,465.53,0.0625,440.04,505.97,471.52,422.49,-0.0036919,0.059788,-1.608,0.017861,6.1035e-05
1554,1596,1,-1.0528,384.41,355.73,0,366.39,397.98,393.21,335.1,-0.032004,0.0062865,-2.0903,-0.00082688,6.1035e-05
1555,1597,0,-0.97181,436.8,440.78,0,420.61,477.88,455.13,398.73,-0.0013722,0.0035006,-2.0549,0.003944,6.1035e-05
1556,1598,2,-1.0355,460.87,447.67,0,440.11,506.9,474.18,409.7,-0.0081925,0.0019872,-1.8222,0.024204,9.1553e-05
1557,1599,0,-0.96444,406.4,410.76,0,398.32,437.86,418.22,371.14,-0.0099657,0.0039974,-1.7953,0.00080633,6.1035e-05
1558,1600,0,-0.95723,449.15,445.25,0.015625,432.6,486.68,462.87,410.92,0.042182,0.012266,-2.0658,0.0046093,6.1035e-05
1559,1601,3,-0.98181,483.26,461.54,0,457.18,502.01,506.28,425.84,0.011647,0.0018446,-1.7857,0.018909,9.1553e-05
1560,1602,1,-0.88971,381.41,359.35,0,371.55,378.76,394.91,332.76,-0.0063282,0.0022141,-1.9979,0.0070455,6.1035e-05
1561,1603,2,-0.9757,457.71,453.41,0,444.6,477.39,484.57,404.3,-0.003345,0.0018726,-1.3604,0.00042709,6.1035e-05
1562,1604,0,-0.86122,460.58,472.43,0.015625,446.59,504.79,476.42,435.75,0.0064756,0.014617,-1.9738,-0.003022,6.1035e-05
1563,1605,0,-0.98917,413.52,424.61,0,390.33,462.51,432.73,393.2,-0.018304,0.0053503,-1.9567,0.035676,6.1035e-05
1564,1606,3,-1.0538,487.75,473.96,0,459.14,519.39,516.36,428.54,0.0065807,0.0062781,-1.6004,0.026403,0.00012207
1565,1607,0,-0.99322,410.3,414.23,0,392.87,449.72,426.67,380.88,0.046908,0.002335,-1.9335,0.01006,6.1035e-05
1566,1608,3,-1.02,560.17,524.29,0,518.55,570.27,592.54,488.53,0.025963,0.0015876,-1.5658,0.020487,0.00012207
1567,1609,3,-0.97273,460.04,434.1,0,443.08,462.76,480.51,399.51,-0.0064282,0.0011827,-1.819,0.0083988,6.1035e-05
1568,1610,1,-1,486.72,483.12,0,468.92,543.44,500.56,436.2,0.001284,0.0026201,-1.9284,0.021014,9.1553e-05
1569,1611,0,-0.86779,392.5,421.76,0,376.89,463.18,411.34,371.76,-0.012008,0.0067214,-1.9251,-0.008035,6.1035e-05
1570,1612,1,-0.97451,264.48,257.86,0,251.92,285.34,274.88,235.09,0.0022508,0.0016029,-1.8444,-0.0030392,6.1035e-05
1571,1613,2,-1.0796,535.65,505.41,0,509.99,561.46,556.91,458.98,0.010148,0.0075752,-1.9054,0.012702,0.00012207
1572,1614,2,-0.97244,532,537.3,0,494,597.36,563.49,487.54,0.0080182,0.0031596,-1.7377,0.041091,0.00012207
1573,1615,3,-0.9677,486.06,453.35,0,469.19,486.07,506.41,413.86,0.012585,0.0025521,-1.6221,0.026392,9.1553e-05
1574,1616,1,-1.0394,438.27,445.39,0,414.42,486.01,463.66,402.14,0.032458,0.0043433,-1.5088,0.019249,6.1035e-05
1575,1617,0,-0.98236,457.3,493.78,0.078125,448.44,522.37,473.1,442.82,-0.0031427,0.038635,-1.6821,0.0082562,3.0518e-05
1576,1618,2,-1.0538,485.19,464.5,0,454.01,525.92,505.18,425.13,0.0017491,0.0040954,-1.7539,0.0016106,6.1035e-05
1577,1619,2,-0.90544,448.98,446.21,0,425.23,481.9,477.63,403.14,0.017469,0.0051078,-1.5544,0.010357,0.00012207
1578,1620,0,-1.0019,400.15,416.72,0,386.21,450.77,419.24,370.05,0.022549,0.0012648,-1.7189,0.011043,6.1035e-05
1579,1621,0,-0.93383,454.14,488.54,0,436.59,530.66,476.71,434.38,-0.00064917,0.0015639,-1.9267,-0.00058712,6.1035e-05
1580,1622,2,-0.98831,451.88,472.41,0,430.77,520.67,479.01,410.37,-0.00466,0.0029779,-1.4074,0.019323,9.1553e-05
1581,1623,0,-0.98184,412.69,440.01,0,397.46,476.18,434.95,387.14,0.0015373,0.0020281,-1.8779,0.0031532,3.0518e-05
1582,1624,0,-1.0054,422.99,458.14,0.125,407.52,507.22,441.65,398.9,-0.023746,0.072979,-1.7749,0.010274,6.1035e-05
1583,1625,0,-0.88508,434.94,469.28,0,413.58,523.11,457.68,411.98,-0.0090774,0.0031233,-1.8412,0.0040968,3.0518e-05
1584,1626,3,-0.91411,502.78,472.98,0,477.17,530.88,522.69,427.95,0.0022412,0.0021715,-1.7576,0.00043716,0.00012207
1585,1627,2,-0.93933,472.93,475.98,0,445.7,546.62,490.39,430.7,0.016244,0.00097518,-1.7226,0.010732,9.1553e-05
1586,1628,2,-0.89505,447.35,456.59,0,409.89,522.21,476.49,405.55,0.075204,0.0017458,-1.8128,0.01892,9.1553e-05
1587,1629,3,-0.97797,466.25,451.59,0,431.69,500.99,493.13,413.17,0.019699,0.0023883,-1.5553,0.0077764,0.00012207
1588,1630,2,-0.96437,532.59,526.27,0,495.93,587.53,564.94,472.22,-0.0045342,0.0019121,-1.6438,0.0055327,0.00012207
1589,1631,3,-0.94303,422.9,438.24,0,400.92,470.74,451.16,396.45,-0.0094503,0.0009957,-1.4473,0.067468,9.1553e-05
1590,1632,1,-0.94971,469.02,474.32,0,438.09,540.45,493.08,422.88,-0.0036161,0.0015562,-1.7169,0.015835,6.1035e-05
1591,1633,2,-0.93984,499.37,489.96,0,463.33,544.98,529.24,444.36,0.00066359,0.0014373,-1.7388,0.0045142,0.00012207
1592,1634,0,-1.013,404.1,442.31,0,384.52,489.68,429.27,381.41,0.0018215,0.0066168,-1.5911,0.0057874,3.0518e-05
1593,1635,0,-0.88257,395.76,438,0,379.92,476.38,420.46,378.12,0.00025929,0.0013313,-1.7138,0.00019453,6.1035e-05
1594,1636,3,-0.92636,554.03,580.45,0,517.41,626.48,607.55,513.17,0.0055312,0.0015646,-1.134,0.031183,0.00012207
1595,1637,2,-0.99107,458.83,464.4,0,434.38,515.16,486.54,406.88,0.006414,0.0012846,-1.5843,0.0021606,9.1553e-05
1596,1638,2,-0.95722,528.61,542.23,0,495.59,605.88,561.62,478.57,0.018357,0.0016946,-1.5054,0.0098022,0.00012207
1597,1639,2,-1.0384,499.34,508.01,0,466.44,570.89,526.59,455.91,-0.00018109,0.0029435,-1.5261,0.013121,0.00012207
1598,1640,3,-0.91074,479.27,504.79,0,446.65,562.12,511.89,447.46,0.00079178,0.0023757,-1.4608,0.031357,0.00012207
1599,1641,2,-0.96393,488.09,503.51,0,455.8,570.09,520.39,436.93,0.0030407,0.0032912,-1.5575,0.01024,6.1035e-05
1600,1642,2,-0.92795,544.73,540.14,0,492.51,637.6,572.08,489.09,0.005778,0.0013079,-1.7121,0.0075676,0.00012207
1601,1643,3,-0.98031,455.24,464.86,0,440.05,498.56,478.93,412.29,0.025071,0.00083695,-1.3984,0.01181,6.1035e-05
1602,1644,1,-1.0326,467.95,482.22,0,439.82,526.69,497.89,434.89,-0.0055877,0.0046881,-1.6085,0.0042147,6.1035e-05
1603,1645,2,-0.91661,482.08,507.28,0,461.11,555.59,514.78,431.92,0.007446,0.0014395,-1.44,0.01092,9.1553e-05
1604,1646,2,-0.98621,493.05,505.36,0,465.52,564.08,522.36,442.85,0.0035075,0.00095771,-1.6193,0.01836,0.00012207
1605,1647,0,-1.0443,457.09,525.68,0.0625,437.99,582.35,477.42,465.35,0.0016807,0.036647,-1.7897,-0.001877,6.1035e-05
1606,1648,3,-0.99594,575.2,566.37,0,546.79,617.59,607.4,508.32,0.0090226,0.0027201,-1.5546,0.026882,9.1553e-05
1607,1649,2,-0.99903,459.21,452.1,0,431.66,493.16,488.54,408.39,-0.01145,0.0021979,-1.8062,0.027433,9.1553e-05
1608,1650,2,-0.99506,522.37,497.82,0,489.54,538.46,551.34,461.97,-0.00033278,0.002051,-1.7583,0.038386,0.00012207
1609,1651,0,-0.98121,396.97,419.02,0,374.04,458.95,418.51,381.5,-0.02118,0.0050461,-1.8984,0.026448,6.1035e-05
1610,1652,0,-0.99794,455.25,493.81,0.015625,431.97,550.33,477.11,440.71,0.0026774,0.01125,-1.9831,-0.0037979,6.1035e-05
1611,1653,3,-1.021,508.07,489.6,0,487.58,541.45,527.31,440.9,0.0069759,0.0026565,-1.595,0.094924,6.1035e-05
1612,1654,3,-1.0038,542.64,556.59,0,509.61,595.18,590.91,500.19,0.0019886,0.002667,-1.4466,0.010679,0.00012207
1613,1655,3,-1.0016,519.15,513.92,0,494.29,556.78,545.62,468.29,0.0065157,0.0011862,-1.596,0.020211,0.00012207
1614,1656,3,-1.0396,436.85,451.04,0,412.52,475.91,477.41,409.58,0.018548,0.00089692,-1.2708,0.017934,9.1553e-05
1615,1657,1,-1.0578,535.48,511.14,0,491.53,557.64,565.55,479.32,-0.010294,0.0015714,-1.8718,0.060159,0.00012207
1616,1658,1,-1.0015,410.15,407.18,0,392.9,448.02,428.52,363.7,0.0016726,0.0015612,-1.7661,0.030857,6.1035e-05
1617,1659,0,-0.93014,440.47,478.88,0,415.22,524.4,467.34,430.44,-0.012793,0.0038972,-1.7903,0.016623,6.1035e-05
1618,1660,3,-0.94896,540.68,534.27,0,515.5,587.67,571.07,469.81,0.016341,0.0023196,-1.5252,0.034086,0.00012207
1619,1661,2,-0.98972,543.7,558.03,0,514.01,614.58,579.55,489.78,0.018298,0.0019179,-1.4149,0.023888,0.00012207
1620,1662,1,-0.98279,418.04,383.99,0,400.72,413.53,430.69,362.43,-0.0025754,0.002528,-2.0188,-0.0015547,6.1035e-05
1621,1663,3,-1.1067,495.47,496.88,0,470.06,545.07,522.52,445.58,-0.0074188,0.0077883,-1.46,0.028811,0.00012207
1622,1664,1,-1.0577,380.24,395.8,0,367.86,421.48,403.87,346.76,0.0042024,0.0026885,-1.5721,0.0025213,6.1035e-05
1623,1665,1,-1.0065,478.43,473.35,0,457.54,528.09,498.05,421.92,0.015008,0.0049003,-1.6362,0.016482,9.1553e-05
1624,1666,2,-1.0271,538.72,509.94,0,502.48,556.28,565.16,476.13,-0.0073991,0.0028171,-1.7354,0.0083936,0.00012207
1625,1667,1,-0.99722,470.36,480.17,0,445.38,519.31,502.49,429.85,-0.0065892,0.0024951,-1.5806,0.012849,9.1553e-05
1626,1668,0,-0.97638,454.88,454,0.03125,431.25,502.99,469.06,424.61,-0.0068586,0.019662,-2.0556,0.0031975,6.1035e-05
1627,1669,3,-1.009,526.66,530.79,0,501.49,582.35,557.05,468.57,0.015336,0.0031682,-1.3089,0.017917,0.00012207
1628,1670,1,-0.98407,427.67,458.41,0,403.94,497.67,462.35,401.03,0.011012,0.0014495,-1.3949,-0.0033916,9.1553e-05
1629,1671,1,-0.91874,418.75,428.65,0,394.59,466.03,446.14,386.3,0.0066548,0.0040427,-1.7234,0.0020418,6.1035e-05
1630,1672,3,-0.98575,562.4,538.75,0,517.9,593.66,594.87,498.68,0.035359,0.0024597,-1.4546,0.029081,0.00012207
1631,1673,0,-0.96834,419.22,436.77,0,396.16,486.75,439.56,392.67,0.0017074,0.0010192,-1.8775,-0.0024285,6.1035e-05
1632,1674,3,-1.0044,495.77,490.07,0,466.01,528.97,531.68,443.11,-0.002702,0.0016516,-1.3338,0.032595,0.00012207
1633,1675,0,-1.1942,459.92,466.55,0.25,444.53,507.07,476.32,423.43,0.0058262,0.14961,-1.7219,-0.0058825,6.1035e-05
1634,1676,3,-0.98895,559.16,556.31,0,519.92,600.25,600.92,509.55,0.0027194,0.0038527,-1.3798,0.1248,0.00012207
1635,1677,3,-0.98137,467.97,495.86,0,443.2,539,501.93,436.73,-0.0036799,0.0030374,-1.4132,0.016529,6.1035e-05
1636,1678,1,-0.87416,376.08,371.26,0,359.89,401.72,393.31,338.84,-0.0092749,0.00929,-1.8129,0.0029,3.0518e-05
1637,1679,0,-0.95652,393.32,390.34,0,376.97,422.09,409.67,358.59,0.00010907,0.004023,-1.8624,0.0010223,3.0518e-05
1638,1680,2,-0.99658,530.2,523.01,0,504.69,570.47,555.72,475.56,0.0045257,0.0043639,-1.6391,0.0055752,0.00012207
1639,1681,0,-0.91161,411.17,449.62,0,395.62,483.56,438.89,389.12,0.008119,0.0013344,-1.7558,7.3949e-05,6.1035e-05
1640,1682,3,-1.0121,505.16,487.04,0,478.41,530.52,531.92,443.55,0.0012573,0.0041115,-1.5931,0.0062482,0.00012207
1641,1683,0,-0.95514,318.04,319.12,0,307.04,340.76,330.5,294.6,-3.8531e-05,0.0048019,-2.0263,-0.0015938,6.1035e-05
1642,1684,3,-0.94244,550.78,539.1,0,520.68,581.46,589.47,484.63,0.00053445,0.0015705,-1.3161,0.010398,0.00012207
1643,1685,0,-1.0196,400.31,406.38,0,375.96,453.09,419.24,370.05,0.010872,0.0023038,-1.5588,-0.00036188,6.1035e-05
1644,1686,3,-0.97478,523.9,504.87,0,488.45,563.05,551.48,459.61,-0.0040314,0.001463,-1.5895,0.013693,0.00012207
1645,1687,3,-0.97465,493.79,468.52,0,463.97,517.84,521.81,422.2,0.0072613,0.0013526,-1.4965,0.012296,9.1553e-05
1646,1688,2,-1.0506,481.43,459.95,0,454.65,503.54,508.21,416.37,0.0027036,0.0019226,-1.7833,-0.00038865,6.1035e-05
1647,1689,2,-0.95357,494.32,512.56,0,469.24,556.1,526.55,456.58,-0.0039313,0.0026422,-1.417,0.0063723,9.1553e-05
1648,1690,2,-0.97721,523.1,532.23,0,496.24,578.99,559.9,468.15,0.0087834,0.00096514,-1.487,0.016189,9.1553e-05
1649,1691,3,-0.98119,549.72,552.7,0,515.78,609.52,581.59,499.32,0.0040568,0.0011467,-1.4471,0.020712,0.00012207
1650,1692,3,-1.0487,517.21,491.53,0,486.92,534.75,547.5,448.32,-0.00072536,0.0015341,-1.497,0.013181,0.00012207
1651,1693,0,-0.97959,351.04,367.27,0,339.26,391.78,369.43,329.02,-0.0019465,0.0038279,-1.4087,-0.00060006,6.1035e-05
1652,1694,3,-0.94729,481.18,487.53,0,454.98,530.3,512.81,435.91,-0.0098504,0.001676,-1.5611,0.027849,0.00012207
1653,1695,3,-0.94615,513.17,499.97,0,473.86,562.83,538.36,459.68,0.0076733,0.0022971,-1.6456,0.011033,0.00012207
1654,1696,1,-0.91049,394.01,384.42,0,368.43,418.6,416.58,354.27,0.015687,0.0033134,-1.8023,0.0039497,6.1035e-05
1655,1697,3,-0.97671,549.67,524.79,0,523.24,570.67,579.63,472.79,0.0085353,0.0019516,-1.4828,0.028435,0.00015259
1656,1698,2,-0.9935,502.38,470.22,0,470.85,523.27,525.4,431.51,0.0072583,0.0011153,-1.9957,0.0034596,6.1035e-05
1657,1699,3,-0.9855,481,486.44,0,445.15,534.84,510.7,446.35,0.0086114,0.0014632,-1.5977,0.018476,0.00012207
1658,1700,2,-1.049,487.43,441.09,0,461.1,500.15,505.44,400.69,0.0040455,0.0021575,-1.8777,-0.00084536,9.1553e-05
1659,1701,3,-0.91604,499.91,489.96,0,474.52,535.97,526.95,440.99,0.0051151,0.0014766,-1.6232,0.014733,0.00012207
1660,1702,1,-0.88087,542.61,562.21,0,516.57,609.53,576.09,501.36,-0.010553,0.0021349,-1.6149,0.0065126,0.00012207
1661,1703,3,-0.91852,466.48,463.56,0,439.29,504.25,495.43,420.25,0.00042538,0.001462,-1.6879,0.0036706,9.1553e-05
1662,1704,2,-0.86139,519.74,534.27,0,483.03,594.09,552.13,481.48,0.0035892,0.0013318,-1.6506,0.01542,0.00012207
1663,1705,2,-0.94178,491.16,498.05,0,461.17,548.96,521.15,447.13,0.0028813,0.0015399,-1.6921,0.0067329,6.1035e-05
1664,1706,1,-0.96556,408.64,447.25,0,386.99,491.34,436.49,390.57,-0.020498,0.0028,-1.7493,0.011234,6.1035e-05
1665,1707,2,-0.97113,434.38,443.2,0,412.47,494.74,457.71,388.33,-0.0051981,0.0027822,-1.6476,0.016853,6.1035e-05
1666,1708,3,-0.95836,544.51,538.73,0,507.93,595.81,578.88,485.1,0.0083017,0.0013427,-1.6103,0.024461,0.00012207
1667,1709,1,-1.0065,405.34,429.8,0,387.02,469.6,432.12,371.64,0.0035873,0.0024493,-1.6553,0.0034179,6.1035e-05
1668,1710,0,-0.98112,388.48,389.02,0,369.69,431.55,403.09,355.94,-6.4317e-05,0.0019195,-2.1539,0.00014157,3.0518e-05
1669,1711,0,-0.96838,371.42,389.09,0,352.91,429.63,389.93,348.54,0.00020307,0.0024381,-2.0134,-0.0017306,3.0518e-05
1670,1712,0,-0.89075,393.83,400.71,0,380.93,432.21,406.72,369.22,0.00040917,0.0019954,-2.0496,-0.00098364,6.1035e-05
1671,1713,3,-0.95446,533.24,541.52,0,504.27,595.68,566.07,480.15,0.0078056,0.0022382,-1.5058,0.019542,0.00012207
1672,1714,0,-0.95706,381.11,403.42,0,357.67,439.92,407.67,362.05,-0.022488,0.0026464,-1.8063,0.066557,3.0518e-05
1673,1715,0,-0.97175,325.13,336.57,0,310.78,372.91,339.49,300.22,0.008506,0.0020328,-1.858,-0.0011001,3.0518e-05
1674,1716,0,-0.98478,333.37,343.93,0,321.36,375.77,346.99,307.85,-0.008096,0.003885,-1.9257,0.00059726,6.1035e-05
1675,1717,0,-0.96015,409.77,426.13,0,390.85,466.06,429.9,383.64,0.0080994,0.0016703,-1.9305,0.0034329,6.1035e-05
1676,1718,0,-0.97955,413.17,426.08,0,400.32,454.42,431.95,384.66,-0.030963,0.0010879,-1.7818,0.0015807,6.1035e-05
1677,1719,1,-1.0231,427.75,426.32,0,406.08,462.37,449.42,390.28,0.0031805,0.0074163,-1.6107,0.00013214,6.1035e-05
1678,1720,3,-0.89954,497.97,495.25,0,479.37,531.43,527,438.8,0.0092012,0.0034616,-1.5256,0.013832,0.00012207
1679,1721,0,-0.94828,454.52,489.47,0,434.06,536.88,476.3,438.99,-0.00529,0.0016452,-1.9901,0.0031778,6.1035e-05
1680,1722,1,-0.97396,398.89,383.54,0,369.32,444.24,412.33,355.95,0.0015212,0.0040667,-2.1389,-0.00044245,6.1035e-05
1681,1723,0,-0.97304,369.29,386.63,0,355.87,416.81,386.54,347.83,-0.011334,0.0015338,-1.8925,0.0055039,3.0518e-05
1682,1724,1,-0.95829,417.35,417.16,0,401.15,454.24,436.9,372.4,0.0010029,0.0016892,-1.8217,0.01346,3.0518e-05
1683,1725,2,-0.96543,432.02,432.14,0,423.15,480.92,442.72,373.27,0.0071745,0.0045139,-1.7002,0.022946,9.1553e-05
1684,1726,3,-0.9824,567.03,532.7,0,525.63,590.51,597.24,490.51,0.0059533,0.0028623,-1.6924,0.026364,0.00012207
1685,1727,3,-1.0153,540.9,502.87,0,508.25,546.68,569.71,464.21,0.0013279,0.0017853,-1.5241,0.0058101,0.00018311
1686,1728,3,-0.95031,495.83,487.44,0,469.07,533.07,524.31,438.86,-0.015794,0.002333,-1.4979,0.018968,0.00012207
1687,1729,3,-1.0767,484.74,481.13,0,447.73,541.46,510.07,439.85,0.003086,0.0030511,-1.6079,0.058907,0.00012207
1688,1730,1,-1.0251,382.61,384.17,0,371.68,434.24,392.88,337.14,-0.015275,0.0035167,-1.8065,0.028383,6.1035e-05
1689,1731,2,-0.97004,560.2,512.1,0,523.93,571.6,580.55,478.72,0.015589,0.0027035,-1.859,0.015535,0.00012207
1690,1732,1,-1.0232,517.42,541.41,0,485.06,600.21,551.86,478.81,-0.00074547,0.0028363,-1.7194,0.014335,6.1035e-05
1691,1733,0,-1.1945,458.07,492.92,0.20312,440.68,542.67,476.58,439.95,-0.013751,0.11461,-1.8751,0.023112,6.1035e-05
1692,1734,2,-1.0067,503.85,495.84,0,484.1,558.15,520.22,444.2,0.018095,0.010371,-1.6191,0.017302,6.1035e-05
1693,1735,0,-1.0429,380.99,396.39,0,369.76,415.92,401,361.57,0.00038975,0.0046731,-1.847,0.00041929,6.1035e-05
1694,1736,1,-0.95434,450.07,456.22,0,423.47,497.89,473.53,419.45,0.0058735,0.0026108,-1.9505,0.0069287,6.1035e-05
1695,1737,3,-0.97398,515.29,494.54,0,491.46,540.49,542.29,442.46,0.005712,0.0024789,-1.4705,0.018025,0.00012207
1696,1738,1,-0.96846,412.12,421.6,0,386.66,477.5,430.69,380.8,0.0053709,0.0026675,-1.7994,0.0017762,6.1035e-05
1697,1739,2,-0.89824,453.51,448.23,0,430.19,487.8,476.83,408.67,0.00016419,0.0015083,-1.5074,0.017157,9.1553e-05
1698,1740,1,-0.96748,448.53,443.45,0,430.36,488.28,466.7,398.63,0.014764,0.0014439,-1.7516,0.0058515,6.1035e-05
1699,1741,0,-0.978,422.29,437.77,0.015625,407.15,473.44,439.46,397.35,-0.0066069,0.01164,-1.7045,0.00095901,6.1035e-05
1700,1742,2,-0.88915,566.98,539.97,0,518.91,622.03,588.84,502.67,0.0058262,0.001868,-1.8987,0.017368,0.00012207
1701,1743,3,-0.97719,581.68,574.64,0,563.48,637.05,602.3,503.9,0.0069021,0.0020309,-1.3393,0.019856,0.00012207
1702,1744,1,-0.87465,414.01,403.14,0,402.3,441.99,427.28,359.1,-0.017794,0.0080468,-1.7912,0.005971,6.1035e-05
1703,1745,1,-0.98575,522.38,504.45,0,505.98,564.96,534.34,460.29,0.0014276,0.0034607,-1.6308,0.013351,6.1035e-05
1704,1746,3,-0.95846,521.79,512.78,0,500.47,558.48,545.95,461,-0.0016277,0.0026876,-1.4802,0.0086658,0.00012207
1705,1747,1,-1.0402,513.4,498.29,0,479.71,543.26,539.61,463.33,0.000946,0.006236,-1.7254,0.012907,0.00012207
1706,1748,1,-1.041,484.74,490.53,0,456.08,534.74,511.66,449,-0.0049227,0.0045579,-1.7973,0.010763,6.1035e-05
1707,1749,1,-0.89726,449.99,466.87,0,424.34,504.3,479.04,424.45,-0.00069481,0.005539,-1.7798,0.0094366,9.1553e-05
1708,1750,2,-0.9941,454.49,450.51,0,430.38,499.8,475.75,407.03,0.026012,0.0022619,-1.6167,0.032481,6.1035e-05
1709,1751,1,-0.82739,476.67,468.1,0,450.46,520.75,497.05,427.16,-0.025374,0.0057961,-1.9291,0.0087234,6.1035e-05
1710,1752,0,-0.99286,347.79,357.68,0,336.06,399.79,356.91,324.93,-0.0029986,0.0031144,-1.8389,0.0034841,3.0518e-05
1711,1753,3,-0.97887,529.82,492.7,0,498.83,531.5,560.8,453.9,0.012926,0.0024347,-1.5669,0.010351,0.00012207
1712,1754,0,-1.0458,423.67,445.12,0,403.31,481.01,449.85,398.98,0.023313,0.012638,-1.5767,0.016979,6.1035e-05
1713,1755,0,-0.9195,431.68,458.06,0,415.28,492.02,455.65,408.42,-0.0074228,0.00079862,-1.7086,0.0046645,6.1035e-05
1714,1756,1,-0.9557,465.26,471.8,0,439.38,520.7,488.1,428.65,-0.014399,0.00084022,-1.7791,0.0066503,9.1553e-05
1715,1757,0,-1.2598,460.58,486.9,0.3125,452.08,539.68,469.64,430.72,0.035881,0.22344,-1.6023,0.01349,9.1553e-05
1716,1758,2,-0.96888,498.08,494.96,0,474.12,544.64,520.59,448.29,0.0053368,0.002166,-1.6449,0.0094477,6.1035e-05
1717,1759,1,-0.86204,466.7,502.11,0,445.54,557.05,492.23,435.8,-0.0084314,0.0097602,-1.62,0.012722,9.1553e-05
1718,1760,0,-1.0061,439.29,445.69,0,412.42,492.34,458.9,411.65,0.0034335,0.0012765,-2.0575,0.0070534,6.1035e-05
1719,1761,2,-0.97084,498.69,520.51,0,476.39,564.09,529.25,460.79,0.0013027,0.0024899,-1.3969,0.084113,0.00012207
1720,1762,2,-0.87265,464.49,459.36,0,436.8,501.81,493.97,414.17,-0.0026932,0.0013662,-1.6216,0.026875,9.1553e-05
1721,1763,1,-1.0553,485.03,497.42,0,470.46,535.81,509.31,433.44,-0.0037222,0.0076958,-1.4599,0.012012,6.1035e-05
1722,1764,1,-0.87515,464.41,478.39,0,434.15,527.22,494.67,429.56,-0.0013468,0.0014627,-1.7299,0.010513,6.1035e-05
1723,1765,3,-1.0371,520,492.92,0,494.27,538.64,544.17,449.98,0.004449,0.0012217,-1.5185,0.025544,6.1035e-05
1724,1766,2,-0.99639,467.64,474.74,0,436.69,529.74,496.71,423.08,0.017066,0.0033324,-1.6128,0.011002,6.1035e-05
1725,1767,1,-1.0721,406.16,414.38,0,383.74,455.26,430.03,370.86,-0.0042243,0.0043156,-1.6847,0.0079751,6.1035e-05
1726,1768,2,-0.93111,437.85,450.93,0,409.48,504.39,464.49,400.71,-0.0014827,0.0030484,-1.7521,0.019715,6.1035e-05
1727,1769,2,-0.9993,494.69,460.93,0,466.69,510.68,519.4,417.03,-0.0013081,0.0018244,-1.8554,0.021447,6.1035e-05
1728,1770,3,-0.97775,488.41,470.79,0,457.14,510.87,517.79,433.14,0.0097881,0.0014084,-1.7188,0.020726,6.1035e-05
1729,1771,1,-0.96418,513.54,562.57,0,498.22,604.26,544.92,477.2,0.01739,0.0043762,-1.4745,0.025202,0.00012207
1730,1772,1,-0.96183,469.46,492.28,0,435.96,544.75,502.96,439.81,0.016009,0.0025274,-1.7117,0.0086399,6.1035e-05
1731,1773,1,-1.0029,431.48,448.12,0,413.16,480.96,462.01,393.38,-0.0047694,0.0049119,-1.6244,0.0029519,6.1035e-05
1732,1774,2,-0.92055,425.11,432.18,0,394.9,484.13,447.17,394.27,0.0023579,0.0027926,-1.8466,0.0012252,9.1553e-05
1733,1775,0,-0.98443,444.57,468.15,0,423.99,514.74,466.49,418.56,0.0005484,0.0019633,-1.945,-0.0021788,6.1035e-05
1734,1776,2,-0.89205,429.93,430.61,0,409.85,470.93,451.3,387.69,0.0027655,0.0018142,-1.7625,0.019796,9.1553e-05
1735,1777,3,-0.90718,397.48,401.11,0,381.04,434.38,420.01,355.53,0.0056435,0.002329,-1.7009,0.0074554,9.1553e-05
1736,1778,1,-0.99849,335.94,339.54,0,318.4,367.31,355.81,308.06,-0.0036807,0.010856,-1.821,0.018577,3.0518e-05
1737,1779,2,-0.9565,529.03,512.05,0,503.37,575.8,554.7,448.3,0.0035318,0.0033069,-1.6828,0.037259,9.1553e-05
1738,1780,2,-1.0425,486.91,476.45,0,467.82,543.38,504.84,413.59,0.0061137,0.0041213,-1.6338,0.02448,6.1035e-05
1739,1781,1,-0.984,304.81,292.89,0,291.5,316.97,318.12,268.82,0.0025115,0.0027959,-1.9723,0.0040047,3.0518e-05
1740,1782,3,-0.98608,561.42,563.87,0,532.59,614.12,600.92,495,0.0077182,0.0035214,-1.5422,0.011057,0.00012207
1741,1783,2,-0.93666,501.94,482.83,0,465.18,538.98,527.09,444.41,0.019076,0.0021669,-1.844,0.013291,6.1035e-05
1742,1784,2,-0.96689,501.97,514.31,0,477.33,570.26,529.9,450.9,0.014908,0.0011627,-1.6169,0.0037328,0.00012207
1743,1785,3,-0.98034,527.57,500.91,0,501.43,551.76,552.12,453.14,0.0023719,0.002272,-1.5764,0.013702,0.00012207
1744,1786,3,-0.96009,486.6,455.84,0,459.48,512.66,506.4,414.38,0.0087196,0.0017285,-1.7608,0.010047,9.1553e-05
1745,1787,1,-1.004,537.04,560.44,0,512.58,616.74,566.55,492.49,-0.00032819,0.0055012,-1.629,0.039351,0.00012207
1746,1788,2,-0.991,457.81,470.37,0,434.07,511.61,488.34,417.36,0.0025235,0.0031924,-1.4549,0.0070995,9.1553e-05
1747,1789,0,-0.96965,417.12,419.99,0,399.32,456.06,432.82,388.16,-0.0031297,0.0060877,-1.9833,0.0017915,6.1035e-05
1748,1790,0,-0.9534,417.17,449.72,0,395.52,487.43,445.01,401.24,-0.0020222,0.0011546,-1.6355,0.0018241,6.1035e-05
1749,1791,3,-1.0118,568.65,533.66,0,532.1,588.93,602.99,481.74,0.012347,0.0017258,-1.6151,0.038297,0.00012207
1750,1792,0,-0.98958,441.67,464.15,0.03125,423.48,517.81,459.85,410.5,0.0027414,0.021026,-1.8991,-0.00204,6.1035e-05
1751,1793,1,-0.94443,396.6,391.63,0,378.05,426.71,416.35,354.28,0.00032171,0.0013589,-1.681,0.0066139,6.1035e-05
1752,1794,1,-1.0451,382.57,408.19,0,361.39,450.1,408.13,357.6,-0.0079528,0.012185,-1.3631,0.007398,6.1035e-05
1753,1795,2,-0.97375,450.1,462.03,0,430.42,516.82,472.4,399.94,-0.013718,0.0010147,-1.5095,0.023839,9.1553e-05
1754,1796,3,-1.0017,522.32,479.64,0,485.98,537.95,547.18,439.74,-0.0078566,0.0020883,-1.7003,0.0091214,0.00012207
1755,1797,3,-0.95407,543.73,513.54,0,513.09,563.66,572.51,466.46,0.011661,0.0014568,-1.6596,0.01682,0.00012207
1756,1798,2,-1.015,472.89,484,0,458.28,550.59,488.44,413.1,0.0098254,0.0056727,-1.5855,0.02073,6.1035e-05
1757,1799,3,-0.99858,520.73,511.75,0,493.2,577.36,542.15,460.71,0.026612,0.0015263,-1.6588,0.029408,6.1035e-05
1758,1800,3,-1.0208,456.72,473.27,0,437.04,517.42,487.43,404.39,0.0046307,0.002097,-1.1973,0.02797,9.1553e-05
1759,1801,0,-0.96971,366.46,388.64,0,348.58,433.2,383.26,346.78,-0.011184,0.0033847,-1.7328,0.00010919,6.1035e-05
1760,1802,1,-0.98417,354.26,361.35,0,335.01,407.39,370.21,323.2,-0.0018506,0.0027973,-1.7114,0.00015946,3.0518e-05
1761,1803,3,-1.0268,601.22,574.45,0,552,663.55,628.83,524.47,0.0055344,0.0015111,-1.7457,0.029747,0.00012207
1762,1804,2,-0.9936,589.37,581.09,0,547.53,659.16,624.04,516.41,0.0052487,0.0021544,-1.6114,0.015569,0.00012207
1763,1805,0,-0.97837,382.27,385.77,0,364.55,430.12,396.06,351.27,0.0049429,0.010656,-1.754,0.00044003,6.1035e-05
1764,1806,3,-1.02,530.19,514.57,0,504.03,572.88,554.77,459.79,0.01634,0.0024725,-1.652,0.020322,0.00012207
1765,1807,0,-1.0354,401.21,449.44,0,385.61,484.51,429.02,386.91,-0.0005014,0.0075077,-1.456,0.00075106,6.1035e-05
1766,1808,2,-0.96618,518.45,514.12,0,469.4,597.32,547.88,464.2,0.019315,0.0035012,-1.6242,0.010266,0.00012207
1767,1809,2,-0.96858,530.14,566.17,0,488.34,625.92,574.64,502.56,-0.0047177,0.0040597,-1.5253,0.0060315,0.00012207
1768,1810,2,-0.9961,477.39,494.31,0,446.08,554.58,508.7,434.04,0.037749,0.0014156,-1.6289,0.017159,9.1553e-05
1769,1811,2,-0.95915,523.06,504.7,0,484.08,564.43,551.51,461.11,-0.0021544,0.0028917,-1.8201,0.00691,0.00012207
1770,1812,3,-1.0331,564.31,526.43,0,524.2,605.08,590.02,476.01,0.02994,0.0018451,-1.8012,0.03226,0.00012207
1771,1813,2,-0.92263,476.98,470.73,0,446.21,551.22,496.71,419.13,-0.00016941,0.001284,-1.8145,0.014891,6.1035e-05
1772,1814,1,-0.97275,455.7,502.11,0,448.7,577.24,464.15,411.43,-0.0063858,0.0039316,-1.6353,0.021919,6.1035e-05
1773,1815,0,-0.93639,356.55,400.87,0,341.79,443.55,376.77,342.39,0.012905,0.0018038,-1.601,0.010865,3.0518e-05
1774,1816,0,-0.95278,428.14,457.92,0,407.79,500.59,452.7,406.42,-0.0038228,0.0049554,-2.0135,0.003047,6.1035e-05
1775,1817,3,-1.0381,550.36,549.1,0,526,594.04,581.67,491.32,0.014361,0.0018967,-1.4832,0.05229,0.00012207
1776,1818,2,-0.8666,508.66,516.09,0,479.17,588.68,536.36,447.9,0.023383,0.0016287,-1.7723,0.013776,0.00012207
1777,1819,0,-0.99997,379.8,398.72,0,363.88,443.38,396.74,351.18,0.0030426,0.0013054,-1.9072,-0.0076184,6.1035e-05
1778,1820,2,-0.91728,479.07,491.94,0,451.35,545.89,510.47,430.79,0.014451,0.00099288,-1.842,0.0076413,0.00012207
1779,1821,1,-0.89531,416.95,411.05,0,394.48,458.42,435.57,371.8,0.023318,0.0020975,-2.0357,-0.00079692,6.1035e-05
1780,1822,2,-0.97591,465.62,504.77,0,443.65,551.97,497.75,435.79,-0.0016203,0.0029428,-1.6739,0.021518,9.1553e-05
1781,1823,1,-0.88046,395.26,390.12,0,368.25,449.51,413.74,349.49,0.010908,0.0016219,-2.1121,0.0015678,6.1035e-05
1782,1824,2,-0.99182,525.17,538.59,0,483.22,608.86,562.18,476.58,0.017158,0.0039717,-1.7069,0.014018,9.1553e-05
1783,1825,1,-0.98123,386.1,387.62,0,366.1,447.97,401.65,340.68,-0.0012309,0.00091927,-1.8028,0.010323,6.1035e-05
1784,1826,0,-0.95003,373.2,410.26,0,357.81,447.72,395.69,355.5,0.0054075,0.0018677,-1.8374,-0.00046099,3.0518e-05
1785,1827,2,-0.92877,462.09,483.11,0,434.11,539.94,493.79,418.7,0.002567,0.0021108,-1.6199,0.021613,6.1035e-05
1786,1828,3,-0.99452,491.72,500.1,0,453.51,555.5,525.43,451.21,0.058806,0.0027318,-1.5388,0.01911,0.00012207
1787,1829,1,-0.82998,419.86,436.86,0,400.27,500.21,436.08,384.37,-0.016315,0.0064132,-1.8635,0.033496,6.1035e-05
1788,1830,1,-0.92895,483.65,493.68,0,445.56,561.07,515.21,437.85,-0.010999,0.0015688,-1.9098,0.010364,6.1035e-05
1789,1831,3,-0.97502,488.97,513.99,0,460.26,578.51,519.53,445.3,0.0061855,0.002616,-1.5574,0.014427,0.00012207
1790,1832,3,-1.0472,520.62,517.64,0,479.02,596.57,547.28,467.04,0.010453,0.0031637,-1.7231,0.028242,0.00012207
1791,1833,2,-0.90525,521.34,569.86,0,485.8,642.47,564.23,482.23,0.0090278,0.0015009,-1.6275,0.011162,9.1553e-05
1792,1834,2,-0.89619,503.84,529.86,0,472.09,604.74,535.6,454.97,0.0095976,0.0016392,-1.7182,0.0099161,9.1553e-05
1793,1835,3,-0.98408,514.87,501.98,0,481.86,564.47,542.23,450.2,0.0033228,0.0016774,-1.685,0.055277,0.00012207
1794,1836,0,-1.7589,472.1,498.82,0.78125,469.08,595.41,474.45,423.69,-0.012148,0.65996,-1.9319,0.00048829,6.1035e-05
1795,1837,0,-0.98582,400.74,401.43,0,377.4,467.64,412.96,366.75,0.00053626,0.0046451,-2.2223,0.00080997,3.0518e-05
1796,1838,3,-0.90748,512.21,513.9,0,474.93,584.8,541.21,458.76,0.0078831,0.01094,-1.6927,0.021049,9.1553e-05
1797,1839,1,-0.93302,397.93,385.51,0,370.86,455.42,411.16,351.38,-0.0054222,0.0054701,-2.1537,0.0038233,6.1035e-05
1798,1840,0,-0.99592,411.71,460.28,0,396.4,512.35,432.69,388.92,-0.010792,0.01108,-1.7043,0.0061728,6.1035e-05
1799,1841,0,-0.93621,439.23,464.86,0.015625,420.77,526.62,457.68,403.1,0.021663,0.014653,-1.9259,0.042454,6.1035e-05
1800,1842,0,-1.0461,446.94,483.93,0,431.39,593.17,457.59,409.19,-0.0014382,0.0045998,-2.0257,-0.0038882,6.1035e-05
1801,1843,0,-1.0043,434.92,474.03,0,413.84,527.37,460.37,409.65,-0.005137,0.0017359,-1.8038,0.0032004,3.0518e-05
1802,1844,1,-0.90712,471.03,511.57,0,439.89,584.67,498.51,447.07,-0.0038406,0.0019359,-1.7124,0.026062,6.1035e-05
1803,1845,3,-1.0235,493.94,488.25,0,473.65,546.58,518.44,417.86,0.014769,0.0024694,-1.6557,0.014249,9.1553e-05
1804,1846,0,-0.99098,437.18,470.03,0,415.58,528.23,460.18,408.08,0.019135,0.0017526,-1.7201,-0.0038726,6.1035e-05
1805,1847,1,-1.006,548.13,597.24,0,516.73,671.79,586.02,507.26,0.019367,0.0031379,-1.6918,0.027935,0.00012207
1806,1848,0,-0.87382,373.57,437.54,0,350.31,506,398.34,364.66,-0.0024782,0.004906,-1.7445,-0.0022096,3.0518e-05
1807,1849,2,-1.0042,485.31,493.39,0,441.38,556.13,521.7,441.4,0.012526,0.0023705,-1.624,0.012167,6.1035e-05
1808,1850,2,-0.93042,412.03,445.36,0,392.37,524.14,428.33,380.1,0.0072408,0.0015531,-1.6734,0.022039,9.1553e-05
1809,1851,3,-0.85065,434.23,456.09,0,407.92,503.75,466,398.58,-0.0022808,0.00369,-1.639,0.010267,9.1553e-05
1810,1852,1,-0.87353,407.23,467.25,0,390.95,509.43,436.26,392.05,0.0075286,0.0048469,-1.5319,0.0018409,6.1035e-05
1811,1853,3,-1.0708,512.7,565.68,0,482.31,620.45,554.35,490.61,-0.00039602,0.0071633,-1.4018,0.036426,9.1553e-05
1812,1854,1,-0.98982,515.36,542.74,0,491.1,620.7,538.15,469.49,0.0035739,0.0022982,-1.574,0.020436,6.1035e-05
1813,1855,1,-0.9215,542.15,555.61,0,500,648.22,569.17,496.25,-0.0056223,0.0049995,-1.8618,0.0071792,0.00012207
1814,1856,0,-0.96135,426.03,467.24,0,399.26,531,451.17,407.33,-0.0021502,0.0027699,-1.6528,0.00073047,6.1035e-05
1815,1857,0,-0.87815,332.99,349.06,0,314.87,390.77,348.99,312.26,-1.3316e-05,0.005145,-1.9778,-0.00061709,6.1035e-05
1816,1858,2,-0.98981,564.88,561.54,0,518.07,632.33,599.04,509.88,0.0047806,0.0041162,-1.5949,0.015884,0.00012207
1817,1859,2,-0.89569,426.14,463.71,0,397.99,533.29,452.58,398.35,-0.0045561,0.0010155,-1.5875,0.0049442,9.1553e-05
1818,1860,2,-0.90768,530.08,577.88,0,495.38,641.57,571.95,501.02,0.01284,0.0021043,-1.4249,0.0059035,0.00012207
1819,1861,3,-0.95785,570.89,586.6,0,529.83,652.85,614.6,516.09,0.00095235,0.0013176,-1.459,0.027719,0.00012207
1820,1862,3,-1.014,561.77,576.56,0,520.03,645.91,598.59,515.37,0.016177,0.002601,-1.4767,0.062201,0.00012207
1821,1863,0,-0.95554,425.01,448.49,0,403.71,518.59,439.59,400.52,0.0037206,0.0016496,-1.8762,0.00065982,6.1035e-05
1822,1864,3,-1.1006,560.43,566.22,0,516.03,640.82,599.6,500.39,-0.0032611,0.0030624,-1.3944,0.082898,0.00012207
1823,1865,3,-1.0045,574.06,606.92,0,539.05,669.49,619.07,526.46,0.007285,0.0021781,-1.3299,0.022227,0.00012207
1824,1866,2,-0.91011,604.9,611.8,0,567.34,688.61,642.46,534.99,0.020302,0.0028436,-1.4501,0.014483,0.00012207
1825,1867,1,-0.94262,386.36,405.85,0,363.34,464.24,407.98,351,0.0017661,0.0010963,-1.7237,0.0034781,6.1035e-05
1826,1868,1,-0.90826,406.57,410.6,0,386.82,460.6,425.12,363.63,-0.0030095,0.0035954,-1.7533,0.0078251,6.1035e-05
1827,1869,1,-0.92602,432.72,447.17,0,414.27,504.29,451.18,390.06,-0.0023598,0.001837,-1.5972,0.0010357,6.1035e-05
1828,1870,1,-0.88876,422.9,425.83,0,398.9,495.67,440.4,374.87,0.0030458,0.0035185,-1.939,-0.0016074,6.1035e-05
1829,1871,3,-0.98594,473.57,460.66,0,441.25,530.95,492.97,418.48,-0.0061964,0.001707,-1.7654,0.030342,9.1553e-05
1830,1872,2,-0.90996,502.08,527.16,0,472.68,573.21,542.37,464.06,0.016765,0.0011796,-1.5456,0.0049057,6.1035e-05
1831,1873,0,-1.0006,355.53,384.96,0,338.49,418.8,377.44,341.46,0.0041248,0.0042823,-1.6428,0.0042481,3.0518e-05
1832,1874,3,-0.90542,512.23,519.04,0,452.61,567.84,564.85,475.98,0.0023111,0.0022929,-1.681,0.012981,0.00018311
1833,1875,0,-0.94473,376.87,392.31,0,354.03,432.79,395.8,358.78,-0.0044799,0.00082856,-1.923,0.0044554,6.1035e-05
1834,1876,0,-0.97551,407.01,432.29,0,389.15,503.35,420.04,380.43,-0.008911,0.0026865,-1.9597,0.0044849,3.0518e-05
1835,1877,2,-0.8955,570.52,541.13,0,545.06,620.76,589.09,483.01,-0.0080028,0.0015417,-1.7719,0.014029,0.00012207
1836,1878,0,-0.9572,452.55,488.99,0,432.25,541.44,477.05,425.68,0.0087391,0.0022184,-1.8909,-0.00081488,6.1035e-05
1837,1879,0,-0.94955,429.83,475.34,0,409.41,518.35,459.67,412.5,0.000199,0.0010259,-1.7053,0.00017669,6.1035e-05
1838,1880,2,-0.92674,546,539.31,0,503.28,601.58,579.23,490.88,0.018234,0.0018302,-1.6921,0.027358,0.00012207
1839,1881,2,-0.96653,468.1,446.34,0,445.29,498.33,483.7,410.77,0.0029354,0.0014399,-1.7284,0.013298,6.1035e-05
1840,1882,2,-0.93698,528.58,556.4,0,506.31,631.37,552.27,476.59,0.0058525,0.0024394,-1.4571,0.01299,0.00012207
1841,1883,3,-1.0692,491.96,513.43,0,467.5,578.21,518,444.46,0.010542,0.0021595,-1.5926,0.029025,0.00012207
1842,1884,1,-0.98126,420.06,442.09,0,403.03,491.06,441.96,379.13,0.00018924,0.0033731,-1.7004,0.0070426,9.1553e-05
1843,1885,3,-0.97755,562.76,560.7,0,524.01,641.74,594.86,493.55,0.0094655,0.0023779,-1.6013,0.01938,0.00012207
1844,1886,3,-0.96525,558.83,575.06,0,534.19,642.03,585.06,503.77,0.010968,0.0021315,-1.4066,0.0098446,0.00012207
1845,1887,3,-0.96452,442,446.11,0,422.53,501.55,462.73,387.1,0.001261,0.0012485,-1.6592,0.022281,9.1553e-05
1846,1888,0,-1.0306,441.11,469.43,0.03125,422.02,510.54,465.65,416.58,0.039029,0.027493,-1.8184,0.0013121,6.1035e-05
1847,1889,1,-0.9941,551.42,561.47,0,508.73,664.21,580.63,491.17,0.026413,0.0028559,-1.7019,0.0043741,9.1553e-05
1848,1890,1,-0.96408,517.61,551.96,0,501.63,639,533.58,464.92,0.0059997,0.0012226,-1.7228,0.013318,6.1035e-05
1849,1891,2,-0.91274,570.36,581.21,0,531.94,652.7,608.79,509.72,0.017766,0.0035053,-1.5234,0.016301,0.00012207
1850,1892,0,-0.9954,417.34,469.37,0.015625,396.61,539.46,439.41,394.77,-0.0162,0.01169,-1.7074,0.017407,6.1035e-05
1851,1893,1,-0.95272,386.62,379.54,0,365.51,440.07,400.15,340.74,0.0048945,0.00099125,-1.947,0.0047933,6.1035e-05
1852,1894,2,-0.99285,488.22,498.69,0,461.32,570.08,511.95,435.7,0.00050573,0.0018384,-1.6667,0.015659,9.1553e-05
1853,1895,2,-1.0142,499.16,523.78,0,475.58,569.58,533.63,456.84,0.013615,0.0026469,-1.4026,0.0099166,0.00012207
1854,1896,0,-1.0016,431.91,468.2,0,410.78,523.49,455.86,405.54,0.00014702,0.0049076,-1.6633,-0.0043115,6.1035e-05
1855,1897,1,-0.94097,422.57,438.04,0,395.14,486.82,448.33,392.23,-0.0015281,0.0043121,-1.7781,0.015263,9.1553e-05
1856,1898,0,-0.94471,401.02,420.92,0,386.67,452.37,420.68,377.83,-0.001087,0.0082842,-1.7654,0.0014961,6.1035e-05
1857,1899,1,-0.94087,426.14,416.65,0,398.81,470.04,444.84,380.12,-0.00064254,0.0045073,-2.1125,0.0027179,6.1035e-05
1858,1900,2,-0.98291,592.67,567.48,0,562.75,635.98,615.94,514.21,-0.0011458,0.0032863,-1.6825,0.010181,0.00018311
1859,1901,3,-0.97685,500.57,480.17,0,468.84,532.63,530.38,430.89,0.0046999,0.0014946,-1.7349,0.018587,6.1035e-05
1860,1902,3,-1.0375,501.58,501.03,0,465.05,551.15,538.11,450.91,0.01425,0.0027305,-1.703,0.01661,0.00012207
1861,1903,2,-0.94797,520.5,544,0,487.91,603.69,565.17,462.21,-0.0020151,0.0013139,-1.4472,0.029283,6.1035e-05
1862,1904,2,-0.85293,458.07,453.82,0,418.51,514.42,485.14,412.36,-0.014163,0.0041269,-1.9148,0.024214,9.1553e-05
1863,1905,0,-0.89129,395.03,411.51,0,378.84,450.07,412.27,370.45,-0.0014008,0.002273,-1.8945,0.0016425,6.1035e-05
1864,1906,3,-0.96567,453.92,460.47,0,421.81,538.17,473.2,413.85,-0.0048675,0.0018135,-1.7938,0.015753,9.1553e-05
1865,1907,1,-0.96893,457.11,449.37,0,422.31,514.36,475.34,415.32,-0.0045469,0.0046854,-2.0959,0.0075502,0.00012207
1866,1908,2,-0.89249,457.92,445.12,0,435.18,506.22,475.61,397.6,-0.0097894,0.0029582,-1.7625,0.051866,6.1035e-05
1867,1909,3,-0.94598,482.75,513.2,0,447.59,557.54,527.95,456.2,-0.0055567,0.0013639,-1.3724,0.037779,0.00012207
1868,1910,0,-0.89068,391.16,413.38,0,373.43,467.89,407.81,362.17,0.005002,0.00098931,-1.8171,-0.0036742,3.0518e-05
1869,1911,3,-1.0434,533.66,562.99,0,503.3,667.31,558.82,476.56,0.020531,0.0030258,-1.4874,0.023979,0.00012207
1870,1912,1,-0.95465,425.63,418.48,0,402.2,479.98,439.69,381.58,0.001385,0.0011984,-1.8348,0.0030941,6.1035e-05
1871,1913,3,-0.97222,516.7,525.34,0,479.44,587.4,549.58,470.59,0.036987,0.003774,-1.6728,0.0068547,0.00012207
1872,1914,1,-0.99643,359.65,351.48,0,344.09,394.28,374.27,311.27,0.0098056,0.0028651,-1.7727,5.2107e-05,6.1035e-05
1873,1915,2,-0.93747,497.96,493.69,0,474.84,557.19,519.69,434.04,0.0015512,0.001088,-1.8008,0.028358,0.00012207
1874,1916,3,-0.96717,506.1,492.31,0,488.47,551.6,519.82,446.2,3.0518e-05,0.0017618,-1.729,0.030391,0.00012207
1875,1917,3,-0.98343,467.29,472.78,0,430.14,535.72,492.7,429.71,0.014155,0.0013206,-1.6512,0.03008,9.1553e-05
1876,1918,0,-0.90013,386.95,404.21,0,361.43,462.8,403.3,366.65,-0.02312,0.0008822,-2.2023,-0.00089138,3.0518e-05
1877,1919,3,-0.97414,463.48,464.39,0,429.69,513.5,493.29,421.06,-0.0025386,0.0017615,-1.6558,0.017971,9.1553e-05
1878,1920,2,-0.90944,446.58,468.92,0,407.32,522.4,485.85,415.44,0.012477,0.0017366,-1.6159,0.016381,9.1553e-05
1879,1921,0,-0.94755,367.11,407.41,0,349.95,451.03,387.83,354.76,0.013166,0.0036394,-1.6196,-0.0040248,6.1035e-05
1880,1922,3,-0.97409,563.03,565.71,0,516.43,636.3,599.28,510.8,0.0065384,0.0024576,-1.5456,0.039246,0.00012207
1881,1923,0,-1.7429,468.02,516.85,0.8125,463.86,584.87,473.04,434.75,0.041758,0.63056,-1.5333,0.032434,6.1035e-05
1882,1924,2,-1.0302,453.84,487.92,0,427.11,531.15,490.48,428.68,0.0020721,0.0026391,-1.4221,0.002182,0.00012207
1883,1925,1,-1.0092,394.66,388.97,0,380.18,421.61,413.27,346.99,0.054934,0.018331,-1.7433,-0.00038936,6.1035e-05
1884,1926,2,-0.89029,410.62,441.43,0,390.42,486.43,438.3,379.75,-0.00022452,0.0086022,-1.3497,0.0062008,6.1035e-05
1885,1927,1,-1.0057,352.14,354.67,0,337.65,400.62,364.92,314.13,-0.003602,0.0039245,-1.7776,0.013284,6.1035e-05
1886,1928,3,-0.99321,484.96,505.97,0,463.04,571.9,508.29,435.78,0.0055044,0.002613,-1.5393,0.0089244,9.1553e-05
1887,1929,1,-0.79505,367.84,377.58,0,350.16,424.26,385.51,330.9,-0.0044254,0.0040587,-1.8599,0.0077752,6.1035e-05
1888,1930,1,-0.89689,474.58,480.7,0,444.94,539.26,502.44,425.68,0.039187,0.0016369,-1.7934,0.0012231,6.1035e-05
1889,1931,3,-1.0778,547.55,545.46,0,503.75,614.59,579.51,495.01,0.0052905,0.0057917,-1.4442,0.015232,0.00012207
1890,1932,3,-0.98347,525.86,537.89,0,502.75,606.26,550.45,465.1,6.9528e-07,0.0017239,-1.5209,0.025223,0.00012207
1891,1933,2,-0.91946,524.66,545.09,0,484.34,609.2,562.55,484.88,0.0011434,0.0012075,-1.7069,0.011983,6.1035e-05
1892,1934,2,-0.98839,506.05,521.13,0,482.32,579.33,531.3,459.18,0.0013159,0.0019874,-1.5522,0.12456,6.1035e-05
1893,1935,1,-0.92198,390.44,390.12,0,364.29,432.19,410.77,357.4,-0.012794,0.0018606,-1.7868,0.0029525,6.1035e-05
1894,1936,3,-1.0097,472.25,481.57,0,448.8,527.59,500.54,426.02,0.00045536,0.0024128,-1.3791,0.064449,0.00012207
1895,1937,0,-0.90697,371.67,396.1,0,356.1,433.19,391.69,348.41,-0.026003,0.0018172,-1.798,-0.0005918,6.1035e-05
1896,1938,1,-0.87335,548.73,526.98,0,509.54,604.85,569.25,486.19,-0.0059451,0.0023329,-1.8901,0.018037,9.1553e-05
1897,1939,0,-1.0207,369.29,393.98,0,350.29,443.57,386.06,350.22,-0.0039799,0.0044936,-1.741,0.0034674,6.1035e-05
1898,1940,3,-0.93551,465.37,470.36,0,427.77,521.41,496.52,428.05,0.010189,0.0017658,-1.6723,0.0090457,9.1553e-05
1899,1941,2,-0.93801,464.74,443.34,0,438.66,500.64,482.58,404.13,0.016339,0.0016632,-1.8094,0.018964,9.1553e-05
1900,1942,3,-0.94308,450.43,441.31,0,420.29,495.38,472.43,401.86,0.0035179,0.0012226,-1.6319,0.024828,6.1035e-05
1901,1943,0,-0.9809,359.1,361.11,0,342.56,394.89,372.81,333.12,0.00020299,0.0014496,-2.042,0.0016488,6.1035e-05
1902,1944,0,-1.4043,461.24,485.75,0.42188,442.85,546.99,476.47,435,-0.00070271,0.30171,-1.6924,-0.0017026,6.1035e-05
1903,1945,0,-1.0012,424.42,442.32,0,412.56,494.82,436.29,389.83,-0.0051151,0.0033278,-1.9058,0.017338,6.1035e-05
1904,1946,3,-0.98344,476.92,468.68,0,445.61,513.09,510.26,421.4,0.0041936,0.0030766,-1.5451,0.011757,0.00012207
1905,1947,3,-0.97453,501.29,514.08,0,473.15,564.02,533.18,457.48,0.014441,0.002326,-1.5794,0.014727,0.00012207
1906,1948,2,-0.88536,438.39,427.36,0,414.71,478.11,459.29,382.58,0.0024821,0.0028291,-1.8875,0.00077266,9.1553e-05
1907,1949,0,-0.90017,351.42,373.23,0,337.98,405.02,369.82,329.66,0.0084271,0.0067586,-1.7939,0.0027353,6.1035e-05
1908,1950,0,-0.96933,399.98,405.86,0,380.69,447.73,418.11,366.52,-0.0008694,0.0029525,-2.1198,3.8849e-05,6.1035e-05
1909,1951,2,-0.86786,493.12,510.99,0,469.73,566.8,523.19,439.23,0.0080723,0.0012046,-1.6228,0.021517,0.00012207
1910,1952,2,-0.8379,474.08,480.1,0,437.83,556.33,495.83,434.37,0.010376,0.0011094,-1.7014,0.017542,6.1035e-05
1911,1953,0,-0.9683,381.22,398.25,0,365.62,436.07,397.83,357.99,-0.019111,0.0026114,-1.8797,0.015239,3.0518e-05
1912,1954,3,-1.0427,492.8,489.62,0,477.23,546.81,509.38,428.75,0.00069778,0.0054581,-1.637,0.035626,9.1553e-05
1913,1955,1,-1.0548,476.54,496.67,0,448.36,557,506.54,432.44,-0.0093462,0.0059175,-1.726,0.046569,6.1035e-05
1914,1956,0,-1.0042,389.72,395.07,0,370.68,436.97,407.6,355.71,-0.001598,0.0087064,-1.8878,0.00042139,3.0518e-05
1915,1957,1,-1.0469,399.78,427.53,0,375.05,474.2,429.62,371.2,-0.015089,0.0030164,-1.641,0.040426,6.1035e-05
1916,1958,2,-0.94231,467.86,469.48,0,417.49,531.01,504.61,424.58,0.0071249,0.0039717,-1.6945,0.016314,6.1035e-05
1917,1959,1,-0.97097,480.45,509.05,0,449.31,583.76,507.93,443.13,-0.0036011,0.0011563,-1.764,0.0042487,6.1035e-05
1918,1960,1,-0.99431,439.44,465.18,0,417.42,517.74,467.76,397.6,-0.029351,0.0019991,-1.5572,0.023309,6.1035e-05
1919,1961,2,-0.93227,446.82,455.79,0,416.74,504.04,480.92,401.11,0.0083555,0.0032612,-1.6071,0.038228,6.1035e-05
1920,1962,0,-0.99842,402.87,433.58,0,386.14,477.09,423.06,381.08,0.0078677,0.0030867,-1.8181,0.010901,3.0518e-05
1921,1963,3,-0.96101,491.29,549.24,0,453.28,612.14,540.15,468.37,0.013457,0.0024259,-1.3546,0.029584,0.00012207
1922,1964,2,-0.9594,455.54,488.44,0,417.63,539,498.51,431.15,0.007775,0.0026306,-1.667,0.016079,9.1553e-05
1923,1965,3,-1.0041,464.15,470.12,0,450.1,534.16,479.1,401.95,0.0020342,0.0016434,-1.6004,0.019793,9.1553e-05
1924,1966,0,-1.0065,408.88,458.51,0,389.47,508.67,433.85,394.03,-0.00024737,0.00093629,-1.8544,0.0012796,6.1035e-05
1925,1967,0,-0.92526,393.43,412.72,0,374.42,452.87,414.97,367.23,-0.037171,0.0066882,-1.9196,2.5775e-05,3.0518e-05
1926,1968,1,-0.961,480.76,484.86,0,452.5,555.31,501.38,433.45,-0.0022577,0.0051289,-1.8326,0.0036529,6.1035e-05
1927,1969,0,-0.95444,411.77,433.46,0.015625,385.02,486.85,432.57,391.92,0.0046638,0.011515,-2.0868,0.0089627,3.0518e-05
1928,1970,2,-0.99045,556.44,551.67,0,513.63,622.45,594.2,489.22,0.0098648,0.0032025,-1.6201,0.026312,0.00012207
1929,1971,3,-0.94962,536.64,535.45,0,505.07,593.44,572.41,469.72,-0.0005993,0.001352,-1.5933,0.01093,0.00012207
1930,1972,3,-0.89831,432.86,441.57,0,409.67,487.47,460.83,386.19,0.03931,0.0015744,-1.6965,0.0086288,9.1553e-05
1931,1973,0,-1.0017,380.59,392.15,0,356.23,428.85,403.47,357.68,-0.0055828,0.0053689,-1.8114,0.0055569,6.1035e-05
1932,1974,2,-0.99601,443.03,463.5,0,423.25,510.51,470.13,399.08,0.05032,0.0017061,-1.6584,0.020563,9.1553e-05
1933,1975,2,-0.95406,547.61,565.73,0,508.63,628.53,589.11,498.87,0.0049824,0.0017334,-1.6148,0.064079,0.00012207
1934,1976,2,-0.98077,503.79,513.44,0,474.45,595.55,525.19,453.52,0.0052717,0.0010138,-1.8399,0.015944,0.00012207
1935,1977,3,-0.9764,538.66,539.15,0,490.16,579.77,590.3,495.91,0.008602,0.0019986,-1.4455,0.028207,0.00012207
1936,1978,2,-0.9202,456.91,489.86,0,447.6,553.15,470.51,397.35,0.0010444,0.0040882,-1.5288,0.072629,6.1035e-05
1937,1979,3,-0.94136,505.32,526.93,0,474.52,587.25,538.11,462.72,0.012436,0.0020575,-1.4538,0.091028,0.00012207
1938,1980,3,-0.98096,552.64,554.23,0,521.73,618.45,578.25,501.01,0.0062098,0.0032724,-1.6049,0.024339,0.00012207
1939,1981,0,-0.99862,452.63,478.32,0,424.4,555,471.94,425.85,-0.019799,0.0026778,-2.0703,0.037694,6.1035e-05
1940,1982,2,-1.0121,474.71,504.73,0,445.42,567.16,505.9,438.26,0.0005476,0.0078824,-1.6744,0.027224,6.1035e-05
1941,1983,1,-0.9372,516.02,552.4,0,478.15,608.17,561.74,485.09,0.0020107,0.0044729,-1.5683,0.078095,9.1553e-05
1942,1984,0,-1.0022,403.14,426.38,0,379.74,469.34,426.54,383.42,-0.0030369,0.0018852,-1.7631,0.01889,6.1035e-05
1943,1985,2,-1.0085,412.15,429.4,0,389.49,486.78,436.26,368.31,-0.0012978,0.0012341,-1.6951,0.001788,6.1035e-05
1944,1986,0,-0.98517,415.24,437.32,0,393.88,497.4,434.09,384.32,0.0001782,0.0073175,-2.0291,-4.3393e-05,6.1035e-05
1945,1987,0,-0.95069,396.25,421.53,0,379.89,464.92,416.01,369.17,0.015949,0.0030489,-1.936,-0.0028265,6.1035e-05
1946,1988,0,-0.94467,402.08,434.79,0,381.72,488.74,423.75,377.36,-0.0093079,0.00082654,-1.754,0.00076756,3.0518e-05
1947,1989,2,-0.93646,468.01,472.98,0,434.98,539.51,493.69,421.24,0.00020424,0.0014927,-1.8085,0.0052851,9.1553e-05
1948,1990,1,-0.96028,562.22,578.51,0,521.05,675.34,592.26,507.85,0.0093941,0.0030147,-1.8698,0.040512,6.1035e-05
1949,1991,2,-0.91206,453.61,466.55,0,431.46,519.37,478.71,406.68,-0.0059592,0.0008217,-1.5949,0.010075,6.1035e-05
1950,1992,1,-0.99071,431.5,455.81,0,400,511.66,461.1,403.35,-0.015018,0.0014284,-1.9061,0.0312,6.1035e-05
1951,1993,2,-0.99306,472.3,494.07,0,451.11,543.06,503.26,422.46,-0.0054307,0.00203,-1.4548,0.020722,0.00012207
1952,1994,1,-0.96597,402.9,400.76,0,383.29,451.08,420.21,356.36,-0.0059461,0.0027539,-2.0387,0.00076633,6.1035e-05
1953,1995,3,-0.95274,480.96,481.95,0,453.86,540.84,508.06,423.05,0.0047798,0.0018892,-1.667,0.031825,9.1553e-05
1954,1996,3,-0.94159,516,521.77,0,482.68,581.06,549.31,462.48,0.0051356,0.0016713,-1.6383,0.019663,0.00012207
1955,1997,1,-0.89063,405.32,399.35,0,385.13,461.47,420.05,354.02,-0.017163,0.0021761,-1.9637,0.0059336,6.1035e-05
1956,1998,1,-1.0173,347.55,335.84,0,332.63,375.07,359.92,303.34,-0.0010954,0.0017525,-1.8562,0.0010362,6.1035e-05
1957,1999,3,-1.0364,513.71,508.71,0,480.45,563.06,541.27,463.68,0.014718,0.004246,-1.5877,0.0097366,9.1553e-05
1958,2000,2,-0.8237,504.59,524,0,474.76,583.76,536.34,460.4,0.011752,0.0057164,-1.6736,0.031794,0.00012207
1959,2001,0,-0.99259,437.3,473.15,0.046875,414.65,540.3,458.59,410.07,-0.0068662,0.029754,-1.6396,0.011417,6.1035e-05
1960,2002,3,-0.9672,517.73,523.59,0,479.57,579.09,555.89,468.1,0.011175,0.0023924,-1.6788,0.021488,0.00012207
1961,2003,1,-0.86013,394.69,459.64,0,375.42,498.79,434.14,379.49,-0.015754,0.0029738,-1.416,0.020878,3.0518e-05
1962,2004,0,-1.003,344.83,354.21,0,332.41,391.58,357.25,316.83,-0.0082679,0.0027738,-1.9201,0.00061152,3.0518e-05
1963,2005,0,-1.0157,421.08,462.32,0,403.44,510.71,442.36,403.92,-0.0047264,0.0017552,-1.7291,0.018536,6.1035e-05
1964,2006,3,-0.97458,487.14,496.62,0,460.51,563.71,510.64,437.43,0.002618,0.0021387,-1.6293,0.026746,6.1035e-05
1965,2007,3,-1.0371,476.15,483.25,0,440.46,535.65,516.61,423.86,0.0028019,0.0023294,-1.4947,0.028427,9.1553e-05
1966,2008,0,-0.92289,431.98,430.65,0,403.9,498,444.75,400.04,-0.00036945,0.0081478,-2.3353,0.0001135,6.1035e-05
1967,2009,2,-0.9378,505.43,526.7,0,476.99,586.49,537.66,458.94,0.009851,0.0034264,-1.4572,0.011682,0.00012207
1968,2010,1,-1.0228,427.52,446.95,0,407.73,499.88,449.95,386.95,-0.008105,0.0045012,-1.5925,0.010197,6.1035e-05
1969,2011,0,-0.98227,398.27,413.38,0,376.17,458.48,416.59,376,-0.0022474,0.0024551,-1.9966,0.0072833,6.1035e-05
1970,2012,0,-1.027,362.55,407.69,0,348.62,452.45,380.46,350.13,-0.0037947,0.0016345,-1.6291,0.010705,6.1035e-05
1971,2013,3,-0.9829,510.1,518.53,0,470.82,588.35,542.65,460.68,0.011315,0.0029149,-1.5444,0.019253,0.00012207
1972,2014,2,-1.0063,401.11,416.27,0,371.33,449,439.4,374.18,-0.0078427,0.0016464,-1.6236,0.029019,6.1035e-05
1973,2015,1,-0.96142,405.04,412.23,0,382.04,460.96,426.63,366.44,-0.0033589,0.0034468,-1.8139,0.0064032,6.1035e-05
1974,2016,1,-1.0155,466.26,493.7,0,448.86,580.52,481.62,417.1,-0.00062656,0.0025977,-1.7013,0.033331,9.1553e-05
1975,2017,0,-0.97162,401.35,435.59,0,382.37,477.64,424.24,384.84,-0.0082492,0.0018516,-1.899,0.012466,6.1035e-05
1976,2018,0,-0.98695,427.17,456.4,0,403.66,523.57,445.45,404.15,0.0066555,0.0012822,-2.0206,0.006757,6.1035e-05
1977,2019,2,-0.92091,534.04,554.02,0,505.26,613.77,571.05,477.18,0.012378,0.0012827,-1.5423,0.026696,0.00012207
1978,2020,2,-0.99354,584.78,595.48,0,556.07,658.57,621.69,514.36,-0.00042441,0.0011634,-1.3918,0.0089497,0.00012207
1979,2021,1,-0.8968,513.42,556.55,0,486.77,616.37,549.94,474.58,0.0016536,0.0010371,-1.6357,0.0043633,6.1035e-05
1980,2022,0,-0.91922,428.49,446.74,0,409.4,492.11,446.43,404.12,0.00050786,0.00061944,-2.0227,-0.00023724,6.1035e-05
1981,2023,3,-1.0415,469.16,474.15,0,447.26,524.28,491.06,424.02,0.0095351,0.001822,-1.7297,0.013344,9.1553e-05
1982,2024,1,-0.98392,432.86,431.05,0,402.66,476.1,459.51,391.31,-0.021927,0.0012254,-1.9461,0.0044397,6.1035e-05
1983,2025,3,-0.98918,529.85,564.2,0,505.16,610.78,568.36,491.54,0.0061106,0.002148,-1.3508,0.038712,0.00012207
1984,2026,2,-0.95466,425.56,444.49,0,406.77,489.5,449.71,386.62,0.0059835,0.0019316,-1.603,0.014194,9.1553e-05
1985,2027,2,-0.96486,493.6,510.12,0,470.58,575.51,519.69,436.01,-0.012078,0.001522,-1.748,0.01028,6.1035e-05
1986,2028,1,-0.97904,426.12,428.56,0,403.63,490.59,444.75,377.17,0.03456,0.0025281,-1.9956,-0.0076355,3.0518e-05
1987,2029,2,-1.0227,506.84,490.39,0,469.9,569.19,529,443.12,-0.0011645,0.003417,-1.8039,0.0015011,6.1035e-05
1988,2030,3,-0.99835,553.5,569.26,0,522.35,650.7,582.75,492.76,0.0096539,0.0015665,-1.5626,0.036068,0.00012207
1989,2031,1,-0.91959,536.25,550.6,0,513.22,623,556.58,486.71,0.003057,0.0029609,-1.854,0.012445,6.1035e-05
1990,2032,0,-0.98104,400.44,414.11,0,383.1,458.39,416.73,372.51,-0.001056,0.0042896,-1.9518,-0.0002079,3.0518e-05
1991,2033,1,-1.0054,552.57,562.65,0,526.75,623.96,581.82,493.16,-0.0026436,0.0021029,-1.7288,0.005153,0.00012207
1992,2034,1,-0.96874,363.79,350.47,0,345.55,392.84,376.28,321.49,0.011824,0.0025698,-2.01,-0.0014526,6.1035e-05
1993,2035,0,-0.96476,409.45,425.42,0,392.65,463.43,429.72,379.56,-0.016658,0.0053524,-1.594,0.042092,6.1035e-05
1994,2036,0,-0.96601,384.41,407.87,0,369.94,440.53,405.57,360.15,-0.0016096,0.0016922,-1.916,0.0015295,6.1035e-05
1995,2037,2,-0.92424,482.49,522.83,0,455.92,573.06,521.32,449.41,0.0082088,0.0016927,-1.4212,0.020688,9.1553e-05
1996,2038,0,-0.94222,448.92,471.69,0,424.08,522.81,470.84,426.58,-0.0022483,0.001512,-1.8924,-0.00077347,6.1035e-05
1997,2039,1,-1.066,552.28,580.72,0,513.96,676.33,584.03,501.51,-0.0034786,0.005105,-1.8251,0.01307,0.00012207
1998,2040,1,-0.90673,453.05,516.62,0,434.94,571.22,483.22,425.62,0.0025534,0.0021069,-1.4629,0.01921,6.1035e-05
1999,2041,2,-1.0301,551.08,563.91,0,513.39,652.88,582.32,490.19,0.0037845,0.0032046,-1.6704,0.0082449,0.00018311
2000,2042,2,-0.97915,446.09,459.09,0,426.72,517.53,466.7,396.88,0.00079322,0.001559,-1.6218,0.0049805,9.1553e-05
2001,2043,0,-1.0143,359.2,388.01,0,346.67,441.35,373.4,327.56,-0.00017923,0.0029922,-1.7369,0.001141,6.1035e-05
2002,2044,3,-1.0431,562.22,632.37,0,528.54,701.24,611.45,531.7,0.020958,0.002637,-1.4157,0.016897,0.00024414
2003,2045,2,-0.88885,473.27,525.27,0,446.92,570.41,520.25,444.8,0.013631,0.0025814,-1.3048,0.022507,6.1035e-05
2004,2046,1,-0.94378,384.01,421.51,0,355.38,473.07,420.82,355.21,0.011113,0.0036613,-1.6991,0.010121,6.1035e-05
2005,2047,1,-1.0342,514.7,555.15,0,485.72,618.61,549.67,478.56,0.0093552,0.0021388,-1.5808,0.0091181,6.1035e-05
2006,2048,2,-0.84653,486.21,467.2,0,453.07,560.2,503.57,418.48,-0.0013398,0.004567,-2.171,0.0073384,9.1553e-05
2007,2049,3,-0.91556,472.85,486.33,0,455.21,538.58,497.02,414.73,0.019871,0.0016251,-1.5551,0.015057,6.1035e-05
2008,2050,2,-0.88035,503.82,482.79,0,477.42,547.31,525.69,429.33,-0.0027598,0.0010384,-1.8201,0.0104,0.00012207
2009,2051,2,-0.88259,449.29,482.73,0,419.9,544.55,482.6,412.66,0.0012868,0.00085147,-1.8086,0.0084861,9.1553e-05
2010,2052,0,-0.97531,415.97,456.04,0,395.91,503.2,441.77,395.41,-0.01735,0.0029203,-1.8608,0.026249,6.1035e-05
2000,2042,2,-0.98132,449.33,441.2,0,423.21,504.71,467.2,397.75,0.0071623,0.0015036,-1.8341,0.0054498,6.1035e-05
2001,2043,0,-1.028,363.24,382.59,0,357.2,434.4,370.07,323.87,-0.012793,0.0039155,-1.7732,0.0096437,6.1035e-05
2002,2044,3,-1.0586,565.86,616.76,0,535.68,697.44,600.05,525.31,0.0067581,0.0030834,-1.5162,0.059853,0.00012207
2003,2045,2,-0.90101,481.5,507.61,0,451.57,571.69,513.36,439.39,0.0009929,0.0058513,-1.5465,0.042325,0.00012207
2004,2046,1,-0.96001,393.11,407.68,0,361.31,476.28,417.84,354.32,-0.0044073,0.0027398,-1.8535,0.08773,6.1035e-05
2005,2047,1,-1.0164,510.17,538.93,0,474.69,621.64,539.56,470.39,0.005986,0.0016749,-1.7634,0.0099732,9.1553e-05
2006,2048,2,-0.86991,495.31,495.8,0,468.42,562.13,520.56,433.49,-0.0033692,0.0022604,-1.813,0.012788,6.1035e-05
2007,2049,3,-0.97472,493.51,518.77,0,465.17,585.35,521.85,452.19,0.011591,0.0016708,-1.5701,0.019325,9.1553e-05
2008,2050,2,-0.8716,493.49,497.09,0,458.1,591.58,517.7,432.44,0.015046,0.0013324,-1.7654,0.0075283,0.00012207
2009,2051,2,-0.9219,471.56,505.74,0,444.95,567.84,503.68,430.79,-0.0018531,0.0016602,-1.5888,0.016686,9.1553e-05
2010,2052,0,-0.9786,424.94,431.94,0,407.55,476.14,439.35,395.32,-0.0013465,0.0019873,-2.1654,0.0024032,6.1035e-05
2011,2053,3,-0.90144,456.54,475.87,0,422.3,536.68,486.76,422.22,0.0047081,0.0093738,-1.6566,0.019902,0.00012207
2012,2054,1,-1.0253,552.17,569.42,0,524.53,642.28,578.13,500.98,-0.012629,0.0049179,-1.746,0.11543,0.00012207
2013,2055,1,-0.96776,498.97,500.56,0,472.01,559.97,524.29,444.74,-0.010877,0.0019196,-1.9763,0.013402,6.1035e-05
2014,2056,1,-0.90228,389,377.21,0,371.98,413.78,405,342.85,-0.00062695,0.010269,-2.0598,0.0010503,6.1035e-05
2015,2057,2,-0.9232,481.92,497.87,0,458.9,548,513.47,429.16,-0.0071997,0.0019412,-1.6462,0.060291,9.1553e-05
2016,2058,3,-0.99932,562.84,529.09,0,521.31,603.64,586.13,487.27,0.022853,0.0030574,-1.8959,0.055707,0.00012207
2017,2059,2,-1.0312,554.58,566.63,0,515.47,631.58,596.22,497.49,-0.0024411,0.0037101,-1.7337,0.0064036,0.00012207
2018,2060,0,-0.99739,427.74,452.46,0.015625,406.1,526.92,443.54,398.13,-0.019744,0.010758,-2.1029,-0.0020271,6.1035e-05
2019,2061,0,-0.90666,434.8,452.57,0,400.29,536.57,454.15,405.45,-0.0021222,0.0065341,-2.2812,0.0020435,9.1553e-05
2020,2062,0,-1.1515,457.15,468.14,0.17188,438.2,523.1,473.88,419.65,0.00061701,0.20252,-2.1186,0.00019687,9.1553e-05
2021,2063,2,-1.054,559.91,534.1,0,511.69,613.07,590.82,483.48,0.0046569,0.004321,-1.862,0.0067426,0.00012207
2022,2064,2,-1.0031,483.04,465.44,0,453.1,525.81,506.33,418.48,-0.0099381,0.0016488,-1.9061,0.011981,9.1553e-05
2023,2065,2,-0.90286,504.68,509.85,0,478,562.75,536.89,446,0.0018168,0.0026327,-1.7285,0.013557,9.1553e-05
2024,2066,2,-0.95865,483.87,463.34,0,453.01,510.1,511.11,422.08,0.0075158,0.0011466,-1.862,0.034005,6.1035e-05
2025,2067,0,-0.95325,404.94,428.53,0,388.2,463.8,426.46,383.19,0.0097077,0.0023643,-1.9829,0.0064849,3.0518e-05
2026,2068,1,-0.91011,501.53,500.89,0,470.99,564.9,523.82,454.17,-0.004811,0.0031272,-1.8358,0.0060146,0.00012207
2027,2069,3,-1.0391,515.2,547.27,0,498.9,609.25,536.16,467.58,0.0063713,0.0042215,-1.6769,0.014521,0.00012207
2028,2070,1,-0.9745,421.22,431.02,0,389.1,479.75,446.2,393.12,-0.0095636,0.0011347,-2.0784,-0.0011786,6.1035e-05
2029,2071,3,-0.91582,519.65,529.27,0,497.36,580.78,550.21,458.69,0.0077599,0.001864,-1.5909,0.01573,0.00012207
2030,2072,2,-0.99516,541.29,531.83,0,517.31,593.96,565.28,469.7,0.006713,0.0036467,-1.8121,0.025675,0.00018311
2031,2073,1,-0.85913,399.47,393.38,0,378.39,432.08,416.93,361.32,0.0020555,0.0046812,-2.1577,0.00022567,9.1553e-05
2032,2074,3,-0.94753,486.58,468.97,0,457.08,514.34,520.01,417.54,0.00093311,0.0015451,-1.6302,0.018779,9.1553e-05
2033,2075,0,-0.90184,382.57,382.59,0,364.75,412.26,399.3,354.71,-0.0042375,0.0019162,-2.1827,0.0010045,3.0518e-05
2034,2076,0,-0.97876,442.83,446.78,0,418.79,498.36,460.38,409.13,-0.0024132,0.0056128,-2.3186,4.5268e-05,6.1035e-05
2035,2077,0,-1.0419,457.96,460.3,0.10938,443.68,503.46,473.17,414.36,-0.041567,0.060224,-2.025,0.010755,6.1035e-05
2036,2078,3,-1.0481,578.53,550.28,0,536.86,584.69,622.89,513.66,0.0098308,0.0030971,-1.693,0.021542,0.00012207
2037,2079,3,-1.0376,501.61,472.46,0,463.62,504.93,535.14,443.82,-0.0027345,0.0022004,-1.8895,0.037254,9.1553e-05
2038,2080,3,-0.95734,485.85,468.21,0,465.87,517.26,504.62,422.13,-0.00026069,0.0026356,-1.9012,0.020792,0.00012207
2039,2081,1,-1.0135,357.5,325.88,0,347.11,355.94,366.12,300.97,-0.0054596,0.0061602,-2.216,0.010554,3.0518e-05
2040,2082,2,-1.0168,477,438.63,0,450.36,475.46,495.22,413.43,0.0060311,0.0053521,-2.1335,0.014098,9.1553e-05
2041,2083,0,-0.86255,324.55,349.4,0,308.73,379.78,346.22,307.76,-0.00025282,0.0019417,-2.0777,-0.00061013,3.0518e-05
2042,2084,2,-0.89416,481.79,463.91,0,461.33,496.01,509.83,419.92,-0.015912,0.0016957,-1.9218,0.0090798,9.1553e-05
2043,2085,0,-0.90747,417.64,413.58,0,398.88,447.56,433.19,385.42,0.0010737,0.0066692,-2.3997,0.0076183,6.1035e-05
2044,2086,2,-0.91615,509.5,513.86,0,482.49,566.68,538.25,457.63,-0.0024999,0.0041182,-1.9725,0.010632,0.00012207
2045,2087,2,-0.98811,478.15,460.75,0,453.55,502.71,501.25,421.33,0.017221,0.0031623,-2.0776,0.0051247,6.1035e-05
2046,2088,3,-0.95757,490.89,467.33,0,468.23,504.96,515.01,427.26,0.0082296,0.0038347,-1.8721,0.0075795,0.00012207
2047,2089,0,-1.0045,423.96,422.86,0,399.11,466.98,440.97,392.67,-0.0078924,0.0012191,-2.2867,0.014313,6.1035e-05
2048,2090,2,-0.98407,459.05,419.7,0,431.53,445.46,484.9,395.5,0.00073323,0.0018597,-2.1164,0.010385,9.1553e-05
2049,2091,2,-1.0031,492.26,497.59,0,466.47,533.05,525.43,452,-0.012497,0.0025584,-1.8005,0.024225,9.1553e-05
2050,2092,2,-1.0024,565.28,574,0,538.51,630.44,597.59,505.88,0.017489,0.0025556,-1.7545,0.045306,0.00012207
2051,2093,0,-1.0123,455.19,459.76,0.078125,438.25,496.35,473.23,420.81,0.00071904,0.047348,-2.0474,0.0010706,6.1035e-05
2052,2094,0,-0.99404,318.48,308.17,0,307.66,330.51,327.44,289.66,-0.00092665,0.0094558,-2.0916,0.0036947,3.0518e-05
2053,2095,3,-1.0032,535.81,531.38,0,509.78,567.24,579.18,471.63,0.0059448,0.0010489,-1.6862,0.019228,0.00012207
2054,2096,2,-0.86059,493.84,498.19,0,475.32,538.96,520.9,438.59,-0.003196,0.0033676,-1.7694,0.028116,9.1553e-05
2055,2097,1,-0.85566,399.02,384.36,0,376.71,421.58,415.3,357.2,0.022598,0.01091,-2.3669,0.00051118,6.1035e-05
2056,2098,1,-0.93703,506.51,495.43,0,491.52,552.47,519.74,445.1,0.0017034,0.0057563,-2.1056,0.012754,6.1035e-05
2057,2099,2,-1.0275,515.17,514.38,0,488.88,560.39,543.16,465.4,0.04797,0.019376,-1.8266,0.022827,9.1553e-05
2058,2100,0,-0.98136,439.89,452.79,0,416.78,500.84,461.6,407.66,-0.0011479,0.01599,-2.2395,0.0018669,6.1035e-05
2059,2101,2,-0.94384,428.79,398.77,0,393.86,437.02,448.39,377.31,0.020079,0.0037656,-2.0354,0.049421,9.1553e-05
2060,2102,1,-1.0418,559.66,549.28,0,513.54,628.09,585.53,505.07,0.018022,0.0057106,-2.0994,0.045001,0.00012207
2061,2103,3,-1.0981,557.1,551.32,0,518.97,601.68,595.23,500.96,0.0086546,0.0059645,-1.6912,0.14839,0.00012207
2062,2104,2,-1.0365,452.67,434.14,0,436.82,482.41,467.55,388.79,-0.0022394,0.0036027,-1.8688,0.021589,9.1553e-05
2063,2105,2,-0.97221,454.42,433.58,0,424.07,479.85,473.87,403.92,-0.0023539,0.0023487,-2.1608,0.012846,6.1035e-05
2064,2106,3,-1.0015,529.07,506.74,0,501.02,541.39,567.52,459.26,-0.00071261,0.0016124,-1.6982,0.016655,0.00012207
2065,2107,1,-0.96343,496.15,497.63,0,460.2,547.57,525.94,456.24,-0.0012386,0.00066297,-1.9971,0.020346,6.1035e-05
2066,2108,2,-1.008,488.68,458.76,0,462.5,506.27,507.79,424.08,0.0049482,0.0011581,-2.038,0.0047541,9.1553e-05
2067,2109,2,-0.94238,480.06,467.28,0,456.16,512.23,503.96,422.33,-0.0051353,0.0031494,-1.9538,0.0090281,6.1035e-05
2068,2110,0,-0.94789,354.59,370.85,0,332.76,422.39,368.58,337.82,-0.0080336,0.00093852,-2.3838,0.0034019,6.1035e-05
2069,2111,3,-0.92292,518.24,492.16,0,497.05,530.04,543.81,446.45,0.0094337,0.0041838,-1.7999,0.012112,0.00012207
2070,2112,0,-1.8953,465.37,484.8,0.96875,459.08,551.49,471.28,422.16,0.0043954,0.9982,-1.8961,0.012822,6.1035e-05
2071,2113,2,-0.90711,441.85,426.69,0,416.64,470.21,464.1,388.29,0.0022932,0.011258,-2.0072,0.011643,6.1035e-05
2072,2114,1,-0.93908,438.55,429.67,0,428.35,480.32,448.13,382.09,0.019522,0.017139,-2.0643,0.0026455,6.1035e-05
2073,2115,3,-0.99211,544.04,521.78,0,514.29,562.45,587.51,462.36,0.0084022,0.0029564,-1.5518,0.024283,0.00012207
2074,2116,2,-0.90038,461.02,494.63,0,429.71,529.35,506.77,443.87,0.011537,0.0015483,-1.6894,0.035035,9.1553e-05
2075,2117,2,-0.94575,528.24,491.2,0,503.51,544.43,546.29,452.36,0.004728,0.00094937,-2.1361,0.018663,0.00012207
2076,2118,1,-1.0794,481.56,490.94,0,467.25,535.87,501.17,429.37,-0.0093927,0.0061526,-1.6388,0.05466,0.00012207
2077,2119,3,-0.98389,565.46,555.03,0,527.69,605.89,600.94,507.25,0.010029,0.0014526,-1.8128,0.01793,0.00012207
2078,2120,0,-0.96685,462.16,482.43,0.078125,440.37,533.84,477.06,447.26,0.00036202,0.042584,-2.214,-0.0012457,9.1553e-05
2079,2121,2,-0.90199,484.95,452.25,0,455.04,496.78,506.78,419.76,-0.00025452,0.0021109,-2.0378,0.0048083,9.1553e-05
2080,2122,2,-1.0049,467.23,454.49,0,441.51,495.4,486,424.64,-0.0014444,0.0035539,-2.0639,0.012843,6.1035e-05
2081,2123,2,-1.0148,497.31,465.09,0,469.06,504.94,523.85,427.66,-0.014948,0.0028037,-1.9672,0.015704,0.00012207
2082,2124,2,-0.98088,554.62,524.35,0,528.68,565.58,584.01,477.62,0.012546,0.0015552,-1.9327,-0.0018576,6.1035e-05
2083,2125,0,-0.89564,394.77,403.09,0,378.53,434.54,411.02,371.63,-0.0038387,0.0071618,-2.2653,0.0054251,6.1035e-05
2084,2126,1,-1.0428,485.16,496.51,0,462.03,535.07,514.89,446.94,0.013872,0.0060311,-1.8161,0.02019,6.1035e-05
2085,2127,2,-1.0235,480.44,462.16,0,451.95,507.3,505.57,422.33,0.0012306,0.0018232,-1.8134,0.043458,6.1035e-05
2086,2128,3,-1.0618,510,492.86,0,477.56,540.24,538.63,451.06,0.010777,0.0025319,-1.8765,0.0025975,6.1035e-05
2087,2129,2,-0.92528,491.71,481.45,0,463.32,526.5,520.11,436.4,0.0064088,0.0027097,-1.9437,0.0030121,9.1553e-05
2088,2130,1,-0.95543,444.97,445.03,0,420.91,492.75,467.58,400.2,0.00092134,0.0037858,-2.1109,-0.0016131,6.1035e-05
2089,2131,2,-0.85832,454,437.9,0,427.72,480,477.19,400.75,-0.0024361,0.0015563,-1.9325,0.0051551,9.1553e-05
2090,2132,1,-0.95815,446.97,434.22,0,422.35,474.65,470.11,396.24,-0.0014172,0.0011993,-2.1624,0.00019385,6.1035e-05
2091,2133,2,-0.94429,462.63,450.37,0,436.43,492.23,487.24,411.04,0.0078494,0.0031927,-1.9403,0.011538,6.1035e-05
2092,2134,3,-1.0077,508.33,456.89,0,476.58,496.03,528.69,431.79,-0.0040397,0.0034401,-1.9231,0.015414,0.00012207
2093,2135,3,-0.99353,481.57,467.1,0,459.54,491.52,509.9,435.72,-0.0033989,0.0011069,-1.7124,0.022934,6.1035e-05
2094,2136,2,-0.93824,443.07,440.3,0,420.73,480.56,468.39,394.68,-0.022204,0.00096424,-1.8443,0.014187,9.1553e-05
2095,2137,1,-0.88794,513.4,494.57,0,494.12,528.69,536.67,453.39,0.014977,0.0037719,-2.0071,0.0083307,6.1035e-05
2096,2138,1,-0.98505,451.12,437.55,0,427.18,476.87,469.75,406.97,0.031931,0.0021491,-2.1627,0.023958,6.1035e-05
2097,2139,1,-0.87762,393.99,381.9,0,373.4,420.65,410,351.76,-0.0035897,0.0011667,-2.1947,0.0090721,6.1035e-05
2098,2140,2,-0.96124,470.44,443.84,0,450.71,478.12,490.18,409.55,0.015847,0.002435,-1.9138,-0.0026755,9.1553e-05
2099,2141,1,-0.8789,388.32,388.13,0,366.29,428.98,409.03,349.75,0.0061015,0.0022207,-2.047,0.01509,6.1035e-05
2100,2142,3,-0.99971,508.26,507.13,0,478.19,537.3,552.21,463.03,0.027559,0.0039147,-1.4826,0.021371,0.00012207
2101,2143,2,-0.99881,467.8,438.61,0,441.91,493.07,485.51,401.35,0.0025681,0.0021233,-2.1,0.0018512,6.1035e-05
2102,2144,3,-0.93083,512.95,506.1,0,484.89,550.28,541.01,461.93,0.015397,0.001757,-1.6636,0.0089015,0.00012207
2103,2145,3,-1.0545,550.62,529.77,0,518.69,577.82,584.61,478.61,0.0043108,0.0039037,-1.6436,0.018113,0.00012207
2104,2146,1,-0.91628,414.44,397.99,0,385.32,434.99,433.1,374.26,0.021725,0.0016654,-2.2017,0.013862,6.1035e-05
2105,2147,1,-0.97928,389.73,355.98,0,372.29,388.46,402.45,332.28,-0.00071491,0.0015315,-2.3172,-0.00041332,6.1035e-05
2106,2148,2,-0.99977,628.56,601.36,0,573.62,689.34,659.38,552,0.0080007,0.0031736,-1.8222,0.021534,0.00012207
2107,2149,3,-1.0195,531.79,497.2,0,510.6,542.9,557.36,442.03,-0.007214,0.0018407,-1.696,0.021104,0.00012207
2108,2150,1,-0.99243,378.73,392.87,0,360.13,423.63,402.65,353.32,-0.0044618,0.001099,-1.7922,0.0044433,6.1035e-05
2109,2151,1,-0.99813,443.97,438.33,0,419.02,487.29,467.41,392.34,0.0058327,0.0016984,-2.0683,-0.00021412,6.1035e-05
2110,2152,2,-1.0639,577.35,534.56,0,548.07,594.51,598.71,490.81,0.0096567,0.0021805,-1.7994,0.0052902,0.00012207
2111,2153,2,-0.97395,562.52,538.21,0,525.17,600.35,589.78,492.86,0.0096598,0.0022474,-1.811,0.012209,0.00012207
2112,2154,0,-0.9544,384.36,389.14,0,367.76,428.03,398.11,356.92,0.007345,0.012876,-2.1758,-0.0057184,6.1035e-05
2113,2155,2,-1.0724,464.94,475.74,0,444.59,520.69,492.84,414.14,0.025373,0.0021496,-1.5946,0.0052404,9.1553e-05
2114,2156,0,-0.99385,408.04,402.67,0,391.6,435.41,425.54,367.83,-0.002818,0.0040921,-2.2157,0.0010028,3.0518e-05
2115,2157,3,-0.97782,518.48,528.13,0,504.24,571.44,542.21,455.93,-0.0041111,0.0028821,-1.5039,0.0032288,6.1035e-05
2116,2158,2,-1.014,471.01,459.75,0,438.76,502.63,497.73,424.22,-0.0011893,0.0020025,-1.7879,0.032733,0.00012207
2117,2159,1,-0.90733,473.56,463.74,0,457.16,505.74,491.02,419.04,0.0017256,0.0015708,-2.0524,-0.0030283,6.1035e-05
2118,2160,0,-0.84765,453.37,450.33,0,435.54,487.34,469.11,417.66,-0.0016292,0.0034107,-2.2473,0.001383,3.0518e-05
2119,2161,2,-0.96705,484.73,479.41,0,452.94,520.96,523.1,429.27,0.00073852,0.0054788,-1.6803,0.040807,0.00012207
2120,2162,2,-0.9701,452.44,484.77,0,432.15,523.82,488.6,415.18,0.0014716,0.0052879,-1.5012,0.011073,9.1553e-05
2121,2163,1,-0.98863,397.11,390.35,0,377.17,425.75,415.84,357.09,-0.0071581,0.0027733,-1.9224,0.011965,6.1035e-05
2122,2164,2,-0.91181,453.18,444.69,0,429.51,497.15,472.79,401.22,0.005884,0.0017119,-1.8004,0.0066595,9.1553e-05
2123,2165,1,-0.97217,490.78,492.06,0,474.43,549.17,508.19,431.27,-0.01022,0.0014317,-1.827,0.023848,6.1035e-05
2124,2166,2,-1.0138,480.03,465.84,0,450.9,506.32,511.03,422.75,0.0016869,0.0019637,-1.8055,0.014879,6.1035e-05
2125,2167,3,-0.99359,533.15,530.65,0,486.08,604.49,567.51,476.77,-0.00038055,0.0011828,-1.6257,0.050816,0.00012207
2126,2168,2,-1.0207,428.17,431.17,0,401.32,468.88,456.74,391.03,-0.0095553,0.0013115,-1.954,0.027215,6.1035e-05
2127,2169,2,-0.87975,500.17,504.44,0,472.78,546.48,540.21,443,0.082127,0.0085961,-1.6738,0.015691,9.1553e-05
2128,2170,3,-1.0001,552.9,558.81,0,514.95,628.36,586.38,497.45,0.041073,0.0045188,-1.6344,0.075979,0.00018311
2129,2171,3,-1.0683,589.23,576.93,0,524.13,624.14,650.39,532.59,0.028035,0.007333,-1.6204,0.08255,0.00012207
2130,2172,1,-0.96508,445.54,448.37,0,415.26,482.78,477.77,411.75,-0.0031144,0.0021488,-1.9133,0.018586,6.1035e-05
2131,2173,3,-1.0183,544.23,527.15,0,506.59,585.05,575.42,479.18,0.0078249,0.0012768,-1.768,0.016923,0.00018311
2132,2174,1,-0.94043,403.44,404.24,0,359.74,436.34,439.64,377.64,-0.016226,0.0059717,-1.9138,0.011199,6.1035e-05
2133,2175,3,-0.8996,479.66,464.36,0,450.48,503.08,512.73,420.48,0.0030977,0.0037017,-1.6788,0.039007,0.00012207
2134,2176,3,-0.9202,490.41,508.98,0,457.09,546.78,533.24,460.37,0.033718,0.00096854,-1.5057,0.025341,0.00012207
2135,2177,0,-0.98059,384.37,387.58,0,369.11,423.41,399.64,351.75,-0.0019628,0.0061031,-2.1356,0.00035403,3.0518e-05
2136,2178,0,-0.97426,463.9,513.72,0.03125,452.37,568.36,477.81,447.78,-0.0010791,0.029327,-1.794,0.016577,6.1035e-05
2137,2179,2,-0.89239,472.76,477.4,0,445.32,526.88,500.2,427.92,0.0033035,0.0021782,-1.769,0.022224,9.1553e-05
2138,2180,2,-0.83895,528.65,576.42,0,502.54,614.18,586.1,493.33,-0.0049695,0.0022142,-1.5657,0.016315,0.00012207
2139,2181,0,-0.98593,394.81,407.63,0,386.35,424.63,413.43,370.23,0.00031525,0.0036659,-1.7894,0.0005885,6.1035e-05
2140,2182,1,-0.89823,481.65,467.16,0,457.61,516.55,501.57,426.24,-0.00015913,0.0012574,-2.2544,0.011772,6.1035e-05
2141,2183,2,-0.94477,450.75,430.59,0,429.62,480.42,468.27,389.31,-0.0016763,0.0020615,-2.1414,0.026899,9.1553e-05
2142,2184,1,-0.93765,360.04,353.78,0,348.96,376.41,377.33,318.48,-0.0090418,0.00042306,-1.9936,0.00050402,6.1035e-05
2143,2185,3,-0.9838,554.13,532.79,0,528.35,581.48,581.58,480.96,0.058566,0.0025104,-1.6588,0.033404,0.00018311
2144,2186,1,-0.98401,447.32,460.28,0,415.63,510.48,479.02,410.07,0.0034399,0.0054093,-1.931,0.0036236,6.1035e-05
2145,2187,0,-0.95061,400.93,410.44,0,379.32,472.07,416.71,365.46,-0.002795,0.003307,-1.8715,0.0030266,6.1035e-05
2146,2188,0,-0.88897,423.69,456.88,0,413.42,520.4,434.62,389.26,-0.0019135,0.0016346,-1.9934,0.033531,3.0518e-05
2147,2189,2,-0.88718,503.78,517.9,0,477.31,566.84,540.06,450.83,0.0083852,0.0020178,-1.3288,0.019153,0.00012207
2148,2190,0,-1.0771,418.02,441.26,0,390.54,488.37,443.84,397.02,-0.011793,0.011626,-1.9358,0.0021849,6.1035e-05
2149,2191,0,-0.94027,392.66,427.47,0,377.86,461.85,415.76,373.84,0.028532,0.0016005,-1.7636,0.00052299,3.0518e-05
2150,2192,0,-1.4367,449.2,483.74,0.54688,451.99,545.89,445.39,398.57,0.00051853,0.30442,-1.8347,0.004427,6.1035e-05
2151,2193,3,-0.98467,553.72,555.25,0,521.7,615.21,590.01,487.3,0.011882,0.014616,-1.5472,0.030183,0.00012207
2152,2194,1,-0.9857,443.4,457.67,0,413.59,520.98,469.71,401.81,-0.002784,0.0087657,-1.7892,0.0053822,6.1035e-05
2153,2195,1,-1.0011,420.22,411.6,0,401.77,444.59,443.94,369.18,-0.0058514,0.0044652,-1.8957,-0.0003326,6.1035e-05
2154,2196,2,-0.90678,481.98,498.99,0,452.97,558.73,511,439.26,-0.0059488,0.002229,-1.7071,0.019369,9.1553e-05
2155,2197,3,-0.97389,495.98,486.68,0,464.25,553.6,520.66,434.64,0.0041654,0.0021763,-1.807,0.014337,6.1035e-05
2156,2198,2,-1.0262,554.96,553.44,0,526.86,636.35,579.76,480.29,0.0026564,0.0052425,-1.6568,0.023174,0.00012207
2157,2199,2,-0.9658,454.61,468.69,0,427.5,538.55,478.54,407.04,-0.0051642,0.0016079,-1.913,0.026782,9.1553e-05
2158,2200,0,-0.95902,378.92,401.35,0,356.2,456.87,396.6,358.16,0.022499,0.0062866,-2.0136,0.0028266,3.0518e-05
2159,2201,3,-0.87015,427.7,411.37,0,399.48,467.03,443.52,380.15,-0.0016154,0.0035596,-1.8825,0.016252,9.1553e-05
2160,2202,1,-0.95846,511.76,524.49,0,486.35,564.78,546.58,469.28,0.010309,0.00096893,-1.7533,0.0072476,6.1035e-05
2161,2203,0,-1.0289,461.28,511.91,0.125,450.81,556.85,475.62,450.34,-0.0067764,0.071589,-1.7626,0.0075519,6.1035e-05
2162,2204,2,-0.96462,401.37,395.7,0,371.45,449,419.33,363.72,0.0035501,0.0025578,-2.0752,0.011697,9.1553e-05
2163,2205,3,-0.97922,507.92,485.73,0,477.68,550.27,528.62,441.58,-0.00042957,0.0015514,-1.898,0.0014901,9.1553e-05
2164,2206,2,-1.0063,409.22,418.12,0,388.81,469.12,429.62,367.11,-0.0010461,0.0023542,-1.7916,0.003678,6.1035e-05
2165,2207,2,-0.97643,494.13,483.11,0,459.26,537.21,517.99,446.09,0.0029065,0.0015077,-1.9279,0.010125,9.1553e-05
2166,2208,3,-0.97383,466.89,473.98,0,437.13,529.73,496.66,418.23,0.015469,0.0016161,-1.5702,0.014928,9.1553e-05
2167,2209,0,-0.97331,378.96,396.7,0,360.79,437.12,397.13,356.28,-2.0402e-05,0.0010618,-2.0834,-9.8242e-05,3.0518e-05
2168,2210,2,-1.0028,517.85,519.1,0,490.21,577.19,547.27,457.27,0.0035703,0.0034591,-1.7228,0.0053576,6.1035e-05
2169,2211,1,-1.0496,406.28,399.28,0,384.46,443.54,429.51,352.16,-0.0068457,0.0031476,-1.8787,0.004286,9.1553e-05
2170,2212,0,-0.99507,418.77,441.19,0,389.01,505.5,440.48,394.25,-0.010264,0.0010421,-2.0627,0.00079041,6.1035e-05
2171,2213,1,-1.021,419.42,399.88,0,394.37,455,435.49,364.55,0.00034179,0.0011165,-2.2151,-0.00066827,6.1035e-05
2172,2214,1,-0.92568,404.53,412.93,0,379.61,465.75,426.52,366.33,0.005285,0.0024308,-1.9541,0.0089506,6.1035e-05
2173,2215,2,-0.88127,495.3,501.62,0,464.84,574.44,520.54,441.29,-0.0039836,0.001421,-1.898,0.0035392,6.1035e-05
2174,2216,0,-0.92632,414.29,452.65,0,398.19,489.38,439.41,395.37,0.00046839,0.0024699,-1.8234,0.0022631,6.1035e-05
2175,2217,0,-0.92553,387.29,420.41,0,368.67,466.06,409.75,365.31,0.019328,0.00085705,-1.943,0.0035894,6.1035e-05
2176,2218,0,-0.97038,434.53,452.98,0,403.12,521.64,454.67,408.96,-0.015607,0.003665,-2.1819,-0.00097065,6.1035e-05
2177,2219,3,-1.0048,473.95,473.88,0,446.84,523.62,499.41,427.15,0.006532,0.0042579,-1.6606,0.010849,6.1035e-05
2178,2220,1,-0.93355,397.79,431.88,0,379.27,473.93,426.68,366.28,-0.014362,0.0020859,-1.6946,0.00065258,6.1035e-05
2179,2221,3,-1.0027,477.3,471.55,0,455.96,508.37,506.55,421.1,0.010078,0.0019508,-1.3509,0.0052309,0.00012207
2180,2222,2,-0.95955,534.69,573.8,0,503.69,638.53,577.17,485.1,0.0090093,0.0012058,-1.3814,0.01011,0.00012207
2181,2223,1,-0.89418,494.99,532.01,0,470.67,594.25,524.35,456.9,0.017862,0.002449,-1.769,0.0047992,0.00012207
2182,2224,3,-0.99675,454.99,460.1,0,423.03,513.87,481.48,415.54,0.014317,0.0017119,-1.6693,0.044639,0.00012207
2183,2225,1,-0.8969,453.98,497.82,0,430.75,548.3,485.81,428.65,0.0045205,0.0011246,-1.7489,0.0027408,9.1553e-05
2184,2226,2,-0.93359,459.75,475.5,0,433.46,523.57,491.47,417.48,0.013528,0.0012843,-1.5829,0.0076911,6.1035e-05
2185,2227,0,-0.98725,377.71,389.23,0,357.62,434,392.38,356.56,-0.0022942,0.00051821,-2.0634,-0.0020902,6.1035e-05
2186,2228,1,-1.0414,381.17,394.53,0,354.46,438.34,406.27,353.36,0.0048797,0.01057,-1.4161,0.0086369,6.1035e-05
2187,2229,1,-0.92896,467.96,514.84,0,435.5,581.53,500.43,448.14,0.0024848,0.0025304,-1.6937,0.044153,9.1553e-05
2188,2230,3,-0.98207,484.08,481.97,0,437.58,538.57,520.25,437.94,0.0051334,0.0018892,-1.6781,0.012546,6.1035e-05
2189,2231,0,-0.90515,394.02,410.8,0,369.64,458.67,411.82,375.88,-0.0043711,0.0084229,-2.0994,-0.0066694,3.0518e-05
2190,2232,1,-0.98469,384.16,361.24,0,364.53,396.12,397.59,337.37,0.00011184,0.0013849,-1.842,0.023601,6.1035e-05
2191,2233,2,-1.0031,425.29,436.05,0,396.35,487.61,449.26,393.33,0.013687,0.0034845,-1.5945,0.0038604,9.1553e-05
2192,2234,0,-0.97213,356.24,382.66,0,341.83,415.03,375.98,338.29,0.00094881,0.00051175,-1.8759,0.00028187,3.0518e-05
2193,2235,2,-0.9938,446.72,427.19,0,425.18,466.39,471.14,382.77,0.0029441,0.00259,-1.6033,0.0070663,6.1035e-05
2194,2236,2,-0.94263,544.26,548.29,0,516.37,613.26,573.96,479.12,0.0054467,0.00090987,-1.6974,0.017434,0.00012207
2195,2237,2,-0.92398,441.69,450.13,0,417.44,489.95,472.87,398.92,-0.00024363,0.0018371,-1.4716,0.0090957,6.1035e-05
2196,2238,0,-0.91179,420.09,439.37,0,390.69,505.84,438.93,396.76,0.0007366,0.0017979,-2.1876,-1.8734e-05,6.1035e-05
2197,2239,1,-0.91267,423.05,441.65,0,401.17,495.22,447.84,380.92,-0.00023771,0.0010486,-1.8569,0.0044224,6.1035e-05
2198,2240,2,-0.97079,514.37,530.81,0,488.1,588.31,546.08,461.42,0.0095329,0.0034673,-1.4293,0.03461,9.1553e-05
2199,2241,2,-0.99815,437.63,444.22,0,421.78,484.05,459.36,389.63,-0.0036889,0.0014036,-1.6078,0.03652,6.1035e-05
2200,2242,1,-0.96114,419.53,444.76,0,394.53,493.1,447.86,389.97,0.0042562,0.00096203,-1.8993,0.0050844,3.0518e-05
2201,2243,3,-1.041,500.01,495.74,0,476.67,555.15,519.36,446.5,0.0003672,0.0022475,-1.6095,0.0013568,9.1553e-05
2202,2244,2,-0.99487,399.31,397.29,0,375.88,435.84,419.99,363.28,-0.013908,0.00083975,-1.9484,0.014061,0.00012207
2203,2245,0,-1.0352,413.98,426.92,0.0625,391.5,476.33,433.82,383.32,-0.0078378,0.039099,-2.0228,0.00018248,6.1035e-05
2204,2246,2,-0.93105,495.49,493.29,0,459.89,554.04,524.99,442.96,0.0021454,0.0028287,-1.8083,0.024295,6.1035e-05
2205,2247,1,-1.0577,504.24,541.11,0,479.57,595.66,538.05,466.36,-0.024151,0.0069124,-1.6022,0.017566,6.1035e-05
2206,2248,3,-1.0014,515.52,501.82,0,480.66,551.41,552.63,449.03,-0.0073642,0.001245,-1.6296,0.012705,0.00012207
2207,2249,0,-0.94713,429.4,467.4,0,402.54,522.81,454.64,415.36,-0.0026708,0.0019288,-1.9081,0.0055315,6.1035e-05
2208,2250,0,-1.0081,434.1,445.86,0,412.21,491.23,454.66,403.24,-0.00065996,0.0012244,-2.1145,-8.4221e-05,3.0518e-05
2209,2251,1,-0.98116,400.23,394.23,0,379.74,438.02,416.16,360.17,0.0030813,0.0016635,-2.1556,-0.0014114,6.1035e-05
2210,2252,1,-0.87592,502.33,515,0,471.68,566.09,534.95,460.62,0.010009,0.0039329,-1.867,0.015051,6.1035e-05
2211,2253,2,-1.0581,471.2,460.42,0,451.41,510.12,492.26,407.52,-0.0079026,0.0030359,-1.7518,0.02081,6.1035e-05
2212,2254,3,-0.99289,509.86,479.49,0,465.06,543.58,536.74,441.03,0.00054061,0.001423,-1.9571,0.039836,9.1553e-05
2213,2255,2,-0.8768,473.29,468.71,0,439.43,519.28,503.16,424.09,0.0076874,0.0026223,-1.8671,0.023028,9.1553e-05
2214,2256,2,-1.0077,436.32,423.68,0,404.12,467.09,463,387.72,0.014287,0.0023908,-1.6334,0.026145,9.1553e-05
2215,2257,2,-0.8881,436.76,444.76,0,412.38,481.85,466.19,399.99,0.0029284,0.00060099,-1.6367,0.011463,9.1553e-05
2216,2258,2,-0.96695,553.45,585.22,0,526.3,663.16,586.21,491.15,0.0055957,0.004827,-1.6463,0.004289,0.00012207
2217,2259,2,-0.95667,427.54,439.47,0,408.21,478.58,455.78,382.31,-0.0022461,0.0019048,-1.5738,0.014818,9.1553e-05
2218,2260,3,-1.017,537.99,532.92,0,502.92,589.09,575.31,473.12,0.0076832,0.0015996,-1.7262,0.0091628,0.00012207
2219,2261,0,-0.97059,291.05,296.72,0,278.04,332.39,301.17,268.98,-0.0024651,0.0014239,-1.8696,0.014391,3.0518e-05
2220,2262,0,-0.94088,395.75,421.83,0,378.27,455.81,418.23,378.14,0.0027627,0.001167,-2.0316,-0.00069533,6.1035e-05
2221,2263,3,-1.0299,478.85,507.97,0,459.35,569.21,500.95,438.57,0.0062108,0.0030023,-1.4249,0.037899,9.1553e-05
2222,2264,0,-0.9624,347.59,365.68,0,330,404.12,364.12,329.57,-4.1045e-05,0.00022184,-2.0101,-0.00018702,3.0518e-05
2223,2265,0,-0.9436,355.07,356.83,0,338.6,392.84,369.6,325.06,-0.01517,0.010346,-2.0916,0.014634,3.0518e-05
2224,2266,0,-0.9383,438.6,447.55,0,414.59,497.08,458.48,406.51,0.031715,0.00293,-2.1061,0.0022148,3.0518e-05
2225,2267,3,-1.0061,485.82,487.16,0,462.13,529.97,512.68,438.64,0.0080371,0.0011134,-1.6773,0.0055564,0.00012207
2226,2268,2,-0.95417,459.81,456.16,0,431.84,498.75,489.58,410.82,-0.0041715,0.00047409,-1.8034,-0.0025498,6.1035e-05
2227,2269,0,-0.92593,440.24,453.07,0,415.09,507.34,461.07,408.1,-0.032148,0.0022597,-2.1853,0.00091373,9.1553e-05
2228,2270,2,-0.96773,399.3,396.43,0,379.65,438.13,417.75,357.26,0.012525,0.0008625,-1.8309,0.0091953,6.1035e-05
2229,2271,3,-0.95606,471.92,469.85,0,442.95,528.28,493.06,427.21,0.0081377,0.00083356,-1.6931,0.018135,9.1553e-05
2230,2272,0,-1.0079,434.78,475.32,0,409.85,538.48,461.32,408.09,-0.0028831,0.013593,-1.8131,-0.0070336,6.1035e-05
2231,2273,0,-1.5337,468.67,475.07,0.625,453.41,542.82,478.45,431.64,-0.0022683,0.39569,-2.2579,0.00016749,6.1035e-05
2232,2274,3,-1.0213,473.94,451.92,0,434.6,499.45,500.86,419.4,0.030139,0.013888,-1.8429,0.022447,0.00012207
2233,2275,2,-0.96642,494.37,494.17,0,462.77,559.38,522.24,436.63,0.019405,0.010774,-1.7542,0.055256,0.00012207
2234,2276,3,-0.96007,459.05,464.54,0,440.21,504.11,483.27,413.68,0.0041296,0.002993,-1.683,0.019877,9.1553e-05
2235,2277,2,-0.9263,447.41,446.73,0,420.98,489.99,477.37,397.7,-0.0003194,0.0040119,-1.8012,0.0065181,6.1035e-05
2236,2278,1,-1.0147,506.87,491.4,0,468.28,567.37,527.09,451.6,0.022028,0.0052257,-2.0961,-0.0018639,0.00012207
2237,2279,3,-1.0218,568.02,550.94,0,518.44,619.09,609.09,494.47,0.01626,0.0021214,-1.712,0.036373,0.00012207
2238,2280,1,-1.0056,401.8,411.63,0,379.45,468.94,420.31,364.15,0.0040902,0.0010742,-1.8647,0.027421,6.1035e-05
2239,2281,0,-1.0195,440.69,475.49,0.015625,419.41,526.32,466.37,414.16,-0.00063526,0.011978,-2.0144,-0.0014161,3.0518e-05
2240,2282,2,-0.98505,472.07,483.32,0,449.86,555.52,489.35,427.17,0.0023451,0.0024193,-1.6729,0.017464,6.1035e-05
2241,2283,2,-1.0217,458.74,481.41,0,439.3,529,485.37,416.19,-0.0011695,0.0039081,-1.6315,0.058042,9.1553e-05
2242,2284,2,-1.0048,531.79,560.38,0,495.15,605.94,581.99,497.95,0.002514,0.0033081,-1.4369,0.025628,9.1553e-05
2243,2285,0,-1.0107,276.55,284.64,0,269.23,312.88,285.38,250.56,-0.0097873,0.004494,-1.7694,0.036808,3.0518e-05
2244,2286,2,-1.0037,491.5,501.89,0,467.59,551.68,522.24,437.86,0.0023881,0.0031021,-1.6213,0.011265,6.1035e-05
2245,2287,2,-0.94682,475.64,465.15,0,449.68,513.11,500.04,420.09,0.030658,0.0025994,-1.7791,0.010186,9.1553e-05
2246,2288,0,-1.7042,467.98,498.18,0.82812,459.99,573.37,475.03,431.83,0.038862,0.62468,-1.8584,0.068734,3.0518e-05
2247,2289,1,-0.94598,421.61,436.39,0,400.05,492.33,440.63,387.04,0.015258,0.0054657,-1.8416,0.014152,6.1035e-05
2248,2290,0,-0.9794,378.34,380.93,0,361.37,419.66,392.4,348.84,8.606e-05,0.0087847,-2.1157,0.0010728,6.1035e-05
2249,2291,0,-0.99465,372.59,381.88,0,353.68,422.57,389.27,345.97,-0.0014772,0.0057398,-2.1163,0.00047716,6.1035e-05
2250,2292,1,-0.95415,407.28,403.8,0,384.72,444.38,427.18,368,0.014362,0.0028492,-2.0073,0.010023,3.0518e-05
2251,2293,3,-1.0188,543.67,532.17,0,506.13,590.49,576.8,480.71,0.014367,0.0042599,-1.5364,0.06053,0.00012207
2252,2294,2,-0.97933,530.43,524.07,0,497.82,587.31,559.2,468.26,0.012648,0.0010144,-1.5962,0.026861,6.1035e-05
2253,2295,0,-0.90665,418.9,433.6,0,400.72,471.88,438.26,392.84,-0.02613,0.004637,-2.0381,0.0037972,6.1035e-05
2254,2296,0,-0.95707,419.69,441.83,0,402.05,471.25,443.86,401.51,-0.0039476,0.0028224,-1.7619,0.0033711,6.1035e-05
2255,2297,3,-0.99613,482.92,476.96,0,461.89,506.64,515.73,430.66,0.0054166,0.0020625,-1.467,0.036371,0.00012207
2256,2298,1,-1.0431,500,501.43,0,469.36,553.64,528.77,452.38,-0.012957,0.0055065,-1.865,-0.00057238,0.00012207
2257,2299,2,-0.9634,544.04,561.32,0,512.04,620.88,582.65,489.43,-0.0039581,0.00177,-1.6246,0.01931,9.1553e-05
2258,2300,0,-0.98905,457.32,486.75,0,436.43,533.67,476.95,442.67,-0.0017525,0.000839,-2.0385,0.0011989,6.1035e-05
2259,2301,2,-0.9664,423.51,444.9,0,397.94,496.28,450.73,390.2,-0.0022866,0.0014015,-1.8382,0.0038343,6.1035e-05
2260,2302,0,-0.90126,366.79,381.42,0,350.28,415.1,385.49,343.26,-0.00025884,0.0068575,-2.0397,0.002494,3.0518e-05
2261,2303,0,-0.99522,381.72,401.33,0,371.98,449.72,391.46,352.94,0.011562,0.0043444,-1.8158,0.0017273,6.1035e-05
2262,2304,1,-0.87274,477.58,495.53,0,450.43,552.02,506.48,435.39,0.0030829,0.00080217,-1.8923,-0.0019248,0.00012207
2263,2305,2,-0.97469,541.65,546.65,0,498.68,603.87,584.61,489.43,0.032499,0.0032185,-1.799,0.017389,0.00012207
2264,2306,0,-0.96129,406.39,442.89,0,376.34,503.96,429.77,395.39,-0.0063093,0.004333,-1.9907,0.014752,3.0518e-05
2265,2307,1,-0.9823,459.31,469.47,0,440.14,513.63,479.71,422.46,-0.0023459,0.0030323,-1.8875,0.0054656,6.1035e-05
2266,2308,2,-0.93901,364.6,364.54,0,346.27,388.05,389.72,332.32,-0.0073035,0.0032461,-1.6071,0.012206,6.1035e-05
2267,2309,3,-1.0375,468.78,435.01,0,430.5,491.43,487.48,407.46,0.017813,0.0024679,-1.9749,0.01728,9.1553e-05
2268,2310,0,-0.97361,392.14,397.96,0,370.58,442.56,406.9,367.45,0.019732,0.0010662,-2.2088,0.0036802,3.0518e-05
2269,2311,0,-0.98108,382.45,412.7,0,366.28,447.32,406.1,362.1,-0.013169,0.0019846,-1.8086,0.0078023,6.1035e-05
2270,2312,2,-1.0808,433.62,428.37,0,413.14,462.84,456.82,389.31,0.0056837,0.0043459,-1.5689,0.025061,6.1035e-05
2271,2313,1,-1.0335,430.19,441.62,0,406.63,481.98,458.63,392.91,-0.0056145,0.0032225,-1.8603,0.01929,6.1035e-05
2272,2314,1,-1.0288,463.14,455.23,0,433.47,487.3,494.71,421.08,-0.0099783,0.0009944,-2.0217,0.0145,6.1035e-05
2273,2315,0,-0.95963,407.46,438.41,0,388.93,477.07,431.27,388.69,0.0011094,0.0035725,-1.9495,0.004466,6.1035e-05
2274,2316,2,-0.93263,535.47,505.12,0,510.98,563.28,554.51,459.89,-0.0031342,0.0036269,-1.8659,0.01877,6.1035e-05
2275,2317,0,-0.97837,348.2,346.99,0,332.56,382.89,358.9,322.43,-0.00017495,0.0048174,-2.3171,0.00096561,3.0518e-05
2276,2318,2,-0.99762,512.46,492.26,0,480.97,547.17,536.96,449.56,0.0046287,0.0012794,-1.9795,0.0047824,9.1553e-05
2277,2319,0,-0.95518,383.75,404.97,0,363.3,440.05,408.43,362.64,-0.0041243,0.001414,-1.9773,0.0097545,6.1035e-05
2278,2320,1,-0.97064,382.21,366.35,0,363.32,399.53,399.95,335.18,-0.003127,0.0013187,-2.0019,0.012987,3.0518e-05
2279,2321,2,-0.89236,483.95,488.1,0,458.85,531.14,514.23,436.16,0.0098265,0.0021264,-1.8364,0.016487,9.1553e-05
2280,2322,1,-0.86454,510.21,511.51,0,481.02,568.77,535.97,460.98,0.0074066,0.00086683,-1.9853,0.0039999,6.1035e-05
2281,2323,3,-0.97793,455.66,440.96,0,427.44,483.65,479.04,405.59,0.0083802,0.0021789,-1.6793,0.024593,9.1553e-05
2282,2324,2,-0.96352,462.67,460.02,0,436.99,505.01,488.35,415.03,-0.013649,0.0019903,-1.8096,0.0098788,9.1553e-05
2283,2325,2,-1.0117,506.05,468.82,0,478.83,517.21,523.5,437.8,-0.0073941,0.0019303,-2.0337,0.020699,6.1035e-05
2284,2326,0,-1.0149,376.25,400.85,0,355.06,441.89,400.27,354.34,-0.0020333,0.0042002,-1.8314,0.026929,6.1035e-05
2285,2327,0,-0.84898,361.21,363.71,0,337.63,415.93,373.57,336.36,-0.0031533,0.013307,-2.3145,0.002427,3.0518e-05
2286,2328,0,-0.88023,382.75,400.35,0,358.9,453.33,399.07,364.09,0.00063604,0.0053936,-2.295,0.0027161,3.0518e-05
2287,2329,3,-1.0077,519.84,478,0,492.16,522.75,542.77,440.92,0.0037191,0.00677,-1.746,0.0076575,6.1035e-05
2288,2330,0,-0.98721,386.47,400.67,0,369.16,435.56,404.89,363.52,-0.03366,0.013228,-1.9997,0.0099652,6.1035e-05
2289,2331,2,-0.97274,557.67,559.72,0,511.07,605.69,601.46,516.54,0.0024994,0.0055301,-1.6042,0.0066641,0.00012207
2290,2332,3,-0.9661,491.21,464.06,0,461.99,514.91,512.53,426.95,-0.00048333,0.0029658,-1.939,0.00011614,9.1553e-05
2291,2333,0,-1.1597,456.93,503.09,0.25,439.66,555.37,477.77,440,-0.0032349,0.16135,-1.8393,0.00060412,6.1035e-05
2292,2334,3,-0.95146,469.16,481.45,0,428.03,515.52,525.52,434.77,0.010317,0.0043033,-1.5459,0.01236,0.00012207
2293,2335,0,-1.0511,425.14,448.78,0,412.24,483.99,442.81,400.52,-0.017206,0.0066335,-1.5352,0.020439,6.1035e-05
2294,2336,1,-0.86074,505.86,501.62,0,470.14,559.49,533.64,456.61,-0.0018225,0.0066134,-1.8409,0.0049895,6.1035e-05
2295,2337,0,-1.1546,434.4,449.55,0.17188,413.2,488.62,455.61,410.47,-0.0098031,0.14968,-1.8346,0.0033367,6.1035e-05
2296,2338,3,-1.0028,474.16,468.03,0,450.25,495.73,503.02,434.6,0.0062777,0.003326,-1.4508,0.016146,9.1553e-05
2297,2339,3,-0.99542,506.17,491.81,0,466.46,524.21,548.44,457.32,0.0037348,0.0025659,-1.5835,0.016605,0.00012207
2298,2340,2,-0.97064,470.58,473.28,0,442.87,513.62,504.02,424.58,0.012168,0.0027327,-1.6883,0.0095211,9.1553e-05
2299,2341,0,-0.91402,439.46,447.38,0,421.45,501.55,454.39,402.5,-0.0009433,0.0045633,-2.1061,0.027313,6.1035e-05
2300,2342,3,-1.0291,560.23,534.06,0,516.35,580.95,594.35,497.59,-0.00010877,0.0023144,-1.7077,0.021444,0.00012207
2301,2343,0,-0.93191,428.66,436.1,0,410.01,477.33,446.18,397.37,-8.2001e-05,0.0017556,-2.1236,0.00032541,6.1035e-05
2302,2344,2,-0.87076,452.91,461.1,0,428.89,504.91,481.9,408.21,-0.01264,0.004085,-1.801,0.015196,0.00012207
2303,2345,2,-1.0069,523.85,519.94,0,492.89,580.48,552.92,463.08,0.0034387,0.0019826,-1.811,0.0056293,6.1035e-05
2304,2346,2,-1.0021,474.72,460.45,0,446.67,514.12,493.91,423.73,0.0051624,0.0033038,-1.6931,0.012324,0.00012207
2305,2347,2,-0.9268,467.77,469.19,0,432.8,520.1,496.76,427,0.0042536,0.00099872,-1.8301,0.046346,6.1035e-05
2306,2348,1,-0.97032,376.4,367.34,0,360.63,397.72,394.28,332.92,-0.0011257,0.0027856,-2.044,0.00059372,3.0518e-05
2307,2349,3,-1.0057,485.88,468.99,0,457.43,506.53,514.32,431.46,0.015619,0.002115,-1.6378,0.027113,0.00012207
2308,2350,3,-0.99411,534.88,495.27,0,500.78,534.17,568.98,456.37,0.014372,0.0015316,-1.6927,0.021048,0.00012207
2309,2351,1,-0.96887,418.59,422.87,0,395.63,459.98,444.6,380.81,-0.010205,0.0010964,-1.947,0.0012497,6.1035e-05
2310,2352,3,-1.0471,516.13,459.45,0,478.28,493.88,537.36,440.13,-0.0013854,0.0018092,-1.8547,0.011459,0.00012207
2311,2353,0,-1.4729,450.17,451.86,0.625,455.45,516.78,445.52,394.59,-0.017392,0.28345,-1.9877,0.0032184,6.1035e-05
2312,2354,2,-0.93805,453.2,470.48,0,437.89,514.88,477.08,401.2,-0.007267,0.0070761,-1.6343,0.038192,9.1553e-05
2313,2355,0,-0.96966,425.23,438.91,0,408.29,472.27,447.01,396.02,-0.019483,0.020365,-2.1026,-0.00018469,3.0518e-05
2314,2356,0,-0.98063,439.04,447.93,0.03125,419,490.1,456.73,410.73,0.0050723,0.023804,-2.1277,-0.00058878,6.1035e-05
2315,2357,0,-1.1562,437.2,463.5,0.26562,418.57,500.61,464.42,409.27,-0.006826,0.13388,-1.7309,0.012178,6.1035e-05
2316,2358,2,-0.98553,410.08,398.28,0,388.61,440.18,425.76,367.69,0.0014547,0.0036395,-1.9238,0.0082657,6.1035e-05
2317,2359,1,-1.0377,459.66,467.2,0,435.31,528.43,477.43,422.51,0.0010882,0.0078479,-1.9116,0.0039771,9.1553e-05
2318,2360,3,-0.93786,517.4,503.45,0,487.98,557.34,538.86,464.12,0.011847,0.0021819,-1.8812,0.015724,0.00012207
2319,2361,1,-0.90694,336.78,336.94,0,321.46,369.55,351.17,306.3,-0.0068563,0.0034218,-2.023,0.012252,3.0518e-05
2320,2362,2,-0.90557,475.77,488.88,0,448.98,532.3,508.09,436.49,0.022947,0.00089466,-1.7118,0.021754,9.1553e-05
2321,2363,0,-0.98429,462.43,476.64,0,444.17,518.72,476.63,443.91,-0.0030956,0.0022651,-2.2784,-0.0010738,3.0518e-05
2322,2364,0,-0.96116,356.25,364.35,0,343.71,393.98,370.47,330.77,-0.0028812,0.00086363,-1.9668,0.0031255,6.1035e-05
2323,2365,3,-1.0294,523.95,506.01,0,485.43,580.54,542.76,469.61,0.010171,0.0021375,-2.014,0.016163,0.00012207
2324,2366,3,-0.97748,475.04,472.26,0,453.22,507.02,506.92,421.46,0.013132,0.0024518,-1.5603,0.016284,9.1553e-05
2325,2367,2,-0.90262,414.17,402.21,0,381.33,442.48,438.13,372.82,-0.0012105,0.0064157,-1.9577,0.0089103,6.1035e-05
2326,2368,1,-0.90975,395.5,408.5,0,376.17,442.48,418.84,367.48,-0.025134,0.0011992,-1.9541,0.0032717,6.1035e-05
2327,2369,0,-0.95048,423.38,460.36,0,405.6,497.11,449.38,406.64,-0.004068,0.00089394,-1.8621,0.044255,6.1035e-05
2328,2370,2,-0.9427,496.29,483.14,0,466.55,537.96,520.93,437.71,0.0063877,0.00071839,-1.9091,0.042039,0.00012207
2329,2371,1,-1.04,571.33,590.81,0,536.65,655.28,606.02,526.34,-0.0030141,0.0096834,-1.862,0.030976,0.00012207
2330,2372,0,-1.3005,454.06,506,0.20312,447.89,551.18,462.51,444.08,-0.0083471,0.16312,-1.6703,0.0034987,6.1035e-05
2331,2373,2,-0.89691,518.38,538.25,0,489.97,589.11,557.32,468.56,0.0013801,0.0085798,-1.5001,0.044284,0.00012207
2332,2374,0,-0.97232,391.27,404.8,0,374.49,443.67,407.03,368.28,-0.00078922,0.0043464,-2.071,-0.00085429,6.1035e-05
2333,2375,2,-0.88809,476.48,512.84,0,450.93,558.81,513.83,445.66,0.0049319,0.0033496,-1.6185,0.039727,6.1035e-05
2334,2376,0,-1.0334,421.58,431.55,0,407.78,489.52,432.31,386.47,-0.020533,0.003343,-2.0611,0.020228,3.0518e-05
2335,2377,0,-0.95358,400.51,401.12,0,378.34,449.84,416.69,365.57,0.0030148,0.0066174,-2.2349,-0.00051833,3.0518e-05
2336,2378,0,-0.98429,393.62,396.85,0,372.92,445.75,408.72,361.18,-0.011791,0.0022681,-2.0753,0.0022439,6.1035e-05
2337,2379,0,-1.0046,356.59,372.87,0,344.28,411.11,369.7,332.17,-0.010029,0.0030568,-1.9271,-0.0020718,3.0518e-05
2338,2380,2,-0.96116,551.32,515.58,0,518.32,588.24,569.84,474.81,-0.0028366,0.00085683,-1.9985,0.020358,0.00018311
2339,2381,1,-0.84705,489.8,490.35,0,466.39,546.7,514.73,430.36,-0.003305,0.0016643,-2.0389,0.0033552,6.1035e-05
2340,2382,2,-0.98777,489.37,488.87,0,459.9,534.42,524.95,433.89,0.01304,0.001807,-1.7299,0.043173,9.1553e-05
2341,2383,2,-0.98873,538.17,549.82,0,501.71,623,572.42,481.07,0.0055427,0.004144,-1.7184,0.050065,6.1035e-05
2342,2384,3,-0.91002,555.52,534.87,0,525.7,595.9,581.84,481.02,0.011452,0.0029426,-1.6708,0.013971,0.00012207
2343,2385,0,-1.018,416,429.48,0,395.91,482.79,431.62,388.02,-0.0061062,0.0015152,-2.0049,0.019929,6.1035e-05
2344,2386,3,-1.0376,546.58,526.4,0,511.64,585.28,581.52,467.52,0.015782,0.0025191,-1.6243,0.029181,0.00012207
2345,2387,3,-1.0129,462.76,454.33,0,444.97,510.22,474.93,416.09,0.0031376,0.0032441,-1.7988,0.020732,6.1035e-05
2346,2388,1,-0.95552,516.36,533.41,0,494.3,572.08,550.79,473.08,0.011359,0.0016015,-1.662,0.054393,0.00012207
2347,2389,2,-0.9378,475.3,474.44,0,455.08,521.72,499.7,417.37,0.012578,0.002402,-1.7763,0.013837,6.1035e-05
2348,2390,1,-0.93366,521.38,531.11,0,497.56,579.69,552.02,468.64,-0.00095727,0.0011602,-1.8238,0.025823,6.1035e-05
2349,2391,0,-0.97931,368.02,359.01,0,347.78,404.79,379.37,333.33,-0.0026842,0.0013003,-2.2631,-0.00084083,3.0518e-05
2350,2392,2,-0.89154,504.64,511.12,0,471.02,563.14,540.43,455.74,-0.0053259,0.00091402,-1.8598,0.027201,0.00012207
2351,2393,0,-0.95444,451.59,498.25,0.046875,434.42,541.8,475.12,438.56,-0.0035654,0.030432,-1.9399,0.00040217,6.1035e-05
2352,2394,0,-0.96042,409.68,422.53,0,389.49,466.41,428.65,381.32,-0.0026458,0.001671,-1.9601,0.0011865,6.1035e-05
2353,2395,2,-0.87352,465.81,473.79,0,443.7,514.63,496.11,417.83,0.0063439,0.0012475,-1.5865,0.013981,9.1553e-05
2354,2396,3,-0.93767,451.79,417.08,0,422.04,453.8,478.04,384.67,0.0098817,0.001257,-1.8957,0.026677,9.1553e-05
2355,2397,0,-1.0048,382.71,390.56,0,357.86,433.87,402.04,356.87,-0.0058962,0.0023643,-2.1131,0.010838,6.1035e-05
2356,2398,3,-0.97005,527.26,517.01,0,489,579.32,553.43,474.37,0.0055449,0.0021065,-1.8382,0.066049,0.00012207
2357,2399,3,-1.0364,473.16,456.99,0,449.98,483.56,507.02,418.17,-0.015122,0.0017636,-1.6648,0.016447,0.00012207
2358,2400,3,-0.98456,564.7,519.97,0,537.93,567.51,589.85,475.31,0.010196,0.0014043,-1.8093,0.0060806,0.00012207
2359,2401,0,-1.0012,391.28,411.04,0,377.16,442.19,410.63,368.34,0.014833,0.0064999,-1.657,0.010587,3.0518e-05
2360,2402,1,-1.0159,493.24,527.54,0,463.78,566.29,539.19,467.09,0.062591,0.0048032,-1.5195,0.029402,9.1553e-05
2361,2403,1,-1.0257,524.53,531.92,0,491.04,600.15,552.27,475.38,-0.00036154,0.0036588,-1.6711,0.013433,6.1035e-05
2362,2404,3,-0.91098,503.82,480.67,0,479.53,517.48,533.13,436.26,0.0067452,0.0029773,-1.647,0.024729,0.00012207
2363,2405,0,-0.93597,383.05,398.03,0,370.79,424.99,398.83,363.38,-0.034671,0.0091507,-1.9109,0.03364,6.1035e-05
2364,2406,1,-1.0066,330.79,316.32,0,314.84,339.9,347.78,291.21,0.00083624,0.0031255,-1.7037,0.011956,3.0518e-05
2365,2407,2,-1.0193,460.9,427.84,0,438.27,469.05,478.5,395.79,-0.0042574,0.00070154,-2.07,0.010212,6.1035e-05
2366,2408,3,-1.0061,531.97,521.92,0,500.28,574.75,561.75,472.3,0.014377,0.0015394,-1.6071,0.020731,0.00012207
2367,2409,2,-0.91221,465.56,455.27,0,441.24,499.44,493.12,405.22,-0.0061832,0.0017549,-1.766,0.023609,6.1035e-05
2368,2410,1,-0.99333,371.59,375.08,0,349.88,398.43,401.34,343.09,-0.007352,0.0024423,-1.7547,0.011371,6.1035e-05
2369,2411,3,-1.0758,465.54,452.91,0,447.39,496.6,482.6,411.87,-0.004867,0.0027212,-1.6444,0.014372,6.1035e-05
2370,2412,2,-0.94235,529.02,496.28,0,504.21,535,552.33,459.9,0.014108,0.0030807,-1.7734,0.0064634,0.00012207
2371,2413,3,-0.99537,509.65,506.4,0,482.05,557.12,537.24,455.67,0.009381,0.0011674,-1.5849,0.017722,0.00012207
2372,2414,2,-0.91563,553.39,562.82,0,502.39,611.94,607.68,510.53,-0.0038233,0.0019698,-1.5868,0.050347,0.00012207
2373,2415,0,-0.97772,417.92,438.26,0,396.72,476.05,439.11,400.48,0.001082,0.001197,-2.1145,0.00010548,3.0518e-05
2374,2416,1,-1.0564,480.32,452.34,0,456.89,495.62,494.38,426.37,0.0085836,0.0061807,-2.1036,-0.0015569,6.1035e-05
2375,2417,0,-0.98182,439,435.49,0,417.27,482.72,455.91,398.76,0.012511,0.0024975,-2.0688,0.0098957,9.1553e-05
2376,2418,3,-0.95076,488.38,480.85,0,474.19,530.82,504.47,424.23,0.008174,0.0016851,-1.6672,0.011751,0.00012207
2377,2419,1,-0.97084,532.72,540.99,0,509.57,605.33,553.15,484.23,-0.0045713,0.0034984,-1.8091,0.012536,9.1553e-05
2378,2420,0,-0.97518,450.56,475.54,0,430.67,521.14,471.73,427.01,0.016701,0.0031512,-1.7407,-0.0001834,6.1035e-05
2379,2421,2,-0.97644,472.77,457.72,0,446.81,507.43,497.15,411.02,-0.0065608,0.0022013,-1.8832,0.0043588,9.1553e-05
2380,2422,1,-1.0303,514.93,524.45,0,487.33,569.35,548.24,470.25,0.0046174,0.0049675,-1.6354,0.063398,6.1035e-05
2381,2423,0,-0.95078,430.4,438.84,0,412.48,490.99,443.47,400.79,-0.010207,0.0084552,-1.9402,0.0082474,9.1553e-05
2382,2424,2,-1.0365,553.65,524.86,0,520.09,562.01,591.69,482.76,0.013309,0.0028064,-1.8043,0.019416,6.1035e-05
2383,2425,2,-0.99181,489.55,453.37,0,463.05,496.78,507.69,423.66,-0.00023268,0.0025947,-1.7339,0.0037101,9.1553e-05
2384,2426,2,-0.91617,533.2,533.3,0,497.61,583.38,568.79,483.23,0.010205,0.001785,-1.734,0.029586,0.00012207
2385,2427,0,-0.9868,388.38,380.61,0,362.98,429.36,399.1,360.03,-0.036784,0.00059585,-2.4784,-0.00051634,6.1035e-05
2386,2428,1,-0.99597,407.13,404.2,0,390.82,450.66,422.45,360.55,0.0030535,0.0053239,-1.9569,0.017552,6.1035e-05
2387,2429,0,-0.95148,382.23,408.72,0,367.11,439.84,402.95,366.07,-0.020973,0.00051414,-1.9023,0.0060413,6.1035e-05
2388,2430,1,-0.92793,490.14,496.33,0,466.68,542.01,515.11,447.7,0.0010481,0.0024437,-1.7381,0.01311,6.1035e-05
2389,2431,0,-0.99346,466.05,466.09,0,448.83,500.6,477.84,442.48,0.011103,0.0015752,-2.3156,-0.0010836,6.1035e-05
2390,2432,0,-0.97915,311.39,320.58,0,299.51,345.82,324.85,291.96,-0.0067169,0.0019552,-1.8704,0.0088983,3.0518e-05
2391,2433,0,-0.94505,423.95,453.6,0,405.66,501.65,443.41,402.46,0.001572,0.0021873,-2.0167,-0.0038566,6.1035e-05
2392,2434,3,-0.9498,503.55,494.83,0,456.96,553.28,537.55,452.18,0.011192,0.0022212,-1.6586,0.026407,0.00012207
2393,2435,2,-1.1265,478.31,485.58,0,451.9,547.97,501.61,430.54,-0.016849,0.0098554,-1.7509,0.018068,6.1035e-05
2394,2436,3,-0.93021,499.53,522.36,0,474.62,575.15,529.6,458.65,0.012383,0.0027471,-1.3493,0.035501,6.1035e-05
2395,2437,0,-1.0133,344.19,355.5,0,325.83,397.67,358.47,322.71,-0.013744,0.0024118,-1.7534,0.012207,6.1035e-05
2396,2438,1,-0.86426,462.78,487.78,0,434.74,549,489.12,430.27,-0.00039495,0.0029845,-1.7413,0.01846,6.1035e-05
2397,2439,1,-1.0103,399.17,392.63,0,377.07,434.38,419.93,353.41,-0.04265,0.0020726,-1.8926,0.026215,9.1553e-05
2398,2440,0,-0.94848,373.24,392.28,0,356.76,426.27,391.93,353.77,0.00053921,0.0012809,-1.9233,-0.00045634,6.1035e-05
2399,2441,0,-0.97944,364.45,366.25,0,346.69,402.37,379.17,336.32,-0.00023254,0.00065812,-2.1921,0.0023867,3.0518e-05
2400,2442,3,-0.95537,500.42,503.81,0,468.09,566.04,524.01,458.39,0.0019275,0.0041108,-1.6821,0.021549,0.00012207
2401,2443,0,-0.97089,368.79,374.5,0,354.85,411.69,380.34,343.69,-0.019291,0.0012638,-1.7724,0.0093686,6.1035e-05
2402,2444,1,-0.96872,404.3,403.47,0,385.41,438.13,425.72,364.2,2.7221e-05,0.003762,-1.8616,0.0066558,6.1035e-05
2403,2445,3,-0.99038,465.88,455.45,0,433.87,494.36,495.96,418.9,0.0044926,0.0016932,-1.6702,0.020186,6.1035e-05
2404,2446,0,-0.87349,422.61,460.19,0,406.32,492.32,446.42,413.23,-0.0030702,0.0052148,-1.8028,0.001747,6.1035e-05
2405,2447,3,-0.92278,483.78,503.93,0,458.66,561.24,512.26,438.97,0.011304,0.0020716,-1.6177,0.014011,0.00012207
2406,2448,0,-0.98257,451.43,473.55,0.015625,424.64,518.31,475.07,434.06,-0.0083487,0.0095288,-2.0051,0.013795,6.1035e-05
2407,2449,2,-0.92825,533.32,513.96,0,506.26,562.22,558.74,468.62,-0.0025554,0.0011908,-1.877,0.022293,0.00012207
2408,2450,2,-0.95819,441.4,449.68,0,418.87,487.59,468.6,403.93,-0.01085,0.0010635,-1.6693,0.013678,9.1553e-05
2409,2451,1,-0.94128,488.35,510.04,0,462.04,562.37,516.37,454.34,-0.022184,0.0032717,-1.6698,0.012459,9.1553e-05
2410,2452,2,-0.93755,417.06,418.7,0,389.37,459.48,441.48,382.72,-0.0055987,0.0027921,-1.8218,0.011207,6.1035e-05
2411,2453,3,-0.99608,510.18,519.11,0,491.99,570.44,532.12,457.15,0.020391,0.0027347,-1.4559,0.031078,0.00012207
2412,2454,2,-0.99653,521.78,518.55,0,470.88,576.29,558.93,476.42,-0.0022755,0.0022983,-1.8355,0.029375,6.1035e-05
2413,2455,0,-0.97199,419.38,446.98,0,400.43,495.17,439.56,395.68,-0.0050488,0.001258,-1.5369,0.0036773,6.1035e-05
2414,2456,1,-0.87232,404.32,423.88,0,382.52,462.47,430.62,377.31,0.020856,0.001213,-1.7566,0.021771,6.1035e-05
2415,2457,1,-0.96546,419.24,443.12,0,399.66,486.32,441.42,394.16,-0.0097877,0.0023036,-1.8735,0.0085807,6.1035e-05
2416,2458,0,-0.97028,419.35,420.97,0,401.94,464.68,431.25,391.07,-0.022725,0.0035042,-1.9657,0.028336,6.1035e-05
2417,2459,3,-0.8965,489.71,470.51,0,463.8,519.35,515.61,421.68,0.0061242,0.0021271,-1.7975,0.01429,0.00012207
2418,2460,1,-0.87293,408.73,415.46,0,386.23,461.87,427.37,377.01,0.014081,0.0011252,-2.042,0.007683,6.1035e-05
2419,2461,1,-1.021,390.97,394.22,0,380.17,437.62,403.21,345.04,-0.00057628,0.01004,-1.6457,0.0020059,3.0518e-05
2420,2462,3,-1.042,524.88,487.81,0,485.94,545.57,546.73,455.42,0.014636,0.0048923,-1.7567,0.014538,0.00012207
2421,2463,0,-0.97996,374.69,387.09,0,353.71,434.62,389.04,354.57,-0.00052649,0.00053396,-2.11,-0.0018255,3.0518e-05
2422,2464,0,-0.97561,390.24,403.69,0,375.09,430.98,410.99,366.28,-0.0027359,0.0014127,-1.5767,0.0083146,6.1035e-05
2423,2465,2,-0.95549,506.04,501.93,0,473.01,538.73,551.31,451.5,0.001951,0.0016788,-1.5297,0.022766,9.1553e-05
2424,2466,2,-0.99855,459.95,460.04,0,433.43,521.68,479.3,415.07,0.0058333,0.0024088,-1.7207,-0.0013483,9.1553e-05
2425,2467,3,-1.0063,501.67,507.17,0,464.48,565.07,534.49,456.08,-0.006479,0.0027819,-1.5771,0.018318,0.00012207
2426,2468,2,-0.95502,567.66,561.23,0,533.07,615.8,602.26,506.67,0.0057482,0.0016838,-1.5665,0.025025,0.00012207
2427,2469,0,-0.98223,349.43,352.38,0,338.52,374.8,362.6,325.33,-0.0015545,0.0018352,-1.8713,-0.00099372,6.1035e-05
2428,2470,1,-0.99679,504.62,502.52,0,470.87,543.19,540.55,459.22,-0.0037911,0.0044241,-1.7621,0.041859,0.00012207
2429,2471,2,-0.88593,458.56,462.76,0,433.97,495.57,492.27,417.79,0.0024732,0.0026246,-1.8153,0.010505,6.1035e-05
2430,2472,1,-0.91294,397.34,412.71,0,377.92,448.46,422.31,366.75,-0.0018893,0.0010905,-1.793,0.017769,6.1035e-05
2431,2473,3,-0.99242,546.64,519.81,0,510.74,580.44,571.2,478.32,-0.011409,0.0027792,-1.7333,0.031981,0.00012207
2432,2474,3,-0.87822,483.79,499.42,0,462.7,535.99,516.71,442.38,0.00020298,0.0012944,-1.472,0.013858,9.1553e-05
2433,2475,2,-1.011,472.68,466.82,0,442.56,513.86,497.64,427.84,0.015196,0.0038511,-1.7625,0.017781,6.1035e-05
2434,2476,2,-0.88464,495.55,508.09,0,457.91,560.5,535.61,452.3,-0.0054328,0.0023321,-1.7288,0.040945,9.1553e-05
2435,2477,3,-0.9364,456.63,455.67,0,434.52,498.75,483.32,403.68,-0.0063821,0.0014269,-1.6805,0.013605,6.1035e-05
2436,2478,1,-0.9183,447.5,475.13,0,427.99,517.92,474.23,416.48,0.019681,0.0012508,-1.7339,0.030336,6.1035e-05
2437,2479,2,-0.98611,463.86,479.81,0,434.28,526.97,499.57,422.9,-0.0080597,0.0022985,-1.5868,0.022741,6.1035e-05
2438,2480,2,-0.95504,474.47,473.35,0,429.67,535.19,507.16,428.22,-0.00013645,0.0015861,-1.8867,0.033325,9.1553e-05
2439,2481,0,-1.273,457.85,455.52,0.35938,451.07,513.43,463.48,407.55,0.00087332,0.19557,-1.8145,-0.0017207,6.1035e-05
2440,2482,2,-1.0053,477.03,470.93,0,453.1,518.29,499.51,426.43,0.0030192,0.0021806,-1.5439,0.021152,6.1035e-05
2441,2483,3,-0.92315,490.51,499.35,0,468.68,547.76,522.43,428.6,0.012393,0.0022479,-1.404,0.015815,6.1035e-05
2442,2484,3,-0.95735,469.14,456.31,0,421.86,515.49,497.51,420.8,-3.2874e-05,0.001406,-1.9134,0.0029985,9.1553e-05
2443,2485,3,-0.99377,466.6,476.67,0,446.2,532.89,489.73,412.95,-0.0073631,0.0012211,-1.644,0.029671,0.00012207
2444,2486,2,-0.94923,508.14,527.92,0,475.44,595.82,536.99,468.01,0.016452,0.002325,-1.7481,0.02561,9.1553e-05
2445,2487,0,-0.99753,411.02,440.29,0,396.22,491.56,426.77,385.7,-0.0066798,0.0032033,-2.0425,0.0034078,6.1035e-05
2446,2488,1,-1.0854,522.13,527.42,0,497.73,581.24,548.11,470.13,0.0080368,0.0055838,-1.4568,0.017563,6.1035e-05
2447,2489,2,-0.83023,442.17,459.92,0,413.01,532.69,466.34,399.63,0.0066956,0.0072353,-1.8415,0.0028013,6.1035e-05
2448,2490,2,-1.0345,476.14,505.22,0,452.96,548.73,507.9,445.59,-0.012168,0.0029217,-1.6376,0.020913,9.1553e-05
2449,2491,3,-0.92239,499.66,472.08,0,464.58,540.22,519.33,433.86,0.01584,0.0020451,-1.9797,0.010892,0.00012207
2450,2492,0,-1.0081,339.69,348.44,0,325.54,379.9,352.99,318.89,-0.013116,0.001107,-1.7783,0.0012732,3.0518e-05
2451,2493,3,-0.95341,508.6,520.21,0,482.19,566.05,540.47,464.88,0.014303,0.0017223,-1.4766,0.029697,0.00012207
2452,2494,3,-0.92889,506.77,527.64,0,477.86,575.29,546.37,462.34,0.00626,0.0011554,-1.5856,0.026212,0.00012207
2453,2495,2,-0.87653,503.32,502.95,0,471.66,586.83,526.42,441.74,-0.00072887,0.0014766,-1.9976,0.0032781,9.1553e-05
2454,2496,1,-0.98741,406.44,404.79,0,386.97,462.26,422.58,357.17,0.0025763,0.0023109,-1.8652,0.0017304,6.1035e-05
2455,2497,3,-0.97435,567.56,548.89,0,535.66,608.91,601.52,485,0.0091015,0.00098717,-1.6031,0.028868,0.00012207
2456,2498,3,-0.96712,510.17,516.66,0,479.7,569.62,542.62,460.28,0.0090188,0.0010646,-1.6097,0.0062045,0.00012207
2457,2499,2,-0.88371,443.38,462.53,0,417.78,514.87,468.97,410.19,0.018565,0.00068322,-1.9098,0.015156,9.1553e-05
2458,2500,2,-0.94714,488.65,494.35,0,464.86,545.6,515.6,436.26,-0.0087603,0.0015563,-1.8562,0.025176,9.1553e-05
2459,2501,2,-0.96333,418.66,433.17,0,395.62,481.68,441.69,384.67,0.0071088,0.001583,-1.7726,0.011074,6.1035e-05
2460,2502,2,-0.92793,465.01,498.97,0,434.92,559.8,499.1,430.04,0.050658,0.0012777,-1.8124,-0.0024751,6.1035e-05
2461,2503,1,-0.93347,464.11,482.5,0,424.65,559.68,492.9,426.18,-0.0041951,0.0029628,-1.9656,0.016541,9.1553e-05
2462,2504,1,-0.93175,390.02,387.08,0,371.38,428.82,409.87,342.63,-0.00049039,0.0015822,-2.0485,0.0046714,6.1035e-05
2463,2505,3,-0.98256,574.01,541.18,0,534.24,591.81,609.1,496.51,0.0054191,0.0019003,-1.7027,0.042273,0.00012207
2464,2506,1,-0.95476,452.54,465.38,0,430.11,499.33,485.31,415.74,-0.0096163,0.0015089,-1.7688,0.01338,6.1035e-05
2465,2507,2,-1.0308,491.89,517.03,0,466.86,573.28,522.1,449.14,-0.0038378,0.0013879,-1.6993,0.018417,6.1035e-05
2466,2508,3,-0.97478,517.3,529.56,0,484.22,585.57,557.24,461.97,0.0061848,0.0015179,-1.6454,0.031285,9.1553e-05
2467,2509,1,-0.97238,456.89,507.28,0,432.29,555.76,495.27,431.64,0.014116,0.0019967,-1.5114,0.012334,6.1035e-05
2468,2510,0,-0.90136,399.31,433.87,0,375.42,494.54,420.39,380.33,-0.00092478,0.0071885,-2.1779,0.0017544,6.1035e-05
2469,2511,0,-0.98373,363.82,387.89,0,348.22,435.36,378.48,343.3,0.0010126,0.0012485,-1.9958,-0.0015115,6.1035e-05
2470,2512,1,-0.90023,378.67,367.18,0,361.56,405.61,394.74,331.08,0.0054518,0.0026862,-2.0154,-0.0049017,6.1035e-05
2471,2513,0,-1.2583,436.24,507.76,0.35938,449.56,598.08,415.47,366.85,0.0030867,0.17958,-1.5952,0.010085,6.1035e-05
2472,2514,0,-1.0037,322.15,349.78,0,302.23,404.5,337.65,307.23,-0.0017317,0.011729,-1.9519,0.0096988,6.1035e-05
2473,2515,1,-1.0091,416.17,394.21,0,380.02,455.71,432.6,366.25,-0.031925,0.0057301,-2.1702,-0.00063651,6.1035e-05
2474,2516,0,-0.93435,453.9,477.14,0,432.29,535.07,474.2,422.71,0.010048,0.0088266,-1.9754,0.0097218,6.1035e-05
2475,2517,2,-0.9283,439.23,442.52,0,414.99,505,461.99,383.82,0.017494,0.0041511,-1.78,0.016762,6.1035e-05
2476,2518,3,-0.92533,461.82,452.61,0,436.96,495.38,486.69,409.84,0.010247,0.0015248,-1.8905,0.023989,6.1035e-05
2477,2519,2,-0.93248,430.39,426.77,0,402.11,478.71,452.39,386.38,0.0045445,0.0014236,-2.1576,0.0022696,6.1035e-05
2478,2520,3,-0.91549,507.96,510.97,0,467.47,576.3,537.5,463.3,0.0053687,0.00099795,-1.8992,0.036181,6.1035e-05
2479,2521,1,-0.95159,452.49,476.53,0,429.21,539.86,475.77,413.2,0.0004609,0.002638,-1.8636,0.02084,6.1035e-05
2480,2522,0,-0.91921,369.88,397.18,0,349.19,447.77,389.3,349.65,-0.0058533,0.0050295,-2.0668,0.0086212,3.0518e-05
2481,2523,1,-0.98128,437.28,418.92,0,416.61,442.02,463.86,389.22,-0.0033331,0.0047133,-1.8872,0.011097,6.1035e-05
2482,2524,3,-0.95752,500.18,502.51,0,474.76,542.42,532.87,451.18,0.010812,0.0019687,-1.7714,0.010737,0.00012207
2483,2525,3,-1.0021,505.99,481.68,0,477.35,532.28,531.26,437.03,0.0068934,0.0013386,-2.003,0.022952,0.00012207
2484,2526,0,-1.2607,442.94,449.13,0.29688,420.25,526.66,456.56,402.61,0.0050949,0.18421,-2.1792,0.013493,6.1035e-05
2485,2527,0,-0.93457,387.88,411.85,0,369.33,453.13,407.62,367.9,-0.0020556,0.012299,-2.0142,0.0054981,6.1035e-05
2486,2528,2,-1.0016,514.47,479.21,0,474.69,532.63,538.34,447.16,-0.016696,0.0013148,-2.3075,0.061008,0.00012207
2487,2529,3,-0.97947,474.8,459.04,0,449.66,505.86,498.42,415.06,0.00084378,0.0017052,-1.9151,0.027928,9.1553e-05
2488,2530,1,-0.92791,325.38,324.74,0,307.2,356.59,343.56,292.89,-0.0030721,0.0017384,-2.0064,0.0056788,6.1035e-05
2489,2531,1,-0.84943,461.87,471.78,0,433.4,535.15,484.02,422.5,-0.0028471,0.0027821,-2.2074,0.014024,6.1035e-05
2490,2532,0,-0.97904,372.27,402.43,0,355.38,434.99,398.62,351.65,-0.0016715,0.0029146,-1.657,0.0045142,3.0518e-05
2491,2533,3,-0.99473,495.74,455.12,0,465.12,504.68,515.37,423.34,0.014412,0.0041354,-2.1763,0.0096655,9.1553e-05
2492,2534,1,-1.004,407.84,397.33,0,392.96,429.09,425.8,359.01,0.001332,0.0098385,-2.0779,-0.00083936,9.1553e-05
2493,2535,0,-0.9502,399.87,398.48,0,382.68,429.03,419.34,363.85,-0.011923,0.0014997,-2.1145,0.0021552,6.1035e-05
2494,2536,3,-0.88643,485.57,496.36,0,458.49,547.05,512.65,445.66,0.011918,0.002215,-1.8532,0.01164,9.1553e-05
2495,2537,2,-0.89629,481.78,492.73,0,459.67,546.3,506.85,432.01,0.0028486,0.0010212,-1.8393,0.026596,9.1553e-05
2496,2538,2,-0.95525,486.24,485.68,0,461.78,555.95,504.09,434.4,0.054625,0.0021575,-2.1261,0.015256,6.1035e-05
2497,2539,3,-1.009,587.66,545.52,0,560.85,586.66,618.03,498.88,0.02787,0.0028201,-1.7603,0.032831,0.00012207
2498,2540,1,-0.94994,456.44,471.65,0,433.46,521.8,480.9,418.27,-0.003079,0.00075942,-1.9234,-0.0017472,6.1035e-05
2499,2541,1,-0.98421,353.69,364.16,0,336.43,405.3,373.25,317.53,-0.0017561,0.0027077,-1.847,0.0090287,3.0518e-05
2500,2542,3,-0.93482,514.76,503.15,0,484.97,551.59,542.73,457.64,0.0085831,0.0023923,-1.9597,0.027945,0.00012207
2501,2543,0,-0.96513,331.79,342.91,0,319.71,373.98,346.38,305.4,-0.0029125,0.0027001,-2.0051,-0.00068469,3.0518e-05
2502,2544,2,-1.0669,481.69,474.62,0,454.31,520.77,514.74,418.92,-0.0048514,0.0041123,-1.7888,0.031078,6.1035e-05
2503,2545,1,-1.0085,471.55,503.52,0,440.89,561.22,506.3,438.13,0.0082382,0.0058345,-1.6958,0.027342,6.1035e-05
2504,2546,1,-0.95533,354.21,334.5,0,338.9,379.01,362.81,309.53,-0.0093826,0.0015565,-2.3938,0.010196,3.0518e-05
2505,2547,3,-0.96916,534.45,513.82,0,506.05,562.09,566.64,459.11,0.024676,0.003065,-1.8169,0.03121,0.00012207
2506,2548,1,-0.99014,363.02,342.56,0,345.21,376.28,376.01,317.96,-0.0033884,0.0021047,-2.1798,0.012511,6.1035e-05
2507,2549,1,-0.98509,391.01,384.16,0,371.6,421.08,411.66,344.84,-0.0066309,0.0011775,-1.9795,0.001504,6.1035e-05
2508,2550,1,-1.0303,421.26,419.97,0,400.74,469.77,440.53,373.18,-0.005449,0.0023604,-2.0545,0.025235,9.1553e-05
2509,2551,2,-0.90571,506.67,504.76,0,475.19,563.62,536.24,449.46,0.013163,0.0058032,-1.7458,0.023137,6.1035e-05
2510,2552,2,-1.0009,480.28,491.8,0,453.43,540.54,519.51,420.56,-0.0084398,0.0015879,-1.7169,0.0129,6.1035e-05
2511,2553,2,-1.0264,504.42,494.21,0,468.1,550.53,530.93,453.11,0.0061826,0.0014589,-1.9653,0.027354,0.00012207
2512,2554,0,-0.92608,460.33,485.65,0,439.1,540.59,477.92,440.12,0.0078502,0.004041,-2.3167,0.0018079,6.1035e-05
2513,2555,0,-0.95998,455.66,529.12,0,441.62,567.61,477.56,469.08,-0.030379,0.0016535,-1.8865,0.0016307,6.1035e-05
2514,2556,2,-1.0088,496.66,480.31,0,456.29,525.36,532.29,440.57,0.0035346,0.0033584,-1.7446,0.014449,0.00012207
2515,2557,0,-0.99076,387.81,378.07,0,370.69,413.96,401.12,350.16,8.8423e-05,0.0022525,-2.3121,0.0035394,6.1035e-05
2516,2558,3,-0.9543,504.26,496.81,0,477.87,550.39,530.64,443.23,0.0046766,0.0012655,-1.7695,0.020686,0.00012207
2517,2559,3,-0.95855,475.5,483.2,0,448.08,532.86,506.56,426.92,0.0038156,0.001396,-1.6783,0.0087701,6.1035e-05
2518,2560,3,-0.93821,491.59,486.62,0,442.28,537.74,529.94,446.86,0.016365,0.0017374,-1.9295,0.02402,0.00012207
2519,2561,2,-1.0038,432.06,429.35,0,398.5,479.6,456.55,392.68,-0.0017454,0.0025864,-1.996,0.0092008,6.1035e-05
2520,2562,1,-0.91568,381.7,394.93,0,365.4,428.3,405.54,346.15,-0.0051572,0.0011878,-1.8451,0.023955,3.0518e-05
2521,2563,2,-0.92659,462.81,466.65,0,441.42,506.95,490.33,414.84,-0.0045024,0.0018579,-1.7698,0.010039,6.1035e-05
2522,2564,1,-0.99269,321.37,328.47,0,301.28,363.22,342.77,291.48,-0.0071815,0.0035675,-1.9887,0.0045188,6.1035e-05
2523,2565,3,-0.95667,481.58,486.43,0,450.98,542.09,514.17,427.17,0.0096272,0.0016546,-1.6422,0.012429,9.1553e-05
2524,2566,2,-0.93571,493.73,499.95,0,465.46,542.89,527.86,448.13,0.00078404,0.0021155,-1.6976,0.023644,0.00012207
2525,2567,2,-0.98221,469.25,463.32,0,440.21,514.07,491.83,423.85,0.0057896,0.00080454,-1.9163,0.0052653,9.1553e-05
2526,2568,0,-0.96894,423.24,432.85,0,399.95,480.26,442.53,393.58,-0.00067692,0.0011013,-2.3707,5.2806e-07,3.0518e-05
2527,2569,1,-0.89659,465.97,471.39,0,441.48,528.17,488.98,418.04,0.010974,0.0023549,-2.093,0.0042875,6.1035e-05
2528,2570,0,-1.0618,452.16,465.89,0.15625,443.66,494.03,461.2,435.94,-0.01482,0.05547,-2.2257,0.0010734,6.1035e-05
2529,2571,1,-0.97998,547.09,534.63,0,524.29,611.73,560.77,488.37,-0.0080798,0.0016786,-2.2343,0.014045,0.00012207
2530,2572,1,-0.95012,542.97,587.92,0,518.93,650.06,578.1,497.1,0.03614,0.0035428,-1.6643,0.019269,0.00012207
2531,2573,1,-0.98285,396.02,387.94,0,375.87,427.82,414.95,350.48,0.007239,0.0028248,-1.7741,0.0018345,6.1035e-05
2532,2574,3,-0.94717,469.78,466.23,0,447.79,503.49,498.06,418.32,0.012283,0.0022732,-1.6822,0.023928,9.1553e-05
2533,2575,1,-0.99992,407.97,404.51,0,391.18,435.17,432.5,359.69,-0.0010966,0.0020955,-1.8224,0.017412,6.1035e-05
2534,2576,1,-0.97417,396.33,386.55,0,374.89,422.92,415.25,354.45,0.03461,0.0011671,-2.2537,0.0042698,3.0518e-05
2535,2577,2,-0.9514,478.78,494.49,0,459.24,534.2,509.28,432.55,0.0038231,0.0012706,-1.7031,0.0097604,9.1553e-05
2536,2578,1,-0.96734,467.01,471.38,0,440.43,521.24,493.59,421.51,-0.00039735,0.001407,-1.7936,0.017891,9.1553e-05
2537,2579,2,-1.0348,573.29,577.78,0,554.74,641.02,595.67,501.47,0.021094,0.0025498,-1.701,0.018308,0.00012207
2538,2580,3,-0.97355,475.41,477.29,0,443.67,522.98,507.15,431.6,0.014263,0.0036289,-1.6936,0.062943,0.00012207
2539,2581,1,-0.93113,347.72,353.44,0,329.49,391.2,365.96,315.68,0.0047474,0.0017745,-2.0817,0.0088655,6.1035e-05
2540,2582,0,-0.97573,383.53,374.86,0,367.69,406.59,396.66,348.58,0.00231,0.0023577,-2.378,-0.00071741,6.1035e-05
2541,2583,1,-0.90668,414.46,405.52,0,392.05,440.07,431.88,378.66,-0.0035641,0.00098763,-2.1976,0.0056976,6.1035e-05
2542,2584,0,-0.94363,393.06,391.1,0,379.07,434.13,403.94,357.63,0.001574,0.014185,-1.9043,-0.01411,6.1035e-05
2543,2585,1,-0.99029,409.25,406.97,0,393.38,453.14,423.26,366.24,0.0015675,0.0098406,-2.1302,0.0011394,6.1035e-05
2544,2586,0,-0.92632,416.52,416.48,0,397.13,462.51,430.67,382.9,5.2253e-06,0.0017586,-2.2663,0.0005054,3.0518e-05
2545,2587,0,-1.0194,381.93,382.86,0,366.61,414.65,395.45,354.81,-0.020464,0.0018981,-2.0872,0.0045181,6.1035e-05
2546,2588,3,-1.0084,487.7,455.13,0,461.55,488.93,508.03,428.84,0.017991,0.004066,-1.828,0.037409,0.00012207
2547,2589,3,-1.0515,513.9,490,0,478.98,506.12,558.8,469.27,0.020389,0.0043167,-1.4878,0.019991,0.00012207
2548,2590,2,-0.95683,494.59,486.8,0,469.65,526,524.7,439.49,-0.0079938,0.0014906,-1.8276,0.016159,6.1035e-05
2549,2591,3,-0.93071,486.91,444.56,0,457.83,477.06,509.52,419.28,-0.00015078,0.0029028,-2.0497,0.010866,0.00012207
2550,2592,1,-0.96987,490.7,488.05,0,469.63,528.52,511.77,447.58,0.02227,0.0027923,-1.8742,0.031533,9.1553e-05
2551,2593,3,-0.92343,517.36,505.13,0,496.5,541.12,545.94,455.81,0.0039907,0.0030694,-1.5963,0.025239,0.00012207
2552,2594,0,-0.87995,420.72,453.81,0,397.43,503.05,442.61,407.57,-0.011055,0.0036319,-2.054,0.017995,6.1035e-05
2553,2595,2,-1.027,478.56,462.75,0,451.35,501.33,502.57,428.72,0.011289,0.0075268,-1.889,0.003238,9.1553e-05
2554,2596,1,-1.0037,389.87,371.56,0,377.66,420.03,398.78,336.19,-0.00081528,0.002999,-2.3246,0.0012854,6.1035e-05
2555,2597,1,-0.97046,463.62,448.15,0,442.75,479.51,483.22,418.69,-0.0090975,0.001308,-2.1712,0.017256,6.1035e-05
2556,2598,2,-0.95546,505.96,512.23,0,488.85,563.34,526.62,450.55,0.0020868,0.0045168,-1.7903,0.023908,6.1035e-05
2557,2599,2,-1.0508,505.71,488.39,0,487.36,537.68,522.95,442.09,0.023901,0.0033607,-1.6767,0.017765,0.00012207
2558,2600,2,-1.0168,436.49,408.1,0,413.08,438.55,454.7,384.42,0.00039477,0.0019594,-2.0214,0.01804,9.1553e-05
2559,2601,3,-0.98732,483.65,470.81,0,457.52,510.81,506.71,435.52,0.00203,0.0033452,-1.7155,0.018768,9.1553e-05
2560,2602,0,-1.0019,432.85,461.14,0.03125,405.99,488.31,461.43,432.22,-9.9682e-05,0.021474,-2.1514,0.014844,6.1035e-05
2561,2603,3,-0.88806,411.04,405.23,0,396.88,433.64,428.13,370.94,0.0015832,0.001916,-1.8329,0.015851,6.1035e-05
2562,2604,1,-1.0239,420.48,429.95,0,404.88,468.58,441.86,377.02,0.0011085,0.0068001,-1.7588,0.022987,6.1035e-05
2563,2605,3,-0.95975,551.47,524.47,0,515.25,573.55,581.49,483.8,0.0071054,0.0017327,-1.8011,0.03914,0.00018311
2564,2606,2,-0.92449,449.12,441.02,0,423.16,503.57,468.07,395.37,0.0040882,0.0027693,-2.0203,0.0093186,6.1035e-05
2565,2607,2,-0.91526,508.68,501.54,0,480.54,571.4,527.93,453.74,0.007171,0.0014374,-1.9144,0.0071171,6.1035e-05
2566,2608,2,-0.92764,469.52,465.53,0,436.97,498.86,502.07,432.21,0.025677,0.0013646,-1.8433,0.06261,6.1035e-05
2567,2609,1,-0.97226,460.78,443.61,0,410.83,462.82,499.64,428.67,-0.011009,0.0033962,-2.0526,0.026673,9.1553e-05
2568,2610,2,-0.95665,464.02,451.8,0,432.47,488.73,493.66,417.11,-0.012864,0.0014731,-1.9164,0.0092579,0.00012207
2569,2611,0,-0.94278,371.45,375.73,0,355.43,406.45,383.91,351.84,-0.0014173,0.0044777,-2.3512,0.0001809,6.1035e-05
2570,2612,0,-0.95978,426.35,426.24,0.015625,402.3,459.4,445.05,400.44,-0.011628,0.011299,-2.051,0.021523,6.1035e-05
2571,2613,0,-0.94911,365.7,367.34,0,357.79,393.78,375.24,335.43,0.0042458,0.0024058,-1.8573,0.0061856,3.0518e-05
2572,2614,3,-1.0428,468.44,450.43,0,452.37,477.18,486.66,420.11,0.0088378,0.0060087,-1.8838,0.022727,9.1553e-05
2573,2615,3,-0.97189,440.79,409.62,0,414.12,433.54,465.85,387.15,0.0036996,0.0014979,-1.8094,0.019927,6.1035e-05
2574,2616,3,-0.90103,507.25,479.68,0,474.81,520.59,529.44,451.68,0.0031787,0.0014665,-2.0934,0.022253,0.00012207
2575,2617,1,-0.84992,541.99,550.3,0,513.82,602.5,570.17,498.1,-0.0057358,0.0012766,-2.1444,0.020798,0.00012207
2576,2618,1,-0.97331,370.56,366.26,0,359.12,382.72,392.39,334.83,-0.0031563,0.0028236,-1.9622,0.012644,6.1035e-05
2577,2619,3,-1.0028,491.42,486.04,0,468.16,524.4,517.78,442.57,-0.00091792,0.0020914,-1.714,0.043829,9.1553e-05
2578,2620,0,-0.99677,242.52,242.21,0,240.21,257.66,245.9,219.63,-0.016272,0.0038763,-1.8241,0.0058382,3.0518e-05
2579,2621,0,-0.93152,466.93,498.65,0.03125,460.72,511.93,478.79,473.31,-0.0030565,0.019736,-2.2081,-0.00052258,6.1035e-05
2580,2622,0,-1.0133,443.63,432.78,0.015625,427.89,457.3,460.39,406.68,0.041827,0.01832,-1.8755,0.011585,6.1035e-05
2581,2623,3,-1.0505,468.63,463.88,0,443.32,491.44,499.17,430.6,0.0068488,0.0069882,-1.6317,0.013654,0.00012207
2582,2624,3,-0.9714,451.85,446.07,0,432.97,477.84,474.63,407.72,0.0071347,0.0013547,-1.647,0.024917,9.1553e-05
2583,2625,1,-0.98098,495.51,479.97,0,477.04,529.59,511.82,436.18,-0.0012759,0.0014404,-1.9894,-0.00034786,6.1035e-05
2584,2626,2,-0.99486,553.56,537.11,0,526.29,594.38,577.61,486.58,0.0084891,0.002165,-1.7187,0.025481,0.00012207
2585,2627,3,-0.88324,494.31,494.85,0,475.24,519.42,530.72,447.94,0.0087833,0.0017253,-1.6202,0.013582,9.1553e-05
2586,2628,3,-0.94084,487.24,483.08,0,459.96,525.69,514.53,440.47,0.0055258,0.0014485,-1.8079,0.011529,0.00012207
2587,2629,0,-0.92752,376.58,379.09,0,363.84,401.3,391.96,352.29,0.032166,0.0017496,-2.2159,-0.0038059,3.0518e-05
2588,2630,3,-0.93793,439.91,439.6,0,421.06,471.4,467.44,393.13,-0.001224,0.0014255,-1.642,0.010583,9.1553e-05
2589,2631,1,-1.0048,486.59,489.03,0,468.45,518.36,511.45,448.85,0.00080401,0.0040753,-1.8984,0.0053805,6.1035e-05
2590,2632,3,-1.0333,468.91,458.93,0,452.9,497.85,487.06,414.82,0.010302,0.0020884,-1.9331,0.014762,9.1553e-05
2591,2633,3,-1.0178,536.85,511.13,0,513.37,566.14,553.98,470.98,0.01553,0.0025476,-1.9703,0.019305,6.1035e-05
2592,2634,2,-0.99069,476.02,462.41,0,468.14,515.04,482.98,415.98,0.0046178,0.0026923,-2.0024,0.022418,9.1553e-05
2593,2635,0,-0.97271,404.67,391.39,0,398.67,413.93,410.67,368.85,-0.037646,0.003066,-2.3522,-0.0019273,6.1035e-05
2594,2636,3,-0.89817,449.74,457.89,0,430.88,488.11,483.36,404.04,0.0036365,0.0023675,-1.6808,0.0082271,9.1553e-05
2595,2637,1,-0.98809,380.4,352.07,0,364.12,369.65,398.86,332.15,-0.0084071,0.0021296,-2.2412,0.015785,6.1035e-05
2596,2638,3,-0.97815,539.72,524.47,0,513.15,593.29,559.12,474.25,-0.0026623,0.001438,-1.9805,0.020139,0.00012207
2597,2639,2,-0.96704,502.96,493.76,0,486.39,541.96,517.59,451.23,0.015831,0.0015671,-1.8924,0.032653,6.1035e-05
2598,2640,0,-0.981,444.4,439.94,0,427.78,479.55,457.33,409.13,-0.0037441,0.00099023,-2.3875,0.0067538,6.1035e-05
2599,2641,0,-0.97733,449.06,435.07,0,434.27,485.97,457.93,404.54,0.012264,0.0030187,-2.4868,0.0063751,6.1035e-05
2600,2642,0,-0.98576,401.73,407.21,0,381.15,449.68,417.73,374.18,-0.0025064,0.002322,-2.0434,0.0043042,3.0518e-05
2601,2643,2,-0.88647,432.9,417.07,0,417.93,444.1,452.15,382.31,-0.0056627,0.0015079,-2.0123,0.011797,9.1553e-05
2602,2644,2,-0.95673,475.23,456.2,0,433.56,514.11,497.06,425.87,0.0097561,0.0022508,-2.1782,0.034824,6.1035e-05
2603,2645,2,-0.98317,447.5,430.62,0,423.67,483.56,463.8,394.4,0.021596,0.001489,-1.9299,0.015894,9.1553e-05
2604,2646,3,-0.99517,526.08,507.5,0,489.12,563.36,554.83,464.06,-0.0017332,0.0010046,-1.9495,0.009707,0.00012207
2605,2647,3,-0.93967,489.88,458.56,0,469.15,488.8,508.17,431.88,-0.0057918,0.0011659,-2.06,0.017676,0.00012207
2606,2648,2,-0.89629,534.87,514.08,0,526.98,562.39,545.68,447.88,0.015307,0.00221,-1.9592,0.018313,0.00012207
2607,2649,1,-1.0168,461.59,445.64,0,437.08,475.8,491.16,409.23,0.0031127,0.0032752,-1.9571,0.03175,6.1035e-05
2608,2650,3,-0.96797,444.82,452.63,0,426.65,489.65,469.71,401.89,-0.008746,0.001449,-1.6938,0.028018,9.1553e-05
2609,2651,3,-1.0199,472.89,466.28,0,458.31,520.51,485.75,418.43,-0.002682,0.0013764,-1.9915,0.011902,0.00012207
2610,2652,0,-0.95988,431.45,453.52,0,413.15,490.61,453.53,408.76,0.018593,0.0012511,-1.9213,0.010195,6.1035e-05
2611,2653,2,-0.99332,501.47,490.53,0,472.36,535.12,528.81,448.64,0.0062576,0.0018473,-1.9519,0.0093375,6.1035e-05
2612,2654,0,-0.94388,368.13,356.52,0,356.49,381.95,378.4,334.07,-0.010868,0.0057472,-2.1004,0.0057645,3.0518e-05
2613,2655,2,-0.87378,458.4,457.23,0,433.13,502.72,480.7,417.09,-0.0078795,0.0023914,-1.9679,0.020616,6.1035e-05
2614,2656,1,-0.98596,455.15,432.48,0,430.55,485.99,468.95,402.47,-0.005594,0.0021002,-2.3265,0.01289,6.1035e-05
2615,2657,1,-1.0209,460.36,442.28,0,445.72,479.14,474.99,405.41,0.013698,0.002481,-2.0482,0.044832,6.1035e-05
2616,2658,0,-0.89947,420.61,409.96,0,396.64,453.2,435.98,382.24,-0.00045494,0.002383,-2.3762,0.0085696,3.0518e-05
2617,2659,3,-1.0152,559.6,523.88,0,516.26,593.03,583.91,485.08,0.019629,0.0043683,-1.7099,0.0091346,0.00012207
2618,2660,1,-1.0406,508.59,527.24,0,487.79,567.89,538.98,467.84,0.0037463,0.00377,-1.7956,-5.4914e-05,6.1035e-05
2619,2661,1,-0.97949,389.36,358.8,0,373.72,382.02,405,335.57,-0.012899,0.0030876,-1.9616,0.013369,6.1035e-05
2620,2662,1,-0.98348,471.95,474.8,0,455.89,512.89,493.95,422.61,0.003418,0.0018573,-1.5969,0.0084448,6.1035e-05
2621,2663,2,-1.0374,533.49,541.56,0,510.38,590.84,559.68,485.71,0.0079669,0.0023122,-1.6975,0.022726,9.1553e-05
2622,2664,2,-0.88533,515.78,495.83,0,498.07,533.72,535.85,452.89,-0.0021204,0.0082487,-1.9088,0.011017,6.1035e-05
2623,2665,2,-0.93843,429.83,423.07,0,409.18,467.6,449.22,381.23,-0.0034238,0.0043017,-1.7791,0.053728,6.1035e-05
2624,2666,0,-1.0075,367.4,380.74,0,349.64,420.66,384.09,343.25,-0.0013886,0.019717,-2.1465,0.0006762,3.0518e-05
2625,2667,2,-0.99575,517.94,517.09,0,496.86,566.49,543.37,457.46,0.0029299,0.0023998,-1.7301,0.0096497,0.00012207
2626,2668,2,-0.89185,522.82,505.41,0,499.96,547.15,547.15,460.98,0.020305,0.0084348,-1.9792,0.016602,0.00012207
2627,2669,2,-1.0028,415.05,402.02,0,389.53,424.94,442.21,377.62,-0.00030696,0.0034511,-1.684,0.022008,6.1035e-05
2628,2670,0,-1.0486,453.09,465.14,0.17188,434.5,513.79,470.56,419.44,-0.011348,0.092519,-1.9224,0.0044198,6.1035e-05
2629,2671,3,-0.9492,589.27,546.38,0,552.58,591.48,623.73,504.02,0.01507,0.0036554,-1.7327,0.012983,0.00012207
2630,2672,0,-1.0053,419.33,416.83,0,390.93,451.51,441.42,389.85,-0.0029916,0.0042249,-2.1215,0.01668,3.0518e-05
2631,2673,0,-0.96471,404.09,430.79,0,389.48,461.92,425.45,385.3,0.02008,0.0033525,-2.003,0.00056727,3.0518e-05
2632,2674,0,-0.96997,455.07,483.75,0,440.48,516.39,472.67,444.35,0.0010509,0.0042916,-2.0655,-0.0033307,6.1035e-05
2633,2675,3,-0.99946,511.65,482.31,0,486.18,508.67,538.77,454.26,0.0081245,0.0025797,-1.6826,0.037326,0.00012207
2634,2676,0,-0.97928,295.66,279.5,0,286.94,295.01,301.63,268.89,-0.0016861,0.0043187,-2.2432,-0.0038939,6.1035e-05
2635,2677,2,-0.94563,504.23,475.25,0,482.89,506.51,524.28,445.88,-0.0002064,0.0015547,-1.9725,0.034122,9.1553e-05
2636,2678,0,-0.98086,409.03,405.73,0,397.43,431.54,421.37,378.25,0.0058407,0.001504,-2.1476,0.0040907,6.1035e-05
2637,2679,0,-0.99036,391.72,406.35,0,376.36,428.29,412.78,376.29,-0.0088483,0.0030773,-1.981,-0.00032862,3.0518e-05
2638,2680,2,-1.0314,490.05,476.96,0,463.63,521.23,511.95,440.28,0.011713,0.0027231,-1.838,0.088087,0.00012207
2639,2681,0,-1.0108,389.59,379.16,0,373.37,394.83,409.17,360.24,-0.010146,0.0020533,-2.0591,0.0039471,3.0518e-05
2640,2682,1,-0.97553,493.59,480.22,0,472.67,512.24,518.84,441.58,0.00072528,0.0036097,-1.8768,0.023298,0.00012207
2641,2683,2,-0.98535,520.53,511.06,0,483.34,560.96,557.72,461.17,0.0015059,0.0038578,-1.685,0.022511,0.00012207
2642,2684,3,-0.96437,541.75,528.42,0,517.36,558.25,577.4,484.82,0.0089477,0.0018291,-1.5132,0.012879,6.1035e-05
2643,2685,2,-0.99496,458.84,451.93,0,437.78,485.25,482.72,414.17,-0.0024077,0.0019283,-1.8081,0.01634,9.1553e-05
2644,2686,2,-1.1141,525.81,529.47,0,494.02,597.7,552.16,472.94,-0.0066126,0.0041992,-1.8037,0.058425,0.00012207
2645,2687,3,-1.0369,515.81,504.4,0,481.73,532.03,554.43,473.09,0.015762,0.0043156,-1.6775,0.021275,0.00012207
2646,2688,3,-1.0461,517.37,489.1,0,497.65,523.11,539.72,450.56,0.0016519,0.0017271,-1.7582,0.021506,0.00012207
2647,2689,2,-1.0056,514.35,501.62,0,484.82,531.67,545.79,469.64,0.0072536,0.0020414,-1.7729,0.010348,0.00012207
2648,2690,3,-1.0575,553.81,530.52,0,521.02,569.34,590.97,486.53,0.0019509,0.00249,-1.5828,0.033369,0.00018311
2649,2691,1,-0.92479,523.06,486.72,0,496.92,533.85,539.82,456.51,-0.0011152,0.003944,-2.4047,0.0011789,6.1035e-05
2650,2692,0,-0.98238,347.88,330.16,0,337.05,352.38,355.79,313.94,-0.00085412,0.003283,-2.4186,0.00034361,3.0518e-05
2651,2693,0,-0.97802,379.25,380.28,0,365.75,408.22,393.61,350.54,0.0044755,0.0030344,-2.0107,-0.0036951,6.1035e-05
2652,2694,1,-1.0149,534.74,505.66,0,506.3,549.66,549.63,482.62,0.0049258,0.0086123,-2.2067,0.005595,0.00012207
2653,2695,0,-0.95611,427.59,432.16,0,406.45,471.28,443.02,403.61,-0.0038569,0.0031327,-2.2563,0.00033209,6.1035e-05
2654,2696,3,-1.0322,495.2,486.37,0,465.65,526.83,524.74,445.91,0.010307,0.0035557,-1.8171,0.034865,0.00012207
2655,2697,0,-0.9294,392.07,392.2,0,379.41,417.73,407.36,361.38,-0.0072476,0.010264,-2.1522,0.099821,3.0518e-05
2656,2698,2,-0.96413,515.35,497.44,0,497.07,534.31,537.43,452.93,0.0016492,0.001559,-1.8581,0.074452,0.00012207
2657,2699,1,-0.97849,439.55,440.34,0,416.65,484,461.06,399.33,-0.0039422,0.0020172,-2.1146,0.011647,6.1035e-05
2658,2700,2,-0.99271,447.35,435.25,0,431.23,467.46,466.8,396.37,0.0017368,0.0012773,-1.9236,0.029303,9.1553e-05
2659,2701,1,-0.97743,421.15,415.47,0,410,448.65,435.49,372.81,-0.0015798,0.0011836,-1.8715,0.0089543,6.1035e-05
2660,2702,3,-0.99725,471.54,473.56,0,448.5,516.36,491.87,435.79,0.012424,0.0028205,-1.9404,0.011954,9.1553e-05
2661,2703,1,-0.90849,532.31,530.43,0,508.86,584.24,558.89,469.45,0.0039284,0.0018067,-1.8543,0.01999,6.1035e-05
2662,2704,2,-0.9586,514.3,497.08,0,489.34,544.42,534.98,457.86,0.003446,0.0027131,-1.9339,0.076008,9.1553e-05
2663,2705,1,-0.92024,529.94,524.03,0,505.8,561.87,557.29,481.15,0.0067561,0.0016239,-1.9732,0.021543,0.00012207
2664,2706,2,-0.95713,522.95,499.21,0,500.52,542.87,542.75,460.68,0.013777,0.00094264,-1.9983,0.011353,6.1035e-05
2665,2707,0,-1.0013,416.43,421.98,0,401.95,464.47,428.43,386.78,-0.0065645,0.0034919,-2.056,0.0047501,6.1035e-05
2666,2708,2,-0.97682,527.04,543,0,505.48,589.02,556.58,479.92,0.0046193,0.0013736,-1.5489,0.018406,0.00012207
2667,2709,0,-1.0114,461.61,461.03,0,442.37,501.88,477.56,427.19,-0.00073434,0.00053078,-2.2496,-0.002267,6.1035e-05
2668,2710,3,-0.90859,563.09,581.38,0,525.62,631.45,608.31,520.95,0.011167,0.0018362,-1.6109,0.025743,0.00012207
2669,2711,1,-0.93721,513.41,495.79,0,493.13,544.8,529.19,457.67,-0.0020159,0.0029615,-2.0385,0.0078948,0.00012207
2670,2712,1,-0.93447,505.6,521.28,0,480.59,565.07,535.78,468.43,-0.0066929,0.0013822,-1.8969,0.0067601,0.00012207
2671,2713,2,-0.9637,485.63,489.55,0,460.57,536.98,514.04,435.8,0.00015508,0.0014579,-1.7036,0.021428,6.1035e-05
2672,2714,3,-0.98325,568.83,541.53,0,527.23,587.61,605.53,500.88,0.019651,0.002366,-1.8527,0.025243,0.00012207
2673,2715,2,-1.0247,478.11,470.28,0,451.46,514.26,504.77,426.31,-0.0019611,0.0032161,-1.7763,0.033687,6.1035e-05
2674,2716,2,-0.9392,492.45,478.84,0,474.33,526.17,508.43,437.09,-0.012388,0.0016673,-1.9839,0.0020357,9.1553e-05
2675,2717,0,-0.98299,372.85,375.65,0,358.29,405.05,387.41,346.25,0.0022793,0.0016738,-2.0219,-0.0031876,3.0518e-05
2676,2718,0,-0.97958,396.53,391.77,0,383.49,419.17,409.57,364.37,5.2545e-05,0.0021033,-2.0843,0.00093059,3.0518e-05
2677,2719,0,-0.9874,447.9,436.37,0,432.81,466.66,459.64,412.8,-0.010004,0.00047132,-2.3704,0.0021512,6.1035e-05
2678,2720,3,-0.92346,457.8,474.22,0,430.92,517,492.36,419.22,0.0057621,0.0016087,-1.5101,0.014408,9.1553e-05
2679,2721,3,-0.89091,471.48,462.6,0,443.93,497.57,495.79,431.74,0.003159,0.0010238,-1.9954,0.032024,0.00012207
2680,2722,1,-0.93052,384.83,382.69,0,367.11,421.26,401.48,346.45,0.0057362,0.0023542,-2.0996,0.0064407,3.0518e-05
2681,2723,1,-0.94256,482.08,470.41,0,460.36,520.56,497.93,433.82,0.012341,0.0010552,-1.9992,0.020443,6.1035e-05
2682,2724,1,-1.0524,468.02,459.33,0,450.49,498.1,485.54,420.55,-0.014977,0.0044257,-1.6638,0.022611,9.1553e-05
2683,2725,0,-1.0239,405.41,407.76,0.03125,392.58,442.35,419.06,370.94,-0.0074712,0.023968,-1.8973,0.0012291,3.0518e-05
2684,2726,2,-0.87728,358.18,366.64,0,342.26,405.25,375.13,325.52,-0.0043112,0.0041312,-1.843,0.008629,9.1553e-05
2685,2727,1,-0.9948,378.62,368.71,0,359.36,407.15,394.58,336.87,0.0035843,0.0025214,-2.1097,0.012079,6.1035e-05
2686,2728,2,-0.94639,435.62,461.79,0,413.63,512.07,463.89,397.14,0.00082473,0.0033154,-1.7772,0.023658,6.1035e-05
2687,2729,1,-0.97774,549.34,543.29,0,528.04,602.86,566.99,493.94,0.0031304,0.0023825,-2.0151,0.0022602,0.00012207
2688,2730,2,-0.92452,553.48,552.84,0,516.39,611.24,588.33,497.98,0.0034831,0.0032819,-1.885,0.0098964,0.00012207
2689,2731,2,-0.88428,430.32,435.95,0,406.03,478.96,457.84,387.21,0.0034473,0.0038911,-1.8399,0.020247,6.1035e-05
2690,2732,1,-0.98769,454.62,432.48,0,428.05,499.02,469.52,395.15,-0.0058022,0.0018936,-2.2617,0.010569,9.1553e-05
2691,2733,3,-1.0096,452.48,467.01,0,426.02,513.23,482.47,414.64,0.003333,0.0036816,-1.6441,0.024348,9.1553e-05
2692,2734,2,-1.0048,471.35,495.53,0,448.46,544.55,500.77,432.5,0.0089856,0.0027928,-1.3857,0.0097821,6.1035e-05
2693,2735,0,-0.93741,390.55,413.06,0,372.7,457.2,408.39,368.93,0.0004422,0.0051397,-1.7773,-0.00066772,3.0518e-05
2694,2736,0,-1.0262,433.79,451.17,0.03125,412.58,482.4,455,419.95,0.0021297,0.018953,-1.9286,0.0096272,6.1035e-05
2695,2737,1,-0.96778,513.38,522.46,0,476.66,583.97,543.8,471.49,-0.0030319,0.0035087,-1.8928,0.009462,6.1035e-05
2696,2738,1,-0.97751,372.2,371.38,0,360.23,406.65,384.17,336.11,0.020426,0.0015382,-1.9383,0.0040112,6.1035e-05
2697,2739,2,-0.94599,452.43,458.43,0,419.93,506.85,481.11,415.71,0.011224,0.0012076,-1.7477,0.01841,6.1035e-05
2698,2740,2,-0.87189,506.15,513.31,0,487.14,571.65,525.16,454.97,-0.0088399,0.0016094,-1.7924,0.019852,6.1035e-05
2699,2741,0,-0.95794,394.51,415.23,0,373.54,457.92,415.47,372.55,-0.0067167,0.00095761,-1.9743,-0.0043294,6.1035e-05
2700,2742,0,-0.99084,399.85,433.32,0,377.96,484.28,420.41,385.45,-0.0028511,0.0050682,-1.8757,0.003894,6.1035e-05
2701,2743,2,-0.90798,544.09,537,0,516.9,606.56,566.63,479.38,0.0030809,0.0020699,-1.8604,0.019312,0.00012207
2702,2744,2,-0.9206,468.48,465.24,0,444.48,507.31,495.68,417.57,0.0049316,0.0018503,-1.8021,0.0080679,0.00012207
2703,2745,1,-0.91335,434.8,452.1,0,425.98,487.36,450.52,389.23,0.0021522,0.0019845,-1.8066,0.015353,6.1035e-05
2704,2746,3,-0.97256,447.83,459.28,0,434.58,508.77,461.94,406.59,0.0003636,0.0016289,-1.5555,0.016517,6.1035e-05
2705,2747,1,-1.0419,505,495.38,0,485.36,540.13,525.9,447.73,0.006774,0.0041517,-2.0423,0.012064,0.00012207
2706,2748,0,-0.98139,354.16,359.51,0,340.42,397.37,367.07,323.94,-0.0055224,0.00095896,-1.9226,0.0040231,3.0518e-05
2707,2749,2,-0.94406,462.65,461.76,0,432.19,504.04,493.11,419.49,0.00061143,0.0033963,-1.6981,0.0013571,6.1035e-05
2708,2750,0,-0.97767,413.45,419.4,0,400.24,448.17,428.42,386.79,-0.0011405,0.0013615,-2.0365,-2.2757e-06,6.1035e-05
2709,2751,0,-1.031,341.23,350.65,0,329.32,382.15,354.73,314.96,0.0080141,0.0026456,-1.8437,0.0017356,3.0518e-05
2710,2752,0,-0.95873,446.83,484.11,0,424.77,520.04,470.32,445.87,-0.037973,0.0025897,-1.8138,0.037121,6.1035e-05
2711,2753,3,-1.0034,485.32,493.68,0,455.37,555.95,513.46,435.18,0.024479,0.00145,-1.6021,0.083875,6.1035e-05
2712,2754,3,-0.96693,461.34,460.95,0,440.92,507.98,484.48,407.65,0.0062858,0.0016092,-1.6265,0.017967,9.1553e-05
2713,2755,3,-0.92174,528.95,543.56,0,506.15,603.05,556.47,471.75,0.00025171,0.0018768,-1.7058,0.011456,0.00012207
2714,2756,3,-0.94152,490.29,493.42,0,456.43,535.73,528.67,445.47,0.0075387,0.0023664,-1.7364,0.0277,0.00012207
2715,2757,2,-0.91626,430.73,446.15,0,387.8,498.44,464.11,405.48,0.0097327,0.0018949,-1.7292,0.019077,6.1035e-05
2716,2758,1,-0.99529,419.06,398.1,0,403.43,446.41,429.76,365.04,-0.0010167,0.0026465,-2.0362,0.0048211,6.1035e-05
2717,2759,3,-0.98003,518.97,551.36,0,495.84,581.35,569.87,485.38,0.0027512,0.0018742,-1.3924,0.031831,0.00012207
2718,2760,0,-0.96697,387.9,387.35,0,366.59,430.24,400.69,361.62,-0.028519,0.00080628,-2.141,-0.0059099,6.1035e-05
2719,2761,0,-0.9624,429.68,469.73,0.03125,409.81,520.67,455.23,404.23,-0.00089618,0.020389,-1.7856,-0.0026712,6.1035e-05
2720,2762,3,-1.0279,460.31,448.7,0,431.58,494.63,485.65,408.17,0.013077,0.0012846,-1.7184,0.013259,0.00012207
2721,2763,0,-1.0737,433.83,453.38,0.125,411.3,511.41,453.7,402.19,-0.0049869,0.063081,-1.8603,-4.0846e-07,6.1035e-05
2722,2764,0,-0.93641,372.71,401.8,0,354.39,457.44,389.92,349.53,-0.025242,0.0079536,-1.8719,0.0054495,6.1035e-05
2723,2765,2,-1.091,473.01,486.83,0,441.96,524.46,512.94,438.46,0.02883,0.0031468,-1.4131,0.027017,0.00012207
2724,2766,0,-1.0565,418.68,428.48,0.046875,395.32,472.79,436.86,394.01,-0.007403,0.036829,-1.8647,-0.0026337,6.1035e-05
2725,2767,2,-0.96862,424.78,423.29,0,403.18,470.02,443.84,382.07,-0.0095874,0.0022841,-1.7385,0.028875,9.1553e-05
2726,2768,2,-0.98322,566.66,555.55,0,539.92,609.04,591.78,505.3,0.0062829,0.0019789,-1.6977,0.017505,6.1035e-05
2727,2769,0,-0.89773,379.62,383.23,0,362.89,427.13,391.83,351.19,0.00026812,0.0062533,-2.2416,-0.00037159,6.1035e-05
2728,2770,3,-1.0314,544.07,515.46,0,519.96,575.75,561.66,471.46,0.0022032,0.0013989,-1.8176,0.015649,6.1035e-05
2729,2771,1,-1.0633,544.02,553.38,0,510.92,626.6,571.44,492.71,-0.0006366,0.0049954,-1.8977,0.0061395,0.00012207
2730,2772,2,-0.93153,524.65,558,0,503.41,622.58,550.28,480.06,0.0080302,0.0020697,-1.5361,0.0076264,6.1035e-05
2731,2773,0,-0.97491,319.74,325.09,0,306.4,356.57,333.08,293.6,-0.00072668,0.0016311,-2.0864,-0.00022378,3.0518e-05
2732,2774,3,-0.97656,527.75,506.06,0,495.63,550.65,556.09,466.71,-0.0084496,0.0017879,-1.906,0.019514,6.1035e-05
2733,2775,1,-0.97657,365.59,351.83,0,354.1,377.12,379.46,321.3,0.0035668,0.0015675,-1.9987,-0.001093,3.0518e-05
2734,2776,1,-0.91279,420.12,423.71,0,404.24,480.3,433.27,376.83,-0.0091005,0.0016928,-1.8957,-0.00099281,6.1035e-05
2735,2777,0,-0.95534,404.2,417.07,0,388.51,448.82,421.99,381.09,-0.0049304,0.00088037,-1.8276,0.0079046,6.1035e-05
2736,2778,1,-0.90233,444.87,443.83,0,424.04,486.64,465.7,401.02,-0.0029106,0.0014753,-1.7986,0.00024428,6.1035e-05
2737,2779,3,-1.0532,559.04,546.94,0,545.11,588.29,578.13,490.27,0.0048202,0.0053158,-1.734,0.010688,0.00012207
2738,2780,3,-0.98522,445.21,465.19,0,424.49,520.09,467.27,406.75,0.0067618,0.0017365,-1.6847,0.013811,9.1553e-05
2739,2781,3,-0.94493,480.29,483.96,0,462.42,519.95,500.54,443.18,-0.0092961,0.00080793,-1.8987,0.018706,6.1035e-05
2740,2782,0,-1.0072,418.58,444.08,0.03125,403.3,487.6,434.85,397.74,-0.0050681,0.018817,-1.9262,0.00062079,3.0518e-05
2741,2783,0,-1.7518,445.13,452.27,0.82812,439.9,487.06,450.71,415.23,-0.032445,0.58664,-1.6954,0.019046,3.0518e-05
2742,2784,1,-1.0568,505.17,509.8,0,473.29,559.84,533.3,465.65,-0.0027024,0.010918,-1.8934,0.05602,6.1035e-05
2743,2785,1,-0.88534,464.41,482.48,0,441.64,538.83,487.18,426.14,0.0087582,0.014077,-1.9349,0.0085041,9.1553e-05
2744,2786,0,-1.0181,459.58,496,0.015625,435.09,542.53,476.34,464.16,-0.012064,0.017443,-2.0326,0.011567,6.1035e-05
2745,2787,2,-0.96827,428.22,441.07,0,410.72,481.58,449.34,392.18,0.0086213,0.0043779,-1.7792,0.0053387,6.1035e-05
2746,2788,1,-0.92835,496.25,499.6,0,473.61,568.25,516.22,439.04,0.013737,0.0018894,-1.8864,0.011451,0.00012207
2747,2789,3,-1.0113,474.81,475.02,0,451.34,524.12,498.28,425.91,0.014691,0.0030182,-1.6854,0.023452,0.00012207
2748,2790,3,-0.99898,468.46,467.96,0,452.21,518.15,486.87,411.09,-0.0037802,0.0017722,-1.699,0.02514,9.1553e-05
2749,2791,3,-0.93596,486.47,491.02,0,466.67,526.43,515.4,439.28,0.0087224,0.0015319,-1.6473,0.009373,0.00012207
2750,2792,1,-0.94006,461.05,451.38,0,437.45,499.37,480.6,411.62,0.013963,0.0017168,-2.0247,0.015919,9.1553e-05
2751,2793,0,-0.93569,336.54,351.39,0,322.43,380.05,352.52,318.91,0.0011639,0.00054288,-1.9551,-0.0013,3.0518e-05
2752,2794,1,-0.93379,536.43,526.8,0,503.66,597.38,558.85,478.52,0.007657,0.0011911,-2.0169,0.039262,0.00012207
2753,2795,1,-0.99494,482.67,490.26,0,473.37,532.97,496.28,427.82,-0.0050659,0.0029302,-1.7799,0.01189,6.1035e-05
2754,2796,1,-0.9556,375.33,367.45,0,359.22,395.75,393.59,335.37,0.00043393,0.0011586,-2.0067,0.0058883,6.1035e-05
2755,2797,2,-0.97971,557.15,553.87,0,532.43,609.6,581.87,498.15,-0.0022132,0.0023698,-1.8967,0.021121,0.00012207
2756,2798,3,-0.91652,510.49,501.41,0,485.83,550.05,533.65,455.71,0.025838,0.0041218,-1.8237,0.040506,9.1553e-05
2757,2799,3,-1.0157,511.35,505.12,0,469.41,550.54,541.96,471.97,0.025025,0.0026996,-1.8478,0.031044,0.00012207
2758,2800,0,-0.922,457.25,475.82,0,440.8,511.76,477.09,432.45,0.013927,0.0037181,-1.9719,0.012805,6.1035e-05
2759,2801,1,-0.95763,398.53,403.7,0,383.48,435.78,420.53,356.82,-0.024975,0.0019894,-1.7563,0.031803,6.1035e-05
2760,2802,3,-0.99665,471.13,454.37,0,445.52,494.7,492.35,420.95,-0.0022694,0.0026619,-1.8065,0.0093584,9.1553e-05
2761,2803,2,-0.96366,425.27,430.77,0,413.41,468.38,442.59,375.8,0.0097593,0.0016961,-1.6531,0.018247,6.1035e-05
2762,2804,0,-0.95149,374.47,380.66,0,354.86,427.4,389.71,344.3,0.0066488,0.0026252,-1.9637,-0.0028497,3.0518e-05
2763,2805,3,-0.98943,459.47,440.39,0,429.83,483.26,484.03,404.86,0.0018341,0.0012029,-1.8459,0.02129,6.1035e-05
2764,2806,2,-0.91812,481.49,489.75,0,452.01,536.06,517.06,433.86,-0.007246,0.0011429,-1.6608,0.013066,0.00012207
2765,2807,0,-0.95998,402.94,416.24,0,383.42,451.79,422.46,380.69,0.00082017,0.0014632,-1.7767,0.021482,6.1035e-05
2766,2808,0,-0.9758,395.79,427.84,0,381.4,476.91,412.09,372.23,-0.016261,0.00099272,-1.75,0.020251,6.1035e-05
2767,2809,0,-0.93154,398.65,430.84,0,384.09,475.21,417.38,373.8,0.0090012,0.00072259,-1.8489,-0.0072577,6.1035e-05
2768,2810,2,-1.0397,505.85,510.09,0,478.76,556.75,536.55,457.22,0.0055515,0.0044337,-1.5167,0.0070412,0.00012207
2769,2811,2,-1.0013,516.19,491.72,0,487.14,555.23,536.06,448.27,-0.0015661,0.0016623,-1.8259,0.014113,0.00012207
2770,2812,0,-0.97805,307.67,308.46,0,297.28,332.33,318.73,283.04,0.0023642,0.0012933,-2.027,0.0001381,3.0518e-05
2771,2813,1,-0.9296,477.62,472.41,0,442.8,511.97,512.44,432.85,-0.012095,0.0016677,-1.8178,0.039138,0.00012207
2772,2814,3,-0.98242,481.82,489.57,0,456.54,544.4,504.13,441.19,0.0059561,0.0025339,-1.7582,0.03726,9.1553e-05
2773,2815,2,-0.97139,468.1,465.94,0,442.65,515.48,495.2,413.22,-0.0044492,0.0014928,-1.7308,0.022753,9.1553e-05
2774,2816,0,-1.0225,417.61,419.37,0,401.36,485.68,426.73,382.16,-0.0082487,0.0047421,-2.028,0.0098455,6.1035e-05
2775,2817,1,-0.93009,550.74,561.09,0,511.36,630.78,581.38,506.89,0.00055094,0.0008407,-1.8572,0.012099,0.00012207
2776,2818,0,-0.99249,429.55,441.21,0,407.93,498.99,445.33,399.04,0.0037111,0.00094812,-1.9805,-0.0045546,6.1035e-05
2777,2819,0,-0.98076,411.1,420.72,0,394.62,459.63,427.57,381.82,-0.0028167,0.0017663,-2.0321,0.0016801,6.1035e-05
2778,2820,2,-0.96633,497.38,488.05,0,473.81,549.07,519.53,430.72,-0.020379,0.0013531,-1.8796,0.019257,6.1035e-05
2779,2821,2,-0.92721,478.63,490.85,0,451.4,534.17,511.5,438.55,0.015904,0.0011742,-1.6402,0.018419,9.1553e-05
2780,2822,3,-0.95761,505.12,533.89,0,479.44,588.62,540.32,458.88,0.0035535,0.00084177,-1.629,0.013374,0.00012207
2781,2823,2,-1.0911,548,559.58,0,511.08,631.34,582.69,492.16,-0.0027553,0.0064826,-1.7753,0.044258,0.00012207
2782,2824,1,-0.94823,528.32,534.23,0,498.71,592.95,556.13,479.06,-0.0049899,0.0037126,-1.8948,0.028835,6.1035e-05
2783,2825,1,-0.97145,423.16,414.79,0,384.34,468.36,443.49,386.72,-0.0096362,0.0023753,-2.0844,0.052281,6.1035e-05
2784,2826,0,-0.99404,374.97,373.51,0,357.36,414.38,387.01,345.54,0.0021123,0.0042643,-2.1728,0.0010226,6.1035e-05
2785,2827,3,-0.95364,493.64,501.28,0,462.5,580.95,517.87,439.32,0.013894,0.002282,-1.8279,0.046645,6.1035e-05
2786,2828,3,-0.94812,521.71,496.05,0,494.98,553.49,538.84,459.24,0.010347,0.0015762,-1.9328,0.020761,0.00012207
2787,2829,2,-0.92164,535.18,535.73,0,510.72,589.2,559.65,482.26,0.0040851,0.0011586,-1.7128,0.012667,9.1553e-05
2788,2830,2,-0.97549,528.85,543.87,0,503.08,594.37,561.98,478.95,0.00642,0.0010636,-1.6883,0.014203,0.00012207
2789,2831,3,-0.91957,477.14,501.46,0,457.61,542.85,503.91,444.73,0.005428,0.0013468,-1.5747,0.015306,9.1553e-05
2790,2832,1,-0.95994,507.21,548.46,0,485.85,594.04,542.81,472.51,0.0015592,0.00084259,-1.6628,0.0039853,6.1035e-05
2791,2833,2,-1.0304,479.38,488.64,0,449.17,563.53,500.04,437.41,0.0035421,0.0014647,-1.6636,0.0080761,9.1553e-05
2792,2834,3,-0.98124,459.18,448.21,0,431.48,497.49,478.13,414.49,0.021408,0.002198,-1.8063,0.014426,6.1035e-05
2793,2835,1,-0.95968,499.65,511.64,0,477.6,559.9,523.12,460.27,0.00042099,0.0011466,-1.7701,0.0030622,6.1035e-05
2794,2836,2,-1.0167,476.97,488.16,0,446.78,546.52,503.6,436.65,-0.002016,0.0014628,-1.7718,0.010684,6.1035e-05
2795,2837,0,-0.93826,373.7,377.54,0,355.12,417.18,388.16,346.71,-0.00068221,0.0054148,-2.2377,-0.00066965,6.1035e-05
2796,2838,2,-0.94109,475.11,470.57,0,457.79,518.49,490.4,428.28,-0.0096522,0.0014282,-1.8915,0.026724,9.1553e-05
2797,2839,3,-0.90064,556.19,546.89,0,507.53,617.94,587.38,501.34,0.01257,0.0012267,-1.9517,0.027678,0.00012207
2798,2840,2,-0.95656,512.32,525.85,0,480.41,576.73,546.28,471.69,0.097907,0.0018011,-1.7544,0.03996,0.00012207
2799,2841,2,-0.87791,449.23,433.88,0,433.7,493.12,459.86,393.34,-0.012883,0.0013402,-2.0453,0.026747,9.1553e-05
2800,2842,2,-0.96051,475.36,453.11,0,449.98,495.56,496.38,417.95,-0.011571,0.0027471,-1.9218,0.025048,9.1553e-05
2801,2843,3,-0.97963,480.83,475.45,0,466.78,518.97,494.02,434.57,0.0056557,0.001142,-1.9606,0.015271,9.1553e-05
2802,2844,3,-0.96337,476.19,486.3,0,445.81,526.29,508.54,443.73,0.031701,0.0010557,-1.9136,0.024088,0.00012207
2803,2845,2,-1.0003,546.25,527.36,0,520.96,586.04,567.2,478.75,0.0011026,0.0015062,-1.9263,0.018113,0.00012207
2804,2846,1,-0.89769,533.51,518.79,0,514.89,586.44,547.98,466.19,-0.010121,0.0035377,-2.1036,0.037601,6.1035e-05
2805,2847,2,-0.9009,491.95,466.45,0,468.61,511.54,512.55,426.66,-0.0023537,0.00080641,-1.8815,0.016082,9.1553e-05
2806,2848,1,-1.0159,420.95,423.83,0,395.29,462.56,448.26,382.6,0.0042649,0.0091554,-1.7228,0.0069396,6.1035e-05
2807,2849,2,-0.85775,466.33,470.31,0,438.57,537.15,489.33,414.92,-0.0031806,0.0013501,-1.9777,0.010937,9.1553e-05
2808,2850,3,-0.99796,478.96,445.04,0,455.57,495.38,493,414.83,0.0019135,0.0013143,-2.1345,0.017317,0.00012207
2809,2851,3,-1.0111,506.87,494.49,0,485.02,550.54,527.39,441.85,0.0050276,0.001386,-1.8459,0.01926,0.00012207
2810,2852,0,-0.94921,404.84,428.57,0,382.1,480.24,423.69,385.75,-0.0064233,0.0019387,-1.9271,0.010983,6.1035e-05
2811,2853,3,-0.97114,509.31,508.41,0,482.8,547.97,545.62,454.21,0.011064,0.0017843,-1.6989,0.017919,0.00012207
2812,2854,0,-0.95669,436.43,464.89,0,409.45,538.89,456.12,410.89,0.0022476,0.0012355,-2.0619,0.003471,9.1553e-05
2813,2855,1,-0.93746,326.15,323.83,0,311.94,356.2,339.5,293.43,0.0099048,0.0027269,-1.9656,0.0057005,6.1035e-05
2814,2856,1,-1.0368,344.76,366.95,0,330.79,423.66,357.08,316.91,-0.0062214,0.015176,-1.8314,0.034559,6.1035e-05
2815,2857,0,-0.844,353.23,365.8,0,332.85,411.82,369.09,330.01,-0.00071791,0.0086869,-2.238,-1.2786e-05,3.0518e-05
2816,2858,2,-0.94099,431.55,453.93,0,412.46,498.46,457.71,392.9,-0.0068018,0.0010399,-1.7261,0.018384,9.1553e-05
2817,2859,1,-1.052,469.73,488.64,0,455.1,568.98,482.63,417.75,-0.005775,0.0049642,-1.9197,0.0077805,6.1035e-05
2818,2860,0,-1.0396,382.63,397.76,0,365.27,437.44,398.94,360.49,0.0038774,0.003205,-1.8827,0.0086327,6.1035e-05
2819,2861,1,-1.0162,498.28,495.95,0,474.32,543.14,519.43,454.32,0.00083989,0.0011886,-2.0325,-0.0002515,6.1035e-05
2820,2862,0,-0.97691,332.71,337.73,0,321.59,365.69,344.55,307.97,-0.000281,0.0011196,-2.1094,0.0007518,6.1035e-05
2821,2863,0,-0.97206,423.87,433.91,0,406.77,469.64,442.07,395.86,-0.0038843,0.0024477,-2.1253,-0.0022977,3.0518e-05
2822,2864,0,-0.97086,409.29,456.2,0,395.88,486.2,436.73,394.77,-0.0062386,0.0040026,-1.6721,0.005087,6.1035e-05
2823,2865,3,-0.95196,530.37,519.07,0,494.75,580.61,561.79,464.77,0.0088208,0.0020231,-1.7232,0.01242,0.00012207
2824,2866,1,-0.94939,470.21,504.31,0,446.92,545.1,504.24,444.7,-0.0021291,0.00083296,-1.7925,0.0090157,6.1035e-05
2825,2867,1,-0.88479,411.92,390.68,0,390.25,432.88,428.77,357.85,-0.0071918,0.0014655,-2.126,0.0029682,6.1035e-05
2826,2868,3,-0.9605,460.03,466.54,0,431.35,506.99,486.96,428.54,-0.0016569,0.002043,-1.8536,0.017524,0.00012207
2827,2869,2,-0.94683,414.58,390.81,0,394.09,421.55,435.06,360.07,0.0045732,0.0012696,-1.7903,0.0013011,6.1035e-05
2828,2870,0,-0.96241,434.72,467.34,0.015625,413.76,527.69,454.42,410.66,-0.0060881,0.010198,-1.8871,0.0012131,6.1035e-05
2829,2871,3,-0.97714,435.37,431.26,0,411.9,461.81,460.35,398.73,0.024453,0.0012384,-1.8737,0.006312,0.00012207
2830,2872,3,-0.91226,466.74,472.26,0,445,510.57,498.52,416.26,0.0017939,0.0014328,-1.7201,0.0092135,0.00012207
2831,2873,3,-1.0678,508.1,485.1,0,479.45,536.49,530.38,445.13,-0.0089103,0.0033306,-1.8106,0.026132,6.1035e-05
2832,2874,0,-1.0163,387.5,393.28,0.015625,367.86,424.27,405.94,364.17,0.0066685,0.010254,-1.9637,0.0029735,6.1035e-05
2833,2875,1,-0.98201,374.74,368.31,0,355.64,407.67,392.69,331.33,-0.011291,0.001749,-1.9703,0.018846,6.1035e-05
2834,2876,0,-0.96097,445.24,458.88,0,424.87,513.83,462.11,413.35,0.03668,0.0024693,-2.1715,5.4176e-05,6.1035e-05
2835,2877,3,-0.91151,502.49,491.32,0,479.18,523.49,532.47,449.96,0.0055823,0.0018278,-1.5821,0.0054299,0.00012207
2836,2878,0,-0.97362,419.16,434.71,0,403.63,473.03,437.91,388.46,-0.00072647,0.00059777,-1.9755,-0.00038691,3.0518e-05
2837,2879,3,-1.0405,497.34,475.87,0,462.94,529.7,520.88,439.04,0.0040442,0.0025708,-1.9028,0.01176,6.1035e-05
2838,2880,3,-1.0106,459.55,475.34,0,436.76,516.57,487.05,425.59,-0.0064637,0.0011796,-1.5028,0.031278,9.1553e-05
2839,2881,2,-0.86832,518.87,531.55,0,478.35,596.19,552.44,477.99,-0.011358,0.0021185,-1.8762,0.044915,0.00012207
2840,2882,1,-0.96491,360.23,361.66,0,345.71,391.44,380.12,320.86,-0.0022936,0.0026381,-1.8737,0.0020129,3.0518e-05
2841,2883,3,-0.97754,516.58,518.66,0,475.96,580.73,546.21,473.36,0.0095621,0.0012876,-1.7062,0.016305,0.00012207
2842,2884,3,-0.92363,472.46,477.82,0,443.86,516.61,506.97,431.01,-0.00070152,0.00099878,-1.6158,0.026395,0.00012207
2843,2885,0,-0.96945,424.57,451.41,0,408.34,487.86,448.3,398.15,-0.00083361,0.0011925,-1.8538,0.0053731,6.1035e-05
2844,2886,0,-0.98301,450.69,465.73,0,426.54,520.14,469.48,423.41,0.002761,0.0005119,-2.0943,0.0042442,3.0518e-05
2845,2887,3,-0.9622,390.6,410.9,0,373.91,438.68,420.35,361.37,0.0031813,0.00079269,-1.5974,0.0105,9.1553e-05
2846,2888,3,-0.99153,469.89,459.98,0,447.41,495.49,495.37,419.73,0.0066252,0.0013228,-1.7307,0.038609,9.1553e-05
2847,2889,2,-0.96827,465.15,460.31,0,439.68,499.37,500.05,406.79,-0.0078516,0.0014178,-1.7963,0.027659,9.1553e-05
2848,2890,2,-0.9713,469.74,492.43,0,444.17,534.5,502.63,438.34,0.0023189,0.0024269,-1.605,0.011167,6.1035e-05
2849,2891,0,-0.96088,374.88,400.2,0,361.35,435.86,392.28,354.36,-0.0080219,0.00071013,-1.8464,0.0037948,3.0518e-05
2850,2892,1,-0.91473,377.38,388.36,0,361.32,426.32,398.03,339.55,0.0043128,0.0022473,-1.7667,0.0011809,6.1035e-05
2851,2893,1,-1.0013,482.47,493.94,0,447.55,560.16,509.63,442.43,0.0014539,0.0021734,-1.9023,0.01227,9.1553e-05
2852,2894,0,-1.6174,458.25,466.1,0.78125,440.35,548.36,469,416.74,-0.028593,0.4341,-2.0527,0.0025247,6.1035e-05
2853,2895,1,-0.97561,478.86,499.47,0,456.94,552.39,505.32,435.59,-0.023895,0.005345,-1.694,0.00077113,6.1035e-05
2854,2896,3,-0.91795,526.67,531.75,0,493.52,590.16,564.24,465.56,0.010134,0.008518,-1.5222,0.0096654,0.00012207
2855,2897,2,-0.91395,474.29,491.48,0,445.68,547.5,504.75,431.85,0.0063175,0.0049621,-1.6257,0.010525,6.1035e-05
2856,2898,2,-0.98741,493.71,523.47,0,472.04,580.72,521.57,449.86,0.0232,0.0033097,-1.5476,-0.00039986,9.1553e-05
2857,2899,2,-0.92358,495.49,518.83,0,469.87,585.89,524.52,442.82,0.011472,0.0024206,-1.6709,0.011137,0.00012207
2858,2900,1,-0.88269,484.71,506.98,0,455.42,577.43,510.55,444.82,0.0022189,0.0012509,-1.6866,0.0044746,6.1035e-05
2859,2901,2,-0.999,485.62,488.27,0,459.87,550.49,508.33,433.38,0.00010836,0.0012464,-1.7264,0.01309,9.1553e-05
2860,2902,2,-0.929,560.05,543.45,0,518.64,639.84,583.29,489.38,0.0021911,0.00068513,-1.8995,0.03058,0.00012207
2861,2903,3,-1.0161,494.41,459.89,0,452.08,541.26,516.59,417.27,0.0012214,0.0020366,-1.7983,0.017449,0.00012207
2862,2904,2,-0.93921,547.9,562,0,522.18,619.91,580.95,487.55,0.0083661,0.0023688,-1.5823,0.031886,0.00012207
2863,2905,0,-0.96918,336.88,360.01,0,323.34,391.97,354.28,318.91,-0.0011698,0.0035905,-1.96,0.00093087,6.1035e-05
2864,2906,3,-0.9477,513.77,477.34,0,472.07,529.67,540.49,443.8,0.0021662,0.0010982,-1.8858,0.017517,0.00012207
2865,2907,0,-0.97753,422.62,446.53,0,409.2,479.53,442.22,398.29,0.00067015,0.0034061,-1.9675,-0.00055016,6.1035e-05
2866,2908,0,-0.94143,431.04,474.11,0,416.74,509.3,456.54,411.38,-0.0057271,0.0027941,-1.6059,-0.0018191,6.1035e-05
2867,2909,3,-1.0249,554.74,521.68,0,519.59,576.2,583.87,476.5,0.0023481,0.0016437,-1.6936,0.026579,0.00018311
2868,2910,1,-0.99008,378.72,373.85,0,363.17,407.07,395.27,338.48,0.020348,0.0011023,-1.9709,0.010011,6.1035e-05
2869,2911,1,-0.9397,514.9,531.62,0,489.36,589.05,542.09,470.49,0.003184,0.0012913,-1.8046,0.01572,0.00012207
2870,2912,1,-0.99064,476.57,490.42,0,450.67,540.52,505.92,433.65,-0.012266,0.0016115,-1.7384,0.01788,6.1035e-05
2871,2913,3,-0.97267,530.4,515.51,0,490.68,566.03,563.31,473.65,0.0080254,0.0012815,-1.6523,0.045837,0.00012207
2872,2914,2,-1.0402,497.97,492.02,0,465.51,550.35,524.86,443.69,0.0032864,0.0023727,-1.7323,0.022475,9.1553e-05
2873,2915,0,-0.9788,406.09,415.33,0,390.45,447.42,423.81,378.96,0.039568,0.0018709,-2.0623,0.00030838,3.0518e-05
2874,2916,1,-0.9899,479.46,493.06,0,432.76,544.53,518.15,450.43,-0.011771,0.0017881,-1.7601,-0.0023236,6.1035e-05
2875,2917,1,-0.99972,359.25,353.98,0,330.3,389.4,380.38,328.14,-0.015294,0.0033821,-1.9223,0.015944,6.1035e-05
2876,2918,2,-0.93545,512.38,524.4,0,476.93,570.07,555.15,469.27,0.0032815,0.0012097,-1.6312,0.011453,0.00012207
2877,2919,2,-0.9307,460.3,441.62,0,444.55,506.13,472.56,391.43,-0.010406,0.0018894,-1.9271,0.00064543,9.1553e-05
2878,2920,2,-1.0028,462.43,471.44,0,437.42,523.73,489.05,415.77,0.0014596,0.0018348,-1.6768,0.0045037,9.1553e-05
2879,2921,3,-0.91244,460.39,463.05,0,437.11,506.86,490.32,406.72,-0.00044043,0.0019184,-1.5996,0.0066575,9.1553e-05
2880,2922,2,-1.0504,457.89,439.64,0,427.11,480.95,485.05,403.2,-0.004118,0.0023968,-1.9412,0.01434,6.1035e-05
2881,2923,2,-0.93896,412.76,418.4,0,396.31,443.93,442.08,372.9,-0.0075101,0.0012486,-1.6267,0.0091174,6.1035e-05
2882,2924,3,-0.98505,462.35,458.33,0,437.62,506.29,482.84,418.58,0.0079291,0.0012646,-1.7907,0.010431,9.1553e-05
2883,2925,2,-0.94848,515.68,515.96,0,480.63,575.07,544.72,466.99,-0.0012727,0.001295,-1.6614,0.003912,0.00012207
2884,2926,3,-0.89363,536.04,549.65,0,500.58,607.93,571.49,491.36,0.025653,0.0014114,-1.6377,0.033499,0.00012207
2885,2927,2,-0.99238,516.88,505.49,0,473.64,566.65,546.47,463.65,-0.0033219,0.0016488,-1.9143,0.029636,0.00012207
2886,2928,1,-0.94344,453.96,465.88,0,425.95,503.7,487.76,420.25,-0.021514,0.0015625,-1.9026,0.039416,6.1035e-05
2887,2929,0,-0.90344,338.93,356.18,0,327.54,383.2,356.71,314.03,-0.00059989,0.0056009,-1.88,-0.00096705,3.0518e-05
2888,2930,3,-0.99292,519.88,514.75,0,489.44,581.01,543.56,463.21,0.01556,0.0019954,-1.6291,0.03229,0.00012207
2889,2931,3,-0.98198,479.97,465,0,448.89,504.52,509.16,427.88,0.0098278,0.0014799,-1.7627,0.018938,9.1553e-05
2890,2932,0,-0.90993,349.75,356.81,0,328.37,412.88,360.95,327.43,0.0002608,0.003919,-2.3186,-0.0021227,3.0518e-05
2891,2933,3,-0.98387,479.8,476.52,0,449.95,529.74,509.66,423.3,-0.0037626,0.0011028,-1.7781,0.0067787,6.1035e-05
2892,2934,2,-0.98038,446.31,439.57,0,422.82,502.72,462.39,396.35,0.003363,0.0014365,-2.0172,0.007944,6.1035e-05
2893,2935,2,-0.97012,392.56,405.15,0,370.9,453.08,412.92,360.13,-0.0071425,0.00073315,-1.8329,0.024247,6.1035e-05
2894,2936,0,-0.89344,407.17,402.64,0,386.1,461.71,418.21,371.7,0.010608,0.0077272,-2.2127,-0.0025215,3.0518e-05
2895,2937,2,-0.91759,512.63,536.04,0,491.37,582.4,545.79,463.73,0.0053719,0.00094646,-1.6966,0.0071405,6.1035e-05
2896,2938,2,-0.98135,526.02,545.14,0,491.78,595.47,572.95,476.16,0.014464,0.0019105,-1.5359,0.052933,0.00012207
2897,2939,0,-1.0119,408.86,402.85,0,381.81,433.36,429.89,379.13,-0.011555,0.0042644,-1.9467,0.0017645,3.0518e-05
2898,2940,0,-0.96755,449.36,453.54,0,412.63,503.13,471.4,423.79,-0.015737,0.0025733,-2.2533,-0.0060662,6.1035e-05
2899,2941,3,-0.9753,501.52,480.6,0,473.05,525.95,530,435.26,0.025868,0.0016827,-1.8001,0.0066028,0.00012207
2900,2942,1,-0.95804,490.49,493.96,0,453.75,532.4,527.23,455.52,-0.010748,0.0019386,-1.8642,0.031465,9.1553e-05
2901,2943,0,-0.94735,414.93,424.52,0,391.61,481.79,430.89,385.33,0.0041964,0.0012566,-2.2289,-0.0040388,3.0518e-05
2902,2944,2,-0.88075,473.82,484.31,0,441.53,529.11,515.33,426.7,0.006739,0.0016799,-1.6745,0.014558,9.1553e-05
2903,2945,0,-1.0245,431.21,439.46,0,414.6,492.55,444.14,398.17,-0.0061988,0.0027,-2.0078,0.017906,6.1035e-05
2904,2946,2,-0.94464,556.5,563.77,0,528.63,616.46,594.69,491.57,0.001778,0.0025906,-1.5451,0.017189,6.1035e-05
2905,2947,1,-0.86789,435.52,456.54,0,412.4,509.29,460.14,400.38,-0.0016757,0.0017462,-1.8981,-0.0022845,6.1035e-05
2906,2948,3,-1.0567,538.36,516.92,0,489.84,588.48,563.77,479.44,0.0097238,0.0047612,-1.9006,0.013391,0.00012207
2907,2949,3,-0.94481,490.89,475.75,0,452.69,518.16,526.78,435.91,0.0062393,0.0029676,-1.8015,0.021927,0.00012207
2908,2950,2,-0.96287,478.55,485.58,0,453.39,550.02,500.75,428.71,-0.0044473,0.00091558,-1.9473,0.015361,9.1553e-05
2909,2951,0,-1.0333,405.81,412.4,0,392.78,465.71,415.95,370.93,-0.0049953,0.0093394,-2.1011,0.0029973,6.1035e-05
2910,2952,1,-0.96746,381.38,410.13,0,365.2,454.27,402.17,353.37,0.0024573,0.00097405,-1.5279,0.012938,6.1035e-05
2911,2953,2,-0.93356,508.49,509.25,0,470.1,563.9,542.37,461.03,0.01224,0.0014068,-1.8764,0.017177,0.00012207
2912,2954,0,-0.8993,367.98,410.27,0,349.76,448.33,392.94,358.11,0.0036652,0.0012092,-1.8318,-0.00076,6.1035e-05
2913,2955,1,-0.96776,470.5,474.08,0,442.86,526.89,496.48,424.47,-0.014094,0.0014824,-1.6941,0.060686,6.1035e-05
2914,2956,3,-1.0016,477.2,490.4,0,455.86,538.26,504.64,428.85,-0.0066962,0.0016177,-1.5556,0.094663,0.00012207
2915,2957,0,-0.97858,415.08,427.78,0,393.49,472.73,432.96,390.53,0.0088477,0.00038006,-2.158,-0.0013548,6.1035e-05
2916,2958,3,-0.9129,496.16,487.28,0,459,537.31,526.95,445.84,0.011954,0.0022934,-1.8617,0.016648,0.00012207
2917,2959,3,-0.92095,534.45,521.06,0,497.56,571.06,571.35,471.06,0.01231,0.0016662,-1.6829,0.029091,0.00012207
2918,2960,0,-0.97584,392.95,407.62,0,370.81,453.48,411.29,369.62,-0.0051116,0.0033711,-2.0026,0.11921,6.1035e-05
2919,2961,2,-0.95636,564.4,569.32,0,515.38,644.09,597.95,518.15,-0.0004911,0.0015788,-1.8625,0.027283,6.1035e-05
2920,2962,1,-1.0117,436.28,408.98,0,418.19,443.09,450.35,382.46,-0.0028635,0.0013971,-2.2155,0.0022398,6.1035e-05
2921,2963,0,-0.98236,362.87,358.83,0,347.59,393.82,374.76,331.61,0.00051306,0.0052649,-2.1686,-0.0025911,6.1035e-05
2922,2964,2,-0.9835,553.65,538.16,0,513.76,600.2,582.75,492.88,0.0043329,0.0012651,-1.8833,0.0048098,0.00012207
2923,2965,2,-0.99409,476.56,480.75,0,449,541.03,498,433.87,-0.0048059,0.0018173,-1.7096,0.053472,0.00012207
2924,2966,1,-1.0111,478.64,504.21,0,444.35,548.87,520.03,450.31,0.0011922,0.0019151,-1.6476,0.0065187,6.1035e-05
2925,2967,0,-0.96455,373.43,379.76,0,359.43,414.37,387.44,345.15,0.0040324,0.0021375,-2.1042,0.0090309,3.0518e-05
2926,2968,2,-0.98779,495.25,481.93,0,471.54,514.79,525.72,439.69,0.0020795,0.0018022,-1.7827,0.0070013,0.00012207
2927,2969,3,-0.96597,500.95,458.48,0,479.38,491.13,521.22,427.81,0.015156,0.0010305,-1.9579,0.0021219,0.00012207
2928,2970,1,-0.99947,505.85,478.24,0,484.39,517.43,527.3,439.04,0.012441,0.0032046,-1.9359,0.019956,0.00012207
2929,2971,3,-0.94805,447.81,446.37,0,417.6,480.68,486.64,402.24,3.4495e-05,0.0010807,-1.7376,0.019106,9.1553e-05
2930,2972,3,-0.91852,549.75,535.22,0,504.69,582.15,592.08,491.13,0.0061466,0.00097711,-1.8032,0.028652,0.00012207
2931,2973,0,-1.6537,455.53,463.74,0.79688,457.06,536.03,454.27,403.85,-0.0086206,0.47422,-2.0516,-0.00066533,6.1035e-05
2932,2974,1,-0.94832,321.32,318.41,0,310.99,343.35,337.43,279.5,-0.0049164,0.0074088,-1.9095,0.0080252,6.1035e-05
2933,2975,2,-1.037,450.51,441.87,0,428.01,476.64,474.45,404.87,-0.0096742,0.0014502,-1.7258,0.024217,6.1035e-05
2934,2976,1,-0.90426,419.44,439.51,0,397.28,481.93,446.18,388.31,0.0068265,0.0047859,-1.8891,-0.0014095,9.1553e-05
2935,2977,1,-0.97174,482.32,489.83,0,456.51,535.46,511.57,438.12,-0.004165,0.0018899,-1.9258,0.013442,9.1553e-05
2936,2978,0,-1.1011,436.8,453,0.125,429.6,496.55,446.06,397.01,0.0025343,0.064841,-1.8257,0.022262,3.0518e-05
2937,2979,2,-0.9036,533.6,524.01,0,513.44,568.21,556.45,473.91,0.012415,0.002381,-1.8033,0.012828,0.00012207
2938,2980,2,-0.92221,504.78,503.95,0,474.14,542.77,541.76,457.11,-0.00023531,0.0020123,-1.6584,0.018228,9.1553e-05
2939,2981,2,-0.96238,447.05,431.11,0,416.86,472.63,473.7,394.48,-0.016889,0.0022727,-1.961,0.0083369,9.1553e-05
2940,2982,2,-1.0112,498.56,476.48,0,474.86,545.08,513.75,432.51,-0.0065344,0.0012954,-2.0175,0.030197,0.00012207
2941,2983,1,-0.95739,376.44,371.18,0,363.5,403.03,393.08,330.22,0.0020414,0.0033102,-1.8462,-0.003234,6.1035e-05
2942,2984,1,-0.93963,385.71,392.46,0,369.83,426.56,404.88,351.31,-0.0005405,0.0015721,-1.9519,-0.00095182,6.1035e-05
2943,2985,1,-0.99325,384.63,378.01,0,358.3,420.03,403.84,347.35,-0.017961,0.0010565,-2.1102,0.0092245,6.1035e-05
2944,2986,0,-0.97881,403.2,409.03,0,388.63,454,416.89,366.79,-0.0047518,0.0011152,-2.045,0.0038856,6.1035e-05
2945,2987,1,-0.99896,436.05,449.89,0,419.48,481.69,460.27,403.42,0.034502,0.0040792,-1.8738,0.0069784,6.1035e-05
2946,2988,0,-0.83734,436.12,450.75,0,416.69,507.43,451.22,406.67,-0.00011678,0.011182,-2.2242,0.0010577,6.1035e-05
2947,2989,0,-1.0196,411.96,416.04,0,408.68,469.5,414.51,374.46,-0.0055211,0.0022965,-2.2487,-0.0046666,6.1035e-05
2948,2990,2,-1.0547,464.83,455.96,0,427.12,502.6,498.12,414.8,-0.007347,0.0035244,-1.8084,0.019144,6.1035e-05
2949,2991,3,-0.99675,499.51,487.52,0,463.97,530.5,535.04,444.54,0.0062388,0.0015046,-1.7907,0.0030971,0.00012207
2950,2992,2,-0.91549,475.3,460.06,0,433.61,521.01,502.02,420.99,0.0072942,0.0024974,-2.0598,0.013523,6.1035e-05
2951,2993,2,-0.98833,451.03,438.03,0,431.86,492.31,467.94,390.14,-0.005917,0.0011819,-2.0586,0.033163,9.1553e-05
2952,2994,3,-0.97543,501.89,478.77,0,470.24,524.55,528.11,440.84,0.010695,0.00099552,-1.9522,0.073672,0.00012207
2953,2995,0,-0.99736,469.4,476.56,0.0625,458.3,523.05,478.6,438.04,-0.0027774,0.038036,-2.2401,0.0026088,6.1035e-05
2954,2996,0,-0.98055,413.73,423.59,0,398.98,458.83,429.44,386.08,-0.029974,0.001294,-2.0436,0.0025041,3.0518e-05
2955,2997,0,-1.4649,449.35,482.84,0.51562,449.48,577.65,449.23,393.78,-0.013682,0.2878,-1.8836,2.2383e-05,6.1035e-05
2956,2998,1,-0.96823,418.13,431.54,0,398.85,482.41,439.99,373.89,-0.0050754,0.0023595,-2.0502,0.0042939,9.1553e-05
2957,2999,2,-0.98069,560.37,563.76,0,524.82,620.64,600.66,499.3,0.0043314,0.0038557,-1.6997,0.040261,0.00012207
2958,3000,2,-0.98411,455.1,447.65,0,423.52,501.01,478.15,408.7,0.0029683,0.0019819,-2.0967,0.01649,6.1035e-05
2959,3001,0,-0.97214,415.5,436.59,0,397.96,474.66,438.06,387.64,0.025349,0.002729,-1.8475,-0.0039132,3.0518e-05
2960,3002,2,-0.99835,460.35,457.76,0,427.73,500.66,489.14,419.91,0.0031446,0.0031959,-1.9534,0.011983,9.1553e-05
2961,3003,2,-0.96237,403.66,388.83,0,391.71,426.99,415.6,350.66,-0.0084069,0.0017739,-1.9047,0.0049581,9.1553e-05
2962,3004,1,-0.97244,417.56,417.39,0,398.22,452.85,439.47,377.19,0.012522,0.0016266,-2.1261,-0.0010234,6.1035e-05
2963,3005,3,-0.99455,580.5,563.88,0,554.27,629.14,603.64,506.3,0.020094,0.0034761,-1.8973,0.01473,0.00018311
2964,3006,0,-0.91139,397.17,419.25,0,375.74,451.04,426.53,375.68,-0.016187,0.0081796,-1.9226,0.024385,6.1035e-05
2965,3007,3,-0.9034,501.46,503.68,0,479.14,534.68,541.23,448.42,0.0067792,0.0013963,-1.5519,0.019582,0.00012207
2966,3008,3,-0.99441,488.6,476.31,0,468.56,537.05,502.3,434.75,-0.0037769,0.0035511,-1.9078,0.024023,9.1553e-05
2967,3009,0,-1.5033,469.63,518.37,0.5625,461.97,587.7,477.78,444.57,-0.0025595,0.35176,-1.9026,0.011758,6.1035e-05
2968,3010,3,-0.96643,535.3,542.64,0,495.81,600.13,570.14,491.91,0.0034093,0.0063228,-1.7646,0.020009,0.00018311
2969,3011,3,-0.99119,489.07,474.25,0,463.01,533.62,508.08,430.93,0.0080354,0.0064968,-1.9164,0.037793,9.1553e-05
2970,3012,2,-0.99766,500.92,485.93,0,464.68,561.24,525.71,434.4,0.0090828,0.0034333,-1.9895,0.050289,6.1035e-05
2971,3013,1,-0.98421,416.77,409.25,0,401.31,443.84,432.22,374.66,0.010421,0.0019697,-1.8785,0.029863,6.1035e-05
2972,3014,2,-0.9847,489.27,482.34,0,464.47,523.48,509.82,448.25,-0.018337,0.0030437,-2.0655,0.023826,6.1035e-05
2973,3015,0,-0.95889,433.44,459.91,0,411.1,497.32,462.16,411.81,-0.0028819,0.0035553,-1.9536,0.0053504,6.1035e-05
2974,3016,2,-0.89546,492.7,482.49,0,468.61,530.93,515.32,436.98,0.014235,0.0028993,-1.9841,0.011464,0.00012207
2975,3017,1,-0.93868,480.23,496.65,0,454.24,551.51,507.9,438.24,-0.0073464,0.00069829,-1.9525,0.01486,6.1035e-05
2976,3018,0,-0.9547,428.74,435,0,413.75,469.26,444.69,398.54,0.021276,0.0021743,-1.7491,0.011514,6.1035e-05
2977,3019,1,-1.0227,476.25,506.84,0,451.53,557.59,508.03,441.6,-0.0020668,0.0047881,-1.6808,0.019529,6.1035e-05
2978,3020,1,-0.99424,397.28,397.72,0,385.05,450.49,407.41,354,-0.0043583,0.0063524,-2.1255,0.040105,6.1035e-05
2979,3021,0,-1.0283,437.39,458.5,0.046875,420.77,506.41,455.08,407.5,-0.0068488,0.040535,-2.0033,0.0018578,3.0518e-05
2980,3022,3,-0.94135,505.65,524.8,0,490.13,576.94,526.91,453.36,-0.0026678,0.0024041,-1.5132,0.024804,6.1035e-05
2981,3023,2,-0.97287,487.69,500.83,0,454.59,544.67,533.05,440.75,0.0015487,0.0023707,-1.6149,0.049642,0.00012207
2982,3024,0,-0.97672,427.78,460.08,0,410.88,496.47,450.95,410.21,-2.8461e-05,0.0037081,-1.8485,-0.0030752,6.1035e-05
2983,3025,3,-0.99503,518.85,502.49,0,491.58,562.08,544.47,446.5,0.012084,0.0027853,-1.7081,0.012146,6.1035e-05
2984,3026,1,-0.89735,364.38,386.43,0,350.48,420.54,384.7,336.59,0.020769,0.001399,-1.8006,0.025531,6.1035e-05
2985,3027,3,-0.99678,537.48,533.98,0,508.26,613.84,563.26,463.52,0.014907,0.0022903,-1.7008,0.018697,0.00012207
2986,3028,2,-0.91368,464.91,478.01,0,434.76,527.53,493.24,431.48,0.0048832,0.0019831,-1.7531,0.0032321,6.1035e-05
2987,3029,1,-0.92798,482.32,497.39,0,460.05,557.09,503.25,441.31,-0.0019228,0.0013588,-1.7448,0.0077237,6.1035e-05
2988,3030,1,-0.91926,476.03,510,0,450.26,574.05,503.46,441.82,-0.0082635,0.0010703,-1.7632,0.0083321,9.1553e-05
2989,3031,3,-0.9557,387.21,405.73,0,373.39,444.63,402.87,361.64,-0.0014564,0.0012225,-1.6985,0.030721,9.1553e-05
2990,3032,1,-0.91264,499.47,537.42,0,469.18,582.61,538.42,479.31,-0.0028426,0.0034506,-1.7917,0.043254,0.00012207
2991,3033,1,-0.86549,417.67,408.5,0,390.16,456.62,441.94,366.04,0.0095874,0.0031574,-1.8794,0.0057616,6.1035e-05
2992,3034,1,-0.91922,426.21,403.72,0,390.56,452.18,450.61,370.56,-0.010233,0.0017502,-1.8865,0.011415,6.1035e-05
2993,3035,0,-0.92947,414.18,419.23,0,388.52,468.39,431.74,385.6,0.0040979,0.0014669,-2.0605,0.0015271,6.1035e-05
2994,3036,0,-0.96971,394.21,424.9,0,376.9,466.23,415.11,375,0.029547,0.0030128,-1.7473,0.016186,6.1035e-05
2995,3037,3,-0.98167,486.3,468.72,0,452.72,545.04,506.45,422.92,0.003824,0.0094615,-1.8042,0.01332,0.00012207
2996,3038,2,-0.97917,457.05,486.68,0,430.11,530.44,491.7,430.41,-0.0028805,0.001984,-1.5881,0.010485,6.1035e-05
2997,3039,0,-0.97304,426.31,443.66,0,405.38,496.16,444.79,397.35,-0.047342,0.0075541,-1.8106,0.020049,6.1035e-05
2998,3040,2,-0.95212,481.2,491.61,0,454.96,556.29,507.45,426.92,0.001911,0.0030686,-1.7378,0.0073376,6.1035e-05
2999,3041,3,-0.86227,490.18,513.74,0,459.81,580.15,522.5,443.05,-0.0082187,0.0026614,-1.5574,0.028263,0.00012207
3000,3042,0,-0.92335,295.75,311.36,0,282.34,343.74,309.17,278.97,-0.0017724,0.0013983,-1.8981,0.0013238,3.0518e-05
3001,3043,1,-0.9317,348.44,356.59,0,328.22,386.44,372.85,320.57,0.0031287,0.001373,-1.8196,0.012027,3.0518e-05
3002,3044,2,-0.94418,463.93,455.57,0,432.6,522.45,484.01,412.7,0.0045583,0.0027889,-1.9202,0.01995,9.1553e-05
3003,3045,1,-0.98289,445.81,459.93,0,419.19,503.71,475.99,410.31,-0.013309,0.0024264,-1.8695,-0.0044105,6.1035e-05
3004,3046,1,-0.9257,511.52,523.89,0,485.92,588.16,535.57,463.52,0.014074,0.0016516,-1.6845,0.015497,0.00012207
3005,3047,0,-0.99027,382.46,381.93,0,360.71,419.49,400.49,350.82,-0.0023064,0.0020887,-1.8046,0.0016318,3.0518e-05
3006,3048,1,-0.98529,380.96,371.4,0,364.58,403.62,396.35,341.14,-0.0068729,0.0026849,-2.0295,0.0075095,6.1035e-05
3007,3049,0,-0.97283,353.33,354.87,0,342.18,379.57,367.67,323.12,-0.0072233,0.0052961,-1.7602,0.0047212,3.0518e-05
3008,3050,0,-0.98004,414.54,432.83,0,397.48,467.46,433.88,393.58,0.012674,0.0011001,-1.9124,0.0021631,6.1035e-05
3009,3051,1,-0.91498,427.16,424.22,0,403.68,474.51,444.3,387.52,-7.4734e-05,0.0019411,-1.9814,0.0016644,6.1035e-05
3010,3052,2,-0.99644,431.27,420.29,0,406.89,466.87,451.47,381.69,-0.0026158,0.0015043,-1.9929,0.0024795,6.1035e-05
3011,3053,0,-0.84922,346.85,369.8,0,332.46,403.86,364.22,328.68,-0.0011115,0.0088696,-1.8782,0.00097342,3.0518e-05
3012,3054,3,-0.95782,507.98,514.26,0,477.25,565.22,540.68,460,0.01061,0.0014615,-1.5521,0.020382,6.1035e-05
3013,3055,1,-0.94691,479.5,498.31,0,455.56,558.22,504.99,434.54,0.0017875,0.0022148,-1.7562,0.0056559,6.1035e-05
3014,3056,1,-0.8983,452.15,451.09,0,430.69,490.76,476.47,406.13,-0.001316,0.0015517,-1.9022,0.00033621,6.1035e-05
3015,3057,3,-0.98775,445.12,438.89,0,414.8,493.74,463.31,405.98,-0.00020579,0.0033224,-1.7078,0.0414,9.1553e-05
3016,3058,2,-0.97104,450.6,458.51,0,426.32,495.31,478.11,416.8,0.0127,0.0021342,-1.6881,0.016247,9.1553e-05
3017,3059,0,-0.9632,403.96,419.77,0,383.07,475.67,420.21,376.29,-0.05126,0.0018384,-1.9903,0.02061,6.1035e-05
3018,3060,0,-0.97953,408.93,416.48,0,386.83,456.23,427.23,383.54,-0.012391,0.00086565,-2.0598,0.013709,3.0518e-05
3019,3061,0,-1.0474,432.41,446.54,0.0625,413.48,489.24,451.35,403.85,-0.0042552,0.057778,-1.7019,-0.00087425,6.1035e-05
3020,3062,1,-1.0076,517.27,513.04,0,478.3,582.61,537.69,476.59,0.007523,0.0053041,-1.9742,0.011859,0.00012207
3021,3063,0,-1.2449,465.14,472.76,0.375,451.27,513.83,479.01,431.7,0.012671,0.19437,-2.0683,0.0013722,6.1035e-05
3022,3064,3,-0.92911,490.13,492.5,0,456.39,549.74,514.74,450.72,0.018037,0.0067579,-1.6403,0.0026876,0.00012207
3023,3065,2,-0.93875,526.79,504.84,0,511.05,560.67,540.67,455.58,0.0016544,0.0096601,-1.8364,0.033663,0.00012207
3024,3066,1,-0.98775,442.51,446.82,0,415.78,485.13,470.96,406.03,0.0086929,0.0018544,-1.7561,0.0072448,9.1553e-05
3025,3067,2,-0.95145,483.03,466.15,0,454.5,511.7,511.56,420.59,0.001323,0.0023091,-1.7387,0.040571,0.00012207
3026,3068,2,-0.86983,455.05,442.83,0,430.73,481.22,479.38,404.44,-0.0098599,0.001938,-1.7008,0.013215,9.1553e-05
3027,3069,2,-1.0121,526.41,538.23,0,499.28,576.92,561.3,488.48,-0.0014449,0.009609,-1.4933,0.011017,0.00012207
3028,3070,2,-0.99444,495.96,522.19,0,472.22,575.99,528.5,448.46,0.0026927,0.0021851,-1.5249,0.010721,0.00012207
3029,3071,3,-0.91079,428.53,452.12,0,401.69,482.49,467.75,407.73,0.0010959,0.0036821,-1.4392,0.0067727,9.1553e-05
3030,3072,2,-0.9349,537.13,538.62,0,503.27,594.26,570.99,482.99,-0.00027236,0.0024267,-1.6952,0.033841,0.00012207
3031,3073,0,-0.97999,406.63,444.83,0,383.69,491.13,431.06,395.54,0.0017248,0.0039579,-1.9061,0.0031597,6.1035e-05
3032,3074,3,-0.9582,493.54,497.45,0,463.57,546.92,523.52,447.97,0.00036076,0.00086206,-1.5913,0.015707,0.00012207
3033,3075,2,-0.97662,476.45,446.43,0,449.74,489.7,497.21,412.78,0.0022261,0.0009542,-1.8075,0.0060966,9.1553e-05
3034,3076,1,-0.9539,473.22,476.72,0,449.88,528.75,495.15,427.83,-0.0046919,0.0014595,-1.757,0.04533,6.1035e-05
3035,3077,3,-0.9629,420.91,413.82,0,395.99,452.12,442.89,380.03,-0.0073998,0.0010303,-1.7152,0.016095,9.1553e-05
3036,3078,2,-1.0153,495.87,477.19,0,464.93,530.48,517.03,440.73,-0.0017677,0.0033934,-1.7446,0.010727,6.1035e-05
3037,3079,2,-0.90962,469.03,476.52,0,445.53,537.95,488.5,425.63,0.0086005,0.0021704,-1.7066,0.0036675,6.1035e-05
3038,3080,2,-0.94074,495.14,496.28,0,473.54,546.46,518.12,442.88,0.0033999,0.0015856,-1.593,0.015635,6.1035e-05
3039,3081,2,-0.99359,485.66,501.33,0,468.32,543.9,512.71,434.93,0.0043478,0.0019703,-1.4239,0.077352,6.1035e-05
3040,3082,1,-0.91334,449.86,442.63,0,425.78,497.2,469.81,397.42,-0.0012034,0.0054245,-1.7925,0.012273,6.1035e-05
3041,3083,3,-1.0068,524.75,540.2,0,492.04,597.62,553.61,489.54,-0.0012248,0.0013955,-1.6004,0.0061421,0.00012207
3042,3084,1,-0.9804,402.65,412.56,0,377.73,465.84,420.84,373.68,-0.023769,0.00048908,-1.9127,-0.0017981,6.1035e-05
3043,3085,3,-1.0068,495.47,476.35,0,470.16,520.11,522.4,429.77,-0.0028128,0.0013048,-1.5478,0.049662,9.1553e-05
3044,3086,0,-0.97529,392.46,401.83,0,377.37,430.91,410.68,366.72,-0.0027362,0.0015836,-1.904,-0.00020508,6.1035e-05
3045,3087,2,-0.89397,428.82,437.91,0,406.98,476.24,455.17,391.65,0.00088967,0.0035254,-1.5218,0.0034643,6.1035e-05
3046,3088,1,-0.93573,403.32,417.51,0,383.95,456.26,425.28,373.59,0.007258,0.0013479,-1.7054,0.0030354,6.1035e-05
3047,3089,3,-0.9357,552.16,522.73,0,512.31,594.44,573.04,485.17,0.0094979,0.001339,-1.7793,0.0079721,9.1553e-05
3048,3090,1,-0.86413,491.43,524.2,0,458.19,566.49,536.98,466.25,0.0080043,0.00098199,-1.6339,0.026323,9.1553e-05
3049,3091,2,-0.95792,491.88,495.1,0,470.51,546.38,516.11,436.99,-0.00029789,0.0018915,-1.6988,0.0049633,9.1553e-05
3050,3092,2,-0.89278,529.18,553.62,0,509.33,611.19,554.71,479.6,0.0051615,0.00087448,-1.589,0.055526,9.1553e-05
3051,3093,1,-0.93984,421.85,421.37,0,400.34,461.77,443.37,380.98,0.026216,0.00051926,-1.8648,0.0062952,6.1035e-05
3052,3094,2,-0.87174,450.9,459.81,0,432.72,506.05,472.84,404,-0.019714,0.0018269,-1.5563,0.0075157,6.1035e-05
3053,3095,3,-0.95284,475.98,472.52,0,434.44,519.17,512.64,431.36,0.024402,0.0015258,-1.7238,0.027632,6.1035e-05
3054,3096,1,-0.93478,428.93,468.45,0,408.29,521.58,455.45,400.14,-0.0085704,0.0020861,-1.6909,0.0087666,6.1035e-05
3055,3097,2,-0.97417,471.01,480.1,0,439.21,541.04,497.35,429.6,-0.0045227,0.0014821,-1.9043,0.027635,0.00012207
3056,3098,2,-0.83961,425.15,414.59,0,403.15,450.37,451.69,371.4,0.0094923,0.0036705,-1.8311,0.012196,6.1035e-05
3057,3099,0,-0.9537,438.05,463.86,0,421.03,504.36,458.58,414.99,0.00037841,0.0019977,-1.692,-0.00096934,6.1035e-05
3058,3100,0,-0.98579,434.92,459.66,0,422.25,489.04,457.52,407.29,0.026276,0.0022288,-1.7152,0.00051324,6.1035e-05
3059,3101,3,-0.99679,482.15,497.75,0,451.71,542.42,521.3,440.33,0.0041158,0.002669,-1.5524,0.034677,0.00012207
3060,3102,3,-0.93855,468.88,472.62,0,441.76,526.47,494.36,422.03,0.01364,0.0018954,-1.7396,0.04097,9.1553e-05
3061,3103,3,-0.96652,476.41,461.49,0,452.99,500.5,502.94,417.28,0.020468,0.0021238,-1.7056,0.0096884,6.1035e-05
3062,3104,0,-0.98504,410.12,401.54,0,386.67,446.15,422.4,378.18,0.0011172,0.0014631,-2.191,-0.0054161,3.0518e-05
3063,3105,0,-0.89885,397.22,413.24,0,379.48,452.05,414.96,374.44,0.00038371,0.0036349,-1.971,-0.0015572,6.1035e-05
3064,3106,1,-0.87928,482.31,494.56,0,463.15,534.27,508.57,440.14,0.018551,0.0025018,-1.5802,0.037989,6.1035e-05
3065,3107,3,-0.94853,483,505.82,0,453.74,536.9,531.77,454.03,0.019858,0.0014781,-1.4979,0.029538,9.1553e-05
3066,3108,1,-0.96934,343.5,341.63,0,326.75,370.72,360.26,312.53,0.0027453,0.0018511,-2.0585,0.00098757,6.1035e-05
3067,3109,0,-1.0776,454.98,485.89,0.10938,438.56,525.36,472.47,443.87,-0.0067405,0.068825,-2.0099,0.00044774,6.1035e-05
3068,3110,3,-0.87187,424.64,438.31,0,392.76,476.14,452.76,404.93,-0.0056108,0.005154,-1.8436,0.020288,9.1553e-05
3069,3111,3,-0.93554,458.37,461.14,0,422.66,499.97,489.88,426.88,0.0085091,0.0011668,-1.8762,0.0061571,0.00012207
3070,3112,1,-0.98512,452.05,463.78,0,430.97,499.15,480.94,415.31,-0.0078959,0.0018772,-1.9385,0.012278,6.1035e-05
3071,3113,1,-0.90057,451.8,446.87,0,434.99,476.97,473.41,408.17,-0.0022148,0.0049057,-1.7599,0.0096145,6.1035e-05
3072,3114,0,-0.97151,448.64,486.15,0.015625,429.92,535.94,471.24,426.06,-0.014504,0.010702,-1.9289,0.0082018,6.1035e-05
3073,3115,0,-0.95415,356.63,369.23,0,345.55,385.36,376.38,340.5,-0.00054643,0.0054374,-1.6711,0.0050203,6.1035e-05
3074,3116,1,-0.97524,462.37,470.37,0,438.41,513.65,487.88,424.29,0.0088619,0.0018239,-1.8514,0.008799,6.1035e-05
3075,3117,1,-0.97381,252.22,250.3,0,243.57,263.7,265.71,229.4,-0.0044071,0.0021752,-1.8394,-0.0025442,3.0518e-05
3076,3118,3,-0.95999,519.44,501.45,0,488.26,555.94,543.7,459.07,0.0053355,0.001197,-1.7716,0.029704,0.00012207
3077,3119,2,-1.0304,476.61,470.99,0,447.62,512.99,500.63,436.2,0.0069526,0.0019251,-1.9185,0.011334,0.00012207
3078,3120,1,-1.0189,539.04,539.46,0,510.09,591.32,567.98,487.61,0.0092188,0.0016942,-1.8839,-0.00016327,0.00012207
3079,3121,3,-1.0349,454.42,440.89,0,432.33,476,479.45,401.11,-0.0023562,0.0010881,-1.7035,0.017557,9.1553e-05
3080,3122,0,-0.95327,410.47,398.46,0,395.75,427.78,424.3,370.92,-0.025847,0.012317,-2.0476,0.01341,6.1035e-05
3081,3123,2,-0.93865,422.55,406.2,0,400.16,454.35,435.98,377.3,0.0029715,0.0028238,-2.0955,0.0083593,6.1035e-05
3082,3124,0,-0.92069,314.51,324.88,0,301.72,351.19,328.12,296.88,0.010329,0.0084233,-2.1576,0.0085092,3.0518e-05
3083,3125,2,-0.99048,464.56,453.62,0,445.41,495.78,480.42,418.69,-0.009792,0.00313,-1.9142,0.016482,9.1553e-05
3084,3126,0,-0.93565,406.84,406.82,0,381.52,447.04,422.03,382.69,-0.010937,0.0017126,-2.1481,0.011184,6.1035e-05
3085,3127,1,-0.86606,405.13,395.04,0,387.46,432.87,418.87,365.61,-0.00016431,0.0011451,-2.1465,0.0076479,6.1035e-05
3086,3128,0,-0.98885,370.45,351.79,0,358.88,375.99,379.45,332.97,-0.00014774,0.001455,-2.091,-0.00013616,6.1035e-05
3087,3129,0,-0.98185,347.77,336.59,0,334.17,362.96,358.35,316.07,0.0012009,0.00179,-2.3241,0.00071129,6.1035e-05
3088,3130,3,-0.97206,508.77,472.52,0,476.39,510.99,533.95,442.6,0.01713,0.0031866,-1.8959,0.015054,9.1553e-05
3089,3131,1,-0.84031,377.49,375.27,0,362.17,403.72,395.98,340.93,0.0011285,0.0033909,-2.0622,-0.00067471,6.1035e-05
3090,3132,2,-0.96088,504.89,493.49,0,480.57,537.62,532.46,443.48,0.00048325,0.0031678,-1.7503,0.0092754,0.00012207
3091,3133,0,-0.8085,361.86,368.01,0,346.94,400.59,375.88,337.39,0.010121,0.011703,-2.1947,-0.0002672,3.0518e-05
3092,3134,0,-1.0005,361.17,351.55,0,346.46,372.29,373.36,334.36,-0.048,0.003266,-2.2365,0.0063887,3.0518e-05
3093,3135,2,-0.95157,466,459.14,0,446.6,512.44,483.12,412.12,0.011252,0.0030916,-1.9252,0.0085631,6.1035e-05
3094,3136,2,-0.95195,462.58,451.46,0,444.53,506.63,474.16,416.09,-0.024216,0.0049801,-2.0419,0.010677,9.1553e-05
3095,3137,0,-1.5622,463.2,472.42,0.625,460.63,529.89,465.76,414.96,0.0018015,0.42759,-1.9574,0.0027987,6.1035e-05
3096,3138,0,-0.97371,436.66,440.87,0,419.7,473.41,454.71,406.23,0.010947,0.0018011,-2.038,0.0080045,6.1035e-05
3097,3139,0,-0.97203,447.48,484.41,0.046875,431.68,528.06,469.14,424.58,-0.0048062,0.029211,-1.8613,0.0034744,6.1035e-05
3098,3140,1,-0.9162,506.61,513.43,0,487.52,556.7,532.79,454.12,0.0030148,0.014506,-1.5549,0.01217,6.1035e-05
3099,3141,0,-0.9913,315.58,326.85,0,299.41,360.45,329.85,297.2,-0.0032057,0.0062047,-2.0341,0.0076972,3.0518e-05
3100,3142,2,-0.99215,463.38,446.07,0,421.09,495.42,492.32,412.3,0.0086835,0.0041864,-1.8155,0.017233,9.1553e-05
3101,3143,3,-0.96163,505.22,498.46,0,466.57,549.36,537.25,456.28,-0.00011052,0.0013639,-1.7744,0.015101,0.00012207
3102,3144,0,-0.90004,315,335.49,0,305.66,358.33,330.56,297.42,-0.004343,0.003329,-1.5927,-0.0033928,6.1035e-05
3103,3145,0,-0.89103,414.28,433.78,0,392.86,477.22,435.7,390.33,0.0062326,0.0024702,-2.0759,0.0047567,3.0518e-05
3104,3146,0,-0.99001,373.5,364.52,0,353.9,405.34,383.76,343.14,-0.007747,0.0017775,-2.0631,0.0030575,6.1035e-05
3105,3147,2,-0.88736,451.22,454.35,0,427.75,501.18,474.68,407.51,0.00084629,0.00066105,-1.9213,0.0068508,9.1553e-05
3106,3148,1,-0.979,564.39,557.27,0,536.97,605.93,597.48,498.55,0.02709,0.0018359,-1.899,0.018818,0.00012207
3107,3149,0,-0.99839,390.73,400.95,0,374,435.87,409.7,361.38,0.003101,0.0036282,-2.0118,-0.0014487,6.1035e-05
3108,3150,2,-0.97406,467.08,454.92,0,439.69,507.77,488.38,413.81,-0.010515,0.0010591,-1.9255,0.018244,9.1553e-05
3109,3151,1,-1.0242,487.76,476.71,0,463.47,514.71,515.29,433.64,0.011924,0.0021211,-1.8325,0.020121,6.1035e-05
3110,3152,2,-0.9815,506.57,504.8,0,477.99,564.76,530.25,455.11,0.0060991,0.0018564,-1.843,0.011467,6.1035e-05
3111,3153,2,-0.97698,529.44,537.33,0,506.41,577.59,561.01,482.15,0.028181,0.0016299,-1.6252,0.044024,9.1553e-05
3112,3154,0,-0.95163,320.63,321.98,0,308.17,348.55,333.09,295.4,-0.0060269,0.0018565,-1.8013,-0.0006282,6.1035e-05
3113,3155,0,-0.96919,373.24,391.47,0,356.69,426.65,390.85,354.02,0.0032485,0.00081365,-1.9801,0.0056361,3.0518e-05
3114,3156,2,-0.90468,544.91,529.75,0,511.56,578.39,574.34,486.83,-0.00036163,0.0015997,-1.804,0.016588,0.00012207
3115,3157,1,-0.98444,464.87,468.33,0,444.61,512,489.31,415.63,0.00061699,0.0019521,-1.6395,-0.00072432,6.1035e-05
3116,3158,3,-0.97849,421.2,421.09,0,399.26,459.84,441.81,384.68,0.0025828,0.0010737,-1.6772,0.046316,9.1553e-05
3117,3159,3,-1.0609,497.13,492.06,0,470.29,528.68,529.52,447.87,0.0058605,0.0034509,-1.7071,0.035342,9.1553e-05
3118,3160,1,-0.89593,433.46,435.59,0,405.36,467.06,465.31,399.92,0.00056785,0.0024476,-1.8124,0.020046,6.1035e-05
3119,3161,3,-0.91283,504.12,472.18,0,472.23,514.32,527.4,441.43,0.010569,0.0017172,-1.9392,0.0092015,0.00012207
3120,3162,2,-0.93127,485.01,473.48,0,465.08,510.37,509.07,428.97,-0.018085,0.00098871,-1.744,0.0053372,6.1035e-05
3121,3163,0,-0.98705,451.71,464.89,0.015625,427.62,513.82,471.66,424.34,0.00092337,0.011464,-2.1439,0.0022534,6.1035e-05
3122,3164,0,-1.0111,348.38,369.47,0,330.35,415.04,364.3,329.26,-0.0041279,0.0068192,-1.9705,0.0056691,3.0518e-05
3123,3165,2,-0.98629,553.25,554.05,0,514.06,596.83,603.63,499.06,0.0042792,0.0021554,-1.6742,0.014929,0.00012207
3124,3166,2,-1.0377,485.66,489.3,0,462.54,527.77,517.33,436.57,-6.7167e-06,0.0018817,-1.6282,0.015046,9.1553e-05
3125,3167,0,-0.97786,345.99,352.54,0,333.68,380.38,359.95,321,-0.00095624,0.0034481,-2.028,-0.00046174,6.1035e-05
3126,3168,1,-0.98467,393.52,390.85,0,376.43,440.9,408.6,346.69,0.022492,0.0018686,-2.0605,0.011863,3.0518e-05
3127,3169,3,-1.0077,636.02,579.59,0,594.99,644.44,660.63,540.69,0.0017446,0.0022032,-1.6844,0.023914,0.00012207
3128,3170,2,-0.92534,456.75,449.9,0,433.77,486.15,482.78,408.82,0.0052505,0.0026165,-1.8236,0.0065713,9.1553e-05
3129,3171,2,-1.0195,451.35,429.59,0,421.99,473.51,472.77,397.54,0.0029372,0.0010252,-1.9613,0.018035,6.1035e-05
3130,3172,2,-0.93278,543.64,553.84,0,528.78,609.41,563.99,477.68,-0.00061597,0.0010158,-1.7171,0.045972,0.00012207
3131,3173,0,-0.95563,436.67,481.61,0.015625,414.93,528.24,464.63,421.65,-0.0047525,0.0097695,-1.8103,-0.00045594,6.1035e-05
3132,3174,2,-0.94534,454.09,446.57,0,428.02,509.16,475.7,394.71,0.0012628,0.0012112,-1.756,0.027244,9.1553e-05
3133,3175,1,-0.99997,479.87,506.53,0,454.69,552.93,512.25,446.88,0.012714,0.0032323,-1.7114,0.01143,6.1035e-05
3134,3176,1,-0.84493,488.99,496.47,0,460.2,546.9,517.78,446.04,-0.011624,0.0030964,-1.9143,-0.0027849,6.1035e-05
3135,3177,2,-0.9936,403.5,406.52,0,378.82,453.37,423.96,367.7,-0.0017149,0.0028258,-1.8744,0.0065895,6.1035e-05
3136,3178,1,-0.8668,420.05,417.52,0,397.38,486.22,434.58,373.48,0.0089459,0.0024487,-2.2069,0.012583,6.1035e-05
3137,3179,3,-0.99094,510.38,488.52,0,477.16,527.99,541.6,451.43,0.0098416,0.0015081,-1.9835,0.031121,0.00012207
3138,3180,1,-0.95117,458.78,474.27,0,432.35,522.11,486.92,423.34,0.0040106,0.0025527,-1.9144,0.016441,6.1035e-05
3139,3181,3,-1.0227,485.76,457.34,0,456.68,499.4,509.85,422.48,0.0017328,0.0025279,-2.0008,0.0035179,9.1553e-05
3140,3182,3,-0.92899,516.52,516.2,0,488.29,556.48,557.76,457.32,0.0087295,0.00088294,-1.6558,0.023352,0.00012207
3141,3183,3,-1.0002,494.52,497.11,0,470.06,541.89,525.98,439.53,0.0043129,0.0015697,-1.6652,0.027769,0.00012207
3142,3184,2,-1.0032,539.61,509.68,0,509.45,578.09,560.25,462.87,-0.00043942,0.0023962,-1.8663,0.014886,6.1035e-05
3143,3185,2,-0.8754,537.2,538.43,0,507.41,588.3,570.97,481.9,0.023524,0.0024221,-1.7804,0.02153,6.1035e-05
3144,3186,3,-0.99704,523.21,506.45,0,502.98,548.65,552.79,444.76,0.0059921,0.0033102,-1.7234,0.0076958,0.00012207
3145,3187,3,-0.95697,536.97,516.22,0,508.51,578.62,560.55,464.52,0.024301,0.00075138,-1.8362,0.050888,0.00012207
3146,3188,3,-0.96925,476.29,493.71,0,447.85,542.32,512.86,431.23,0.0044789,0.0014798,-1.7222,0.02037,9.1553e-05
3147,3189,1,-0.89868,483.08,510.23,0,456.12,547.5,525.14,452.1,0.0026038,0.0025941,-1.8586,0.0059546,0.00012207
3148,3190,0,-0.917,378.84,377.66,0,360.08,417.79,392.53,348.37,-0.026202,0.0061054,-2.2233,0.005943,3.0518e-05
3149,3191,3,-1.0393,485.57,456.21,0,464.18,497.32,506.96,415.1,0.035809,0.0023699,-1.9117,0.030892,0.00012207
3150,3192,0,-1.3463,440.54,455.31,0.48438,448.35,544.3,434.46,386.1,-0.035204,0.23814,-2.1237,-0.016119,6.1035e-05
3151,3193,0,-0.99072,361.57,362.75,0,345.36,405.06,375,327.69,-0.0062691,0.0061389,-2.2226,-0.0013765,6.1035e-05
3152,3194,1,-0.84044,510.22,502.72,0,478.86,564.33,536.2,451.67,0.0020092,0.023568,-1.9718,0.034921,0.00012207
3153,3195,0,-1.439,449.48,467.99,0.51562,448.25,547.83,450.49,401.83,0.0065749,0.23405,-1.944,0.0033211,6.1035e-05
3154,3196,2,-0.94395,425.07,435.75,0,405.82,484.9,445.56,383.44,0.011824,0.0087006,-1.8217,0.02867,9.1553e-05
3155,3197,3,-0.94473,501.4,535.71,0,477.59,585.94,536.19,462.28,-0.0015235,0.0030447,-1.5439,0.032219,0.00012207
3156,3198,0,-0.9658,434.66,472.04,0,405.94,536.39,459.99,415.26,0.001706,0.017124,-1.9297,-0.0022668,6.1035e-05
3157,3199,0,-0.95504,415.68,424.31,0,393.7,480.95,431.73,382.99,0.0016013,0.011927,-2.0343,0.0018565,6.1035e-05
3158,3200,2,-0.95166,560.49,538.83,0,518.49,626,585.68,486.53,-0.0027555,0.002154,-1.9815,0.002383,0.00012207
3159,3201,3,-0.9687,528.67,533.4,0,505.66,591.85,554.75,467.16,-0.0094301,0.0025902,-1.6331,0.011238,0.00012207
3160,3202,1,-1.049,383.74,371.02,0,360.59,421.69,398.58,338.55,0.018699,0.0045533,-2.0121,0.01178,6.1035e-05
3161,3203,3,-1.003,509.53,542.86,0,480.26,602.48,547.15,466.21,0.0079656,0.0020465,-1.4421,0.012895,0.00012207
3162,3204,1,-1.0226,483.51,495.07,0,453.08,568.48,508.74,434.24,0.0039483,0.0042106,-1.9315,0.0049769,9.1553e-05
3163,3205,1,-0.90774,359.05,379.53,0,340.67,420.49,381.23,330.09,0.026546,0.0054032,-2.0348,0.0030288,3.0518e-05
3164,3206,2,-1.0227,482.78,503.24,0,460.61,554.89,509.53,440.89,0.0059423,0.002496,-1.5633,0.012411,9.1553e-05
3165,3207,2,-0.99207,468.94,476.73,0,443.06,531.46,494.82,422.01,0.01303,0.0015717,-1.8243,0.037481,6.1035e-05
3166,3208,1,-1.0614,526.44,541.32,0,497.83,602.18,553.32,484.14,0.0028005,0.0054204,-1.8167,0.0045094,6.1035e-05
3167,3209,1,-1.0183,523.97,556.58,0,494.06,613.92,560.08,487.37,0.0011499,0.0021919,-1.6966,0.0051612,6.1035e-05
3168,3210,2,-1.0191,421.72,418.19,0,398.35,481.27,436.69,377.75,-0.0013629,0.0013046,-1.8549,0.0072191,6.1035e-05
3169,3211,2,-0.82731,443.91,480.68,0,416.69,543,472.88,414.34,-0.00013794,0.0041119,-1.7958,0.0063602,6.1035e-05
3170,3212,1,-0.94004,425.91,428.99,0,406.68,467.73,449.12,382.23,-0.01159,0.00067651,-1.9673,0.01237,6.1035e-05
3171,3213,1,-1.0037,315.83,324.2,0,299.27,358.09,333.45,288.13,-0.018178,0.0020011,-1.7955,0.0077424,3.0518e-05
3172,3214,3,-0.97223,518.51,533.78,0,480.64,603.85,551.92,471.96,0.0089116,0.0010963,-1.82,0.039426,0.00012207
3173,3215,3,-0.94804,553.26,553.45,0,516.35,608.6,590.17,498.31,-0.00074203,0.0011627,-1.7534,0.013841,0.00012207
3174,3216,3,-0.9788,557.95,568.74,0,508.26,662.86,591.95,504.34,0.0060974,0.0020237,-1.792,0.0074432,0.00012207
3175,3217,1,-0.92366,444.13,474.29,0,414.19,534.36,474.08,414.21,-2.6301e-05,0.0015575,-1.902,0.0092258,6.1035e-05
3176,3218,1,-0.96417,465.48,489.29,0,440.94,547.81,491.61,426.99,0.0039465,0.0012709,-1.9611,0.0011019,6.1035e-05
3177,3219,0,-1.5458,466.42,501.82,0.5625,453.43,563.02,477.88,447.82,-0.010222,0.35891,-1.902,0.012146,6.1035e-05
3178,3220,2,-0.99644,499.76,520.06,0,479.28,563.25,527.84,460.88,0.0073614,0.0069889,-1.5812,0.02073,0.00012207
3179,3221,0,-0.95039,422.95,458.58,0,397.99,514.63,444.98,409.11,-0.00071262,0.014479,-2.1962,0.0053003,9.1553e-05
3180,3222,2,-0.93875,507.78,522.85,0,483.06,598.46,529.59,456.14,0.0057545,0.0060276,-1.8788,0.03896,0.00012207
3181,3223,0,-0.92708,397.07,436.48,0,376.47,482.98,420.42,383.79,0.00078264,0.0022239,-1.8557,0.0050734,6.1035e-05
3182,3224,1,-0.99016,380.6,377.04,0,363.63,415.27,396.54,341.13,-0.0042146,0.0095853,-1.9865,0.00021323,3.0518e-05
3183,3225,3,-0.94,433.96,452.78,0,411.37,496.03,463,397.17,-0.00026484,0.0014005,-1.7589,0.022681,9.1553e-05
3184,3226,2,-0.95075,483.63,478.68,0,460.66,520.83,506.61,436.54,0.0039933,0.0018234,-1.8074,0.04139,9.1553e-05
3185,3227,1,-1.0147,476.37,483.25,0,453.89,546.47,497.49,423.86,6.2037e-05,0.004071,-2.0064,0.0092998,6.1035e-05
3186,3228,2,-0.99102,501.87,496.63,0,460.57,570.7,530.12,445.96,0.00010411,0.0022724,-1.9886,0.02755,6.1035e-05
3187,3229,1,-0.94619,489.08,482.57,0,464.32,543.58,508.34,435.12,-0.0053656,0.0033807,-1.9709,0.013498,9.1553e-05
3188,3230,0,-1.4696,455.33,475.7,0.54688,449.15,556.22,460.79,404.65,-0.075639,0.27699,-1.5215,-0.0023673,3.0518e-05
3189,3231,1,-0.93633,422.38,407.56,0,400.75,450.47,440.29,372,-0.010561,0.0052833,-2.098,0.0047728,6.1035e-05
3190,3232,0,-0.98036,407.08,432.37,0,394.73,465.24,426.34,381.11,-0.001555,0.0049234,-1.844,0.00044882,3.0518e-05
3191,3233,0,-0.98817,412.77,432.38,0,389.05,482.94,431.21,393.05,-0.0055281,0.0062278,-2.096,0.0029893,6.1035e-05
3192,3234,0,-0.92211,441.15,473.43,0,420.85,521.75,464.16,418.68,-0.0017744,0.0070359,-1.9396,0.0010113,6.1035e-05
3193,3235,1,-0.9291,454.24,498.49,0,432.34,557.94,482.39,422.05,0.0069919,0.0064282,-1.6445,0.014832,9.1553e-05
3194,3236,3,-0.9858,538.9,539.49,0,507.4,589.63,572.45,486.11,0.0024889,0.0029971,-1.4698,0.023643,0.00012207
3195,3237,3,-0.95669,471.58,500.85,0,441.83,544.76,509.83,444.39,0.004811,0.001381,-1.571,0.011099,6.1035e-05
3196,3238,1,-0.98207,414.21,444.74,0,390.03,497.78,439.95,388.28,-0.023247,0.0040208,-1.702,0.033576,6.1035e-05
3197,3239,2,-0.90961,506.26,521.94,0,477.68,586.54,534.84,457.33,0.021939,0.0017588,-1.7148,0.018828,0.00012207
3198,3240,3,-0.9477,527.68,510.7,0,495.35,568.86,549.81,470.9,-0.011749,0.00095278,-1.7079,0.069208,0.00012207
3199,3241,3,-1.0571,487.46,503.94,0,456.7,553.37,516.35,457.52,-0.0044388,0.0034463,-1.4512,0.034377,9.1553e-05
3200,3242,1,-0.98458,379.72,383.65,0,362.25,430.54,395.14,342.27,-0.010528,0.0015279,-1.9185,0.0069977,6.1035e-05
3201,3243,0,-0.96977,405.34,446.48,0,393.63,483.12,423.59,389.32,0.0069425,0.0027526,-1.4431,0.0033989,9.1553e-05
3202,3244,3,-0.99816,473.79,482.66,0,440.82,545.95,501.1,430.21,0.016855,0.0030352,-1.6283,0.0031811,9.1553e-05
3203,3245,2,-0.97114,416.08,419.62,0,395.75,449.9,439.13,385.31,0.0098924,0.0019521,-1.754,0.0091736,6.1035e-05
3204,3246,2,-0.94872,490.13,510.81,0,455.45,578.08,520.74,451.46,0.011925,0.0017005,-1.7192,0.017398,6.1035e-05
3205,3247,2,-0.94718,452.65,482.71,0,431.1,533.91,478.67,420.9,-0.0020902,0.00088793,-1.561,0.017844,9.1553e-05
3206,3248,0,-1.0034,413.43,447.78,0,383.58,513.08,433.86,403.1,-0.011332,0.0028274,-1.7558,0.0049907,6.1035e-05
3207,3249,1,-0.93798,490.1,535.58,0,461.74,591.45,526.57,463.76,-0.011075,0.0013001,-1.6445,0.038989,6.1035e-05
3208,3250,2,-0.88706,467,480.67,0,432.02,537.47,497.87,430.55,0.006456,0.0018849,-1.6605,0.034212,6.1035e-05
3209,3251,1,-0.92425,387.97,394.05,0,364.71,435.41,411.23,352.7,-0.0029614,0.0012783,-1.7685,0.0055584,6.1035e-05
3210,3252,2,-0.98918,473.19,476.98,0,448.69,535.67,496.2,421.84,0.027368,0.0016483,-1.7045,0.01294,6.1035e-05
3211,3253,1,-0.97751,474.6,489.6,0,449.73,550.97,495.2,438.76,-0.0085101,0.0023096,-1.6845,0.021945,6.1035e-05
3212,3254,3,-0.96811,530.15,493.75,0,494.52,543.56,559.66,452.48,0.0089506,0.0013066,-1.6177,0.016697,0.00012207
3213,3255,3,-0.93126,462.18,458.94,0,431.07,508.68,486.39,420.25,0.0029578,0.0019231,-1.7782,0.012898,9.1553e-05
3214,3256,2,-0.95145,529.16,537.13,0,498.52,598.48,559.81,475.78,-0.0027291,0.0011235,-1.6473,0.028143,0.00012207
3215,3257,1,-0.9677,469.74,488.25,0,446.03,546.93,493.45,429.56,0.021121,0.0027054,-1.7032,0.025585,6.1035e-05
3216,3258,2,-0.9565,485.08,506.25,0,453.19,579.67,513.22,441.47,0.015481,0.00081543,-1.6992,0.037647,6.1035e-05
3217,3259,0,-1.0097,397.62,428.16,0,377.18,482.38,415.65,380.32,0.0097369,0.00201,-1.9895,-0.0014547,6.1035e-05
3218,3260,0,-1.4645,453.02,487.87,0.48438,444.56,564.26,460.49,420.47,-0.010745,0.29786,-1.6141,0.016549,6.1035e-05
3219,3261,1,-0.89723,462.18,499.07,0,437.7,562.17,488.25,431.9,0.016269,0.0072631,-1.7674,0.02745,9.1553e-05
3220,3262,1,-0.96201,492.67,510.52,0,468.1,568.87,518.83,448.4,0.010117,0.0035839,-1.6591,0.0014543,9.1553e-05
3221,3263,0,-0.98487,417.33,449.91,0,398.19,488.25,440.44,403.63,0.033197,0.0016963,-1.7805,0.01612,6.1035e-05
3222,3264,1,-1.0318,347.27,344.47,0,335.95,381.24,359.31,305.34,-0.019474,0.0028432,-1.5249,0.013999,3.0518e-05
3223,3265,1,-1,403.35,419.12,0,380.38,482.01,420.11,373.23,-0.0073763,0.0023145,-1.6839,0.014428,6.1035e-05
3224,3266,2,-0.99264,527.59,528.49,0,498.48,579.62,558.59,474.06,-0.0040414,0.0018875,-1.6981,0.032999,0.00012207
3225,3267,2,-0.88134,467.2,461.62,0,444.13,531.33,481.98,416.93,0.0026974,0.0029083,-1.8591,0.0038096,6.1035e-05
3226,3268,0,-0.9694,442.82,460.76,0,428.03,496.76,463.08,411.43,0.013577,0.0010005,-1.7181,0.0037946,6.1035e-05
3227,3269,0,-1.0578,404.31,430.96,0,377.02,505.43,420.68,386.29,-0.0029348,0.0077344,-1.914,0.0006739,3.0518e-05
3228,3270,2,-0.9193,470.75,495.47,0,437.86,559.5,501.65,435.33,0.0064167,0.0011236,-1.6589,0.0082599,9.1553e-05
3229,3271,1,-0.9812,478.51,509.88,0,458.09,555.3,506.49,447.65,-0.0032742,0.0022111,-1.5918,0.042558,6.1035e-05
3230,3272,1,-0.94935,355.26,372.86,0,335.27,415.9,376.53,327.04,0.00021426,0.0026986,-1.8184,0.0047703,6.1035e-05
3231,3273,3,-0.95264,459.49,455.89,0,438.07,498.48,485.35,404.5,0.0042496,0.0019087,-1.5229,0.039744,9.1553e-05
3232,3274,0,-0.94691,358.05,383.87,0,347.43,410.26,376.96,336.83,-0.0012755,0.0021727,-1.6805,-0.0013575,3.0518e-05
3233,3275,2,-0.97746,458.69,484.06,0,427.7,527.54,498.53,428.16,-0.010073,0.0016605,-1.4254,0.015021,9.1553e-05
3234,3276,1,-0.96267,380.66,393.8,0,363.31,433.17,402.97,343.18,-0.00093441,0.0022753,-1.8158,0.0012261,6.1035e-05
3235,3277,3,-1.0098,556.02,551.83,0,514.92,609.57,592.29,500.88,0.017471,0.0018135,-1.5269,0.021143,0.00012207
3236,3278,0,-0.87534,415.3,456.83,0,390.91,520.73,436.82,400.45,0.00057468,0.0077141,-1.8547,-0.001323,6.1035e-05
3237,3279,1,-0.9957,470.85,499.48,0,447.65,557.15,500.69,425.35,-0.0064707,0.0020579,-1.6367,0.0084136,9.1553e-05
3238,3280,2,-0.96722,475.23,490.26,0,439,522.84,524.88,445.62,0.0023612,0.00072832,-1.5062,0.02745,6.1035e-05
3239,3281,0,-0.89275,411.57,436.93,0,389.09,482.4,434.05,391.45,-0.0034062,0.0044028,-1.9142,0.0042581,6.1035e-05
3240,3282,3,-0.95992,546.23,543.89,0,514.45,594.28,580.07,490.26,0.012717,0.00098933,-1.3944,0.017888,0.00012207
3241,3283,3,-0.95181,450.62,444.81,0,429.68,496.17,469.1,399.49,-0.0069748,0.0012906,-1.783,0.036108,9.1553e-05
3242,3284,1,-0.84671,397.13,409.87,0,374.6,465.2,417.01,361.05,0.0035254,0.0017596,-1.9135,0.00050052,6.1035e-05
3243,3285,1,-0.94757,368.36,361.09,0,349.71,399.11,382.87,331.51,-0.0087931,0.001405,-1.9779,-0.0009976,6.1035e-05
3244,3286,3,-0.94738,524.49,521.89,0,486.61,572.15,560.09,474.68,0.0018509,0.00083121,-1.6979,0.011256,0.00012207
3245,3287,0,-0.9778,411.63,432.98,0,388.32,495.85,428.64,387.1,-0.0017719,0.0014529,-2.1325,0.0036268,6.1035e-05
3246,3288,2,-0.90883,487.9,483.26,0,446.19,542.49,520.34,437.18,-0.0028811,0.0022548,-1.7205,0.018848,9.1553e-05
3247,3289,3,-0.91295,518.55,553.08,0,491.65,598.85,566.5,471.48,0.0028236,0.00082172,-1.4201,0.013168,0.00012207
3248,3290,3,-0.90105,469.62,454.12,0,435.43,510.96,494.57,412.63,0.0074723,0.00072226,-1.8715,0.004293,0.00012207
3249,3291,2,-1.0313,569,568.86,0,537.95,631.3,600.06,506.41,-0.0013974,0.0044121,-1.7116,0.0013941,0.00012207
3250,3292,0,-0.9699,435.32,472.58,0,413.67,523.25,459.86,415.15,-0.014757,0.0011453,-1.9916,-0.0012005,6.1035e-05
3251,3293,3,-0.88975,527.85,520.87,0,496.01,600.33,552.61,459.07,0.019198,0.0023893,-1.8834,0.0083162,0.00012207
3252,3294,0,-1.4846,452.68,487.17,0.5,438.52,581.32,463.69,413.94,0.0091112,0.32664,-1.9109,0.0048623,6.1035e-05
3253,3295,2,-0.97549,471.46,448.12,0,435.88,507.87,492.8,412.26,-0.010394,0.0021683,-1.9659,0.012623,9.1553e-05
3254,3296,3,-0.96317,497.21,477.35,0,467.42,525.82,523.49,434.58,0.0031744,0.0061989,-1.7101,0.021866,0.00012207
3255,3297,3,-1.0084,525.66,529.1,0,497.58,578.1,561.76,466.1,0.0012449,0.0013922,-1.6234,0.022451,0.00012207
3256,3298,1,-0.94777,482.21,489.88,0,464.25,538.64,502.57,434.62,0.0082116,0.0026099,-1.7282,0.005735,9.1553e-05
3257,3299,2,-0.89713,464.84,486.42,0,433.12,546.83,498.61,422.11,0.0031738,0.0020063,-1.7205,0.0082008,9.1553e-05
3258,3300,1,-1.0132,411.48,428.09,0,394.92,475.99,432.77,366.51,-0.0041159,0.0070026,-1.8493,0.00063799,6.1035e-05
3259,3301,2,-1.0196,503.33,525.28,0,480.15,575.53,535.1,456.42,0.0056203,0.0020922,-1.5056,0.01638,6.1035e-05
3260,3302,3,-0.93913,514.58,548.72,0,495.55,617.02,539.04,460.91,-0.0041683,0.0015164,-1.5303,0.040125,0.00012207
3261,3303,0,-0.99798,387.48,407.07,0,371.33,455.46,402.66,361.61,-0.0073978,0.0015571,-1.9292,0.0024173,3.0518e-05
3262,3304,0,-0.96013,343.17,376.94,0,331.08,407.74,363.32,325.6,0.005066,0.0013167,-1.7128,0.0047556,3.0518e-05
3263,3305,0,-0.98356,449.04,507.37,0,430.48,563.78,476.16,424.93,0.031223,0.0024935,-1.716,0.009038,6.1035e-05
3264,3306,0,-0.97822,406.58,451,0,387.36,497.03,431.29,391.81,-0.0014129,0.0015354,-1.9054,-0.00073351,6.1035e-05
3265,3307,1,-0.98454,404.14,434.54,0,383.88,487.79,428.6,370.28,0.000429,0.0018415,-1.7627,0.01169,6.1035e-05
3266,3308,1,-0.96982,348.14,354.29,0,322.39,399.06,370.86,314.79,-0.015781,0.0042056,-1.7737,0.00055002,6.1035e-05
3267,3309,3,-0.99129,443.03,471.55,0,420.15,530.23,468.97,405.06,-0.0056535,0.001766,-1.6754,0.011487,9.1553e-05
3268,3310,3,-0.9775,544.62,544.44,0,506.39,617.75,580.54,475.58,0.005279,0.0012073,-1.6999,0.046374,0.00012207
3269,3311,3,-0.90973,529.46,526.15,0,500.35,591.41,562.45,452.19,0.00066124,0.0015686,-1.511,0.048652,0.00012207
3270,3312,2,-0.90788,455.63,433.6,0,424.72,496.16,474.17,396.06,-0.0018051,0.0013117,-1.8527,0.011449,6.1035e-05
3271,3313,3,-0.97529,486.97,472.12,0,446.9,553.49,511.01,423.3,0.015065,0.0019343,-1.9059,0.063595,0.00012207
3272,3314,2,-0.96485,474.63,483.67,0,447.45,554.74,501.8,412.59,0.013615,0.0019372,-1.6969,0.035107,6.1035e-05
3273,3315,3,-0.98363,479.89,492.08,0,455.89,556.04,507.09,419.59,0.0027369,0.001735,-1.6498,0.044005,0.00018311
3274,3316,3,-0.8739,544.03,614.42,0,514.96,660.28,607.99,513.52,0.0032812,0.00139,-1.2848,0.050618,9.1553e-05
3275,3317,3,-1.0276,472.43,485.86,0,448.67,542.38,499.36,421.8,0.0058162,0.0025585,-1.6186,0.015594,0.00012207
3276,3318,3,-0.97268,503.41,525.93,0,468.33,594.47,534.35,465.46,0.0023477,0.00205,-1.6143,0.018929,0.00012207
3277,3319,1,-0.9566,392.28,409.28,0,376.99,453.1,411.94,352.93,0.0060893,0.0017186,-1.6773,0.038631,6.1035e-05
3278,3320,0,-0.88334,373.43,406.42,0,356.94,443.4,396.04,355.73,-0.00046265,0.011132,-1.9202,0.0011859,3.0518e-05
3279,3321,1,-0.98792,476.08,509.28,0,442.03,575.22,510.12,443.34,-0.007802,0.0022913,-1.8222,0.010593,6.1035e-05
3280,3322,2,-0.91441,472.44,482.4,0,444.69,556.14,498.5,413.13,0.017122,0.0008507,-1.6707,0.031757,0.00012207
3281,3323,1,-0.91953,360.9,382.18,0,343.77,423.04,382.91,329.64,-0.010367,0.0010102,-1.7311,-0.00025188,6.1035e-05
3282,3324,2,-1.0051,513.02,532.57,0,479.49,621.85,542.61,453.79,0.040868,0.0018808,-1.6847,0.081266,6.1035e-05
3283,3325,3,-0.97051,545.32,545.55,0,503.03,610.46,582.63,488.27,0.0096258,0.0012004,-1.6854,0.019504,0.00012207
3284,3326,0,-0.90007,406.51,422.22,0,389.44,463.17,423.58,381.26,-0.019521,0.0036521,-2.0393,0.0072251,3.0518e-05
3285,3327,2,-0.96187,580.63,593.26,0,549.28,657.19,618.46,516.11,-0.0038508,0.0019614,-1.5894,0.019085,0.00012207
3286,3328,0,-0.9817,421.78,433.28,0,407.7,479.74,435,389.64,-0.0052915,0.0011065,-1.8689,0.00593,3.0518e-05
3287,3329,1,-0.93024,462.89,488.29,0,435.33,563.43,485.74,426.02,-0.021037,0.00075037,-1.8355,0.031005,6.1035e-05
3288,3330,1,-0.92377,424.17,437.98,0,402.26,481.38,447.48,391.77,8.6378e-05,0.0026179,-1.7701,0.0049434,6.1035e-05
3289,3331,3,-0.94164,514.56,505.9,0,487.84,565.47,539.66,449.95,-0.0022682,0.0024223,-1.7338,0.02285,9.1553e-05
3290,3332,0,-0.96697,295.22,301.3,0,282.15,336.08,306.06,272.47,-0.0063344,0.0050044,-1.9201,0.002502,3.0518e-05
3291,3333,3,-0.94952,441.19,459.22,0,417.5,513.11,468.03,398.14,0.0015584,0.0012795,-1.7222,0.020924,9.1553e-05
3292,3334,2,-0.85765,461.39,489.1,0,430.98,538.95,495.86,432.61,0.00076159,0.0012015,-1.5702,0.019237,9.1553e-05
3293,3335,0,-0.94068,440.8,453.44,0,434.7,492.74,449.16,399.58,-0.012338,0.003315,-1.7104,0.0012757,6.1035e-05
3294,3336,3,-1.053,565.12,551.76,0,518.79,581.9,617.63,517.6,0.0025721,0.0035909,-1.6113,0.032011,0.00012207
3295,3337,3,-0.91745,493.51,498.72,0,462.24,555.54,526.8,438.23,0.010352,0.0009113,-1.5138,0.013124,9.1553e-05
3296,3338,2,-1.0444,515.12,532.39,0,492.69,603.24,542.2,446.89,0.0057917,0.003329,-1.5822,0.010999,0.00012207
3297,3339,0,-0.97978,424.59,438.67,0,400.15,492.42,443.61,396.86,0.00062321,0.00058545,-2.1034,-0.0011381,6.1035e-05
3298,3340,1,-0.92255,401.24,409.21,0,378.28,454.65,422.81,366.53,-0.0020009,0.0011079,-1.8924,0.0042693,6.1035e-05
3299,3341,2,-0.86114,479.13,486.64,0,452.43,526.7,511.35,438.29,0.0012486,0.0030959,-1.6613,0.0014269,6.1035e-05
3300,3342,3,-0.9108,495.36,485.86,0,459.74,534.79,524.87,445.32,-0.010272,0.0016149,-1.7693,0.023993,0.00012207
3301,3343,2,-0.96491,543.49,542.8,0,520.2,596.75,575.42,468.86,-0.0081569,0.0033423,-1.5968,0.005668,0.00012207
3302,3344,0,-1.9031,457.66,512.37,1,437.04,562.67,477.04,465.13,0.0084123,0.8088,-1.9404,-0.0012743,nan
3303,3345,3,-0.93837,484,479.18,0,458.88,534.54,509.12,423.83,0.0022864,0.014284,-1.6004,0.019654,9.1553e-05
3304,3346,3,-0.96477,468.55,467.24,0,442.75,510.03,499.68,415.59,-0.00098968,0.010294,-1.591,0.0072144,9.1553e-05
3305,3347,2,-0.94617,478.54,498.32,0,446.9,555.41,512.22,437.55,-0.0073333,0.0025844,-1.5747,0.017864,0.00012207
3306,3348,0,-0.96794,391.14,411.57,0,367.32,462.12,408.52,374.67,0.0021811,0.0041413,-2.0828,0.0049442,6.1035e-05
3307,3349,0,-0.97659,389.5,398.28,0,374.27,432.85,404.74,363.71,-0.0029017,0.0018994,-1.9565,-0.00029829,3.0518e-05
3308,3350,2,-0.94372,454.14,466.2,0,428.28,519.8,480,412.59,-0.01974,0.0017563,-1.6183,0.019838,6.1035e-05
3309,3351,0,-0.9971,455.61,490.68,0.015625,435.41,537.95,477.1,440.37,-0.0019685,0.0097291,-1.7434,0.012061,6.1035e-05
3310,3352,0,-0.97407,347.38,365.1,0,332.48,398.61,363.24,329.42,-0.00087711,0.002272,-1.8478,-0.0022598,3.0518e-05
3311,3353,1,-0.89971,515.41,555.49,0,480.23,636.36,546.45,484.14,-0.00052598,0.0011419,-1.7147,0.013917,9.1553e-05
3312,3354,2,-1.0462,388.88,393.82,0,363.72,419.36,417.4,364.88,-0.0095758,0.0024103,-1.6147,0.013345,6.1035e-05
3313,3355,3,-0.8507,498.13,521.55,0,465.33,567.09,535.31,469.94,0.0093028,0.0071297,-1.5881,0.024593,9.1553e-05
3314,3356,0,-0.97237,450.97,492.89,0,432.03,535.52,473.82,441.44,-0.0031259,0.0010581,-1.7973,6.3877e-05,6.1035e-05
3315,3357,3,-1.0137,490.9,492.76,0,461.4,557.6,513.85,442.33,0.0046828,0.0025964,-1.5768,0.022033,0.00012207
3316,3358,2,-0.94891,456.64,461.62,0,429.89,512.09,483.38,411.15,0.0050851,0.0012047,-1.4885,0.022504,6.1035e-05
3317,3359,3,-1.0333,520.89,531.25,0,494.18,584.43,549.31,474.64,0.019835,0.0018136,-1.4691,0.041612,0.00012207
3318,3360,0,-0.97227,358.18,364.3,0,346.69,390.14,372.94,331.07,0.0033895,0.0041824,-1.6881,0.0042583,6.1035e-05
3319,3361,0,-1.0684,452.39,489.48,0,429.81,546.16,472.32,439.46,0.0010408,0.00178,-1.8499,0.001269,6.1035e-05
3320,3362,2,-0.93274,426.94,443.23,0,407.45,496.07,445.24,393.6,0.0016859,0.0016718,-1.6639,0.016698,9.1553e-05
3321,3363,2,-0.90746,522.01,563.69,0,501.68,619.01,553.74,477.39,0.0062469,0.0017927,-1.4064,0.019646,0.00012207
3322,3364,0,-0.99937,297.34,310.89,0,274.39,343.05,315.2,285.87,-0.0062461,0.0037539,-1.717,0.00072911,3.0518e-05
3323,3365,0,-0.94182,374.42,396.35,0,358.54,430.4,393.59,355.24,0.0093738,0.0012323,-1.6583,0.0065226,6.1035e-05
3324,3366,0,-1.0397,457.69,487,0.15625,444.96,537.55,472.12,429.71,-0.0072348,0.089032,-1.6592,0.00338,6.1035e-05
3325,3367,1,-0.97445,477.03,490.54,0,453.58,538.22,501.99,439.79,0.00076755,0.0023022,-1.6987,0.0025723,6.1035e-05
3326,3368,1,-0.97213,402.2,421.97,0,386.48,458.46,423.74,371.97,0.079461,0.0018091,-1.5739,0.0032724,6.1035e-05
3327,3369,1,-0.97067,486.91,528.28,0,461.71,627.77,505.29,455.68,-0.0045991,0.0029389,-1.8714,0.0080191,9.1553e-05
3328,3370,1,-0.97304,387.69,395.57,0,371.29,437.59,404.08,353.54,0.0024574,0.0015293,-1.7217,0.0078525,3.0518e-05
3329,3371,0,-1.2001,457.2,498.27,0.26562,438.16,552.99,477.46,440.02,-0.0044855,0.1346,-1.7062,0.0032065,6.1035e-05
3330,3372,0,-0.9839,375.17,397.04,0,357.39,445.37,389.89,357.01,-0.014733,0.00255,-1.948,0.0050034,6.1035e-05
3331,3373,0,-0.99107,342.45,343.52,0,324.88,377.47,353.71,321.76,-0.00017577,0.0069182,-2.0168,-0.0013111,3.0518e-05
3332,3374,2,-0.97674,510.23,507.52,0,484.88,577.87,529.95,452.8,0.0011978,0.0013562,-1.6828,0.026934,0.00012207
3333,3375,0,-1.0158,454.9,467.57,0.09375,439.34,521.64,468.63,419.87,-0.022476,0.05354,-1.6614,0.0062326,6.1035e-05
3334,3376,1,-0.8883,360.61,376.46,0,344.28,408.13,386.1,327.06,-0.0044912,0.0029967,-1.7009,0.0075911,3.0518e-05
3335,3377,1,-0.93779,416.06,436.52,0,391.64,488.92,440.49,384.12,0.019032,0.0012002,-1.6685,0.018294,6.1035e-05
3336,3378,3,-1.0158,478.38,485.39,0,453.4,545.85,503.36,424.94,0.0064951,0.0031167,-1.3007,0.012668,9.1553e-05
3337,3379,3,-0.95278,493.45,495.04,0,469.13,547.29,517.77,442.8,0.026863,0.00069228,-1.4684,0.01005,0.00012207
3338,3380,2,-1.0708,521.89,561.12,0,495.36,616.29,555.99,490.18,-0.025033,0.0077785,-1.3983,0.024936,6.1035e-05
3339,3381,1,-0.95752,403.64,391.85,0,376.39,443.56,420,360.82,-0.0039496,0.0035013,-1.9043,0.021104,6.1035e-05
3340,3382,3,-0.93609,488.72,495.78,0,460.94,548.08,516.5,443.47,0.0080067,0.003517,-1.4341,0.0093075,6.1035e-05
3341,3383,0,-1.0009,408.65,430.89,0,393.98,481.96,421.6,385.82,-0.0044555,0.0042181,-1.6535,0.019289,6.1035e-05
3342,3384,2,-0.94343,432.7,437.86,0,410.59,485.61,453.46,392.99,0.0054839,0.0012149,-1.6007,0.0048686,6.1035e-05
3343,3385,2,-0.91562,575.1,590.94,0,546.84,635.68,616.41,525.54,0.0041312,0.0017745,-1.4536,0.0053516,0.00012207
3344,3386,1,-0.91069,503.7,530.35,0,473.36,600.65,530.47,468.33,0.011248,0.0011395,-1.7347,0.0045023,0.00012207
3345,3387,1,-0.95302,324.64,314.39,0,306.71,342.6,338.58,292.45,-0.0036994,0.0013658,-1.647,0.007575,3.0518e-05
3346,3388,3,-0.90071,501.97,506.2,0,473.7,563.84,522.61,464.13,-0.0086577,0.00076362,-1.6419,0.042665,0.00012207
3347,3389,0,-0.98627,353.13,360.69,0,332.97,397.79,367.83,333.62,-0.0073812,0.00295,-1.826,0.010754,6.1035e-05
3348,3390,0,-0.9881,387.28,398.97,0,365.05,440.26,406.9,362.55,0.0014512,0.0025077,-1.6882,0.0016425,6.1035e-05
3349,3391,2,-0.95319,464.56,496.97,0,440.94,534.62,501.4,438.24,0.007116,0.0040625,-1.5538,0.0038662,9.1553e-05
3350,3392,3,-0.92217,504.29,506.33,0,482.86,553.05,530.17,449.96,0.015084,0.0013905,-1.5457,0.016648,0.00012207
3351,3393,0,-1.1485,461.15,473.36,0.17188,451.02,527.89,469.02,430.96,-0.008393,0.089754,-1.9136,0.0061989,6.1035e-05
3352,3394,0,-0.92722,417.9,420.5,0,395.83,463.08,433,391.37,0.0030185,0.0067749,-2.0934,0.024576,6.1035e-05
3353,3395,3,-0.97263,479.03,470.01,0,455.17,513.32,504.42,423.91,0.0028095,0.00091919,-1.6943,0.014442,0.00012207
3354,3396,1,-0.96751,440.53,462.88,0,423.23,511.24,461.42,404.52,-0.0084429,0.001583,-1.7286,0.0037466,9.1553e-05
3355,3397,3,-0.93313,468.12,475.18,0,447.63,522.38,489.93,424.93,0.011998,0.0018175,-1.6118,0.01026,9.1553e-05
3356,3398,0,-0.95386,374.41,380.22,0,358.34,417.4,388.59,347.42,0.034188,0.0030548,-1.8955,4.36e-05,6.1035e-05
3357,3399,0,-0.99315,455.45,473.98,0.046875,433.66,531.05,473.51,426.69,-0.0051147,0.02787,-1.9579,-0.0010274,6.1035e-05
3358,3400,3,-1.0262,519.09,511.44,0,480.17,561.15,551.35,470.26,0.00361,0.003358,-1.5069,0.010816,0.00012207
3359,3401,0,-0.90769,395.58,421.83,0,376.5,478.94,412.4,371.44,0.00056531,0.0045438,-1.74,0.012072,6.1035e-05
3360,3402,0,-1.0266,403.57,435,0,392.63,468.5,420.64,382.73,-0.011693,0.0026566,-1.3636,0.0038918,3.0518e-05
3361,3403,0,-1.4581,454.84,511.48,0.59375,455.15,572.79,454.31,409.29,-0.00067998,0.44523,-1.4871,0.002114,6.1035e-05
3362,3404,1,-1.0345,452.94,457.16,0,429.27,510.6,472.54,412.89,-0.03551,0.0022116,-1.5469,0.0020095,6.1035e-05
3363,3405,0,-0.93328,374.45,397.33,0,358.56,433.53,392.45,356.31,0.0157,0.010861,-1.7183,0.010838,3.0518e-05
3364,3406,3,-0.92457,472.19,476.64,0,443.49,524.21,495.96,437.23,0.0094196,0.0034348,-1.652,0.010264,9.1553e-05
3365,3407,0,-1.6592,458.35,479.69,0.71875,453.23,565.73,461.63,424.54,0.0070162,0.44107,-1.7394,0.0044735,6.1035e-05
3366,3408,3,-1.0419,443.81,447.68,0,421.42,483.08,469.18,407.56,0.0020873,0.0042551,-1.4715,0.018225,9.1553e-05
3367,3409,0,-0.99463,440.9,479.14,0.0625,430.35,555.27,450.81,407.61,0.026686,0.061542,-1.8866,0.063361,6.1035e-05
3368,3410,2,-1.0416,403.88,417.84,0,380.54,463.88,425.8,374.59,0.00024711,0.0035342,-1.6082,0.019517,9.1553e-05
3369,3411,0,-0.91144,375.69,396.67,0,360.41,430.24,394.13,356.15,0.00046908,0.016268,-1.6981,-0.00058622,6.1035e-05
3370,3412,2,-1.0165,505.62,539.18,0,486.64,592.75,531.62,465.78,0.002407,0.0060117,-1.4758,0.018381,0.00012207
3371,3413,1,-0.91477,347.74,361.9,0,331.61,394.46,369.86,317.29,-0.003832,0.0042125,-1.4945,-0.00046133,6.1035e-05
3372,3414,2,-1.0015,415.19,434.67,0,390.52,493.97,436.96,382.35,0.0061204,0.0038577,-1.5937,0.016579,6.1035e-05
3373,3415,1,-0.91496,433.43,455.45,0,413.88,495.44,455.59,410.14,-0.0039172,0.0017251,-1.5039,0.0082909,6.1035e-05
3374,3416,0,-0.98571,346.69,356.7,0,329.63,404.23,357.62,326.24,-0.0084333,0.0021451,-1.9609,-0.0033797,3.0518e-05
3375,3417,1,-0.95492,479.95,505.5,0,456.47,556.11,508.29,444.42,-0.0075397,0.00049494,-1.7035,0.0082362,6.1035e-05
3376,3418,1,-0.97005,470.65,502.2,0,447.28,554.99,498.86,438.49,-0.010043,0.0006489,-1.5626,0.011837,6.1035e-05
3377,3419,1,-0.95619,353.94,352.55,0,337.56,387.1,368.4,322.05,0.0014197,0.0011268,-1.6539,0.020557,6.1035e-05
3378,3420,1,-1.0496,502.73,499.95,0,481.14,554.24,521.78,452.04,0.00048418,0.0039841,-1.5586,0.020106,6.1035e-05
3379,3421,1,-0.96807,472.57,484.39,0,446.14,541.51,495.9,434,-0.0010306,0.001357,-1.6697,0.027215,9.1553e-05
3380,3422,3,-0.9512,502.9,501.35,0,477.27,552.47,528.54,450.23,0.012119,0.0015167,-1.471,0.01393,0.00012207
3381,3423,0,-0.91505,409.82,432.73,0,391.17,476.18,430.96,383.48,-0.0043068,0.0051548,-1.6635,0.0039656,3.0518e-05
3382,3424,2,-0.94049,500.41,491.61,0,479.62,533.24,521.19,449.98,0.0061722,0.0013033,-1.7164,0.009119,6.1035e-05
3383,3425,1,-0.91907,506.35,535.86,0,476.78,587.96,539.86,476.81,-0.0092075,0.0004905,-1.6693,0.0010834,0.00012207
3384,3426,2,-0.88328,486.3,488.79,0,461.74,539.51,510.85,438.07,0.0074448,0.00077271,-1.4405,0.0025377,9.1553e-05
3385,3427,1,-0.993,439.79,450.68,0,414.81,479.74,474.03,410.87,-0.0049714,0.0054949,-1.6657,0.0023643,6.1035e-05
3386,3428,2,-1.0641,494.4,492.86,0,458.81,534.94,525.81,455.73,0.010273,0.0023723,-1.6581,0.015182,0.00012207
3387,3429,1,-0.91348,452.68,432.1,0,427.96,478.8,469.59,400.14,0.0069148,0.003627,-1.989,0.0026392,6.1035e-05
3388,3430,2,-0.92873,500.84,493.09,0,470.77,543.24,527.37,448.84,-0.0061287,0.0011697,-1.5715,0.0096845,9.1553e-05
3389,3431,1,-0.95414,357.7,334.12,0,334.81,361.65,370.53,318.68,-0.0069395,0.0012172,-2.1741,-0.0036362,6.1035e-05
3390,3432,2,-1.0441,501.25,495.09,0,479.46,537.96,523.04,452.23,0.0084706,0.0029956,-1.6048,0.0070827,0.00012207
3391,3433,3,-0.97357,540.52,536.39,0,503.32,597.51,571.35,485.75,-0.00592,0.0011957,-1.5996,0.021094,0.00012207
3392,3434,0,-1.0518,421.88,428.65,0.03125,402.1,467.58,438.26,396.4,0.0082048,0.027509,-1.9319,-0.00055419,6.1035e-05
3393,3435,0,-0.93601,423.64,427.09,0,405.67,467.04,438.53,393.99,-0.0044599,0.0072571,-1.8578,0.0062566,6.1035e-05
3394,3436,0,-0.92132,312.02,309.71,0,300.54,331.32,322.81,289.42,-0.0049382,0.0026434,-2.0594,0.0072117,3.0518e-05
3395,3437,3,-0.98811,512.52,486.58,0,476.76,536.57,540.33,447.7,0.0034961,0.0016163,-1.7058,0.016248,0.00012207
3396,3438,3,-0.96805,487.5,467.73,0,462.47,505.79,514.15,427.22,0.011125,0.0016986,-1.6203,0.0205,6.1035e-05
3397,3439,1,-0.9754,394.01,383.16,0,374.82,420.15,409.91,352.52,-0.00091006,0.00085822,-1.9874,-0.00044155,6.1035e-05
3398,3440,2,-0.96895,456.88,448.89,0,432.38,484.79,479.9,415.18,-0.0005242,0.0017704,-1.7201,0.011863,9.1553e-05
3399,3441,1,-1.0271,509.87,531.09,0,485.53,573.48,541.17,476.58,0.0041565,0.003032,-1.4675,0.0012809,6.1035e-05
3400,3442,3,-0.99962,491.15,475.5,0,460.47,522.24,516.58,436.77,0.0064109,0.0011765,-1.5432,0.024218,0.00012207
3401,3443,1,-0.88158,499.45,521.71,0,470.67,561.78,536.47,470.19,-0.022164,0.0028647,-1.6804,0.019737,0.00012207
3402,3444,3,-1.0069,463.12,461.5,0,440.24,502.44,484.6,423.04,0.0076538,0.0021584,-1.6137,0.017952,9.1553e-05
3403,3445,3,-0.99267,475.11,461.21,0,451.69,506.01,495.78,421.68,-0.0095506,0.00059506,-1.6907,0.028848,9.1553e-05
3404,3446,1,-0.93209,458.16,471.45,0,430.37,504.73,493.89,428.67,-0.0015842,0.002193,-1.6926,0.0080227,6.1035e-05
3405,3447,1,-0.90448,488.22,475,0,471.26,511.08,507.44,434.1,-0.0057165,0.0030764,-1.7556,0.011454,6.1035e-05
3406,3448,3,-0.86802,502.6,480.23,0,469.63,523.78,537.69,433.87,0.027233,0.0025499,-1.6855,0.034483,0.00012207
3407,3449,0,-1.0828,455.33,462.98,0.10938,436.22,510.12,472.18,421.39,-0.01066,0.073212,-1.9198,0.0073612,6.1035e-05
3408,3450,2,-0.98168,448.93,436.08,0,426.14,473.56,469.04,403.01,0.0029451,0.0015596,-1.7067,0.012602,6.1035e-05
3409,3451,1,-1.0006,359.02,329.07,0,350.89,351.65,366.66,307.85,0.011338,0.0057426,-1.8585,0.001028,6.1035e-05
3410,3452,0,-0.92033,453.24,472.02,0.03125,439.71,505.63,470.62,428.79,0.042678,0.017798,-1.8924,0.0021425,6.1035e-05
3411,3453,2,-0.95893,459.64,461.02,0,443.19,490.13,487.06,412.5,0.006536,0.0022277,-1.554,0.012182,9.1553e-05
3412,3454,0,-0.91432,411.06,448.9,0,402.4,470.48,433.2,393.75,-0.0064317,0.0019978,-1.556,0.018483,6.1035e-05
3413,3455,3,-0.93333,492.85,464.59,0,474.4,508.35,512.48,418,0.014713,0.0016664,-1.5849,0.024211,9.1553e-05
3414,3456,2,-1.0519,449.16,442.4,0,429.28,481.91,473.17,394.72,0.0045571,0.0035707,-1.7332,0.010196,9.1553e-05
3415,3457,3,-1.0241,529.33,511.58,0,500.03,556.61,555.18,471.84,-0.0023856,0.00096307,-1.7138,0.06022,0.00012207
3416,3458,0,-1.011,409.41,405.51,0,401.54,433.59,416.35,380.73,-0.0031161,0.0023416,-2.0043,0.0051312,9.1553e-05
3417,3459,3,-0.95773,474.86,476.73,0,447.85,514.7,500.23,441.05,0.0057797,0.0011128,-1.6792,8.9469e-06,9.1553e-05
3418,3460,2,-1.0119,498,480.33,0,471.84,521.89,521.09,443.66,0.0075712,0.0017754,-1.7975,0.0028264,0.00012207
3419,3461,1,-1.0303,356.05,351.58,0,342.92,369.93,372.93,327.99,0.00044901,0.0011289,-1.6862,0.0052682,6.1035e-05
3420,3462,2,-0.91493,466.76,464.66,0,445.63,509.18,489.25,417.27,-0.0041444,0.0014814,-1.7594,0.021498,9.1553e-05
3421,3463,1,-0.95098,429.38,455.24,0,396.65,504.13,458.26,412.11,-0.012391,0.0012159,-1.7866,0.021649,6.1035e-05
3422,3464,0,-0.97315,385.32,392.17,0,371.35,418.23,402.17,360.72,9.888e-05,0.0036884,-1.9886,0.00015356,6.1035e-05
3423,3465,0,-0.98632,348.46,343.64,0,333.86,372.47,360.56,319.76,0.00014795,0.00073243,-2.1569,0.00043329,3.0518e-05
3424,3466,3,-0.99477,493.65,483.56,0,456.77,535.55,518.88,447.99,0.00051991,0.0016418,-1.7108,0.027701,0.00012207
3425,3467,2,-0.95763,466.34,472.68,0,439.73,520.35,494.67,421.94,0.0001155,0.0024374,-1.6018,0.017898,9.1553e-05
3426,3468,0,-0.8265,382.62,393.23,0,362.92,426.36,401.13,362.1,0.013869,0.0058755,-2.072,0.0012335,3.0518e-05
3427,3469,0,-0.95983,431.49,426.7,0,412.65,464.56,445.24,399.07,0.0016353,0.0012683,-1.9664,0.0048151,6.1035e-05
3428,3470,3,-0.93934,496.57,472.17,0,469.7,520.62,513.79,441.11,-0.0023742,0.000812,-1.7391,0.016061,9.1553e-05
3429,3471,2,-0.89871,527.32,489.53,0,491.47,548.54,547.43,456.43,0.034254,0.0011839,-2.0465,0.028531,6.1035e-05
3430,3472,0,-0.94152,435.37,456.81,0,421.44,486.36,458.57,407.56,0.0030834,0.0046677,-1.7797,0.038852,6.1035e-05
3431,3473,0,-1.0211,453.5,492.8,0,429.73,547.42,475.83,441.49,-0.00099041,0.0077713,-1.9789,0.0060445,6.1035e-05
3432,3474,2,-0.95347,514.16,493.17,0,487.44,531.49,540.87,454.85,0.0038014,0.0013715,-1.9029,0.025942,6.1035e-05
3433,3475,1,-1.0061,493.8,490.68,0,467.78,540.16,516.76,447.03,-0.0076859,0.0019057,-1.913,0.0026759,9.1553e-05
3434,3476,0,-0.95794,394.52,401.51,0,375.54,440.45,411.27,367.16,-0.0080811,0.0015449,-2.0687,0.018512,6.1035e-05
3435,3477,3,-0.94014,541.97,556.15,0,517.6,603.16,575.38,491.73,0.011826,0.00088079,-1.6638,0.036894,0.00012207
3436,3478,1,-1.0013,499.55,491.89,0,476,535.17,524.62,445.82,0.0073953,0.0022284,-1.8057,0.013772,9.1553e-05
3437,3479,3,-0.95134,484.33,481.85,0,450.99,527.72,513.75,441.37,0.00085782,0.00079519,-1.8595,0.0068037,9.1553e-05
3438,3480,0,-0.94051,408.53,404.53,0,396.07,433.28,421,375.77,-0.0297,0.0017927,-2.1182,0.0048746,6.1035e-05
3439,3481,3,-0.99744,497.39,475.78,0,469.58,518,519.02,442.94,0.0051475,0.0018211,-1.8998,0.0092014,9.1553e-05
3440,3482,1,-0.97321,345.57,337.53,0,330.5,359.66,364.94,309.08,-0.002257,0.0040657,-1.888,0.002108,3.0518e-05
3441,3483,0,-0.96356,434.13,443.05,0,418.75,466.41,455.21,411.03,-0.018924,0.0036907,-1.9131,0.016854,3.0518e-05
3442,3484,2,-1.0208,441.65,431.53,0,421.06,466.02,461,399.13,0.065591,0.001101,-2.0423,0.016465,6.1035e-05
3443,3485,0,-0.9935,376.86,384.6,0,357.5,422.22,391.92,355.34,0.001062,0.0039973,-2.2318,0.00052684,6.1035e-05
3444,3486,1,-1.0146,486.9,478.25,0,449.32,532.28,510.99,443.61,-0.0096736,0.0031014,-1.9736,0.012879,6.1035e-05
3445,3487,1,-0.97405,411.14,388.77,0,393.02,416.34,430.44,359.43,-0.0048931,0.001456,-2.0348,0.0021588,6.1035e-05
3446,3488,0,-0.86693,453.78,487.95,0.015625,438.22,519.72,478.06,438.38,-0.0041999,0.017259,-1.9845,0.0011649,6.1035e-05
3447,3489,0,-1.734,468.4,486.11,0.85938,465.31,569.09,470.95,417.35,-0.020472,0.74426,-1.9133,0.013091,6.1035e-05
3448,3490,2,-1.0208,514.12,519.6,0,492.97,560.4,545.03,459.97,0.0076733,0.0017985,-1.5848,0.021938,6.1035e-05
3449,3491,3,-0.93486,453.77,445.17,0,429.31,499.75,474.04,399.95,0.0093804,0.0064796,-1.8649,0.013468,9.1553e-05
3450,3492,1,-0.97223,463.73,462.91,0,437.24,522.45,483.07,419.46,0.0017773,0.0019479,-1.8518,0.007102,9.1553e-05
3451,3493,3,-0.93893,514.29,502.43,0,479.69,572.22,541.21,448.15,-0.004264,0.0015041,-1.8844,0.030313,0.00012207
3452,3494,2,-0.87768,426.3,422.09,0,405.2,456.65,447.4,387.53,0.001927,0.0037207,-1.9861,0.010367,6.1035e-05
3453,3495,3,-0.95906,494.65,472.28,0,455.47,506.64,527.12,443.81,-0.001125,0.0010722,-1.8597,0.061063,9.1553e-05
3454,3496,1,-0.90844,428.66,425.69,0,411.07,471.39,447.39,377.05,-0.00016271,0.00132,-1.8596,0.0018007,6.1035e-05
3455,3497,2,-0.95292,482.94,468.08,0,463.01,502.99,505.53,428.5,0.0041066,0.0015053,-1.7867,0.0063665,9.1553e-05
3456,3498,2,-0.93579,462.69,445.76,0,434.28,482.27,487.76,413.53,-0.00078191,0.0011291,-1.9503,0.0081393,9.1553e-05
3457,3499,1,-0.94895,360.29,356.5,0,349.6,381.1,376.96,318.13,-0.0036576,0.0022269,-1.6405,0.0002098,3.0518e-05
3458,3500,3,-1.0014,553.36,548.12,0,516.76,596.54,597.53,489.68,0.020969,0.0023768,-1.5061,0.032923,0.00012207
3459,3501,3,-0.95359,533.72,521.49,0,496.69,571.2,566.39,477.63,-0.0028128,0.0013356,-1.8064,0.020374,6.1035e-05
3460,3502,0,-1.0237,448.32,470.45,0.046875,431.94,511.01,469.38,418.3,-0.0010932,0.030854,-1.8191,0.00093634,6.1035e-05
3461,3503,3,-0.933,476.23,472.59,0,447.91,509.98,508.33,430.21,-0.0092561,0.0017078,-1.7045,0.016393,9.1553e-05
3462,3504,2,-0.96028,481.42,477.36,0,451.93,522.32,505.85,440.1,0.0028292,0.0012007,-1.8314,0.0023539,9.1553e-05
3463,3505,1,-0.83949,425.19,410.53,0,398.05,458.52,443.75,377.7,-0.019186,0.0062275,-2.1108,0.0038428,6.1035e-05
3464,3506,0,-0.99497,445.01,466.54,0,429.03,498.97,466.9,422.08,-0.005632,0.0017845,-1.8027,0.02569,6.1035e-05
3465,3507,3,-0.95727,546.13,506.77,0,496.25,562.38,572.25,477.65,0.014541,0.0014238,-1.9489,0.0035521,0.00012207
3466,3508,0,-0.95539,315.7,315.49,0,304.45,337.04,326.27,295.24,0.00081179,0.0045921,-2.0922,-0.0011066,3.0518e-05
3467,3509,0,-0.96709,415.58,406.12,0,404.29,436.9,426.18,377.21,-0.0097276,0.0028816,-1.8233,0.0026886,6.1035e-05
3468,3510,2,-0.89553,441.72,434.39,0,420.67,469.36,461.49,401.54,0.0013576,0.00095668,-1.8979,0.036312,9.1553e-05
3469,3511,1,-0.89158,353.57,365.85,0,333.9,395.23,377.32,330.39,-0.020946,0.0018198,-1.9029,0.0065765,6.1035e-05
3470,3512,2,-1.0329,501.25,465.26,0,480.5,499.09,526.29,424.44,-0.0071524,0.0023046,-1.8728,0.025223,0.00012207
3471,3513,0,-0.90399,420.87,446.64,0,406.17,477.5,445.37,395.2,-0.026963,0.0021594,-1.8201,0.0085454,6.1035e-05
3472,3514,1,-0.92261,431.41,426.19,0,412.22,458.45,450.6,393.92,0.0081703,0.0013568,-1.743,0.0093128,6.1035e-05
3473,3515,2,-0.9037,524.89,523.56,0,495.63,568.03,560.21,469.88,-0.0078616,0.00069309,-1.768,0.016556,9.1553e-05
3474,3516,0,-1.0238,459.01,491.48,0,445.86,528.91,478.23,436.77,0.0014903,0.0044939,-1.8536,0.0029367,6.1035e-05
3475,3517,0,-0.965,383.12,380.99,0,370.79,404.61,398.98,350.63,0.0012381,0.0016445,-1.8936,-0.0033229,3.0518e-05
3476,3518,2,-0.91917,537.72,532.35,0,511.86,562.32,580.82,482.39,-0.0047638,0.001547,-1.5937,0.013567,0.00012207
3477,3519,3,-0.98358,521.08,504.76,0,503.11,545.4,540.22,461.5,0.00011619,0.00069109,-1.7812,0.0071467,9.1553e-05
3478,3520,3,-0.93451,509.39,511.88,0,482.17,548.79,540.23,470.05,0.0021626,0.0015614,-1.7168,0.010595,0.00012207
3479,3521,2,-0.88231,526.76,517.79,0,498.62,555.6,560.71,472.16,0.014241,0.0016693,-1.8724,0.0028486,0.00012207
3480,3522,1,-0.94679,403.34,396.45,0,384.83,428.41,418.67,369.96,0.021638,0.001625,-1.855,0.039757,6.1035e-05
3481,3523,3,-0.96826,474.83,474.15,0,449.89,510.96,506.89,426.81,0.0086624,0.001504,-1.7051,0.031886,0.00012207
3482,3524,2,-0.91269,440.96,447.54,0,404.65,486.1,479.61,406.49,-0.0036184,0.0011963,-1.6967,0.031851,6.1035e-05
3483,3525,1,-1.0701,552.45,532.6,0,526.21,592.98,566.19,500.97,0.0019733,0.0085209,-2.2331,0.030555,0.00012207
3484,3526,0,-1.1665,463.79,506.35,0,452.25,532.85,475.34,479.86,-0.0092626,0.025107,-2.1198,-0.0025229,3.0518e-05
3485,3527,2,-0.92681,527.51,509.06,0,491.65,542.39,561.21,477.76,-0.013795,0.010125,-1.9118,0.018088,6.1035e-05
3486,3528,0,-0.93642,400.82,394.05,0,384.78,423.39,415.88,366.49,-3.8967e-05,0.038209,-2.2468,-0.00048377,6.1035e-05
3487,3529,3,-1.0196,552.62,529.46,0,516.64,584.55,577.23,491.77,0.0044115,0.0021328,-1.8332,0.01461,0.00012207
3488,3530,1,-0.97646,532.74,543.41,0,511.76,586.69,559.72,487.77,-0.0028001,0.0019035,-1.9164,0.0049398,6.1035e-05
3489,3531,1,-1.0344,405.95,411.11,0,391.66,438,428.25,369.16,-0.015797,0.0030855,-1.7559,0.066769,6.1035e-05
3490,3532,2,-1.0158,506.67,489.36,0,473.36,551.12,525.35,454.72,0.013737,0.0012595,-2.0238,0.036989,0.00012207
3491,3533,2,-0.97765,467.7,465.04,0,452.9,534.94,479.22,410.68,0.0109,0.0021534,-1.978,0.0062864,6.1035e-05
3492,3534,1,-0.98209,378.17,372.04,0,363.05,393.48,401.77,338.59,-0.0056201,0.0029108,-1.845,0.0077507,6.1035e-05
3493,3535,2,-0.98137,510.15,508.01,0,481.38,551.34,540.77,461.88,0.0012675,0.0011346,-1.8663,0.019835,6.1035e-05
3494,3536,0,-1.2717,459.16,478.44,0.40625,454.26,533.18,464.06,423.7,-0.0033817,0.21135,-2.1739,0.0029651,3.0518e-05
3495,3537,3,-0.95289,555.74,528.11,0,528.93,580.81,577.95,484.44,-0.0024509,0.0053702,-1.835,0.0056794,0.00012207
3496,3538,0,-0.97979,433.81,457.62,0,419.06,490.8,456.83,405.85,0.0045073,0.0087745,-1.7328,0.0028381,6.1035e-05
3497,3539,3,-0.94996,533.09,540.67,0,504.63,582.2,569.69,487.27,0.015132,0.0020836,-1.6109,0.010662,0.00012207
3498,3540,0,-0.90766,424.34,443.55,0,400.4,497.42,442.96,401.66,0.0028771,0.0071501,-2.1149,0.0028951,3.0518e-05
3499,3541,0,-0.97476,447.38,450.61,0,431.05,491.97,460.91,416.34,-0.0067315,0.0029103,-2.124,0.018557,6.1035e-05
3500,3542,0,-0.98283,389.27,375.55,0,377.06,401.4,400.04,352.73,0.0018601,0.0067787,-2.1093,0.00072739,6.1035e-05
3501,3543,3,-1.006,529.09,538.2,0,500.09,581.15,561.96,489.51,0.0042688,0.0036629,-1.655,0.011296,0.00012207
3502,3544,2,-0.99929,487.15,517.11,0,463.43,566.24,521.82,445.29,0.0019885,0.0072631,-1.5682,0.0030178,0.00012207
3503,3545,3,-0.91166,450.03,455.99,0,433.41,489.4,472.8,410.19,-0.0061313,0.0018928,-1.7733,0.026779,9.1553e-05
3504,3546,2,-0.99077,463.1,460.07,0,437.83,505.24,490.01,411.99,0.010994,0.0010221,-1.8557,0.010552,9.1553e-05
3505,3547,0,-0.98545,394.26,417.91,0,382.68,455.27,410.13,366.7,0.00017513,0.0022096,-2.0191,0.0021982,6.1035e-05
3506,3548,3,-0.95706,456.99,455.43,0,430.39,498.45,481.97,415.02,0.009264,0.0013056,-1.8482,0.013195,9.1553e-05
3507,3549,2,-0.93541,458.92,456.66,0,438.99,498.3,481.52,409.47,-0.0091678,0.0014403,-1.7643,0.0073368,9.1553e-05
3508,3550,2,-0.89939,465.8,461.04,0,440.02,498.62,495.01,418.45,-0.0058637,0.0012607,-1.8936,0.049798,6.1035e-05
3509,3551,2,-0.97629,536.15,508.85,0,504.08,567.35,556.7,471.36,0.0067665,0.0019451,-1.9902,0.024217,0.00012207
3510,3552,0,-1.0085,414.62,417.88,0,394.01,451.68,435.23,384.08,-0.012082,0.0023014,-1.9635,-0.0033025,6.1035e-05
3511,3553,3,-0.94993,516.36,519.79,0,485,579,547.71,460.57,-0.0075187,0.00086776,-1.7439,0.0071838,9.1553e-05
3512,3554,0,-1.4365,452.87,470.9,0.51562,425.71,520.36,472.69,434.8,-0.019832,0.27645,-1.9383,0.012449,6.1035e-05
3513,3555,2,-0.95878,438.11,424.06,0,417.01,458.13,459.21,390,-0.0042802,0.0023151,-1.9128,0.01723,6.1035e-05
3514,3556,0,-0.9471,456.03,451.86,0.015625,437.36,496.36,470.55,417.25,-0.0036191,0.020218,-2.1174,0.0084999,6.1035e-05
3515,3557,2,-0.97295,442.12,406.74,0,424.47,441.99,456.75,377.53,0.00095402,0.0032728,-1.9977,0.01849,6.1035e-05
3516,3558,2,-0.87215,497.01,513,0,474.94,564.95,525.39,446.2,0.00027087,0.001345,-1.7637,0.021115,6.1035e-05
3517,3559,2,-1.0276,482.29,459.4,0,452.34,526.18,500.27,419.33,0.0052233,0.002865,-2.0543,0.0034518,0.00012207
3518,3560,0,-0.91705,437.11,437.17,0,422.76,464.05,452.38,408.55,-0.0040405,0.0017899,-2.264,-0.00094018,6.1035e-05
3519,3561,0,-0.9128,462.89,491.21,0.015625,452.79,549.52,473.64,429.13,-0.016875,0.014077,-1.9036,0.039294,6.1035e-05
3520,3562,2,-1.0183,512.64,494.31,0,477.35,540.91,545.79,450.54,0.0050092,0.0048549,-1.9457,0.003361,0.00012207
3521,3563,1,-1.0171,503.56,512.55,0,478.77,565.45,528.34,459.65,0.0093914,0.0035013,-1.8405,0.0062794,6.1035e-05
3522,3564,0,-0.9595,385.42,381.17,0,370.44,413.98,396.36,357.23,0.0039939,0.0017391,-2.1034,-0.0010617,3.0518e-05
3523,3565,1,-0.8982,452.9,446.88,0,431.2,490,473.29,406.37,0.002213,0.0026341,-2.0902,0.0028983,6.1035e-05
3524,3566,1,-1.0186,384.56,380.66,0,365.47,414.57,403.65,346.74,-0.0265,0.0035711,-2.0578,0.017658,3.0518e-05
3525,3567,2,-0.88884,482.41,484.97,0,450.12,524.58,519.01,440.08,0.026931,0.0011242,-1.7919,0.032092,9.1553e-05
3526,3568,0,-0.79559,405.9,420.45,0,388.55,462.24,422.19,381.18,-0.0009143,0.012335,-2.2239,0.00074525,6.1035e-05
3527,3569,1,-0.95725,466.05,455.3,0,447.4,501.05,483.57,412.32,0.016654,0.0013411,-2.0734,0.015378,6.1035e-05
3528,3570,0,-0.96384,333.94,326.09,0,319.72,356.41,344.31,303.96,-0.0024582,0.0030545,-2.167,0.0023387,6.1035e-05
3529,3571,0,-1.4832,464.35,475.92,0.54688,462.71,538.02,466.09,409.81,-0.010481,0.41505,-2.0048,0.028497,6.1035e-05
3530,3572,3,-0.91055,510.4,481.7,0,491.96,533.8,527.72,432.75,-0.0064231,0.0011413,-1.9105,0.039652,9.1553e-05
3531,3573,3,-1.0086,493.62,491.5,0,475.28,548.95,511.96,434.04,-0.0045652,0.0016498,-1.7934,0.016567,9.1553e-05
3532,3574,2,-1.0212,546.99,524.15,0,509.91,593.51,569.24,482.54,0.0067415,0.0012883,-1.9892,0.023304,0.00012207
3533,3575,2,-0.94431,532.71,509.05,0,485.87,573.35,557.25,475.38,-0.002272,0.0035535,-2.0311,0.017804,0.00012207
3534,3576,1,-0.92662,394.5,410.77,0,384.76,436.94,417.56,348.81,-0.0081184,0.0022715,-1.703,0.011194,6.1035e-05
3535,3577,1,-0.93545,497.54,525.19,0,467.6,578.36,529.42,468.59,-0.0068456,0.0015127,-1.8089,0.013416,0.00012207
3536,3578,0,-0.95572,401.03,417.78,0,381.34,461.83,417.35,381.28,-0.0098244,0.0011758,-2.2362,0.006199,6.1035e-05
3537,3579,2,-1.0149,470.54,458.29,0,453.11,507.87,484.98,417.22,0.0095512,0.0011945,-1.9072,0.028649,9.1553e-05
3538,3580,2,-0.99032,512.82,509.87,0,487.63,555.16,538.02,464.58,-0.0085781,0.001737,-1.8631,0.022908,9.1553e-05
3539,3581,2,-0.96496,510.64,497.92,0,490.66,554.69,529.41,444.59,0.016051,0.00093795,-1.797,0.019072,6.1035e-05
3540,3582,0,-0.94771,431.01,448.07,0,414.7,483.84,453.36,399.06,-0.0074723,0.0033718,-1.9374,2.1306e-05,6.1035e-05
3541,3583,3,-0.91025,488.74,501.98,0,462.61,552.62,520.27,440.87,-0.0034212,0.0014013,-1.7549,0.019561,9.1553e-05
3542,3584,0,-1.4927,430.73,449.78,0.65625,450.81,541.81,413.02,368.57,0.0088532,0.33333,-2.0389,-0.0038261,3.0518e-05
3543,3585,2,-1.0233,456.28,439.58,0,431.95,480.75,477.75,403.25,0.00048065,0.0010645,-1.9879,0.013387,9.1553e-05
3544,3586,0,-0.96648,453.34,472.19,0,435.53,511.09,474.83,425.23,0.031748,0.0073206,-2.1093,-0.00083062,6.1035e-05
3545,3587,1,-0.99649,531.99,546.47,0,506.44,606.13,560.94,478.85,0.012704,0.0029735,-1.9044,-0.002432,6.1035e-05
3546,3588,3,-0.90626,519.42,492.4,0,477.22,560.17,544.74,451.74,0.013486,0.003237,-2.021,0.023216,0.00012207
3547,3589,0,-0.95991,454.49,472.61,0.03125,439.36,523.2,468.7,425.08,-0.0086182,0.019302,-2.1361,-0.0020622,6.1035e-05
3548,3590,0,-1.2091,455.57,492.25,0.29688,447.38,565.86,463.26,423.1,-0.0033193,0.1554,-2.0856,0.0040686,9.1553e-05
3549,3591,0,-1.4413,454.97,487.02,0.53125,442.57,566.17,465.24,421.43,0.013435,0.3097,-2.1049,0.0059631,6.1035e-05
3550,3592,1,-0.85439,324.95,327.76,0,306.65,359.62,344.43,293.83,0.0018714,0.017324,-2.0011,0.001598,3.0518e-05
3551,3593,1,-1.0398,423.61,452.63,0,413.83,488.59,441.03,388.53,-0.034982,0.0096227,-1.6008,0.0158,6.1035e-05
3552,3594,2,-1.0316,453.33,460.44,0,414.39,499.46,489.91,423.79,-0.0037507,0.0065198,-1.6675,0.024866,0.00012207
3553,3595,1,-0.96867,396.38,414.13,0,371.54,452.62,428.32,364.65,-0.0035638,0.0067926,-1.6815,0.009138,6.1035e-05
3554,3596,3,-0.97632,493.29,496.24,0,449.53,559.9,527.33,446.73,-0.0035869,0.0020957,-1.788,0.032687,0.00012207
3555,3597,0,-0.97362,357.17,377.34,0,341.87,415.24,373.45,336.98,-0.033775,0.0049475,-1.9638,0.0057128,6.1035e-05
3556,3598,0,-0.92012,368.21,382.81,0,358.8,415.3,379.56,343.6,-0.0031803,0.0068967,-1.9523,0.015212,6.1035e-05
3557,3599,1,-0.98873,486.66,497.27,0,462.14,555.47,509.69,442.59,0.0033701,0.0076319,-1.6648,0.023455,9.1553e-05
3558,3600,3,-0.98023,536.57,491.66,0,502.81,538.31,556.82,463.66,0.0045646,0.0035202,-1.9376,0.016536,0.00012207
3559,3601,1,-1.0169,512.18,514.31,0,479.9,578.55,537.29,464.35,-0.0033562,0.0031946,-1.8439,0.028851,0.00012207
3560,3602,3,-0.99783,469.31,464.41,0,442.6,510.07,494.41,421.52,0.0089823,0.0026862,-1.7022,0.020371,9.1553e-05
3561,3603,3,-0.99544,542.32,538.86,0,506.93,580.89,582.43,491.22,0.011437,0.0023451,-1.6273,0.0064696,0.00012207
3562,3604,2,-0.92645,389.06,377.7,0,368.84,421.21,404.78,343.87,0.0047732,0.0025046,-1.9179,0.013775,6.1035e-05
3563,3605,2,-0.95579,499.39,479.42,0,466.07,545.76,520.75,436.89,0.0087129,0.0015388,-1.8922,-0.0021835,6.1035e-05
3564,3606,0,-1.0006,452.03,457.16,0.015625,436.94,509.75,464.54,413.6,-0.0042096,0.010494,-2.1676,0.0015924,6.1035e-05
3565,3607,0,-0.91823,425.81,437.01,0,401.73,475.73,445.76,404.93,-0.0015906,0.0020193,-1.9307,0.012699,3.0518e-05
3566,3608,0,-0.99587,363.68,380.19,0,343.35,414.05,384,346.33,-0.0032776,0.0018537,-2.0706,0.07898,6.1035e-05
3567,3609,1,-0.94793,379.91,369.66,0,350.75,401.29,405.63,341.75,-0.0056917,0.0034629,-2.0523,0.011721,6.1035e-05
3568,3610,2,-0.88509,479.27,484.81,0,445.92,523.47,514.77,443.65,-0.0047898,0.0021497,-1.8996,0.018137,9.1553e-05
3569,3611,3,-0.92794,487.43,458.14,0,469.12,498.03,506.91,415.68,0.0045015,0.0028032,-1.7884,0.024316,9.1553e-05
3570,3612,2,-1.0031,473.96,490.33,0,459.51,527.56,499.71,423.96,-3.5621e-05,0.0049958,-1.5182,0.0055365,6.1035e-05
3571,3613,1,-0.99813,359.97,357.58,0,350.1,404.19,370.48,307.95,-0.017277,0.0037924,-1.9104,0.026776,6.1035e-05
3572,3614,2,-0.97631,489.44,487.75,0,465.44,536.38,516.65,432.64,0.0081094,0.0019217,-1.9329,0.017681,0.00012207
3573,3615,0,-1.0021,321.12,309.09,0,311.76,329.97,328.4,292.85,0.0006481,0.0038487,-2.084,0.00020808,3.0518e-05
3574,3616,2,-0.92435,448.99,446.26,0,422.06,496.1,472.75,402.29,0.0056299,0.0041163,-1.8345,0.0093894,9.1553e-05
3575,3617,0,-0.83848,412.97,416.05,0,396.09,457.67,425.28,385.68,0.0011334,0.012062,-2.3815,-0.00096229,6.1035e-05
3576,3618,1,-1.0075,463.12,457.23,0,435.55,499.41,490.69,415.05,-0.00055315,0.0040215,-1.7725,0.0027127,6.1035e-05
3577,3619,0,-0.96984,378.04,385.56,0,361.7,416.22,393.39,356.76,-0.0033513,0.0010425,-2.2676,-0.00035269,6.1035e-05
3578,3620,3,-1.0258,501.51,506.17,0,457.91,559.19,542.47,456.36,-0.0063268,0.0046202,-1.7627,0.013455,0.00012207
3579,3621,2,-0.9797,489.91,493.62,0,451.83,526.83,538.87,450.92,-0.0038057,0.0021723,-1.7325,0.017176,0.00012207
3580,3622,3,-1.0287,481.6,477.75,0,455.31,520.03,504.8,440.45,0.0099525,0.0013234,-1.7542,0.013279,0.00012207
3581,3623,0,-0.9686,391.37,407.97,0,373.68,447.78,409.06,368.15,0.0022655,0.0028709,-2.1532,0.00098922,6.1035e-05
3582,3624,1,-0.91425,447.64,447.97,0,435.58,493.34,463.14,389.63,-0.00077786,0.0048845,-1.8315,0.0055986,6.1035e-05
3583,3625,0,-0.95268,390.64,413.31,0,373.31,443.35,412.91,374.7,-0.0024455,0.0012215,-1.9255,0.011539,3.0518e-05
3584,3626,3,-0.94142,515.54,511.51,0,486.23,565.9,546.74,453.62,0.0068955,0.0013409,-1.6712,0.026479,0.00012207
3585,3627,0,-0.97319,316.42,321.44,0,304.25,348.47,328.59,294.4,-0.0001222,0.0010005,-2.1176,-0.00051331,3.0518e-05
3586,3628,2,-0.84916,460.27,475.78,0,434.9,530.51,485.65,421.06,-0.010679,0.00091263,-1.9076,0.0055399,9.1553e-05
3587,3629,1,-1.0454,452.93,468.02,0,415.97,509.32,485.54,431.58,0.0024067,0.0089942,-1.9341,0.0049584,0.00012207
3588,3630,2,-1.0145,430.7,411.59,0,405.96,455.62,447.62,381.46,0.0072244,0.0020555,-1.9796,0.0088261,6.1035e-05
3589,3631,0,-0.91593,417.79,410.38,0,403.73,443.23,427.4,387.9,0.014474,0.0046227,-2.3878,0.00092192,6.1035e-05
3590,3632,3,-0.91237,520.64,514.22,0,500.3,545.15,550.36,469.02,0.019505,0.0021687,-1.5531,0.01407,0.00012207
3591,3633,0,-1.2472,457.48,442.79,0.35938,438.9,482.35,470.2,415.73,-0.037573,0.1886,-2.0062,0.003302,3.0518e-05
3592,3634,2,-0.98627,536.22,544.77,0,504.42,598.39,570.08,487.69,0.0054825,0.0015441,-1.6678,0.0155,0.00012207
3593,3635,1,-0.91786,552.77,543.17,0,527.31,604.42,573.87,492.41,-0.002172,0.0022339,-1.9358,0.013046,6.1035e-05
3594,3636,0,-1.0048,380.12,398.22,0,367.33,429.42,396.57,358.1,0.0053214,0.0053621,-1.7511,0.0017535,6.1035e-05
3595,3637,1,-0.91416,392.69,386.77,0,377.13,421.52,410.31,347.39,-0.019366,0.0029138,-1.8768,0.022366,6.1035e-05
3596,3638,1,-0.95299,498.72,508.46,0,469.2,556.71,528.24,460.2,0.02092,0.001495,-1.848,0.039211,6.1035e-05
3597,3639,2,-0.96468,521.58,508.27,0,491.89,552.85,555.23,457.75,0.0010035,0.0021731,-1.7352,0.031732,6.1035e-05
3598,3640,0,-0.94195,416.47,412.03,0,410.93,441.01,423.17,377.05,-0.00010174,0.0026548,-1.8251,0.012983,6.1035e-05
3599,3641,0,-0.98754,430.42,440.21,0,410.3,485.5,447.09,402.69,-0.0020118,0.0011563,-2.0571,-0.00061792,6.1035e-05
3600,3642,3,-0.98593,492.54,481.47,0,468.35,528.11,518.3,431.81,-0.0037345,0.0025221,-1.6647,0.035229,0.00012207
3601,3643,3,-1.0025,419.42,425.09,0,396.08,470.96,440.01,384.61,-0.0023583,0.0019303,-1.848,0.023804,9.1553e-05
3602,3644,3,-0.98858,550.65,514.6,0,517.85,557.12,581.47,474.65,0.01886,0.0019803,-1.8885,0.033688,0.00012207
3603,3645,3,-0.98573,510.21,502.16,0,468.24,549.01,547.25,460.82,0.028037,0.0018172,-1.8136,0.071722,0.00012207
3604,3646,3,-0.91426,558.74,566.73,0,526.51,617.65,600.17,501.25,0.0053813,0.0019315,-1.4101,0.034298,0.00018311
3605,3647,3,-1.0307,476.12,434.69,0,458.69,472.02,492.49,399.63,-0.00012557,0.0013087,-1.8596,0.013749,9.1553e-05
3606,3648,0,-0.94184,417.51,442.12,0,405.73,471.47,437.13,393.19,0.00025878,0.0012051,-1.8299,-0.00047293,6.1035e-05
3607,3649,1,-0.88259,478.59,517.34,0,464.07,561.79,504.46,438.11,-0.0025283,0.001092,-1.6994,0.005147,6.1035e-05
3608,3650,0,-0.98762,334.39,343.75,0,320.25,376.65,349.43,308.72,-0.0047477,0.0018712,-1.7389,-0.0034343,3.0518e-05
3609,3651,2,-0.91562,517.54,515.47,0,490.31,556.86,548.41,468.56,-0.0031759,0.001259,-1.6218,0.025866,0.00012207
3610,3652,1,-0.94666,462.53,446.87,0,441.57,503.28,478.84,403,0.015237,0.0012418,-2.0923,0.0006448,3.0518e-05
3611,3653,2,-0.99285,451.33,446.97,0,442.92,474.25,468.56,391.11,0.032943,0.0016577,-1.5498,0.0082787,0.00012207
3612,3654,3,-0.99397,485.62,500.55,0,457.95,542.5,515.07,455.89,0.0017142,0.0022239,-1.6817,0.013887,9.1553e-05
3613,3655,2,-0.92362,466.93,466.77,0,443.48,534.52,484.05,417.33,0.015307,0.0013505,-1.8494,0.0095783,9.1553e-05
3614,3656,3,-0.94242,519.91,512.45,0,492.93,553.26,556.89,456.54,0.021099,0.0015383,-1.6103,0.039149,0.00012207
3615,3657,0,-0.94618,420.09,454.28,0,407.68,509.39,434.15,391.82,0.0080694,0.0040678,-2.0069,0.0071196,6.1035e-05
3616,3658,1,-0.92756,454.11,459.93,0,436.93,503.64,474.85,407.18,-0.033794,0.0024069,-1.8172,0.0042075,6.1035e-05
3617,3659,1,-0.91328,415.64,409.89,0,394.58,456.39,435.42,366.21,-0.00059335,0.00055303,-2.0101,-0.001555,6.1035e-05
3618,3660,0,-0.97827,433.59,446.62,0,418.06,482.7,451.2,405.72,0.010513,0.0024105,-2.0616,0.0038032,6.1035e-05
3619,3661,3,-0.95961,504.96,487.19,0,467.52,518.91,544.81,453.42,0.018176,0.0028191,-1.7612,0.010894,0.00018311
3620,3662,1,-1.0001,517.21,520.91,0,495.21,583.21,536.61,465.94,0.016561,0.0026949,-1.7552,0.042876,9.1553e-05
3621,3663,0,-1.0051,300.8,300.44,0,294.63,315.41,311.09,275.48,0.0032495,0.0046708,-1.7375,0.0013907,3.0518e-05
3622,3664,3,-0.91974,516.54,512.14,0,482.68,558.66,554.92,459.41,0.0043975,0.0024959,-1.7022,0.001406,6.1035e-05
3623,3665,0,-0.93189,439.22,474.22,0,428.77,533.3,451.07,407.26,-0.005296,0.0017486,-1.8102,0.00096264,6.1035e-05
3624,3666,1,-0.92231,407.1,410.05,0,390.53,437.63,429.8,372.26,-0.002585,0.0021544,-1.7406,0.0080603,6.1035e-05
3625,3667,1,-0.94177,512.75,505.79,0,485.63,573.57,531.31,459.42,0.0048648,0.00098366,-2.0821,0.02853,6.1035e-05
3626,3668,3,-0.94166,544.56,538.79,0,512.96,585.79,580.37,485.51,0.0016893,0.0016336,-1.6116,0.017943,0.00012207
3627,3669,0,-0.94107,413.71,446.59,0,393.76,494.3,436.31,392.51,0.010384,0.00063414,-1.8991,-0.0058568,6.1035e-05
3628,3670,1,-0.96947,378.4,354.67,0,357.17,383.85,393.9,333.37,0.0065337,0.0018339,-2.1121,0.019919,3.0518e-05
3629,3671,2,-0.98165,490.73,489.1,0,462.78,516.19,529.03,451.98,0.020642,0.0016894,-1.6523,0.013506,6.1035e-05
3630,3672,2,-0.92513,492.85,493.19,0,463.32,549.98,518.91,443.08,0.00090045,0.0016167,-1.739,0.012783,6.1035e-05
3631,3673,0,-0.92219,418.02,412.84,0.015625,401.5,456.57,430.08,380.93,0.014972,0.013267,-2.1533,0.0011832,3.0518e-05
3632,3674,0,-0.97758,397.54,393.18,0,384.52,420.99,410.56,365.36,0.018704,0.0017819,-2.2052,-0.0015956,6.1035e-05
3633,3675,2,-0.90726,479.23,477.87,0,449.62,504.61,517.3,443.49,-0.00048978,0.0017963,-1.79,0.015886,0.00012207
3634,3676,2,-0.99516,486.7,471.89,0,467.1,506.16,508.92,433.05,0.018768,0.0031499,-1.8944,0.045101,9.1553e-05
3635,3677,2,-1.0273,502.5,508.51,0,474.08,554.25,530.92,462.77,0.010302,0.003009,-1.7297,0.028381,9.1553e-05
3636,3678,2,-0.87635,485.12,468.92,0,466.24,510.61,501.78,432.14,0.00056834,0.0036066,-2.0801,0.0047124,6.1035e-05
3637,3679,1,-0.96725,418.76,395.45,0,400.18,416.53,438.54,373.01,-0.005307,0.0019442,-1.822,0.012595,6.1035e-05
3638,3680,1,-0.95307,555.79,561.93,0,535.73,607.7,583.27,499.2,0.015491,0.0033087,-1.8529,0.0068909,0.00012207
3639,3681,0,-1.7253,474.33,485.96,0.75,468.37,547.57,477.91,449,-0.0094892,0.5687,-2.2755,-0.00076909,6.1035e-05
3640,3682,0,-0.98244,355.66,343.03,0,347.71,358.86,364.66,325.08,0.0012709,0.0021132,-2.1971,-0.00088849,3.0518e-05
3641,3683,0,-0.994,433.28,410.14,0,421.09,432.98,442.76,392.37,-0.012745,0.011803,-2.1853,0.0065892,6.1035e-05
3642,3684,3,-1.0454,484.32,439.37,0,453.79,468.84,509.63,414.95,-0.0016556,0.0046365,-1.9698,0.029499,0.00012207
3643,3685,0,-0.99275,440.08,445.44,0,432.46,476.66,448.72,410.05,0.0021964,0.0073021,-2.0107,0.0056451,6.1035e-05
3644,3686,3,-1.0046,548.09,493,0,523.18,534.47,565.14,464.62,0.0021611,0.0042085,-1.9132,0.022623,0.00012207
3645,3687,0,-0.98404,355.51,346.59,0,342.77,370.64,366.07,326.66,-0.0016024,0.0043009,-2.2444,0.00086861,6.1035e-05
3646,3688,3,-1.0625,481.15,460.47,0,457.46,484.44,513.62,427.61,0.0025595,0.0033136,-1.5998,0.0094173,0.00012207
3647,3689,0,-1.0031,335.86,340.3,0,316.02,359.22,355.69,321.38,-0.023506,0.0015646,-1.9612,0.020105,3.0518e-05
3648,3690,3,-0.98455,500.29,458.08,0,473.11,481.25,527.48,434.9,0.010418,0.0010751,-1.8383,0.0044225,0.00012207
3649,3691,1,-0.97707,512.69,514.32,0,493.89,543.76,538.45,473.98,0.0084689,0.0017059,-1.6121,0.019004,6.1035e-05
3650,3692,1,-0.95504,537.86,514.69,0,517.89,554.41,556.61,477.38,0.0029533,0.0014651,-1.8983,0.029535,6.1035e-05
3651,3693,2,-0.94453,518.08,483.37,0,495.75,509.51,540.4,457.24,0.0019621,0.0033323,-1.8272,0.014693,6.1035e-05
3652,3694,3,-0.94979,441.18,425.96,0,417.92,461.56,465.95,388.07,-0.0036451,0.0013881,-1.6866,0.0016286,6.1035e-05
3653,3695,3,-1.0143,571.31,527.13,0,549.07,546.76,594.99,506.23,0.0011931,0.0020675,-1.8619,0.024357,0.00012207
3654,3696,0,-0.97669,420.62,415.31,0,406.31,444.3,434.93,386.33,0.014941,0.00085365,-2.2141,-0.00070562,3.0518e-05
3655,3697,0,-0.93749,340.65,353,0,328.43,375.31,357.4,322.43,0.005065,0.0018004,-1.9115,-0.009543,3.0518e-05
3656,3698,0,-0.99616,458.34,441.07,0,442.09,473.5,468.75,420.28,0.0005782,0.0036344,-2.1404,0.0067987,6.1035e-05
3657,3699,3,-0.92419,495.11,471.09,0,476.41,494.56,520.73,438.93,0.0068489,0.0010801,-1.6817,0.018501,0.00012207
3658,3700,1,-0.98275,338.77,319.83,0,327.94,340.16,348.94,300.74,0.0003306,0.0012376,-2.19,0.00034781,3.0518e-05
3659,3701,3,-1.0034,484.03,452.2,0,454.91,479.92,519.17,418.76,-0.0031635,0.0010834,-1.6278,0.028075,6.1035e-05
3660,3702,0,-1.0622,460.21,474.12,0.17188,444.15,514.47,475.31,436.21,-0.011739,0.096315,-1.9401,0.00076752,6.1035e-05
3661,3703,1,-0.97907,424.43,411.44,0,402.62,455.95,441.4,376.82,0.006041,0.0026994,-2.0662,0.010151,6.1035e-05
3662,3704,3,-1.0522,535.7,488.33,0,501.14,506.39,566.19,472.39,-0.001956,0.0013556,-1.7934,0.039234,6.1035e-05
3663,3705,3,-0.888,483.17,449.58,0,459.67,484.1,499.24,425.96,-0.0030522,0.003658,-1.9511,0.0077323,0.00012207
3664,3706,1,-0.91868,479.57,459.5,0,463.59,493.3,494.59,427.75,0.0070227,0.001405,-1.9732,0.0015745,6.1035e-05
3665,3707,0,-0.98584,359,349.36,0,348.39,374.22,368.97,326,-0.00032942,0.0023042,-2.0504,0.00054871,6.1035e-05
3666,3708,0,-0.96496,408.94,427.84,0,391.93,476.66,424.91,381.97,0.024342,0.0040153,-1.6897,0.00092674,3.0518e-05
3667,3709,1,-0.93651,356.8,344.72,0,342.61,376.97,369.33,316.25,-0.0035599,0.0012927,-1.9793,0.0035042,6.1035e-05
3668,3710,3,-0.93125,449.08,447.64,0,432.37,484.32,470.57,400.48,-0.00044329,0.0019664,-1.6236,0.0020547,6.1035e-05
3669,3711,3,-0.93827,522.15,513.59,0,499.07,555.92,553.78,455.6,0.010508,0.0010558,-1.5654,0.0066678,9.1553e-05
3670,3712,1,-1.0457,566.26,567.72,0,545.3,621.46,588.56,510.51,-0.013167,0.003552,-1.7014,0.032903,0.00012207
3671,3713,0,-1.0076,423.71,438.5,0,392.9,481.86,447.67,404.78,-0.0088668,0.0023513,-1.8964,0.00020145,6.1035e-05
3672,3714,0,-0.98867,427.69,433.93,0,409.98,474.49,440.62,404.33,-0.0032463,0.00068264,-1.8912,-0.004556,6.1035e-05
3673,3715,2,-0.99765,546.03,518.9,0,510.17,560.67,573.93,486.41,0.00042869,0.00089556,-1.7887,0.0072164,0.00012207
3674,3716,1,-0.9128,421.2,391.74,0,396.24,456.03,430.97,366.58,0.0028117,0.0045238,-1.9745,0.0018445,6.1035e-05
3675,3717,3,-0.9835,500.73,509.21,0,480.56,548.17,528.37,455.82,0.0029939,0.0010794,-1.4846,0.021368,0.00012207
3676,3718,0,-0.98795,447.42,454.29,0,431.03,495.35,463.81,413.22,0.0020626,0.0025626,-1.7359,-0.0023527,6.1035e-05
3677,3719,0,-0.97197,393.8,409.19,0,380.48,440.75,409.88,371.11,0.0005697,0.0065124,-1.8595,-6.5351e-05,3.0518e-05
3678,3720,3,-1.0018,512.92,496.09,0,493.76,526.17,540.91,452.13,0.0068738,0.0016939,-1.4983,0.033474,9.1553e-05
3679,3721,2,-0.82344,425.42,413.23,0,399.15,463.43,440.15,385.07,-0.0037193,0.0058357,-2.1048,0.0073856,6.1035e-05
3680,3722,3,-0.92739,503.67,492.86,0,474.54,537.68,529.37,453.32,-0.00073549,0.002678,-1.6255,0.002533,0.00012207
3681,3723,1,-0.92087,428.54,410.07,0,407.18,455.55,445.16,374.7,0.036019,0.0046152,-1.8471,0.0093169,6.1035e-05
3682,3724,3,-0.94323,482.6,475.94,0,453.84,518.35,503.59,445,0.0041865,0.0016387,-1.5906,0.0037713,9.1553e-05
3683,3725,1,-0.95897,432.49,429.13,0,406.16,478.13,455.73,385.9,0.0097131,0.0024222,-1.7827,0.053471,3.0518e-05
3684,3726,1,-0.92529,425.82,419.53,0,398.4,460.88,451.57,380.68,-0.0069561,0.00090111,-1.7418,0.054985,6.1035e-05
3685,3727,1,-0.96845,379.55,395.88,0,370.24,424.85,396.15,344.24,-0.0258,0.0018567,-1.6144,0.0087811,6.1035e-05
3686,3728,1,-0.96973,542.01,553.21,0,511.43,619.83,570.74,490.62,-0.02022,0.0019491,-1.618,0.12465,6.1035e-05
3687,3729,1,-0.98165,450.51,457.98,0,438.35,492.12,470.78,401.07,-0.0035717,0.0023093,-1.6196,0.0075198,6.1035e-05
3688,3730,2,-0.96079,487.8,473.72,0,469.51,504.95,509.89,436.02,-7.359e-05,0.0016754,-1.7357,0.020786,9.1553e-05
3689,3731,3,-0.90003,438.5,458.2,0,410.96,493.06,471.74,416.12,0.012628,0.0021027,-1.6651,0.011845,9.1553e-05
3690,3732,0,-0.91239,387.95,406,0,363.58,461.33,406.91,362.96,0.00038181,0.0023904,-1.9031,-0.00043532,3.0518e-05
3691,3733,1,-0.89785,420.84,396.01,0,402.69,436.79,432.47,369.86,0.00046049,0.0020008,-2.0913,0.0014527,6.1035e-05
3692,3734,1,-0.88778,466.94,472.67,0,448.93,511.74,488.68,425.5,0.011912,0.0010568,-1.8409,0.0018232,6.1035e-05
3693,3735,2,-0.95741,519.62,532.84,0,489.07,578.01,552.14,484.76,0.0065916,0.0026154,-1.6338,0.015635,0.00012207
3694,3736,3,-0.97113,493.36,455.98,0,476.86,478.25,510.92,432.26,-0.0032141,0.00094176,-1.7527,0.053853,6.1035e-05
3695,3737,3,-0.94386,489.82,495.2,0,471.63,535.68,510.44,449.31,0.015376,0.0015091,-1.6504,0.025533,9.1553e-05
3696,3738,1,-0.94199,528.57,503.26,0,504.77,540.41,550.92,468.36,-0.014035,0.00289,-1.8469,0.0265,6.1035e-05
3697,3739,1,-0.97944,375.62,373.54,0,360.39,402.6,391.83,342.6,0.0067711,0.0042795,-2.0007,0.012722,6.1035e-05
3698,3740,2,-0.93823,506.03,482.67,0,486.9,522.6,520.91,451.62,0.0085877,0.001724,-1.9308,0.015471,0.00012207
3699,3741,2,-0.94853,504.08,496.82,0,483.8,528.98,525.67,462.59,0.01453,0.00080563,-1.8405,0.021316,6.1035e-05
3700,3742,1,-0.97379,353.56,341.25,0,333.35,369.22,371.4,316.57,-0.0052606,0.00081536,-2.0035,0.0030722,3.0518e-05
3701,3743,2,-0.91773,479.77,455.07,0,452.54,493.16,505.36,419.29,-0.0046948,0.0013454,-1.9284,0.008763,6.1035e-05
3702,3744,3,-1.0171,475.74,451.56,0,457.34,486.21,496.61,412.28,-0.001867,0.0023202,-1.7885,0.0094507,0.00012207
3703,3745,2,-0.90257,477.09,474.55,0,454.81,522.76,498.01,429.25,0.010449,0.0012531,-1.8172,0.011839,6.1035e-05
3704,3746,2,-0.99561,447.94,426.76,0,427.18,464.34,465.15,395.62,0.0019602,0.00070595,-1.9221,0.073235,9.1553e-05
3705,3747,2,-1.0142,493.32,483.61,0,479.56,522.57,507.96,442.14,0.019069,0.0011598,-1.7714,0.036527,9.1553e-05
3706,3748,0,-0.89652,363.94,364.96,0,349.1,394,377.03,339.34,-0.00022697,0.0021476,-2.1725,0.00077628,3.0518e-05
3707,3749,0,-0.92993,376.72,397.71,0,363.71,424.3,394.55,361.28,0.0091517,0.0029687,-1.9528,0.0017177,3.0518e-05
3708,3750,1,-0.98028,351.93,327.13,0,335.2,357.05,362.65,307.95,-0.014999,0.0017876,-1.9821,0.0023241,6.1035e-05
3709,3751,0,-0.97483,391.88,405.79,0,384.04,441.79,401.34,362.34,-0.00038764,0.0039946,-1.7167,0.0049705,3.0518e-05
3710,3752,0,-0.98715,366.42,354.64,0,354.46,384.51,375.73,331.41,0.0046472,0.0037739,-2.0992,-0.00019737,6.1035e-05
3711,3753,1,-1.0009,455.88,444.1,0,432.78,477.28,476.27,414.82,-0.0018739,0.0045444,-1.9946,0.01042,6.1035e-05
3712,3754,2,-0.94141,460.04,457.06,0,432.06,495,488.02,419.12,-0.0088107,0.0012119,-1.828,0.014158,6.1035e-05
3713,3755,0,-0.97579,392.16,401.55,0,377.35,436.77,407.92,364.07,-0.0011789,0.0016585,-2.0601,-0.00023717,3.0518e-05
3714,3756,3,-0.90565,508.4,491.09,0,476.73,534.43,534.65,455.17,0.011657,0.0025682,-2.0134,0.0043326,9.1553e-05
3715,3757,2,-0.97165,572.7,521.81,0,550.99,577.62,587.55,483.63,0.0064405,0.0023107,-2.0224,0.010282,0.00012207
3716,3758,0,-0.9871,376.66,369.43,0,360.04,404.47,387.32,346.98,-0.01498,0.00061091,-2.2383,0.00039604,6.1035e-05
3717,3759,0,-0.9056,370.4,368.21,0,351.84,402.23,385.77,340.02,0.00011978,0.0046253,-2.1161,-0.00031671,3.0518e-05
3718,3760,2,-0.96024,495.5,468.19,0,463.54,496.91,525.53,441.21,0.007407,0.0023396,-1.9932,0.034478,9.1553e-05
3719,3761,1,-0.95179,396.54,382.12,0,380.76,417.75,411.37,348.65,-0.029265,0.00088908,-1.9993,0.027054,6.1035e-05
3720,3762,1,-0.98021,429.23,408.63,0,413.64,439.31,448.05,371.61,-0.00036216,0.00060463,-1.9332,-0.0025408,6.1035e-05
3721,3763,1,-0.90687,488.45,486.68,0,468.32,531.62,507.36,444.47,-0.0025993,0.0010133,-1.9114,0.0025434,6.1035e-05
3722,3764,0,-0.9678,339.21,330.52,0,331.56,348.79,347.87,309.82,-0.0085455,0.0024972,-2.05,-0.0034743,3.0518e-05
3723,3765,3,-0.96572,456.71,452.94,0,428.31,486.86,481.78,423.01,0.0053893,0.0015061,-1.9563,0.023185,0.00015259
3724,3766,3,-0.98982,580.35,520.27,0,550.25,551.58,605.3,494.33,0.010676,0.0015431,-1.9124,0.0056987,0.00012207
3725,3767,2,-1.0246,510.84,479.65,0,473.98,516.02,537.74,453.1,0.003719,0.0019093,-1.9266,0.013478,0.00012207
3726,3768,2,-0.99465,448.89,422.17,0,424.52,448.07,474.84,394.61,0.00068133,0.0010791,-1.9554,0.0036079,6.1035e-05
3727,3769,0,-0.98787,310.07,299.6,0,302.29,318.18,316.51,284.2,-0.0031424,0.0020448,-2.2685,0.0030884,3.0518e-05
3728,3770,3,-0.9287,513.33,505.34,0,490.11,545.71,541.36,456.61,0.013716,0.00086613,-1.688,0.019105,0.00012207
3729,3771,0,-0.97463,392.96,403.97,0,376.36,438.17,409.56,369.77,-0.0019216,0.0016946,-2.0125,-0.0017428,3.0518e-05
3730,3772,0,-0.99101,447.59,450.19,0,433.86,473.54,466.42,418.2,-0.015274,0.0021056,-1.5839,0.0052853,6.1035e-05
3731,3773,3,-1.0107,523.64,502.23,0,499.43,540.91,551.07,458.4,-0.00047476,0.0011259,-1.7839,0.013463,9.1553e-05
3732,3774,3,-1.029,478.37,444.88,0,461.57,476.53,493.18,416.96,-0.0044422,0.0010486,-1.8505,0.022582,6.1035e-05
3733,3775,0,-0.97895,337.35,335.63,0,325.2,362.28,348.07,312.12,0.018214,0.002105,-2.1738,-0.0010513,6.1035e-05
3734,3776,0,-0.94866,376.64,383.16,0,357.82,426.84,390.37,351.29,0.0042542,0.0010346,-2.2709,0.00011183,6.1035e-05
3735,3777,3,-0.94195,483,443.85,0,458.37,470.29,504.72,420.51,0.012509,0.0015796,-1.9574,0.016133,0.00012207
3736,3778,2,-0.85345,553.5,533.61,0,537.31,569.55,575.69,484.36,0.0037627,0.0032483,-1.8502,0.032879,0.00012207
3737,3779,3,-0.96729,502.87,465.07,0,478.28,502.05,522,436.3,-0.0010112,0.0016556,-1.8509,0.010823,9.1553e-05
3738,3780,1,-0.88164,460.57,456.45,0,440.1,498.78,482.36,411.39,-0.00032037,0.0012712,-1.9927,0.00084993,6.1035e-05
3739,3781,1,-1.0498,425.3,415.61,0,413.42,439.97,442.65,379.99,0.0080285,0.0036688,-1.7478,0.0037716,6.1035e-05
3740,3782,3,-1.0059,541.38,506.39,0,515.4,547.36,561.6,474.53,0.012808,0.0019403,-1.8447,0.018742,0.00012207
3741,3783,1,-0.9586,403.59,387.16,0,391.62,436.56,412.91,348.73,-0.048671,0.0014764,-2.1995,0.079567,6.1035e-05
3742,3784,3,-0.91228,491.83,475.65,0,468.29,509.61,518.52,437.17,0.018573,0.0020131,-1.8417,0.013535,9.1553e-05
3743,3785,3,-0.93577,526.47,528.17,0,492.68,586.96,556.29,476.3,0.0081078,0.0013045,-1.7332,0.0079273,0.00012207
3744,3786,0,-0.96057,433.82,451.71,0,415.04,492.71,453.8,408.06,-0.0057473,0.0019677,-1.7326,0.0075063,6.1035e-05
3745,3787,2,-0.8998,523.88,485.3,0,496.58,542.07,545.11,441.15,0.006888,0.00077777,-1.9729,0.0064787,0.00012207
3746,3788,3,-0.85412,489.84,471.61,0,467.48,522.33,508.37,429.58,-0.00089888,0.0021623,-1.8838,0.0168,0.00012207
3747,3789,0,-1.1547,458.78,487.86,0.14062,445.89,525.63,475.35,439.3,-0.003449,0.099355,-1.9411,0.0040017,6.1035e-05
3748,3790,3,-0.90518,503.85,464.73,0,485.93,497.12,521.78,432.34,0.010989,0.0026916,-1.7931,0.021194,0.00012207
3749,3791,0,-0.97896,417.66,427.17,0,396.83,472.78,433.86,391.69,0.0034368,0.0022539,-2.1698,0.0038788,6.1035e-05
3750,3792,2,-0.97438,455.35,439.7,0,432.64,473.11,479.53,404.13,0.0012443,0.0011412,-1.8757,0.0024361,6.1035e-05
3751,3793,3,-0.99623,463.77,444.27,0,442.79,469.84,486.11,417.06,0.0021472,0.0010968,-1.9339,0.015959,9.1553e-05
3752,3794,2,-0.97126,454.93,423.61,0,428.67,471.98,475.35,385.99,-0.0028861,0.0010208,-1.7453,0.010515,6.1035e-05
3753,3795,3,-1.0275,456.42,452.94,0,430.13,494.42,481.12,413.97,0.0037913,0.0011299,-1.7704,0.015708,9.1553e-05
3754,3796,1,-0.89996,462.63,447.98,0,452.1,477.66,477.05,407.31,0.0066748,0.0030561,-1.7917,0.0046091,6.1035e-05
3755,3797,1,-0.98748,507.42,525.01,0,482.45,567.49,537.56,473.75,0.010319,0.0024519,-1.7549,0.0075734,9.1553e-05
3756,3798,3,-0.95857,533.03,530.4,0,510.52,574.52,563.88,469.93,0.010549,0.0008527,-1.6194,0.031669,0.00012207
3757,3799,0,-0.96623,379.26,401.34,0,365.53,434.73,398.08,355.58,-0.0012243,0.0060385,-1.9394,0.00063619,6.1035e-05
3758,3800,2,-0.93982,522.02,516.41,0,496.56,571.55,544.49,467.76,0.013337,0.000804,-1.7275,0.019046,0.00012207
3759,3801,1,-0.98149,462.96,448.27,0,446.15,482.8,482.02,409.14,-0.0034158,0.0016701,-1.8767,-0.011921,6.1035e-05
3760,3802,0,-0.92669,366.46,393.91,0,349.89,425.49,387.76,353.3,0.0066244,0.0025096,-1.8559,-0.003654,3.0518e-05
3761,3803,2,-0.96933,463.75,492.08,0,447.4,531.17,494.97,417.46,0.024568,0.0013966,-1.4169,0.0087265,9.1553e-05
3762,3804,0,-0.94291,442.04,450.7,0,425.98,497.41,457.13,406.81,-0.0022308,0.0045036,-2.1354,0.0032863,6.1035e-05
3763,3805,1,-1.0333,411.66,398.34,0,395.73,441.31,427.59,355.38,-0.039384,0.0027697,-1.8964,0.018161,6.1035e-05
3764,3806,1,-0.96984,477.03,476.45,0,458.88,524.46,495.18,428.44,-0.0019582,0.0007371,-1.9886,0.0068377,6.1035e-05
3765,3807,2,-0.93037,468.62,471.34,0,455.02,514.87,487.26,411.69,0.0015315,0.0007926,-1.7619,0.0115,6.1035e-05
3766,3808,3,-0.95974,495.02,518.61,0,461.5,573.58,528.54,463.63,0.024352,0.0017801,-1.6601,0.02814,9.1553e-05
3767,3809,3,-0.98806,527.25,493.18,0,507.51,523.66,552.63,453.99,-0.0058784,0.0011914,-1.8007,0.021162,0.00012207
3768,3810,2,-0.9996,433.51,441.68,0,418.85,477.95,456.38,385.1,0.012418,0.0011012,-1.6488,0.017525,6.1035e-05
3769,3811,2,-1.0017,459.52,453.51,0,445.19,496.69,473.86,410.33,0.0081296,0.00096153,-1.779,0.018707,9.1553e-05
3770,3812,0,-1.0092,412.41,407.61,0,393.59,434.06,431.22,381.16,-0.009305,0.0013138,-2.0782,0.0014304,3.0518e-05
3771,3813,3,-0.97824,459.82,449.77,0,441.4,477.4,485.07,411.92,0.0024304,0.0017458,-1.7587,0.027058,6.1035e-05
3772,3814,1,-0.83847,434.62,451.72,0,408.87,504.01,460.36,399.43,-0.0022541,0.010073,-1.9763,-0.0028146,9.1553e-05
3773,3815,3,-0.9587,572.74,548.68,0,543.52,602.85,598.52,500.88,0.0024803,0.0029753,-1.8963,0.017834,0.00012207
3774,3816,3,-0.96979,544.09,539.5,0,526.35,570.7,575.71,483.89,0.0083659,0.0029476,-1.6808,0.0050093,6.1035e-05
3775,3817,2,-0.94961,513.7,496.78,0,479.9,552.61,535.37,461,0.005673,0.0039344,-1.9936,0.0079901,0.00012207
3776,3818,1,-0.9346,501.36,511.55,0,478.71,576.52,521.34,454.22,-0.0069286,0.0015545,-1.8269,0.015568,6.1035e-05
3777,3819,1,-1.0065,398.82,395.45,0,381.87,423.5,419.28,361.58,0.0072783,0.0016605,-1.7597,0.0078041,6.1035e-05
3778,3820,2,-0.98796,472.26,456.08,0,449.02,482.19,504.12,420.29,0.0031929,0.0021052,-1.8816,0.01196,6.1035e-05
3779,3821,0,-1.0055,343.67,354.42,0,328.8,400.15,353.84,323.12,0.0033121,0.0051364,-2.1795,0.004536,3.0518e-05
3780,3822,0,-0.98276,365.61,370.03,0,354.67,399.69,377.25,338.45,-0.0019123,0.0033403,-2.1417,0.00029665,3.0518e-05
3781,3823,1,-0.96793,483.02,486.39,0,464.52,538.68,501.53,434.1,0.012144,0.0019096,-1.9466,0.013009,0.00012207
3782,3824,1,-0.90474,469.73,446.88,0,450.54,486.32,486.66,412.08,-0.00065459,0.006785,-2.1498,0.0042878,6.1035e-05
3783,3825,3,-0.92795,552.5,528.79,0,528.12,565.6,585.92,478.34,0.0093876,0.0016539,-1.5745,0.0077176,0.00012207
3784,3826,2,-0.9521,474.19,468.57,0,448.13,507.7,501.93,426.92,-0.012818,0.002464,-1.7128,0.0058958,6.1035e-05
3785,3827,0,-1.0012,410.45,408.56,0,383.73,444.14,427.58,385.75,0.0032368,0.0056223,-2.1803,0.021382,6.1035e-05
3786,3828,2,-0.92818,444.95,426.37,0,419.1,453.16,470.8,399.58,-0.0013905,0.0012958,-1.7194,0.027198,9.1553e-05
3787,3829,1,-0.94654,322.55,300.97,0,314.71,317.23,331.44,282.54,-0.024804,0.0020129,-1.9075,-0.0028095,3.0518e-05
3788,3830,1,-0.9357,529.87,529.97,0,511.77,588.76,549.14,467.38,0.00015875,0.0013365,-1.8567,0.011527,6.1035e-05
3789,3831,3,-0.95198,471.29,457.89,0,446.9,503.17,487.99,426.91,0.0085386,0.0016108,-1.9375,0.012641,0.00012207
3790,3832,2,-0.92097,511.64,472.42,0,478.22,532.42,533.06,433.96,0.01863,0.0015,-1.8439,0.016187,6.1035e-05
3791,3833,0,-1.0411,382.32,398.91,0,367.05,429.58,400.75,361.9,0.039,0.016074,-2.0176,-0.00099311,6.1035e-05
3792,3834,1,-0.97814,548.62,538.55,0,512.87,596.92,574.71,495.96,-0.0015131,0.0048976,-2.0169,0.03846,9.1553e-05
3793,3835,2,-0.92632,485.44,454.88,0,457.37,502.44,501.18,428.19,0.023284,0.0021486,-2.0338,0.013331,6.1035e-05
3794,3836,1,-0.9181,578.5,572.48,0,539.46,614.18,617.53,530.79,-0.0048585,0.0032174,-1.7795,0.013999,0.00012207
3795,3837,2,-0.86084,455.42,439.55,0,438.1,464.31,482.44,400.93,0.0014521,0.0024974,-1.7325,0.0078324,6.1035e-05
3796,3838,0,-0.98545,343.82,327.88,0,333.55,352.22,351.31,310.12,-0.0020378,0.00076381,-2.1914,0.00035161,6.1035e-05
3797,3839,3,-0.99827,495.08,477.84,0,466.1,523.11,519.1,440.33,0.021009,0.0022488,-1.8639,0.011572,0.00012207
3798,3840,3,-0.93207,522.05,504.46,0,492.69,550.26,549.62,461.45,0.054356,0.0015055,-1.6984,0.020715,0.00012207
3799,3841,2,-0.9409,558.82,518.76,0,527.23,552.83,586.7,488.7,0.0015453,0.0010318,-1.8964,0.0063369,9.1553e-05
3800,3842,1,-0.84411,454.55,479.43,0,428.44,526.33,484.14,426.27,-0.0053917,0.0025993,-1.8413,0.0042998,6.1035e-05
3801,3843,0,-0.96396,417.94,434.62,0,396.18,468.02,442.61,396.76,0.0012266,0.0020703,-1.9898,0.0030926,6.1035e-05
3802,3844,3,-0.89537,463.11,453.77,0,440.58,483,490.3,418.5,0.0098354,0.0013922,-1.7088,0.009713,9.1553e-05
3803,3845,0,-0.92899,274.48,275.08,0,260.27,297.87,287.02,254.98,-0.0043869,0.0018778,-1.9842,0.0015912,3.0518e-05
3804,3846,3,-0.90637,567.42,542.28,0,531.85,589.79,598.8,500.36,0.0036169,0.00099481,-1.8331,0.010895,0.00012207
3805,3847,0,-0.89148,389.65,390.21,0,375.74,418.54,404.45,360.06,0.0006659,0.00058502,-2.1908,-0.00063558,3.0518e-05
3806,3848,2,-0.94377,490.73,486.2,0,468.59,548.53,510.27,431.2,0.0040744,0.0016731,-1.6512,0.013225,9.1553e-05
3807,3849,3,-0.97415,446.27,431.15,0,411.76,466.75,471.46,405.17,0.00080824,0.0018882,-1.9207,0.017769,9.1553e-05
3808,3850,1,-0.96966,509.05,480.74,0,481.59,538.68,526.65,443.6,0.0025686,0.0017118,-1.9802,-0.0010141,6.1035e-05
3809,3851,3,-0.85846,466.85,458.41,0,444.28,495.65,494.09,413.46,0.0010821,0.0022985,-1.817,0.0043691,9.1553e-05
3810,3852,2,-0.86021,537.11,531.64,0,512.96,573.65,566.27,480.93,0.012452,0.0016928,-1.7063,0.029561,0.00012207
3811,3853,0,-0.93243,418.23,431.53,0,400.1,470.39,435.26,395.03,-0.020501,0.0049504,-2.0171,0.0049202,6.1035e-05
3812,3854,2,-0.82256,434.49,443.67,0,417.22,477.28,465.28,383.77,0.0057496,0.0019258,-1.4901,0.021388,6.1035e-05
3813,3855,3,-0.93816,485.97,477.2,0,451.26,528.01,511.29,440.12,0.016157,0.0019259,-2.0235,0.0066087,9.1553e-05
3814,3856,2,-0.93741,517.46,513.6,0,485.56,560.9,545.6,471.86,0.0095055,0.0016594,-1.8698,0.012893,0.00012207
3815,3857,2,-0.93844,463.42,454.05,0,444.18,486.09,485.22,417.73,-0.0081374,0.0011475,-1.7882,0.024514,9.1553e-05
3816,3858,3,-0.95882,489.08,499.76,0,461.11,554.04,512.26,454.78,0.014632,0.00092493,-1.765,0.014744,9.1553e-05
3817,3859,2,-0.96131,384.06,384.39,0,361.75,424.73,405.01,346.48,-0.0051353,0.0015234,-1.7044,0.05439,9.1553e-05
3818,3860,1,-0.87489,507.88,518.03,0,489.9,568.97,527.02,463.8,-0.0064861,0.0034874,-1.8864,0.0048068,0.00012207
3819,3861,3,-0.95416,588.69,551.72,0,544.85,615.06,616.79,511.13,0.010074,0.0010405,-1.8464,0.01286,0.00012207
3820,3862,2,-0.95783,470.9,470,0,448.78,513.94,494.45,423.22,-0.012489,0.00086383,-1.8678,0.044693,6.1035e-05
3821,3863,2,-0.99048,437.1,430.61,0,414.36,472.93,458.47,390.86,0.00086381,0.00099926,-1.8801,0.016355,9.1553e-05
3822,3864,3,-1.0107,508.21,511.65,0,477.89,571,531.78,465.5,0.0053628,0.00199,-1.7854,0.024242,0.00012207
3823,3865,1,-0.94738,413.37,392.6,0,394.9,436.39,426.85,360.65,0.016436,0.0019888,-1.9396,0.0062109,6.1035e-05
3824,3866,1,-0.97554,393.5,392.62,0,381.69,419.02,413.19,348.63,-0.00061777,0.0011793,-1.6919,-0.00079969,3.0518e-05
3825,3867,0,-1.6575,471.48,522.74,0.73438,467.66,572.43,476.73,454.64,-0.014719,0.63142,-1.8104,0.0015878,6.1035e-05
3826,3868,3,-0.89475,542.1,537.39,0,506.76,589.03,579.73,482.41,0.0056627,0.013365,-1.6803,0.019504,0.00012207
3827,3869,3,-0.9305,529.59,522.91,0,498.57,573.07,560.61,472.74,0.0059805,0.0057618,-1.6418,0.01587,0.00012207
3828,3870,0,-0.91217,383.09,400,0,369.33,437.21,400.78,352.16,-0.00011321,0.012229,-1.8409,0.00018485,6.1035e-05
3829,3871,1,-0.98079,432.74,431.51,0,413.75,470.8,455.67,384.09,0.0016222,0.0040517,-1.7621,-0.00065674,6.1035e-05
3830,3872,2,-0.895,436.93,438.08,0,409.52,485.2,461.11,396.5,0.004353,0.0012339,-1.8569,0.013973,6.1035e-05
3831,3873,3,-0.98571,500.83,489.15,0,468.3,533.9,529.52,449.65,-0.0064654,0.0034995,-1.7575,0.035754,9.1553e-05
3832,3874,1,-1.0344,496.96,496.81,0,470.51,532.84,523.41,460.77,0.0072626,0.0042625,-1.7574,0.01821,6.1035e-05
3833,3875,3,-0.98965,544.71,520.7,0,507.44,569.25,577.61,477.87,-0.0035555,0.00097576,-1.662,0.003939,0.00012207
3834,3876,3,-0.92008,529.21,544.73,0,505.51,588.02,557.81,492.49,0.0059993,0.0012123,-1.7114,0.0094472,0.00012207
3835,3877,0,-1.0071,421.76,425.45,0,405.29,466.94,437.23,386.46,-0.0090596,0.005555,-1.9057,-0.00098979,6.1035e-05
3836,3878,0,-0.9736,433.88,436.63,0,413.84,477.08,451.55,400.94,0.0045772,0.0011792,-1.9121,0.0030722,6.1035e-05
3837,3879,2,-0.94684,510.58,492.93,0,486.63,532.72,529.21,461.99,-0.010252,0.0024864,-1.7904,0.028865,9.1553e-05
3838,3880,1,-0.95882,461.47,459.49,0,439.03,507.09,480.07,420.06,0.01711,0.0049043,-1.8624,0.02851,6.1035e-05
3839,3881,1,-0.97882,451.56,430.93,0,431.04,461.84,468.57,405.31,-0.0039326,0.00073188,-2.0013,0.0043581,9.1553e-05
3840,3882,2,-0.96803,462.73,450.94,0,441.84,500.04,481.15,407.62,0.001274,0.00088134,-1.7917,0.014131,6.1035e-05
3841,3883,0,-0.90547,402.83,407.5,0,386.37,444.04,417.36,375.26,-0.0035512,0.0060185,-1.9455,0.002039,6.1035e-05
3842,3884,2,-0.95328,549.11,539.51,0,520.12,612.15,574.68,475.42,-0.0065447,0.0012952,-1.625,0.032848,0.00012207
3843,3885,2,-0.96038,520.92,498.92,0,488.22,566.7,544.78,449.46,0.013132,0.00087931,-1.926,0.013688,0.00012207
3844,3886,2,-0.91498,512.64,538.16,0,484.86,595.86,544.11,472.77,0.032801,0.0009899,-1.59,0.070565,6.1035e-05
3845,3887,2,-1.0256,558.69,544.25,0,527.08,588.68,592.35,496.95,-0.0087296,0.003138,-1.7163,0.062554,0.00012207
3846,3888,3,-0.99874,550.98,530.62,0,516.78,599.47,581.16,469.86,0.0061228,0.00079958,-1.7433,0.011171,0.00012207
3847,3889,3,-1.0069,473.07,486.69,0,449.99,541.98,497.64,427.84,-0.0017631,0.0020098,-1.6765,0.019303,9.1553e-05
3848,3890,2,-0.90918,502.9,512.5,0,473.59,565.85,530.45,462.38,0.0060163,0.0024564,-1.621,0.010392,0.00012207
3849,3891,3,-0.9913,409.04,432.64,0,393.21,453.75,437.26,395.01,0.0079275,0.0010792,-1.6045,0.019513,6.1035e-05
3850,3892,3,-0.97385,510.81,490.13,0,482.18,531.49,543.25,443.25,0.0076148,0.0011267,-1.6854,0.03673,0.00012207
3851,3893,0,-0.95439,429.11,463.69,0,404.25,520.78,453.97,406.61,-0.024758,0.0024458,-2.0366,7.7215e-05,6.1035e-05
3852,3894,2,-0.89923,556.57,540.87,0,526.71,599.31,582.92,489.32,-4.8603e-05,0.0019368,-1.7891,0.012077,0.00012207
3853,3895,0,-0.98997,365.59,363.78,0,351.62,394.83,379.56,332.73,-0.013605,0.0041427,-1.9377,0.01422,3.0518e-05
3854,3896,0,-1.0283,402.3,435.08,0,386.08,486.17,418.52,383.99,-0.00077716,0.0083228,-1.8832,0.0019704,6.1035e-05
3855,3897,3,-1.0091,471.72,458.25,0,444.97,505.44,493.89,419.15,0.0024522,0.0021063,-1.7591,0.029443,9.1553e-05
3856,3898,2,-0.89379,497.71,472.89,0,467.61,519.95,524.26,431.37,0.0087912,0.0027693,-1.8146,0.00084865,0.00012207
3857,3899,3,-0.90151,495.52,494.07,0,466.11,550.59,519.88,447.24,-0.0042523,0.0016825,-1.7361,0.035058,0.00012207
3858,3900,1,-0.9743,392.12,406.28,0,371.47,437.42,418.68,366.23,-0.0080103,0.0019214,-1.762,5.4899e-05,6.1035e-05
3859,3901,1,-0.91012,417.78,422.28,0,404.76,470.02,430.79,374.55,-0.0099689,0.0015271,-1.7641,0.0036145,6.1035e-05
3860,3902,1,-0.94057,371.94,370.5,0,356.07,410.31,385.93,335.38,-0.017969,0.00075714,-1.8895,-0.0020322,3.0518e-05
3861,3903,2,-1.0265,528.58,499.17,0,492.19,556.05,547.64,469.38,0.0079184,0.0025443,-2.0128,0.018594,6.1035e-05
3862,3904,3,-1.0384,498.61,463.43,0,464.94,515.05,520.19,430.34,-3.2713e-05,0.0015517,-1.7548,0.02626,6.1035e-05
3863,3905,1,-0.86104,509.71,547.57,0,488.26,596.4,543.18,471.38,0.0032867,0.0040434,-1.6309,0.029083,0.00012207
3864,3906,3,-0.92255,509.66,508.3,0,476.13,558.42,543.19,458.19,0.037419,0.0015522,-1.7487,0.024364,9.1553e-05
3865,3907,3,-0.95197,501.6,506.83,0,455.63,545.23,547.57,468.44,0.013709,0.0014414,-1.64,0.029152,0.00012207
3866,3908,3,-0.96337,478.9,491.89,0,450.55,550.58,505.54,436.77,0.012452,0.000883,-1.7047,0.0095782,9.1553e-05
3867,3909,2,-0.91539,506.44,494.88,0,476.51,547.17,531.24,451.55,0.0062599,0.0012366,-1.8192,0.032506,6.1035e-05
3868,3910,3,-0.91266,467.09,501.63,0,436.13,537.09,512.34,449.81,0.0069567,0.0023704,-1.527,0.025491,9.1553e-05
3869,3911,1,-0.92925,381.17,382.86,0,357.24,425.34,401.01,347.65,0.017243,0.0022185,-1.8242,0.010244,6.1035e-05
3870,3912,2,-0.95222,511.33,507.34,0,484.04,565.35,536.97,452.84,0.010904,0.0014931,-1.8044,0.0071769,6.1035e-05
3871,3913,1,-1.0176,508.5,510.8,0,476.79,571.14,533.17,463.88,5.0275e-05,0.003002,-1.7986,0.0042938,6.1035e-05
3872,3914,2,-0.99488,481.11,478.98,0,453.43,534.24,504.04,433.18,-0.0060102,0.00080488,-1.7204,0.020706,6.1035e-05
3873,3915,2,-0.95432,426.75,429.67,0,410.89,471.89,447.14,375.4,-0.01188,0.0014517,-1.5698,0.036027,6.1035e-05
3874,3916,1,-0.91182,427.22,406.94,0,404.75,447.73,445.84,373.14,-0.0012902,0.0017042,-1.9706,0.0094977,6.1035e-05
3875,3917,3,-0.97714,491.28,486.44,0,460.84,525.86,523.69,444.48,0.0121,0.0018711,-1.8098,0.01568,0.00012207
3876,3918,2,-0.88041,441.55,426.96,0,411.34,474.8,463.6,392.06,0.0052297,0.0015494,-2.0268,0.0086211,9.1553e-05
3877,3919,1,-0.86496,446.86,439.4,0,419.28,496.65,464.54,402.7,-0.0034015,0.0017136,-1.9697,0.0021555,6.1035e-05
3878,3920,2,-0.99408,460.55,447.19,0,435.85,492.3,485.24,402.08,-0.0010649,0.0035393,-1.8654,0.0094966,9.1553e-05
3879,3921,2,-0.97061,437.44,446.37,0,402.97,492.16,469.82,403.36,-0.0073109,0.0015652,-1.6999,0.044656,9.1553e-05
3880,3922,0,-0.95472,366.22,362.83,0,353.15,389.31,377.75,339.47,-0.0055577,0.0010833,-1.5054,-0.001104,3.0518e-05
3881,3923,3,-0.94298,513.87,478.67,0,485.56,527.67,537.33,438.07,0.0068484,0.0020672,-1.7544,0.015139,9.1553e-05
3882,3924,0,-0.98699,405.43,424.63,0,391.15,457.9,423.79,381.86,-0.00019362,0.0014951,-1.5541,0.04969,6.1035e-05
3883,3925,0,-1.5081,442.52,468.63,0.57812,452.48,574.42,435.26,391.43,-0.002692,0.35473,-1.8747,0.0043591,6.1035e-05
3884,3926,3,-0.93166,494.91,471.62,0,463.57,530.6,515,433.82,-0.004175,0.0061042,-1.887,0.012074,6.1035e-05
3885,3927,3,-0.91203,563.41,556.96,0,512.69,643.22,593.85,505.21,0.015609,0.0017843,-1.7469,0.010068,0.00012207
3886,3928,0,-0.95982,418.88,465.02,0,397.53,510.95,444.66,409.59,0.0020903,0.0093263,-1.9067,0.0023192,3.0518e-05
3887,3929,3,-0.95093,499.64,471.69,0,473.95,518.23,519.63,435.49,0.0023165,0.0014137,-1.6876,0.0036695,0.00012207
3888,3930,3,-0.99708,487.46,471.04,0,447.33,517.25,525.16,427.64,0.0096845,0.0014973,-1.5364,0.019154,0.00012207
3889,3931,0,-1.5642,456.42,486.11,0.65625,455,560.72,457.94,406.69,0.0059547,0.37652,-1.6035,0.0037342,6.1035e-05
3890,3932,0,-0.9702,355.71,371.42,0,340.09,408.02,371.33,334.81,-0.0030298,0.0046561,-1.7514,0.0021908,3.0518e-05
3891,3933,1,-0.96465,428.88,421.59,0,401.22,476.62,444.39,390.72,-0.0005532,0.0019489,-1.9987,0.0050383,6.1035e-05
3892,3934,2,-0.971,570.26,560.08,0,533.93,618.1,604.4,505.59,0.00041226,0.0014472,-1.5306,0.015613,0.00012207
3893,3935,3,-0.96608,531.99,544.6,0,504.67,591.99,569.43,479.67,0.0091742,0.0011724,-1.5338,0.0086453,0.00012207
3894,3936,3,-0.89189,529.09,536.32,0,492.2,595.32,563.75,480.9,0.019731,0.002046,-1.5429,0.017687,0.00012207
3895,3937,3,-1.012,533.42,508.59,0,499.96,559.23,559.44,469.2,0.0050987,0.0014298,-1.7432,0.0077,0.00012207
3896,3938,2,-0.97785,479.64,512.08,0,453.59,564.07,513.15,445.24,0.00025713,0.00085541,-1.4208,0.0039732,6.1035e-05
3897,3939,3,-0.86347,543.88,535.08,0,514.88,586.65,576.75,476.64,-0.003828,0.0024199,-1.496,0.016722,0.00012207
3898,3940,3,-0.87797,524.46,488.83,0,499.91,536.02,550.61,438.59,0.002107,0.0015305,-1.6702,0.0097214,0.00012207
3899,3941,0,-0.99864,431.59,449.02,0,414.1,495.06,448.03,405.77,0.0016731,0.0024514,-1.8213,0.025152,6.1035e-05
3900,3942,1,-0.92327,477.3,511.34,0,454,567.9,505.43,443.07,-0.007908,0.0048202,-1.6052,0.0057786,6.1035e-05
3901,3943,3,-0.97517,504.79,491.96,0,478.19,548.6,529.77,438.76,0.0012829,0.001006,-1.6525,0.0097275,0.00012207
3902,3944,0,-0.99837,436.38,457.12,0,419.9,488.96,455.05,421.02,-0.0030328,0.0015486,-1.5263,0.006417,6.1035e-05
3903,3945,1,-0.94343,337.95,339.13,0,322.6,379.11,350.67,306,-0.0030744,0.0004731,-1.7617,0.0018198,3.0518e-05
3904,3946,0,-0.9982,336.54,345.58,0,320.53,383.74,348.99,315.91,-0.0083013,0.0012486,-1.772,0.0068669,3.0518e-05
3905,3947,3,-0.98744,498.88,506.9,0,474.5,547.64,532.27,451.08,0.025388,0.0012054,-1.4811,0.019719,9.1553e-05
3906,3948,1,-0.89469,457.51,459.94,0,438.84,505.82,477.38,411.11,0.0053831,0.0031555,-1.7306,0.033903,6.1035e-05
3907,3949,2,-0.9817,463.11,457.12,0,439.5,493.45,485.3,422.98,-0.013442,0.00099487,-1.8802,0.040247,9.1553e-05
3908,3950,3,-0.98281,516.35,522.37,0,491.92,579.3,540.77,465.44,0.0065981,0.001618,-1.6179,0.014962,0.00012207
3909,3951,0,-0.97363,397.43,423.81,0,383.45,456.99,417.87,375.32,0.000461,0.00098059,-1.6196,-0.0014305,3.0518e-05
3910,3952,2,-0.93608,480.12,483.23,0,451.81,510.03,514.3,450.88,-0.0035407,0.0021142,-1.6242,0.0038408,0.00012207
3911,3953,1,-0.91678,389.94,376.2,0,375.62,405.58,403.4,348.61,0.007315,0.0014151,-1.8835,0.0059195,3.0518e-05
3912,3954,0,-1.0392,428.13,449.6,0,412.12,491.08,446.28,402.59,-0.0022836,0.0025744,-1.823,0.026951,6.1035e-05
3913,3955,3,-0.92438,452.04,476.41,0,432.97,513.09,478.18,426.13,-0.0019119,0.00083517,-1.6133,0.022188,9.1553e-05
3914,3956,2,-0.91157,475.79,465.86,0,456.15,500.51,501.04,421.32,0.0022114,0.00071669,-1.67,0.01351,6.1035e-05
3915,3957,2,-0.98293,450.97,460.14,0,422.07,488.39,493.22,418.86,-0.0052463,0.0016318,-1.5292,0.01484,9.1553e-05
3916,3958,3,-0.91582,517.35,498.36,0,495.24,539.16,539.46,457.55,0.0065848,0.0010506,-1.6862,0.025256,0.00012207
3917,3959,3,-0.94036,527.54,537.55,0,495.87,587.55,563.43,480.88,0.016323,0.00093645,-1.4742,0.045765,0.00012207
3918,3960,2,-1.0143,469.5,459.06,0,437.87,509.22,497.4,414.81,-0.0032194,0.0014633,-1.8741,0.0070924,6.1035e-05
3919,3961,0,-0.9724,438.05,454.8,0,420.1,504.43,453.9,411,-0.0033675,0.0010679,-1.8721,0.0015368,6.1035e-05
3920,3962,0,-0.81791,330.51,339.75,0,317.74,367.04,344.97,308.82,0.0018134,0.017427,-2.0198,-0.0012673,3.0518e-05
3921,3963,3,-0.98325,495.69,465.44,0,465.28,510.14,513.93,438.62,0.0045088,0.0017526,-1.9291,0.011866,0.00012207
3922,3964,3,-0.97804,441.8,449.87,0,417.62,491.8,460.6,417.26,0.0073232,0.0013945,-1.691,0.017933,9.1553e-05
3923,3965,2,-0.88041,427.22,409.38,0,408.19,436.37,445.09,384.03,-0.0132,0.0037519,-1.9125,0.0064169,9.1553e-05
3924,3966,1,-1.0005,430.32,424.04,0,411.82,459.37,448.82,388.71,0.0040585,0.0049579,-1.7328,0.00058528,6.1035e-05
3925,3967,1,-0.9028,447.94,478.87,0,429.04,533.9,469.37,416.51,-0.0035497,0.0010806,-1.6637,0.0088003,9.1553e-05
3926,3968,1,-1.006,484.08,492.13,0,464.36,542.77,506.43,434.74,-0.0113,0.0034097,-1.7886,0.023441,9.1553e-05
3927,3969,0,-1.8141,458.62,457.65,1.0469,440.67,495.2,476.58,420.09,0.058734,0.65594,-2.0466,0.00045501,nan
3928,3970,3,-1.0146,545.87,519.79,0,525.03,565.5,565.44,476.85,0.0091087,0.0033219,-1.805,0.011612,0.00012207
3929,3971,1,-0.87941,414.94,418.06,0,396.31,453.56,433.58,382.56,0.019483,0.013931,-2.0577,0.0051926,3.0518e-05
3930,3972,0,-0.92554,368.71,376.49,0,352.83,408.33,383.63,346.57,-0.015776,0.011117,-2.1376,-0.0003554,6.1035e-05
3931,3973,1,-0.81501,390.67,405.75,0,377.8,439.29,409.49,356.72,-0.0033607,0.0041338,-1.8172,0.0038788,3.0518e-05
3932,3974,1,-0.94903,387.02,377.63,0,374.19,426.84,395.8,343.96,-0.0075412,0.0071896,-2.0916,0.028373,6.1035e-05
3933,3975,3,-1.0244,512.14,500.84,0,493.92,559.48,528.21,449.1,0.013841,0.0031262,-1.7808,0.023392,9.1553e-05
3934,3976,2,-0.96239,432.6,446.79,0,400.74,479.14,471.06,407.74,0.0013962,0.0036642,-1.6627,0.015487,6.1035e-05
3935,3977,0,-0.95397,406.08,395.02,0,392.73,422.91,418.62,368.82,0.001341,0.0014533,-2.0356,-0.0021238,6.1035e-05
3936,3978,1,-0.97214,441.97,438.6,0,427.49,464.84,458.38,408.86,0.0057813,0.0018847,-1.8043,0.0054446,6.1035e-05
3937,3979,2,-0.98221,535.36,534.84,0,510.25,589.18,560.47,480.49,-0.0020748,0.0032461,-1.7731,0.024786,0.00012207
3938,3980,3,-0.99005,517.88,543.37,0,497.13,586.25,550.26,476.48,0.0036781,0.0015826,-1.3479,0.010742,0.00012207
3939,3981,3,-0.94438,498.36,494.48,0,480.7,527.29,525.91,443.31,0.0043828,0.0013493,-1.5248,0.0062617,0.00012207
3940,3982,3,-1.0503,459.5,446.23,0,439.58,479.22,477.08,417.12,0.0018248,0.0018741,-1.7882,0.019246,9.1553e-05
3941,3983,3,-0.96585,489.09,498.52,0,465.76,548.76,512.42,448.28,0.00065066,0.0010955,-1.5827,0.025666,0.00012207
3942,3984,3,-0.99077,541.78,549.43,0,510.99,588.22,583.98,496.26,0.02254,0.0015103,-1.5967,0.011872,0.00012207
3943,3985,1,-0.92352,469.01,462.2,0,447.46,512.45,486.86,420.57,-0.0053964,0.00369,-1.8404,0.016492,6.1035e-05
3944,3986,1,-1.0069,535.26,530.09,0,495.97,576.31,565.82,494.14,0.0031852,0.0015682,-1.8622,0.015333,6.1035e-05
3945,3987,0,-0.98759,397.13,391.57,0,381.66,424.23,409.16,366.16,-0.0028279,0.00060182,-2.1407,0.00037878,6.1035e-05
3946,3988,1,-0.99704,432.54,422.63,0,407.86,467.31,450.55,390.03,0.011468,0.0016658,-2.0078,0.0062091,6.1035e-05
3947,3989,0,-0.97324,402.44,420,0,388.68,452.12,421.3,375.97,-0.011105,0.0012038,-1.9417,0.0033468,3.0518e-05
3948,3990,3,-0.89546,509.16,503.76,0,486.22,548.26,536.84,450.05,0.0061983,0.0013929,-1.6316,0.017595,0.00012207
3949,3991,2,-0.98066,434.39,400.16,0,412.34,430.58,449.48,379.34,-0.0028083,0.0032774,-2.0576,0.009768,6.1035e-05
3950,3992,3,-0.92731,463.28,456.16,0,442.63,498.34,485.27,411.26,-0.0013878,0.0011536,-1.7503,0.016162,0.00012207
3951,3993,1,-0.97542,460.91,485.36,0,438.6,543.1,486.19,419.92,0.022136,0.0013705,-1.775,-0.0021019,9.1553e-05
3952,3994,1,-0.86409,357.25,354.97,0,338.5,399.18,370.93,322.71,0.0077912,0.0022406,-2.1179,0.0043346,6.1035e-05
3953,3995,0,-0.98212,404.91,405.63,0,389.54,440.17,419.36,373.19,0.00082102,0.0011751,-2.1597,0.00081027,6.1035e-05
3954,3996,1,-0.93517,420.2,415.91,0,397.07,468.24,439.37,372.56,-0.0109,0.0015671,-1.9418,0.018644,6.1035e-05
3955,3997,0,-0.88066,425.25,443.34,0,405.28,487.76,442.86,404.14,-0.0030009,0.0023547,-2.1823,0.0050683,6.1035e-05
3956,3998,0,-0.96675,400.98,422.8,0,384.94,457.38,420.34,381.07,-0.014458,0.001376,-1.9509,-0.0067839,6.1035e-05
3957,3999,0,-0.83585,459.36,512.29,0,444.76,548.61,478.14,465.58,0.0035249,0.0045605,-2.0847,0.0046314,6.1035e-05
3958,4000,3,-0.97148,496.77,462.96,0,478.24,503.87,514.17,424.52,3.2137e-05,0.0015521,-1.9202,0.024552,9.1553e-05
3959,4001,3,-1.0297,496.28,458.35,0,473.91,496.83,514.83,426.46,0.005274,0.0022254,-1.998,0.041099,0.00012207
3960,4002,3,-1.0467,557.25,521.15,0,520,570.43,584.43,485.18,0.0086799,0.0020417,-1.7479,0.027419,0.00018311
3961,4003,3,-0.95614,509.11,490.6,0,475.11,545.71,535.56,447.74,0.0019514,0.0018256,-1.938,0.059838,0.00012207
3962,4004,3,-1.0319,520.41,492.66,0,485.44,527.97,553.25,459.49,0.0016886,0.0010692,-1.8373,0.022577,0.00012207
3963,4005,3,-0.92455,521.13,490.6,0,495.15,524.29,550.58,452.43,0.011593,0.0018988,-1.8523,0.034958,6.1035e-05
3964,4006,2,-0.94374,556,528.57,0,518.25,604.57,575.78,488.76,0.0083684,0.0015718,-1.9225,0.0089796,0.00012207
3965,4007,0,-0.90471,443.66,459.44,0,429.52,491.88,464.32,412.02,0.001382,0.003433,-1.9655,-0.00030346,9.1553e-05
3966,4008,3,-0.95345,503.52,491.36,0,476.81,529.72,531.95,450.53,0.0038369,0.00053634,-1.7955,0.0024224,9.1553e-05
3967,4009,0,-0.96425,398.35,411.76,0,383.35,448.19,414.31,372.99,0.013771,0.0041697,-1.9353,0.0060407,6.1035e-05
3968,4010,2,-0.9268,488.68,466.66,0,462.09,511.29,509.36,431.94,-0.0064632,0.00092447,-1.9839,0.026983,0.00012207
3969,4011,2,-1.081,560.51,539.73,0,527.04,588.71,584.94,503.98,0.020644,0.0060513,-1.8167,0.018144,0.00012207
3970,4012,0,-1.0771,442.35,445.43,0,417.79,524.2,452.72,412.18,-0.0113,0.0049404,-2.1362,0.021888,6.1035e-05
3971,4013,3,-0.91908,503.02,507.71,0,481.86,546.84,533.96,450.52,-0.0057846,0.003898,-1.6116,0.023067,0.00012207
3972,4014,3,-0.96909,429.95,434.72,0,414.06,467.5,451.73,389.79,-0.0049601,0.0011832,-1.7101,0.02384,9.1553e-05
3973,4015,1,-0.97301,394.89,374.86,0,382.22,397.98,412.27,343.18,0.00055845,0.00059663,-2.1071,0.0010417,3.0518e-05
3974,4016,0,-0.97768,427.25,421.13,0,412.93,452.22,443.47,385.9,-0.0022442,0.0014685,-2.075,-0.0015616,3.0518e-05
3975,4017,0,-0.92685,379.42,398.65,0,363.59,446.04,392.54,359.39,0.013066,0.0035582,-2.1123,-0.0057861,6.1035e-05
3976,4018,2,-0.98138,528.06,523.43,0,504.07,564.01,553.59,480.22,0.0045967,0.0021598,-1.7687,0.0042254,0.00012207
3977,4019,3,-0.98864,458.42,447,0,441.43,490.37,473.4,408.72,-0.0014444,0.0012745,-1.9086,0.063574,9.1553e-05
3978,4020,0,-0.9692,357.04,352.12,0,347.37,371.32,368.01,330.35,-0.0013173,0.00014897,-2.2901,0.0018523,6.1035e-05
3979,4021,0,-0.96707,398.13,400.47,0,385.63,427.15,413.22,368.27,0.0024456,0.0013738,-1.7983,0.0065943,6.1035e-05
3980,4022,2,-0.97982,523.9,516.1,0,504.36,546.53,552.45,471.62,-0.0023789,0.0023048,-1.7656,0.015428,0.00012207
3981,4023,2,-0.9408,443.11,445.5,0,424.55,474.84,472.06,399.72,0.026153,0.0015179,-1.7727,0.029507,9.1553e-05
3982,4024,2,-0.98125,480.5,461.39,0,465.84,512.21,495.15,410.56,-0.0012563,0.00063799,-1.9457,0.039266,6.1035e-05
3983,4025,1,-0.9733,484.29,478.99,0,467.52,517.84,498.19,446.8,0.00022084,0.0012524,-1.9313,0.011847,6.1035e-05
3984,4026,1,-0.93371,353.89,332.39,0,341.43,354.92,364.21,313.73,-0.0025592,0.0027148,-2.3508,-0.00070438,6.1035e-05
3985,4027,3,-0.92759,508.35,484.53,0,480.9,528.22,534.14,443.49,-0.0023296,0.00074798,-1.8848,0.0090583,0.00012207
3986,4028,2,-0.95177,509.82,483.44,0,493.94,517.7,527.81,444.61,2.883e-05,0.0015106,-1.9279,0.021388,6.1035e-05
3987,4029,2,-1.013,476.84,490.79,0,453.17,536.64,507.29,431.83,0.00053031,0.0039532,-1.7846,0.0055172,0.00012207
3988,4030,1,-0.92814,408.6,377.88,0,391.28,412.05,421.24,352.94,-0.0039947,0.00073074,-2.3273,0.0011183,6.1035e-05
3989,4031,1,-0.9688,476.77,484.28,0,460.66,515.09,501.89,436.22,-0.010194,0.0014872,-1.8884,0.032667,6.1035e-05
3990,4032,0,-0.94269,436.72,437.09,0,419.54,472.03,452.87,404.28,0.0086585,0.0057355,-2.1831,0.0076798,6.1035e-05
3991,4033,1,-0.9207,392.8,387.7,0,380.72,412.53,408.33,355.79,-0.026159,0.00096521,-2.1228,0.0080516,6.1035e-05
3992,4034,2,-0.99635,505.33,474.95,0,469.84,509.19,532.93,448.33,-0.0043114,0.0013763,-2.0554,0.045209,6.1035e-05
3993,4035,0,-2.4018,461.2,460.21,1.5312,467.63,538.16,455.87,395.62,-0.00045703,1.9727,-2.139,0.0041408,6.1035e-05
3994,4036,1,-0.95253,444.45,433.67,0,438.48,483.12,450.81,381.03,0.00076251,0.0084031,-2.0417,0.014435,6.1035e-05
3995,4037,3,-1.0235,522.11,485.68,0,499.17,520.86,545.04,450.5,0.0043027,0.012784,-1.9716,0.031382,0.00018311
3996,4038,1,-1.019,457.25,434.72,0,454.44,475.79,459.73,398.48,0.0040894,0.010915,-2.055,0.01066,6.1035e-05
3997,4039,1,-0.97674,404.01,375.51,0,386.01,419.14,414.81,349.33,0.0019745,0.0047457,-2.3726,-0.0017935,3.0518e-05
3998,4040,2,-0.99193,464.39,440.81,0,457.03,473.29,471.75,408.33,-0.00013323,0.0026604,-1.9856,0.029101,9.1553e-05
3999,4041,0,-0.97442,342.11,345.56,0,330.52,370.47,354.45,319.05,0.00033861,0.0056205,-2.1482,0.00068896,3.0518e-05
4000,4042,3,-0.92656,515.18,514.49,0,493.41,550.54,543.16,468.13,0.0044807,0.0019757,-1.7399,0.018569,0.00012207
4001,4043,1,-0.97845,457.86,445.68,0,436.3,467.11,479.42,424.25,0.0054226,0.0074914,-2.0323,0.013492,6.1035e-05
4002,4044,3,-0.95264,496.99,496.25,0,462.79,535.47,531.19,457.03,-0.0038574,0.0015486,-1.7411,0.01562,0.00018311
4003,4045,2,-1.079,504.95,485.2,0,488.9,548.82,519.1,429.06,-0.010554,0.004406,-1.9773,0.013138,9.1553e-05
4004,4046,2,-0.98163,478.28,453.8,0,462.01,480.97,495.6,424.88,-0.00557,0.0026189,-1.9919,0.013769,9.1553e-05
4005,4047,2,-0.93031,474.03,464.18,0,457.77,526.13,487.5,412.85,-0.001842,0.0015364,-1.916,0.049149,6.1035e-05
4006,4048,3,-0.90524,521,507.65,0,485.26,552.48,556.74,462.81,-0.0012679,0.0011471,-1.7501,0.019813,6.1035e-05
4007,4049,0,-0.96725,383.82,398.09,0,372.69,423.62,401.17,358.26,0.0012595,0.00064853,-1.9765,-0.00045809,6.1035e-05
4008,4050,1,-0.90399,453.57,456.99,0,436.67,491.9,476.74,409.15,0.00075462,0.0010149,-1.8489,0.017991,6.1035e-05
4009,4051,2,-0.91342,486.8,501.26,0,460.07,555.26,515.25,443.79,0.0014865,0.00048424,-1.6344,0.01742,0.00012207
4010,4052,3,-0.94407,445.29,454.3,0,428.93,493.11,467.7,401.12,0.0071542,0.001083,-1.7535,0.009804,9.1553e-05
4011,4053,1,-0.9223,422.55,436.85,0,405.1,473.89,444.99,389.23,-0.00025453,0.0014326,-1.642,0.0040236,9.1553e-05
4012,4054,2,-0.85327,472.92,469.65,0,451.68,534.04,488.43,422.66,0.00097709,0.0015832,-2.0622,0.017688,9.1553e-05
4013,4055,3,-0.89957,568.41,560.51,0,524.1,619.89,612.73,501.14,0.0054653,0.00092375,-1.7843,0.027153,0.00012207
4014,4056,3,-0.93752,491.07,509.23,0,461.91,553.53,528.56,452.29,0.0030394,0.0018316,-1.5746,0.012933,0.00012207
4015,4057,1,-0.9734,488.23,504.07,0,465.24,556.1,514.29,445.1,0.0020822,0.00098677,-1.7051,0.0023371,6.1035e-05
4016,4058,2,-0.93297,511.36,521.69,0,485.66,589.55,534.03,461.81,-0.0048241,0.00093224,-1.8342,0.018222,0.00012207
4017,4059,0,-0.9595,383.78,421.63,0,367.82,463.84,404.3,367.38,-0.0011722,0.0010816,-1.8766,0.00054306,6.1035e-05
4018,4060,0,-0.98572,382.46,385.2,0,366.04,426.33,392.98,358.84,0.0098412,0.00081341,-2.3387,0.0061153,3.0518e-05
4019,4061,2,-0.9961,537.79,538.86,0,514.41,589.85,566.01,477.32,-0.0027557,0.0017347,-1.7467,0.026464,0.00012207
4020,4062,1,-0.87845,499.19,531.64,0,481.39,584.15,525.2,454.88,-0.0055732,0.0022497,-1.83,0.0095109,6.1035e-05
4021,4063,2,-0.90342,464.82,439.2,0,443.15,483.75,480.63,406.69,0.011485,0.0043324,-2.0721,0.012218,6.1035e-05
4022,4064,3,-1.0093,463.67,456.41,0,433.19,509.12,488.92,412.74,-0.00054748,0.003014,-1.8845,0.014901,9.1553e-05
4023,4065,0,-0.98206,373.24,376,0,359.97,403.22,388.28,345.15,-0.035805,0.0020914,-1.7701,0.0034966,3.0518e-05
4024,4066,2,-0.91826,441.2,440.07,0,416.48,493.05,464.42,390.3,7.6604e-05,0.0010898,-1.7666,0.0029497,9.1553e-05
4025,4067,1,-1.0199,503.11,530.78,0,478.75,606.83,524.61,463.68,0.017248,0.0040513,-1.8871,0.0059027,6.1035e-05
4026,4068,2,-0.92923,507.12,518.87,0,482.19,573.88,537.21,452.49,-0.00012531,0.0018983,-1.747,0.0033103,6.1035e-05
4027,4069,3,-0.95908,449.84,428.59,0,426.6,487.81,464.74,390.62,0.0083102,0.00069464,-1.9387,0.011018,9.1553e-05
4028,4070,0,-0.97955,410,401.28,0,392.91,441.07,424.16,368.3,-0.00088124,0.00081038,-2.2172,0.0027519,6.1035e-05
4029,4071,1,-0.90324,446.33,445.41,0,428.86,486.41,464.92,401.77,-0.0034168,0.0026221,-1.9775,0.0094298,6.1035e-05
4030,4072,0,-0.9641,379.2,400.97,0,360.14,444.73,398.27,357.22,0.0091199,0.00058245,-2.141,0.00060034,3.0518e-05
4031,4073,3,-0.96709,529.28,543.52,0,500.63,583.39,571.16,485.24,0.0072056,0.0017816,-1.6717,0.015215,6.1035e-05
4032,4074,1,-0.97074,382.3,394.59,0,368.48,429.83,401.24,346.31,0.0052502,0.0011727,-1.9929,0.031518,6.1035e-05
4033,4075,2,-1.03,467.26,458.29,0,448.85,491.51,486.86,422.92,0.017333,0.0017437,-1.8946,0.016394,6.1035e-05
4034,4076,3,-0.99905,468.01,445.77,0,445.97,488.06,484.1,414.91,0.0044835,0.0014838,-2.0286,0.0019329,6.1035e-05
4035,4077,1,-1.0231,314.14,290.58,0,302.85,305.37,326.16,274.84,-0.01542,0.0036114,-2.1446,0.030728,3.0518e-05
4036,4078,3,-0.93082,489.32,462.95,0,461.78,500.57,516.86,425.33,0.0058688,0.0024209,-1.9207,0.019309,0.00012207
4037,4079,0,-0.9752,416.03,424.29,0,406.32,479.93,423.58,381.02,-0.0089283,0.0021001,-2.2357,0.0174,6.1035e-05
4038,4080,2,-0.97707,467.09,453.85,0,442.98,506.31,482.55,420.22,0.021541,0.0013745,-2.1972,0.096638,6.1035e-05
4039,4081,3,-1.0385,480,452.81,0,454.28,485.8,501.32,425.48,0.0062248,0.0022582,-2.0013,0.0057843,9.1553e-05
4040,4082,1,-0.97438,376.73,357.99,0,363.33,386.84,389.31,330.89,0.00035593,0.00081806,-2.3116,0.0008722,6.1035e-05
4041,4083,0,-0.97865,448.06,445.19,0,430.83,481.02,464.25,411.54,-1.3248e-05,0.0013501,-2.2323,0.00012834,6.1035e-05
4042,4084,1,-0.95787,417.72,407.12,0,397.94,439.66,437.51,374.57,-0.0022939,0.0013675,-2.1833,0.0019754,6.1035e-05
4043,4085,1,-0.99217,529.18,523.63,0,489.26,572.2,562.27,483.39,-0.0013652,0.0022519,-2.0629,0.031911,0.00012207
4044,4086,0,-1.0097,417.91,402.39,0,409.35,440.43,423.04,379.56,-0.015713,0.0022768,-2.4378,0.012627,6.1035e-05
4045,4087,2,-0.93449,543.48,537.44,0,516.52,585.77,570.45,489.11,0.0064394,0.0034522,-1.9619,0.0079673,6.1035e-05
4046,4088,0,-0.98065,399.13,382.88,0,388.44,405.4,407.98,364.21,0.0026456,0.00081786,-2.3746,0.0010014,6.1035e-05
4047,4089,1,-0.98266,409.01,393.2,0,394.35,422.16,425.63,360.37,-0.011795,0.0019785,-1.9909,0.00079154,6.1035e-05
4048,4090,0,-0.97893,401.27,400.45,0,388.65,425.49,415.57,372.08,0.01601,0.00081204,-2.3295,0.013635,6.1035e-05
4049,4091,0,-0.95988,383,387.09,0,368.94,412.51,397.96,360.03,-0.0024175,0.00062923,-2.2106,-0.00050311,3.0518e-05
4050,4092,3,-0.95708,504.26,507.96,0,475.48,547.57,538.98,460.15,0.010413,0.0012777,-1.7198,0.0083118,6.1035e-05
4051,4093,0,-0.97222,345.27,354.17,0,332.69,383.07,359.53,321.42,-0.00021384,0.00055324,-2.1901,-5.9116e-07,6.1035e-05
4052,4094,2,-0.97601,530.04,512.18,0,494.9,555.35,563.05,471.63,0.0086906,0.0012076,-2.0112,0.055952,0.00012207
4053,4095,1,-1.0052,444.04,436.66,0,414.66,487.45,461.66,406.19,-0.0093655,0.0022865,-2.1292,0.01143,6.1035e-05
4054,4096,2,-0.97915,436.32,427.32,0,421.38,465.81,453.25,383.7,0.0034961,0.0011929,-1.8306,0.0061148,6.1035e-05
4055,4097,0,-0.96006,451.14,454.29,0.015625,424.65,504.03,469.26,420.26,-0.020502,0.014764,-2.3138,0.018013,6.1035e-05
4056,4098,3,-0.89701,509.05,484.91,0,483.41,557.52,524.43,441.35,0.018756,0.0018438,-2.0672,0.017901,0.00012207
4057,4099,2,-0.95679,506.92,524.58,0,498.39,584.19,517.89,447.95,0.00020108,0.0024402,-1.8461,0.0069408,0.00012207
4058,4100,3,-0.97273,460.54,459.46,0,440.81,494.06,485.9,414.96,-0.0055076,0.0029621,-1.8803,0.018039,6.1035e-05
4059,4101,0,-0.90146,342.3,345.48,0,325.92,382.7,355.87,314.65,-0.00023747,0.00039195,-2.2912,0.00029862,3.0518e-05
4060,4102,0,-0.98667,383.16,378.87,0,364.3,419.27,397.82,347.45,-0.00054705,0.0016616,-2.3144,0.00048382,6.1035e-05
4061,4103,1,-0.92979,473.44,454.66,0,445.75,496.33,493.64,424.24,-0.015713,0.00087679,-2.1866,0.021521,6.1035e-05
4062,4104,0,-0.94971,340.87,342.5,0,325.25,367.33,356.49,317.67,0.01343,0.0010235,-1.9693,0.0063682,6.1035e-05
4063,4105,1,-0.88603,454.34,466.83,0,439.21,515.1,471.48,412.12,0.0046806,0.0016426,-1.8935,0.0084202,6.1035e-05
4064,4106,2,-0.97909,519.81,543.71,0,492.82,584.06,561.93,480.77,0.0065439,0.0028961,-1.7296,0.022036,0.00012207
4065,4107,1,-0.95984,441.87,437.17,0,421.56,474.8,462.18,399.54,0.030362,0.0019047,-2.0097,0.014001,9.1553e-05
4066,4108,3,-0.9822,526.58,487.15,0,485.48,524.03,556.58,460.24,0.002747,0.0021585,-2.0472,0.024245,6.1035e-05
4067,4109,0,-0.97664,427.27,434.29,0,403.4,485.06,443.59,399.56,-0.036299,0.0011162,-2.3872,-0.0061467,6.1035e-05
4068,4110,3,-0.96717,493.97,477.22,0,474.19,501.92,516.4,449.22,0.011885,0.0023907,-1.7509,0.019761,6.1035e-05
4069,4111,1,-0.86252,560.2,545.18,0,526.36,603.54,584.9,502.58,-0.0036182,0.0028273,-2.1683,0.013649,0.00012207
4070,4112,1,-0.93583,445.72,457.02,0,422.92,479.41,483.71,419.7,-0.0058091,0.0016,-1.7723,0.025645,6.1035e-05
4071,4113,3,-0.90345,455.36,435.73,0,439.36,469.14,471.36,402.31,-0.0026666,0.0015816,-1.9349,0.018236,9.1553e-05
4072,4114,1,-0.97767,405.4,384.14,0,389.53,412.03,423.39,352.52,0.0025233,0.0061039,-2.1686,0.0033263,6.1035e-05
4073,4115,2,-0.92294,506.2,478.06,0,482.64,523.59,525.71,440.34,-0.0020196,0.0015623,-2.1266,0.011241,0.00012207
4074,4116,2,-0.96386,470.5,468.31,0,450.1,504.76,498.46,418.36,0.016695,0.0012652,-1.859,0.0040494,6.1035e-05
4075,4117,1,-0.94168,467.66,457.79,0,437.23,503.17,491.34,422.5,-0.019207,0.0018676,-2.0561,0.01575,6.1035e-05
4076,4118,1,-0.91655,468.49,469.55,0,443.37,515.44,492.09,426.43,-0.0036466,0.00061384,-1.9966,0.011241,9.1553e-05
4077,4119,0,-1.0081,453.9,481.95,0.09375,436.5,533.43,471.3,430.47,-0.008592,0.055914,-2.0185,0.0059372,6.1035e-05
4078,4120,2,-1.0206,482.62,484.38,0,452.49,539.96,507.59,438.33,-0.0032366,0.0013018,-2.1082,0.0095032,6.1035e-05
4079,4121,2,-0.95788,495.47,501.32,0,475.72,531.82,528.38,450.48,-0.0047929,0.00050512,-1.7625,0.0151,9.1553e-05
4080,4122,3,-0.87989,495.58,486.32,0,452.46,528.76,527.04,455.35,0.0034716,0.0037077,-1.9695,0.019033,9.1553e-05
4081,4123,1,-0.83932,384.93,388.3,0,367.16,419.63,403.84,354.96,0.014874,0.0034185,-2.1011,-0.0041972,6.1035e-05
4082,4124,1,-0.93398,379.73,345.88,0,361.35,380.7,390.05,326.35,-0.00060829,0.0012577,-2.4018,0.00068973,6.1035e-05
4083,4125,1,-0.98925,480.1,494.66,0,464.29,533.78,504.77,433.64,-0.017977,0.0040631,-1.6879,0.0092346,6.1035e-05
4084,4126,2,-1.0104,423.71,452.37,0,402.9,505.46,445.86,395.85,0.00011847,0.004414,-1.733,0.014085,9.1553e-05
4085,4127,2,-0.92982,485.84,494.34,0,461.57,534.41,511.68,451.69,0.0085297,0.001222,-1.949,0.0052757,6.1035e-05
4086,4128,2,-0.84624,536.32,512.97,0,512.83,597.32,550.4,462.37,0.0018145,0.0045865,-1.9767,0.0046238,0.00012207
4087,4129,1,-0.93837,460.14,484.84,0,437.62,532.38,489.09,423.72,-0.0022969,0.00080671,-1.9373,0.0056104,0.00012207
4088,4130,2,-0.93352,521.51,535.34,0,487.76,588.81,555.25,481.87,0.013153,0.0018951,-1.8503,0.0099756,0.00012207
4089,4131,2,-0.961,507.04,524.14,0,485.35,568.93,540.89,454.28,0.010068,0.0012127,-1.6904,0.024785,6.1035e-05
4090,4132,1,-0.92368,497.99,494.32,0,469.35,562.39,516.34,450.68,-0.0012526,0.00064587,-2.161,0.0072461,6.1035e-05
4091,4133,1,-0.97921,521.02,531.09,0,488.23,594.73,548.19,478.35,-0.00080436,0.0028775,-1.895,0.020172,6.1035e-05
4092,4134,3,-0.97092,504,517.24,0,473.93,567.4,538.07,460.38,-2.8668e-05,0.0014664,-1.7065,0.016529,0.00012207
4093,4135,3,-0.87569,496.83,509.72,0,473.4,545.94,535.87,449.37,-0.0017134,0.0021588,-1.5704,0.042902,0.00018311
4094,4136,2,-0.93218,518.99,519.92,0,494.67,564.25,548.34,466.42,0.010699,0.0013939,-1.7821,0.02189,0.00012207
4095,4137,0,-0.91076,424.73,441.92,0,405.98,483.06,443.49,400.77,0.0033976,0.0016404,-2.2632,-0.0025798,6.1035e-05
4096,4138,2,-0.99486,532.34,524.68,0,506.5,577.08,558.19,472.27,0.00073367,0.0026692,-1.8026,0.010685,0.00012207
4097,4139,0,-0.95199,429.41,452.74,0,404.46,489.88,455.97,413.21,-0.0064342,0.00093596,-1.9619,0.0027112,6.1035e-05
4098,4140,3,-1.0055,441.59,437.72,0,407.96,482.47,467.75,402.91,-0.0003002,0.0035809,-1.8672,0.0082356,6.1035e-05
4099,4141,0,-1.0305,432.01,447.29,0,416.69,486.98,449.38,402.31,-0.0033387,0.0025927,-2.1522,0.003357,6.1035e-05
4100,4142,1,-0.9897,410.96,380.06,0,391.81,419.62,422.46,356.32,0.0041257,0.0011672,-2.3522,-0.0080648,6.1035e-05
4101,4143,0,-0.98925,427.67,437.93,0,412,455.7,457.59,404.02,0.0030678,0.0041079,-1.9254,0.015436,6.1035e-05
4102,4144,0,-0.95916,332.59,331.9,0,321.05,355.51,344.13,308.29,0.00011469,0.0012448,-2.281,-0.0014946,3.0518e-05
4103,4145,0,-0.92071,372.14,389.13,0,355.37,425.99,390,349.9,-0.00019685,0.0033078,-2.2001,0.00064381,3.0518e-05
4104,4146,0,-0.96718,398.43,399.89,0,382.89,435.48,411.3,370.4,0.0029026,0.0048215,-2.2076,0.011535,3.0518e-05
4105,4147,0,-0.91609,383.68,378.93,0,370.3,406.39,397.06,351.48,-0.012504,0.0058656,-2.3093,0.027681,6.1035e-05
4106,4148,1,-1.0249,370.53,356.72,0,355,385.03,383.4,333.27,0.0025022,0.0097758,-2.239,0.031421,3.0518e-05
4107,4149,2,-0.89425,509.71,488.89,0,475.44,541.16,534.72,450.74,-0.00049268,0.00068888,-2.1701,0.015592,6.1035e-05
4108,4150,2,-0.93021,536.83,528.54,0,510.66,576.19,563,480.9,0.0017501,0.0018319,-2.0354,0.010284,0.00012207
4109,4151,2,-0.95257,453.99,445.13,0,434.5,509.62,469.16,394.97,1.6343e-05,0.0020815,-2.1062,0.018868,9.1553e-05
4110,4152,0,-1.0162,400.4,409.59,0,381.17,438.61,422.18,376.7,-0.030411,0.0059551,-2.0308,0.016502,6.1035e-05
4111,4153,0,-0.90944,422.31,418.41,0,409.84,444.72,435.6,390.41,0.0090772,0.0018544,-2.4038,0.0040236,3.0518e-05
4112,4154,0,-0.99193,393.84,377.05,0,381.57,399.52,402.24,361.68,-0.0038542,0.00089208,-2.4931,-0.0015838,3.0518e-05
4113,4155,1,-0.9614,534.6,508.33,0,523.01,549.4,547.74,461.77,0.0036712,0.002149,-2.043,0.0070822,0.00012207
4114,4156,2,-0.95356,524.15,506.58,0,495.36,546.72,551.2,468.88,-0.00055983,0.00088189,-1.961,0.014805,0.00012207
4115,4157,2,-0.96553,453.71,439.02,0,439.42,461.2,479.17,399.49,0.0094667,0.0015542,-1.8599,0.0081263,9.1553e-05
4116,4158,1,-0.92209,453.04,431.35,0,430.29,494.53,464.16,400.5,-0.0022385,0.00088824,-2.3848,0.0044184,6.1035e-05
4117,4159,2,-0.88398,509.28,505.32,0,496.73,549.45,522.65,458.35,0.010866,0.0011046,-2.1314,0.024269,6.1035e-05
4118,4160,0,-0.97553,408.18,417.03,0,385.59,450.71,428.1,387.31,0.0014892,0.0011811,-2.0276,0.018406,6.1035e-05
4119,4161,0,-0.92035,419.21,426.71,0,402.19,456.25,436.22,397.18,-0.0035357,0.00061133,-2.1895,0.0057027,6.1035e-05
4120,4162,0,-0.97278,357.87,368.22,0,349.45,387.91,371.01,337.49,-0.00023593,0.0013007,-2.1154,0.0054294,3.0518e-05
4121,4163,2,-0.90665,437.54,417.74,0,413.85,456.77,452.74,392.73,-0.0039705,0.00098252,-2.3577,0.0065987,9.1553e-05
4122,4164,1,-0.98122,403.15,390.23,0,387.52,413.52,418.78,366.94,-0.0028451,0.0025216,-2.2179,-0.00046583,3.0518e-05
4123,4165,1,-0.98723,431.34,410.46,0,415.98,434.77,445.77,387.63,-0.0080966,0.00072574,-2.2813,0.0062506,6.1035e-05
4124,4166,3,-1.0125,551.86,512.85,0,529.64,539.95,580.42,478,0.034422,0.0018678,-1.8841,0.05082,0.00012207
4125,4167,3,-0.92477,498.14,476.72,0,468.31,527.48,518.55,441.99,0.0070971,0.0016157,-2.0726,0.011437,0.00012207
4126,4168,1,-0.9093,372.89,353.59,0,360.27,377.51,387.19,326.48,-0.018678,0.0011934,-2.121,0.0040938,6.1035e-05
4127,4169,1,-0.98031,414.97,398.03,0,399.71,423.03,431.21,371.42,0.00302,0.0037968,-2.2279,0.0032593,3.0518e-05
4128,4170,3,-0.9488,464.9,443.89,0,449.54,473.65,481.26,412.21,0.0025041,0.00064204,-2.0591,0.027806,9.1553e-05
4129,4171,1,-1.008,349.12,327.18,0,343.67,349.69,355.69,300,-0.0049073,0.0029554,-2.041,0.0030074,6.1035e-05
4130,4172,2,-0.9383,521.08,484.76,0,498.17,524.89,537.79,455.48,-0.0041006,0.0010485,-2.2983,0.051611,6.1035e-05
4131,4173,1,-0.98429,435.99,418.12,0,419.67,454.93,450.39,385.64,-0.014312,0.0018509,-2.1801,0.00044339,6.1035e-05
4132,4174,3,-0.89428,468.3,465.5,0,444.01,500,499.52,421.14,0.0048516,0.00099881,-1.7139,0.0042578,9.1553e-05
4133,4175,2,-1.0327,457.06,432.58,0,433.61,454.39,485.36,406.26,-0.00075444,0.0033257,-1.9665,0.01745,6.1035e-05
4134,4176,1,-0.88781,365.06,365.38,0,349.82,398.46,380.3,332.3,-0.0040123,0.0013655,-2.1774,0.0011355,6.1035e-05
4135,4177,3,-0.91088,527.78,489.67,0,502.8,515.11,557.92,458.98,0.0081578,0.00091292,-1.9305,0.037384,0.00012207
4136,4178,0,-1.6695,470.94,474.22,0.71875,466.09,506.07,475.8,442.38,0.003739,0.51531,-2.2444,0.002772,6.1035e-05
4137,4179,1,-0.92005,400.18,374.8,0,386.32,400.91,412.4,351.76,-0.0057476,0.00649,-2.1774,0.0068857,6.1035e-05
4138,4180,0,-0.90628,421.11,421.36,0,402.19,460.25,437.8,387.05,-0.014202,0.01927,-2.1527,0.0039913,6.1035e-05
4139,4181,1,-0.97937,413.24,409.85,0,401.37,428.92,433.04,378.07,0.014218,0.0051872,-2.0243,0.041245,6.1035e-05
4140,4182,0,-0.98238,399.48,401.14,0,380.84,437.99,412.23,375.92,-0.00094205,0.0016793,-2.3518,-0.0017045,3.0518e-05
4141,4183,1,-1.0101,370.72,362.69,0,355,382.65,389.69,338.6,-0.022796,0.0035425,-2.072,0.016819,6.1035e-05
4142,4184,1,-0.94152,422.75,394.67,0,408.38,419.91,438.04,367.81,0.013682,0.0019262,-2.1763,0.0087844,6.1035e-05
4143,4185,1,-0.94879,426.95,419.75,0,406.92,453.53,444.62,389.95,0.0047001,0.00075274,-2.0424,-0.0009316,6.1035e-05
4144,4186,0,-0.98755,382.67,372.71,0,366.28,403.15,393.17,353.2,0.0039562,0.0013178,-2.1847,0.00040849,3.0518e-05
4145,4187,2,-1.0228,471.18,434.25,0,444.42,458.23,494.79,413.1,-0.0099454,0.0024961,-2.1031,0.0073992,6.1035e-05
4146,4188,2,-0.87756,540.72,536.03,0,516.73,567.77,578.13,486.53,0.016305,0.001466,-1.8285,0.024849,9.1553e-05
4147,4189,3,-0.98739,468.15,424.94,0,442.63,455.7,482.47,407.69,-0.00064341,0.0011975,-2.1649,0.01323,9.1553e-05
4148,4190,2,-1.0068,473.4,458.22,0,448.34,498.41,495.52,422.76,-0.012996,0.00087582,-2.0852,0.0019836,9.1553e-05
4149,4191,1,-0.96762,539.27,522.71,0,511.11,559.88,565.72,487.79,0.0057382,0.0016597,-2.1057,0.0062855,6.1035e-05
4150,4192,1,-0.95036,390.42,366.68,0,372.8,390.94,409.17,340.86,0.0049032,0.0020852,-2.2114,-0.0030615,3.0518e-05
4151,4193,3,-0.96049,465.67,433.19,0,452.77,479.02,476.35,395.21,2.7524e-05,0.0010187,-2.1582,0.02199,0.00012207
4152,4194,0,-0.95386,417.34,431.02,0,402.69,462.45,435.01,393.09,-0.0094889,0.00098693,-2.1285,0.0033819,6.1035e-05
4153,4195,1,-0.93807,386.46,382.87,0,382.16,415.08,392.74,335.79,-0.026657,0.0024959,-1.9698,0.021163,6.1035e-05
4154,4196,3,-0.99358,462.09,454.83,0,449.07,483.25,479.93,415.89,0.013769,0.00084416,-1.9357,0.016753,6.1035e-05
4155,4197,3,-0.96136,466.3,431.77,0,439.3,467.77,483.61,408.7,-0.021262,0.0010938,-2.3129,0.024459,9.1553e-05
4156,4198,0,-1.0264,440.94,450.54,0,423.21,496.68,455.64,412.31,-0.019786,0.0032412,-2.2709,0.012701,6.1035e-05
4157,4199,1,-1.0125,514.33,513.5,0,493.15,565.96,533.01,467.22,0.01831,0.0027535,-2.0367,0.021582,6.1035e-05
4158,4200,1,-0.94603,457.88,456.09,0,439.22,495.93,476.54,416.25,0.014736,0.00088851,-2.3322,0.0032737,6.1035e-05
4159,4201,0,-0.94764,355.2,366.25,0,339.48,398.65,371.93,331.76,-0.0038118,0.0017414,-2.2733,-0.0014781,3.0518e-05
4160,4202,2,-0.94078,495.86,491.14,0,477.58,526.51,520.91,442.66,0.023604,0.00040516,-1.9469,0.0072786,9.1553e-05
4161,4203,0,-1.0089,401.2,394.45,0,382.52,437.73,413.17,366.7,-0.00027758,0.0013203,-2.5762,-0.00028079,6.1035e-05
4162,4204,2,-1.0069,484.86,490.39,0,451.42,545.62,516.27,438.5,-0.0057155,0.0016136,-1.8498,0.033676,9.1553e-05
4163,4205,0,-0.95478,431.59,458.3,0,410.76,505.15,452.43,411.45,0.0079953,0.003135,-2.0993,0.020289,3.0518e-05
4164,4206,2,-0.97267,487.2,489.02,0,459.96,538.17,511.24,445.65,0.018137,0.00094201,-2.0942,0.00079477,9.1553e-05
4165,4207,2,-0.89779,464.71,449.14,0,450.85,478.6,483.71,408.76,-0.00053441,0.0028846,-1.9892,0.011818,0.00012207
4166,4208,2,-1.0177,514.91,532.25,0,492.35,579.91,545.81,466.93,0.0049664,0.0031865,-1.8593,0.030471,6.1035e-05
4167,4209,3,-0.89592,482.64,465.46,0,456.44,502.94,507.26,430.26,0.0077602,0.00085438,-2.0884,0.0037676,9.1553e-05
4168,4210,2,-0.92039,471.94,463.18,0,456.15,508.2,489.84,412.16,0.0014919,0.0013885,-2.1591,0.010631,6.1035e-05
4169,4211,3,-0.96073,432.33,433.13,0,413.14,463.54,454.08,398.66,0.025013,0.0012636,-1.911,0.030421,9.1553e-05
4170,4212,0,-0.99978,416.12,455.43,0,405,499.89,433.46,386.06,-0.012153,0.010032,-2.019,0.035112,6.1035e-05
4171,4213,3,-0.98183,541.38,557.39,0,512.06,621.11,574.6,485.19,0.011362,0.0014243,-1.7599,0.025244,0.00012207
4172,4214,0,-0.94581,437.06,442.93,0,418.46,485.77,452.47,407.44,-0.015305,0.0011377,-2.4871,2.0446e-05,3.0518e-05
4173,4215,2,-0.96403,431.89,434.29,0,409.73,470.64,458.63,390.42,-0.00062709,0.00091337,-1.9632,0.0083794,9.1553e-05
4174,4216,2,-0.93472,374.08,389.02,0,358.96,423.11,393.52,345.18,0.0052106,0.0013127,-2.0533,0.010143,9.1553e-05
4175,4217,1,-1.0159,407.7,400.81,0,387.43,442.77,427.97,358.86,-0.0099341,0.0026511,-2.019,0.0038164,6.1035e-05
4176,4218,3,-0.97184,493.35,473.37,0,471.97,521.41,511.07,433.56,0.0074818,0.0006244,-2.1142,0.012761,0.00012207
4177,4219,2,-0.97243,480.95,479.27,0,458.49,518.45,508.06,431.98,-0.0011901,0.00090578,-1.8878,0.012077,0.00012207
4178,4220,3,-0.99741,517.96,491.93,0,488.16,538.47,545.96,448.2,0.0021675,0.0016709,-1.9029,0.030526,0.00012207
4179,4221,0,-0.97268,400.41,412.7,0,382.53,453.23,417.21,374.64,0.0018291,0.0011936,-2.3226,-0.0016389,6.1035e-05
4180,4222,2,-1.0424,491.84,499.1,0,468.92,530.49,527.61,450.13,-0.00045498,0.0019275,-1.8285,0.014636,6.1035e-05
4181,4223,1,-0.98649,524.21,492.26,0,498.45,555.61,537.69,459.07,0.0098167,0.0021198,-2.5195,-0.002581,9.1553e-05
4182,4224,2,-0.92847,527.08,503.32,0,502.39,546.81,551.77,459.83,0.0028826,0.0019703,-1.9392,0.015418,6.1035e-05
4183,4225,2,-1.012,454.86,430.9,0,429.33,470.6,477.38,395.87,-0.0045671,0.0028552,-2.1828,0.036472,9.1553e-05
4184,4226,1,-0.89833,429.41,429.74,0,415.82,456.49,452.08,385.16,-0.001754,0.0029182,-1.7874,0.0096332,9.1553e-05
4185,4227,3,-1.0096,455.08,444.52,0,436.63,474.28,480.38,403.74,0.010259,0.0017226,-1.7504,0.040217,0.00012207
4186,4228,1,-0.90777,394.73,379.23,0,381.24,413.69,406.64,348.83,-0.0081705,0.00066569,-2.3558,0.032917,6.1035e-05
4187,4229,3,-0.94536,469.63,451.36,0,432.96,503.59,491.64,420.02,0.0072462,0.00092376,-2.2639,0.024122,6.1035e-05
4188,4230,0,-0.95081,320.07,324.39,0,308.56,353.79,330.89,296.77,0.0067754,0.0016565,-2.3329,-0.0043559,3.0518e-05
4189,4231,2,-0.93915,449.73,416.56,0,419.06,456.04,469.38,391.26,0.0048562,0.00044704,-2.2495,0.0070836,9.1553e-05
4190,4232,1,-0.95762,494.25,500.74,0,470.84,548.57,519.16,449.83,-0.0085778,0.0019452,-2.0376,0.027093,6.1035e-05
4191,4233,3,-0.92449,528.15,513.3,0,500.55,570.46,551.02,465.93,0.0079232,0.00096113,-2.0534,-3.8155e-05,0.00012207
4192,4234,3,-0.97644,518.09,506.48,0,489.16,563.28,543.63,456.36,0.0077874,0.00081237,-1.9741,0.020542,9.1553e-05
4193,4235,0,-0.97111,428.69,466.08,0,411.02,519.22,448.71,405.85,0.012997,0.0088385,-2.0526,0.00043428,6.1035e-05
4194,4236,1,-0.93744,473.69,475.86,0,457.19,507.53,497.79,429.57,-0.0018104,0.00058538,-2.1268,0.0038889,6.1035e-05
4195,4237,0,-0.98684,450.42,441.57,0,438.58,463.22,463.02,418.52,0.013525,0.0025169,-2.3287,-0.0016532,6.1035e-05
4196,4238,0,-0.88309,379.69,382.58,0,364.81,417.39,393.66,349.87,0.0053561,0.0054273,-2.4568,0.0022514,6.1035e-05
4197,4239,1,-1.0067,398.53,387.42,0,387.05,417.3,413.3,349.01,-0.0046829,0.0022683,-1.9968,0.012957,6.1035e-05
4198,4240,3,-0.9587,475.16,450.81,0,455.61,482.48,494.7,419.14,0.0011282,0.0013439,-2.1369,0.011161,6.1035e-05
4199,4241,3,-0.99334,475.21,472.08,0,458.71,506.35,497.81,425.12,-0.00051877,0.00073522,-1.9761,0.0095793,0.00012207
4200,4242,2,-0.9091,521.19,557.78,0,506.08,604.08,550.04,469.38,0.016749,0.00098466,-1.6712,0.012746,0.00012207
4201,4243,1,-0.87553,464.66,465.3,0,454.52,528.03,473.06,413.32,-0.0063517,0.0026491,-2.118,0.019151,9.1553e-05
4202,4244,3,-0.93399,519.84,520.47,0,494.2,575.48,550.79,454.07,0.020595,0.00085176,-1.828,0.067676,0.00012207
4203,4245,2,-0.95726,506.94,471.32,0,479.16,510.2,525.95,444.73,0.0081797,0.0014247,-2.3058,0.0032731,9.1553e-05
4204,4246,2,-0.97817,558.1,552.58,0,519.73,625.8,589.9,491.92,0.0050556,0.0026249,-1.9412,0.020459,0.00012207
4205,4247,0,-0.89068,390.43,400.22,0,369.6,444.64,410,358.49,0.00053189,0.0021303,-2.1114,0.0021598,6.1035e-05
4206,4248,0,-1.7794,435.3,454.41,1,425.59,491.75,450.43,396.17,0.0080282,0.67139,-1.9507,0.0082774,nan
4207,4249,0,-0.96404,389.65,396.72,0,375.97,429.71,403.33,363.73,-0.023675,0.00071451,-2.0851,-9.8356e-05,6.1035e-05
4208,4250,3,-0.92355,499.66,499.9,0,482.3,539.75,525.03,441.65,0.006874,0.0056496,-1.9005,0.011813,9.1553e-05
4209,4251,3,-0.97535,475.54,463.61,0,442.41,508.31,503,426.57,0.012497,0.0024181,-2.1049,0.017015,9.1553e-05
4210,4252,2,-0.96991,500.9,520.6,0,474.55,587.36,527.25,453.84,0.0062528,0.0013937,-2.1014,0.030555,6.1035e-05
4211,4253,3,-0.93948,557.93,568.07,0,514.74,624.58,610.06,499.87,0.018142,0.0010002,-1.7983,0.028357,0.00012207
4212,4254,1,-0.96237,462.39,462.71,0,443.69,540.85,476.03,405.69,-0.0066888,0.0022129,-2.2473,0.010943,6.1035e-05
4213,4255,2,-0.92215,506.91,502.4,0,486.91,557.46,528.19,443.79,0.016336,0.0016581,-1.9881,0.0095754,0.00012207
4214,4256,0,-1.0125,436.79,448.54,0.015625,411.85,484.32,460.22,414.93,-0.0075483,0.01459,-2.2045,0.0062547,6.1035e-05
4215,4257,2,-1.0064,518.88,530.33,0,497.97,588.9,545.77,455.01,0.0042888,0.0010894,-1.837,0.022843,0.00012207
4216,4258,2,-0.96801,380.47,376.42,0,366.97,410.98,395.77,337.25,-0.0042767,0.0015073,-1.7944,0.029254,6.1035e-05
4217,4259,0,-0.99914,375.7,381.57,0,359.07,420.44,391.32,345.05,-0.013042,0.0014626,-2.0543,0.0080167,3.0518e-05
4218,4260,0,-1.0028,438.51,448.36,0,418.15,487.07,457.64,412,-0.011594,0.0011416,-2.1607,0.026935,3.0518e-05
4219,4261,0,-0.95931,365.84,389.87,0,354.06,422.27,381.98,345.46,-0.020415,0.0016707,-1.8012,0.0024522,6.1035e-05
4220,4262,1,-0.91716,470.36,483.21,0,439.37,543.07,497.71,430.39,0.0077591,0.0016543,-1.912,0.020599,6.1035e-05
4221,4263,0,-0.94109,421.4,434.34,0,409.14,460,443.24,388.59,0.0040825,0.0024782,-1.9811,0.0074478,6.1035e-05
4222,4264,1,-0.9021,331.28,318.64,0,319.47,345.1,343.1,292.18,-0.0013817,0.0011067,-2.2178,-3.4189e-05,6.1035e-05
4223,4265,2,-0.90836,482.33,479.46,0,451.69,548.29,504.7,429.23,0.0059861,0.0013479,-2.056,0.016612,9.1553e-05
4224,4266,2,-0.93111,510.37,498.81,0,488.13,546.86,531.27,453.67,0.0030286,0.0014163,-1.9675,0.01775,0.00012207
4225,4267,3,-0.98998,541.61,532.8,0,514.92,593.08,570.03,468.62,0.0059244,0.001991,-1.7717,0.01456,0.00012207
4226,4268,0,-0.97749,385.93,408.79,0,371.71,445.08,404.2,362.13,0.0096192,0.0017735,-1.8361,-0.0069979,3.0518e-05
4227,4269,0,-0.97201,394.63,415.86,0,376.76,462.43,412.49,369.29,0.0049853,0.00040196,-2.1771,0.0017424,6.1035e-05
4228,4270,1,-0.94064,386.95,387.4,0,371.08,419.61,404.94,350.9,-0.0066795,0.0010174,-1.9508,0.0048235,6.1035e-05
4229,4271,3,-0.95064,500.9,511.5,0,474.06,565.42,533.29,446.43,0.0023865,0.00089999,-1.6789,0.015097,9.1553e-05
4230,4272,2,-0.98001,467.97,452.24,0,441.77,504.9,484.76,418.48,-0.0016188,0.00096893,-2.233,0.01488,9.1553e-05
4231,4273,3,-0.8777,485.76,488.48,0,444.09,538.52,522.52,444.32,-0.0013664,0.0016535,-1.9491,0.017696,0.00012207
4232,4274,3,-0.90076,530.31,545.55,0,513.04,599.44,553.98,471.7,0.012892,0.0018762,-1.657,0.0084829,0.00012207
4233,4275,1,-0.9899,515.27,498.02,0,488.02,571.24,531.63,454.09,0.026421,0.0017632,-2.1394,0.00829,0.00012207
4234,4276,2,-0.86543,457.4,455.44,0,429.17,511.31,483.91,402.96,0.0041416,0.001683,-2.0486,0.01128,9.1553e-05
4235,4277,3,-0.90256,522.95,478.2,0,488.31,546.05,539.87,445.06,0.012395,0.00074372,-2.1303,0.0035426,9.1553e-05
4236,4278,2,-0.98636,473.31,478.27,0,454.42,510.1,502.78,428.61,-0.012054,0.0017851,-1.8516,0.026316,6.1035e-05
4237,4279,3,-1.0238,411.35,402.34,0,386.61,443.32,429.4,372.44,0.016576,0.0015575,-2.1007,0.0043101,9.1553e-05
4238,4280,3,-0.91463,501.41,489.12,0,469.14,544.96,528.15,442.85,-0.0026411,0.0015568,-1.9977,0.025536,0.00012207
4239,4281,1,-0.95641,411.03,424.49,0,389.25,476.06,434.21,369.6,-0.0038013,0.0022473,-1.9888,0.0070825,6.1035e-05
4240,4282,3,-0.97343,464.61,474.07,0,445.39,527.55,486.39,413.46,0.0060276,0.0016238,-1.7446,0.034393,0.00012207
4241,4283,2,-1.0427,533.11,520.85,0,504.74,571.76,558.15,475.93,-0.001669,0.0029689,-1.9678,0.011526,9.1553e-05
4242,4284,0,-0.97169,402.76,404.4,0,391.7,432.84,416.96,367.84,0.0015349,0.0020803,-1.989,-0.0006782,3.0518e-05
4243,4285,0,-0.90708,360.66,375.98,0,347.01,410.74,376.12,336.58,-0.014631,0.003786,-2.1392,-0.00038949,3.0518e-05
4244,4286,1,-0.95535,442.79,471.21,0,417.44,526.78,471.52,408.24,0.0028499,0.0008443,-1.9961,0.017169,6.1035e-05
4245,4287,2,-0.98817,509.31,492.61,0,491.84,549.55,522.9,448.32,-0.0011536,0.0014184,-1.9072,0.0041111,0.00012207
4246,4288,3,-0.95333,490.89,465.8,0,461.06,506.4,515.61,432.16,0.0016283,0.0018134,-1.8027,0.009674,9.1553e-05
4247,4289,3,-0.96779,491.86,500.81,0,477.64,541.76,512.63,440.96,-0.0074365,0.0012451,-1.7783,0.020795,0.00012207
4248,4290,3,-0.97135,435.44,472.15,0,416.9,502.89,473.41,409.2,0.00098737,0.0013821,-1.6716,0.0090238,9.1553e-05
4249,4291,3,-0.96346,502.91,469.79,0,491.53,511.14,514.3,428.44,0.0080272,0.0051471,-1.9437,0.045038,0.00012207
4250,4292,3,-0.92616,553.2,550.3,0,514.15,628.75,581.7,493.05,0.007249,0.0012246,-2.0022,0.022358,0.00012207
4251,4293,0,-0.99437,452.71,456.94,0.03125,444.32,476.79,469.89,416.31,0.0029623,0.01984,-1.9394,0.011281,6.1035e-05
4252,4294,1,-0.98406,406.03,378.52,0,391.1,414.69,417.64,350.39,-0.0060773,0.00082847,-2.2615,0.0048277,6.1035e-05
4253,4295,1,-0.95256,434.04,435.84,0,422.31,470.15,452.34,382.3,-0.0043595,0.0011675,-1.5431,0.00586,6.1035e-05
4254,4296,1,-0.97572,389.36,379.17,0,377,409.94,401.72,348.4,-0.033777,0.000893,-2.1298,0.012202,6.1035e-05
4255,4297,1,-0.98301,454.61,452.37,0,436.59,502.43,468.62,413.43,-0.0011704,0.0023555,-2.3222,0.0026481,6.1035e-05
4256,4298,3,-0.83295,469.66,481.66,0,443.62,528.53,501.09,425.11,0.0093605,0.0034066,-1.9595,0.0047187,9.1553e-05
4257,4299,2,-0.89777,447.29,444.24,0,427.05,471.95,476.86,403.75,0.002589,0.0021207,-1.916,0.019738,6.1035e-05
4258,4300,2,-0.95663,436.38,418.25,0,420.14,440.84,458.64,387.3,0.01183,0.0015792,-1.9861,0.00019964,9.1553e-05
4259,4301,3,-0.95027,463.97,466.57,0,436.29,517.44,486.9,424.43,0.00095636,0.0025009,-2.0155,0.012585,6.1035e-05
4260,4302,1,-0.81828,407.54,406.64,0,396.84,427.39,431.07,360.99,0.0031955,0.0020378,-1.8973,0.0080204,6.1035e-05
4261,4303,3,-0.95706,521.08,492.42,0,488.13,553.78,542.21,453.09,0.0075933,0.0011086,-2.1024,0.03513,0.00012207
4262,4304,2,-0.86758,458.11,442.51,0,436.23,495.22,476.24,398.84,-0.0059106,0.0016357,-2.0743,0.027927,9.1553e-05
4263,4305,0,-0.93381,452.62,454.9,0,431.5,504.5,468.03,418.71,-0.0047182,0.0012387,-2.0589,0.0021638,6.1035e-05
4264,4306,1,-0.97414,352.71,330.1,0,338.17,358.56,365.54,304.99,0.0003599,0.0023542,-2.238,0.0001933,6.1035e-05
4265,4307,3,-0.91429,463.23,444.06,0,441.45,480.69,487.91,402.56,0.0033825,0.0016442,-1.882,0.015375,6.1035e-05
4266,4308,3,-0.99941,507,473.36,0,485.5,513.69,525.98,437.78,0.017104,0.00068936,-1.9883,0.021885,0.00012207
4267,4309,3,-0.92342,491.56,474.87,0,468.96,507.9,520.61,432.41,-0.0029285,0.00074704,-1.8774,0.021997,0.00012207
4268,4310,0,-2.1008,456.19,446.87,1.1875,441.32,502.7,464.54,415.56,0.016424,1.1035,-2.3128,0.037949,3.0518e-05
4269,4311,0,-0.96326,392.13,398.14,0,377.64,430.17,407.55,364.04,0.038623,0.003922,-2.0805,0.0090481,6.1035e-05
4270,4312,3,-0.88388,532.46,499.92,0,498.64,556.7,554.14,463.52,0.013888,0.01086,-2.1237,0.024567,0.00012207
4271,4313,0,-0.9774,446.6,464.87,0,432.94,504.78,462.1,419.65,-0.010356,0.0095982,-2.1323,0.0025881,6.1035e-05
4272,4314,2,-0.88286,462.95,476.91,0,439.6,520.98,489.41,426.96,0.0073702,0.0027215,-1.8705,0.0057851,9.1553e-05
4273,4315,0,-0.96043,374.3,397.9,0,360.33,430.09,394.7,350.83,3.5364e-05,0.00049783,-2.1877,1.3649e-06,3.0518e-05
4274,4316,3,-0.99734,547.79,491.79,0,527.74,522.31,567.83,461.28,0.0025948,0.0039173,-2.0954,0.010304,0.00012207
4275,4317,1,-0.96383,397.43,371.4,0,382.1,401.79,411.83,342.86,0.008286,0.0018509,-2.2825,-0.0014582,6.1035e-05
4276,4318,0,-0.91002,312.42,305.52,0,303.42,330.87,319.87,284.51,-0.0068444,0.00041033,-2.344,0.0062645,3.0518e-05
4277,4319,3,-1.0092,470.72,461.94,0,444.73,489.49,504.14,426.52,-0.0049436,0.0024017,-1.8109,0.019626,9.1553e-05
4278,4320,3,-0.97336,498.36,466.14,0,464.81,502.23,522.84,439.8,0.018294,0.0022473,-1.9705,0.019335,0.00012207
4279,4321,2,-0.97743,454.73,442.51,0,424.32,481.61,481.56,408.02,0.0020498,0.001195,-1.9627,0.0074385,6.1035e-05
4280,4322,0,-1.5719,458.86,474.02,0.64062,462.89,568.27,455.52,395.93,-0.010244,0.37412,-2.26,-0.001599,6.1035e-05
4281,4323,1,-1.0032,370.52,370.06,0,351.97,407.72,385.89,338.86,0.0074979,0.0051138,-2.1339,0.0037352,3.0518e-05
4282,4324,2,-0.98254,461.59,433.71,0,437.76,480.62,477.89,401.62,0.00097226,0.013165,-2.2007,0.0062914,9.1553e-05
4283,4325,0,-0.99767,407.76,407.91,0,394.16,435.67,421.37,380.15,-0.0088796,0.012028,-2.4032,0.0020614,6.1035e-05
4284,4326,2,-1.0347,500.04,488.32,0,475.04,524.57,530.21,444.58,0.011539,0.0032807,-1.8559,0.0041214,9.1553e-05
4285,4327,0,-0.97422,399.14,429.29,0,377.83,478.24,421.82,377.19,0.0091078,0.001444,-2.0477,0.0055625,6.1035e-05
4286,4328,0,-0.9593,418.44,426.97,0,394.66,478.17,435.8,389.61,0.00037791,0.0049085,-2.0403,0.0028378,6.1035e-05
4287,4329,0,-0.89463,388.56,403.89,0,368.78,433.16,412.44,368.55,0.011971,0.000987,-1.9702,0.0019485,3.0518e-05
4288,4330,0,-0.97894,425.99,444.11,0,408.55,477.05,448.42,401.76,0.0023004,0.002138,-2.1018,0.007219,6.1035e-05
4289,4331,3,-0.94824,483.58,467.18,0,462.29,504.88,506.26,427.05,-0.0097499,0.0020482,-1.9037,0.017114,9.1553e-05
4290,4332,0,-0.96604,407.07,415.35,0,394.35,459.03,420.62,368.84,-0.031872,0.0029341,-2.0749,8.8259e-05,3.0518e-05
4291,4333,2,-1.0045,441.59,461.04,0,429.15,527.86,453.27,398.27,-0.00086778,0.0050096,-1.967,0.012118,0.00012207
4292,4334,3,-0.91755,493.2,475.51,0,452.94,532.59,524.52,431.12,0.0023893,0.0015248,-2.0099,0.016083,9.1553e-05
4293,4335,0,-0.9895,424.78,414.29,0,407.67,463.67,436.49,380.5,-0.0033835,0.0055111,-2.1116,0.0043547,6.1035e-05
4294,4336,2,-0.87462,494.11,477.72,0,471.16,546.18,509.82,430.87,-0.0061589,0.0010948,-2.0378,0.028318,9.1553e-05
4295,4337,3,-1.0043,513.25,512.35,0,482.16,558.8,542.46,468.71,0.00011527,0.0059224,-1.8078,0.029729,0.00012207
4296,4338,1,-0.94768,347.57,334.43,0,335.66,357.52,361.95,306.56,-0.0029926,0.0011295,-2.0937,0.0074131,6.1035e-05
4297,4339,2,-0.89925,523.48,526.3,0,489.85,601.52,549.64,467.8,0.016457,0.0017937,-1.8845,0.02904,9.1553e-05
4298,4340,1,-0.90685,421.38,393.1,0,406.51,437.98,431.55,362.39,0.021159,0.0016351,-2.1536,0.010457,6.1035e-05
4299,4341,3,-0.95355,439.16,438.38,0,412.31,473.01,467.74,401.52,0.005414,0.0018086,-1.8041,0.016834,0.00012207
4300,4342,1,-0.93255,503.65,497.47,0,478.9,570.53,518.5,453.63,0.01978,0.0018922,-2.2058,0.011639,6.1035e-05
4301,4343,0,-0.96103,355.36,361.07,0,341.21,397.35,368.66,327,-0.0011157,0.00077152,-2.2264,0.00085872,6.1035e-05
4302,4344,2,-0.94481,467.29,470.23,0,452.09,533.94,480.71,414.02,0.0049589,0.001529,-1.8913,0.0049697,6.1035e-05
4303,4345,2,-1.0102,472.73,456.32,0,457.28,503.59,489.17,406,-0.00025448,0.0028166,-1.9584,0.0068267,9.1553e-05
4304,4346,2,-0.9682,487.23,492.91,0,455.01,566.53,506.57,448.73,0.0087352,0.0014744,-2.1087,0.02355,6.1035e-05
4305,4347,3,-0.97386,528.59,514.67,0,499.91,577.88,552.35,462.3,0.0095626,0.0023201,-1.9528,0.011301,0.00012207
4306,4348,3,-1.0119,498.91,492.47,0,478.65,542.98,516.78,447.91,0.032129,0.0014423,-1.8557,0.028778,0.00012207
4307,4349,2,-0.95932,458.25,445.33,0,432.69,490.05,480.79,405.86,-0.00035039,0.0022219,-2.0931,0.045911,6.1035e-05
4308,4350,3,-0.94105,418.19,422.15,0,400,456.01,446.57,369.32,0.0008932,0.0013261,-1.7349,0.020461,6.1035e-05
4309,4351,0,-0.95717,361.24,373.32,0,349.1,408.26,375,333.72,-0.00097826,0.0059375,-1.7145,-0.0013852,6.1035e-05
4310,4352,3,-0.94618,518.84,533.74,0,482.81,587.26,552.69,483.47,0.014494,0.0016495,-1.7771,0.04497,0.00012207
4311,4353,3,-0.93393,496.76,496.28,0,459.58,553.08,525.68,452.1,0.0029357,0.0023808,-1.9227,0.031568,9.1553e-05
4312,4354,1,-0.95984,399.03,407.02,0,381.14,453.78,419.29,354.02,-0.0039139,0.00065423,-2.0758,0.0014032,6.1035e-05
4313,4355,3,-0.93244,429.54,436.65,0,412.15,480.2,445.87,395.73,0.0060785,0.00059527,-1.9314,0.01103,9.1553e-05
4314,4356,0,-0.92227,409.97,437.6,0,385.61,485.67,434.33,389.54,-0.0081373,0.0041443,-2.0675,0.010229,3.0518e-05
4315,4357,1,-0.91428,417.12,439.58,0,396.23,496.29,439.35,379.22,-0.014265,0.0011127,-2.0387,0.00040032,6.1035e-05
4316,4358,0,-0.95809,423.02,438.1,0,410.24,465.05,445.82,390.05,-0.0016401,0.0017165,-1.8643,0.0045571,6.1035e-05
4317,4359,2,-0.96602,431.06,418.49,0,409.66,447.7,455.3,385.4,-0.0050294,0.0011196,-2.0031,0.0071936,6.1035e-05
4318,4360,0,-1.0185,408.5,425.65,0,394.12,459.44,428.22,379.34,0.011624,0.0029108,-1.7837,0.0063053,6.1035e-05
4319,4361,1,-0.97912,531.7,558.34,0,507.56,628,559.06,479.4,0.0023934,0.0017434,-1.8445,0.0032924,0.00012207
4320,4362,3,-0.97313,464.32,471.29,0,436.75,519.16,488.65,429.05,0.0025727,0.0015353,-1.8056,0.0046394,9.1553e-05
4321,4363,0,-0.94644,360.32,394.06,0,342.86,432.32,384.25,341.62,-0.0057055,0.0020207,-1.8699,0.010278,3.0518e-05
4322,4364,1,-0.92756,418.01,437.93,0,394.77,498.41,439.85,381.12,-0.014781,0.0016965,-2.0207,0.016841,6.1035e-05
4323,4365,2,-0.96247,462.75,475.2,0,440.68,528.97,484.82,421.43,0.013351,0.00092036,-1.9333,0.018144,9.1553e-05
4324,4366,1,-1.0337,414.39,401.77,0,390.28,459.42,426.17,373.62,-0.015992,0.003686,-2.2335,0.022361,6.1035e-05
4325,4367,2,-0.94962,546.45,554.65,0,526.07,598.97,576.24,489.88,0.01869,0.0024381,-1.7162,0.015206,0.00012207
4326,4368,0,-1.0442,459.11,467.37,0.03125,441.05,535.46,470.69,423.73,-0.026691,0.011763,-2.4119,-0.0049088,6.1035e-05
4327,4369,0,-0.91222,374.12,385.92,0,358.59,426.68,388.71,347.63,0.0077516,0.0066884,-2.2529,0.00944,6.1035e-05
4328,4370,3,-0.91307,500.43,514.11,0,483.16,573.57,522.64,437.67,0.010637,0.0011298,-1.8217,0.023005,0.00012207
4329,4371,3,-0.97948,480.06,462.6,0,456.39,515.49,499.66,418.78,0.016239,0.00080511,-1.9466,0.02402,0.00012207
4330,4372,1,-0.93515,487.98,500.2,0,464.04,566.55,509.1,441.65,0.002035,0.0017191,-2.0388,0.021395,9.1553e-05
4331,4373,0,-0.91543,364.76,377.55,0,350.89,412.87,381.5,334.92,-0.0016526,0.0060754,-1.9536,-2.7337e-05,6.1035e-05
4332,4374,2,-0.9234,527.02,533.39,0,504.75,581.96,553.9,474.78,0.00077897,0.0011746,-1.9151,0.01128,0.00012207
4333,4375,1,-0.91193,418.47,435.75,0,398.19,476.81,444.55,382.97,-0.002983,0.0018259,-1.736,0.0060551,6.1035e-05
4334,4376,3,-0.95486,492.78,482.93,0,470.92,529.25,517.55,430.43,0.001467,0.0015163,-1.8477,0.016282,0.00012207
4335,4377,0,-0.99099,359.57,360.82,0,342.76,401.55,371.84,331.1,0.0047823,0.0016357,-1.9885,0.0056138,6.1035e-05
4336,4378,1,-0.94907,556.53,545.35,0,528.86,614.42,575.46,498.08,0.01774,0.0012006,-2.2116,0.0050144,6.1035e-05
4337,4379,3,-0.98074,463.07,474.99,0,442.47,530.51,482.43,422.83,6.471e-05,0.00099266,-1.9494,0.0023338,9.1553e-05
4338,4380,2,-0.91566,486.71,493.06,0,455.58,543.41,521.98,435.99,0.0064801,0.0026573,-1.8382,0.011667,9.1553e-05
4339,4381,3,-0.92528,521.71,507.33,0,498.3,546.84,546.63,465.26,-0.001332,0.0010965,-1.9289,0.028132,0.00012207
4340,4382,1,-0.9741,579.89,574.37,0,549.1,644.82,608.82,508.19,-0.0061899,0.0022799,-2.1192,0.0078793,0.00012207
4341,4383,1,-0.98302,443,446.71,0,421.74,491.63,465.62,398.9,0.016865,0.0011608,-2.0531,0.0064174,6.1035e-05
4342,4384,2,-0.90665,483.32,479.65,0,451.9,546.1,507.75,427.97,0.015034,0.001037,-2.0861,0.033021,6.1035e-05
4343,4385,0,-0.98344,409.89,399.82,0,391.84,442.26,422.24,370.79,0.00098447,0.00030041,-2.5016,-0.001405,6.1035e-05
4344,4386,0,-0.94295,439.86,468.15,0,413.81,510.72,469.38,419.91,-0.0076373,0.0021643,-2.1684,0.016237,6.1035e-05
4345,4387,0,-1.1886,458.81,475.78,0.23438,444.99,555.71,469.55,413.61,0.0009235,0.16602,-2.0621,0.0090493,6.1035e-05
4346,4388,2,-1.02,519.75,518.69,0,489.51,565.58,551.94,468.76,0.011824,0.0026789,-1.918,0.035142,0.00012207
4347,4389,2,-0.95378,420.42,413.96,0,401.23,448.04,445.08,370.14,0.002458,0.0015637,-1.9641,0.0099728,9.1553e-05
4348,4390,0,-0.97857,444.44,488.38,0,423.19,546.03,468.53,423.04,-0.0011366,0.0036896,-2.1452,-0.0011808,6.1035e-05
4349,4391,1,-0.96263,398.42,444.32,0,386.78,491.57,417.82,365.57,-0.00018975,0.0012932,-1.8072,-0.0010314,6.1035e-05
4350,4392,3,-0.95265,552.37,563.36,0,519.63,625.47,587.23,497.24,0.0064979,0.001111,-1.7891,0.031965,9.1553e-05
4351,4393,1,-0.97265,392.24,375.09,0,381.08,401.82,404.88,344.79,-0.00057386,0.0014572,-2.2484,0.0021707,6.1035e-05
4352,4394,0,-0.98558,432.07,468.72,0,419.24,507.6,452.08,408.05,-0.0052376,0.0021305,-1.9349,0.012826,6.1035e-05
4353,4395,0,-0.95157,362.26,365.37,0,347.5,399.97,374.5,336.7,-0.013965,0.0021695,-2.0886,0.011625,6.1035e-05
4354,4396,0,-1.0035,405.13,420.34,0,391.24,476.34,416.65,373.94,-0.022187,0.0022271,-2.113,0.014773,6.1035e-05
4355,4397,1,-0.90291,419.35,412.29,0,388.95,455.28,441.53,380.92,-0.0099742,0.00095095,-2.0637,0.038744,6.1035e-05
4356,4398,1,-0.90519,504.42,513.82,0,480.63,579.7,526.77,451.92,0.039652,0.0013962,-1.9504,0.018413,6.1035e-05
4357,4399,1,-0.9615,481.24,486.38,0,452.78,547.24,507.97,429.2,-0.022509,0.0011492,-2.0297,0.0072756,6.1035e-05
4358,4400,2,-0.96919,472.52,465.45,0,441.56,513.22,498.17,425.87,-0.014675,0.0027183,-1.9758,0.072108,9.1553e-05
4359,4401,2,-0.91928,490.25,500.15,0,467.97,544.59,520.79,439.25,0.0078709,0.0013816,-1.8609,0.0082886,9.1553e-05
4360,4402,3,-0.91997,484.23,461.69,0,455.74,503.54,507.83,427.01,0.014676,0.00094467,-2.0406,0.017877,6.1035e-05
4361,4403,2,-0.97562,436.25,447.69,0,415.38,525.43,451.48,390.96,0.0024767,0.0013742,-2.0934,0.0071396,9.1553e-05
4362,4404,0,-0.9857,440.12,455.42,0,419.14,499.74,461.1,411.11,0.00019947,0.0034182,-2.1322,-0.0012462,6.1035e-05
4363,4405,3,-0.95076,509.17,498.6,0,473.06,556.98,533.88,458.67,0.0014384,0.00070524,-1.9713,0.02141,0.00012207
4364,4406,1,-0.97013,359.45,355.51,0,340.13,399.45,375.45,319.1,-0.0025207,0.0014829,-2.1699,0.0013516,3.0518e-05
4365,4407,1,-0.87681,376.83,401.95,0,356.52,443.28,401.34,352.07,-0.012002,0.0017351,-1.912,0.014819,6.1035e-05
4366,4408,0,-1.0103,417.01,439.48,0,400.19,485.17,433.84,393.79,0.003925,0.0013276,-1.972,-0.00047081,3.0518e-05
4367,4409,0,-1.0086,351.1,371.54,0,346.32,414.66,357.24,316.1,-0.00088102,0.0026554,-2.0095,-0.0029345,3.0518e-05
4368,4410,3,-0.94085,478.5,489.08,0,454.23,540.53,509.7,422.92,0.004583,0.0010344,-1.787,0.018984,0.00012207
4369,4411,3,-0.99282,520.91,537.28,0,495.1,592,550.15,475.26,0.0062586,0.0019291,-1.7498,0.0046499,0.00018311
4370,4412,1,-0.9719,372.71,375.63,0,357.48,404.86,392.29,338.04,-0.005305,0.001316,-2.0072,-0.0067798,6.1035e-05
4371,4413,1,-0.98781,446.47,474.44,0,421.82,513.59,482.51,417.21,-0.0086765,0.0016385,-1.7526,-0.0019119,6.1035e-05
4372,4414,0,-0.9623,373.09,396.97,0,345.84,434.73,398.68,361.49,-0.0099387,0.001835,-2.0237,0.011409,3.0518e-05
4373,4415,0,-1.4133,463.98,490.13,0.54688,452.29,546.06,477.23,426.75,-0.0036363,0.30128,-2.0689,-0.002232,6.1035e-05
4374,4416,0,-0.98564,338.94,337.55,0,321.41,370.65,351.73,313.4,-0.0030868,0.015886,-2.1879,0.0008532,3.0518e-05
4375,4417,2,-0.87345,432.55,427.51,0,415.62,468.12,451.74,381.49,-0.0098249,0.010882,-1.9791,0.0079825,9.1553e-05
4376,4418,0,-0.97794,336,338.45,0,323.39,363.99,348.62,312.91,0.00023876,0.0027048,-2.2634,0.00060217,3.0518e-05
4377,4419,0,-0.97631,372.66,392.26,0,358.58,416.99,393.23,356.13,-0.0027723,0.0033107,-1.9432,-1.4866e-05,3.0518e-05
4378,4420,1,-0.95226,388.83,394.27,0,359.22,425.26,420.35,361.28,0.00096462,0.0025667,-1.959,0.010519,6.1035e-05
4379,4421,2,-0.94698,443.87,438.71,0,424.37,488.51,463.37,388.91,0.0030522,0.0035405,-1.9498,0.013931,9.1553e-05
4380,4422,2,-0.93347,489.51,480.69,0,464.01,526.13,515.01,435.25,-1.0145e-05,0.0016203,-2.0257,0.009506,9.1553e-05
4381,4423,3,-0.88649,468.95,492.79,0,448.23,546.66,499.22,414.04,0.032185,0.0017718,-1.6611,0.020395,0.00012207
4382,4424,0,-0.99177,336.03,339.48,0,325.76,367.74,346.96,309.39,-0.013832,0.0019178,-2.1446,0.015557,3.0518e-05
4383,4425,0,-0.93107,411.57,425.48,0,392.64,462.85,429.36,390.38,-0.0025415,0.0027563,-2.2642,0.0027828,6.1035e-05
4384,4426,1,-0.98565,353.74,340.58,0,337.05,362.34,371.5,317.42,-0.0033058,0.0016663,-2.2287,0.014672,6.1035e-05
4385,4427,2,-1.035,485.99,456.85,0,468.45,504.16,498.79,422.32,0.019222,0.0041038,-2.1657,0.011905,6.1035e-05
4386,4428,2,-1.0366,471.54,451.16,0,445.39,494.41,493.2,415.32,-0.0057681,0.0027783,-2.1233,0.016978,6.1035e-05
4387,4429,2,-0.98575,458,437.63,0,437.89,471.59,478.1,403.68,0.018304,0.0016915,-2.0804,0.022293,6.1035e-05
4388,4430,3,-1.0026,488.46,480.1,0,463.02,533.79,513.9,426.41,0.006465,0.0014163,-1.9255,0.022226,0.00012207
4389,4431,2,-0.88055,421.56,417.29,0,393.12,464.72,445.12,377.99,0.0023092,0.0016963,-1.9286,0.0022826,6.1035e-05
4390,4432,3,-0.90972,510.01,511.65,0,476.31,554.07,545.9,466.5,-0.0067024,0.001655,-1.881,0.01474,9.1553e-05
4391,4433,2,-1.0039,464.96,431.4,0,442.33,463.51,482.56,406.44,-0.005369,0.0033492,-2.0538,0.015909,6.1035e-05
4392,4434,2,-0.89201,477.75,460.79,0,462.55,502.24,496.1,410.77,0.0084564,0.0019706,-1.9367,0.019731,6.1035e-05
4393,4435,0,-0.95578,437.18,464.78,0,416.38,517.61,457.99,411.96,-0.0027544,0.0049202,-2.1441,0.00058098,6.1035e-05
4394,4436,2,-1.0053,521.95,522.68,0,504.53,563.99,544.35,469.58,-0.0031062,0.0044838,-1.833,0.073951,0.00012207
4395,4437,3,-0.90247,485.67,490.18,0,463.07,537.48,512.94,433.09,-0.00033133,0.001061,-1.7765,0.012347,0.00012207
4396,4438,0,-1.2408,462.86,477.52,0.28125,451.53,513.43,477.44,431.35,0.0070108,0.19187,-1.9381,0.00031745,3.0518e-05
4397,4439,2,-0.9978,521.96,493.82,0,493.43,538.44,547.12,454.44,-0.019326,0.001951,-1.9877,0.040889,0.00012207
4398,4440,2,-1.004,411.15,397.2,0,389.6,446.95,423.23,369.29,-0.011393,0.0020261,-2.1003,0.013537,0.00012207
4399,4441,3,-1.0452,515.28,498.92,0,478.93,532.98,549.43,466.93,0.0052864,0.0028474,-1.967,0.031508,6.1035e-05
4400,4442,2,-0.94341,525.71,502.61,0,501.83,547.26,549.58,457.96,0.00018562,0.0034634,-1.9356,0.0080298,9.1553e-05
4401,4443,2,-0.98703,522.86,520.95,0,492.55,555.41,559.44,479.37,0.0089479,0.0024212,-1.8328,0.0047699,9.1553e-05
4402,4444,3,-0.95507,535.54,512.86,0,493.5,554.32,572.63,476.28,0.010008,0.0016074,-1.7548,0.011584,0.00012207
4403,4445,0,-0.99009,397.05,377.02,0,386.31,396.75,404.9,362.62,-0.0020359,0.0012036,-2.5535,0.00089546,6.1035e-05
4404,4446,1,-0.87612,414.38,422.86,0,396.93,468.05,431.83,377.68,3.3287e-05,0.0020514,-2.0971,-0.0020696,6.1035e-05
4405,4447,3,-1.0063,477.05,442.05,0,446.13,484.96,501.09,408.67,0.0031486,0.0025453,-1.9439,0.013491,0.00012207
4406,4448,1,-1.0245,500.53,486.05,0,484.58,538.3,514.61,439.94,-0.0071652,0.0057913,-2.1107,0.021136,6.1035e-05
4407,4449,0,-0.97533,408.51,411.56,0,389.51,449.39,424.24,380.22,-0.0025815,0.0016156,-2.3595,0.0013645,6.1035e-05
4408,4450,3,-1.007,541.83,528.79,0,510.31,570.21,577.56,481.85,0.016196,0.0014844,-1.6605,0.0033942,0.00012207
4409,4451,0,-0.96926,359.38,374.87,0,344.76,406.72,375.93,338.78,-0.00066643,0.0032006,-2.1089,-0.0005513,3.0518e-05
4410,4452,0,-1.1768,461.11,497.82,0.21875,448.41,541.47,477.45,441.7,-0.00043516,0.13695,-1.8496,0.00075551,6.1035e-05
4411,4453,2,-1.0544,589.55,579.69,0,539.12,642.62,628.77,530.74,-0.0011436,0.0034366,-1.8466,0.053612,0.00012207
4412,4454,0,-0.94808,371.75,366.09,0,365.35,397.73,377.78,336.36,0.0007496,0.017797,-2.1741,0.033924,3.0518e-05
4413,4455,2,-0.96954,482.13,484.83,0,448.33,538.59,513.88,434.33,0.0011924,0.0033051,-1.9596,0.018833,6.1035e-05
4414,4456,0,-1.2829,434.76,461.79,0.39062,454.89,536.75,413.33,382,0.00033537,0.13306,-2.0779,-0.0016552,6.1035e-05
4415,4457,2,-0.90895,495.8,478.73,0,471.83,514.9,519.77,442.57,0.031169,0.0069971,-1.9841,0.036745,0.00012207
4416,4458,1,-0.93582,391.51,387.62,0,377.67,417.52,408.21,351.53,0.0015197,0.012302,-1.9761,-0.00053424,6.1035e-05
4417,4459,1,-0.94198,360.94,337.58,0,346.45,363.06,374.56,313.65,-0.00026878,0.019395,-2.2539,-0.0014384,3.0518e-05
4418,4460,2,-1.0081,517.64,516.96,0,493.49,557.31,548.69,465.08,0.0068877,0.0048581,-1.8496,0.024102,6.1035e-05
4419,4461,2,-1.0614,517.84,512.77,0,489.4,558.74,544.55,469.6,-0.0028203,0.0040738,-1.7871,0.011662,0.00012207
4420,4462,2,-0.92179,507.13,484.15,0,478.42,539.7,530.91,438.13,0.0056798,0.0023796,-1.9159,0.010977,9.1553e-05
4421,4463,2,-0.88586,437.76,434.8,0,411.88,471.71,467.09,392.97,0.019076,0.0043612,-1.9177,0.015442,6.1035e-05
4422,4464,2,-0.90962,472.14,454.68,0,436.05,495.92,503.98,418.28,0.0097526,0.0043558,-1.974,0.023798,6.1035e-05
4423,4465,2,-0.96216,440.56,417.59,0,423.59,471.27,452.17,380.87,-0.00093519,0.0022926,-2.0162,0.0066343,6.1035e-05
4424,4466,2,-0.90257,471.38,459.3,0,443.53,506.64,494.45,420.07,-0.0043547,0.0012291,-2.0078,0.01769,9.1553e-05
4425,4467,0,-0.99822,333.94,347.74,0,328.73,387.09,339.85,303.15,-0.0081754,0.0036942,-2.0749,0.00086171,6.1035e-05
4426,4468,1,-0.8871,398.08,388.43,0,383.99,435.04,412.18,341.82,-0.0063764,0.0017513,-2.009,0.0028597,6.1035e-05
4427,4469,1,-0.99461,450.28,464.1,0,431.91,507.6,472.45,411.6,0.01541,0.0037461,-1.8137,0.044882,9.1553e-05
4428,4470,2,-0.90281,593.35,559.3,0,550.06,617.39,627.02,514.12,0.0064169,0.0011776,-1.9385,0.010631,0.00018311
4429,4471,3,-0.93455,488.48,504.09,0,464.44,550,521.43,441.18,-0.0030692,0.0011802,-1.6114,0.012753,0.00012207
4430,4472,2,-0.91958,457.54,487.87,0,434.65,541.01,485.16,423.73,-0.0064943,0.0020312,-1.7524,0.0043614,9.1553e-05
4431,4473,0,-0.98239,425.62,438.81,0,411.26,477.16,440.91,397.99,-0.0040476,0.0031541,-2.1369,0.0037884,6.1035e-05
4432,4474,2,-0.91025,452.79,453.71,0,421.96,492.47,485.62,412.45,-0.00067109,0.0012215,-1.8744,0.014031,9.1553e-05
4433,4475,3,-0.95535,571.99,538.84,0,547.48,597.61,592.31,490.14,0.027359,0.0015627,-1.9306,0.011943,0.00012207
4434,4476,3,-0.91641,457.42,461.29,0,433.94,502.81,485.75,411.19,-0.0073752,0.00086239,-1.7172,0.017153,9.1553e-05
4435,4477,3,-0.9821,469.8,462.85,0,445.23,502.62,494.38,423.08,0.00050327,0.0011229,-1.9592,0.015433,9.1553e-05
4436,4478,2,-0.89165,457.37,437.57,0,424.52,484.14,482.92,401.35,-0.0096393,0.0021838,-2.1518,0.024817,9.1553e-05
4437,4479,2,-1.014,472.85,463.14,0,439.68,522.19,497.05,420.05,0.00071243,0.0027492,-1.9921,0.012192,9.1553e-05
4438,4480,1,-0.96741,471.1,495.7,0,452.92,548.3,493.04,432.22,0.0087517,0.0023569,-1.8867,0.0025426,6.1035e-05
4439,4481,2,-1.0115,420.2,411.04,0,397.66,465.83,436.65,371.07,-0.0042376,0.001329,-2.0162,0.012047,9.1553e-05
4440,4482,0,-0.97742,227.81,231.51,0,220.61,249.55,236.51,209.74,-0.0059918,0.0048485,-2.0194,0.0038833,3.0518e-05
4441,4483,0,-0.97892,334.09,338.49,0,320.04,369.31,346.49,311.29,0.0080638,0.0031293,-2.2179,0.0093236,3.0518e-05
4442,4484,3,-0.96221,485.7,507.61,0,459.12,559.59,519.86,440.79,0.0068701,0.0016709,-1.658,0.012777,9.1553e-05
4443,4485,1,-0.9552,383.52,387.19,0,363.45,424.9,404.88,347.04,0.00082689,0.001571,-1.9959,0.0037533,6.1035e-05
4444,4486,2,-0.93616,465.24,456.95,0,430.49,497.12,494.03,423.66,0.0012993,0.0015686,-2.0616,-0.0038038,0.00012207
4445,4487,2,-0.98508,467.67,487.25,0,446.86,528.83,498.09,426.48,0.0068375,0.0017281,-1.7525,0.017334,6.1035e-05
4446,4488,2,-0.90727,462.43,491.73,0,443.13,539.15,490.65,422.43,0.022006,0.001629,-1.7181,0.029446,9.1553e-05
4447,4489,1,-0.92167,378.66,375.46,0,375.41,416.07,382.6,326.46,-0.0085521,0.0064694,-1.7854,0.0036473,6.1035e-05
4448,4490,3,-1.011,441.77,441.93,0,425.79,473.95,466.69,391.98,0.0012903,0.0024053,-1.7682,0.018982,9.1553e-05
4449,4491,2,-0.92125,472.58,474.33,0,450.99,535.09,491.63,420.72,0.0023914,0.00089394,-1.9802,0.0014601,9.1553e-05
4450,4492,0,-1.1741,469.64,489.88,0.17188,453.48,535.71,479.33,462.38,5.7803e-05,0.10154,-2.4703,-0.00092546,6.1035e-05
4451,4493,0,-0.97899,431.81,437.31,0.015625,411.76,470.33,451.86,404.29,-0.011457,0.012558,-1.9807,0.018702,6.1035e-05
4452,4494,1,-0.96403,497.88,510.19,0,476.41,580.33,515.67,452.07,-0.0040992,0.0033555,-2.0507,0.019373,6.1035e-05
4453,4495,0,-1.0097,357.22,358.45,0,343.44,387.61,370.17,331.05,-0.0065189,0.0014737,-2.1018,0.014379,3.0518e-05
4454,4496,0,-1.1473,456.3,461.4,0.17188,459.4,499.36,452.04,409.39,-0.011899,0.11463,-2.0782,-0.0002859,6.1035e-05
4455,4497,1,-0.93542,525.6,536.38,0,508.93,586.33,548.45,467.94,-0.0060757,0.0034364,-1.8273,0.04436,6.1035e-05
4456,4498,1,-0.96284,507.45,517.74,0,479.88,557.39,542.89,466.77,0.0010986,0.001621,-1.816,-0.0017141,0.00012207
4457,4499,3,-0.89236,480.86,458.4,0,464.68,496.92,497.05,419.87,0.003365,0.0022872,-1.9185,0.0098644,9.1553e-05
4458,4500,1,-0.99149,386.79,356.55,0,371.51,388.58,395.96,337.33,-0.030138,0.0023768,-2.3426,0.01007,6.1035e-05
4459,4501,0,-0.98958,367.38,366.73,0,350.68,391.65,384.09,341.8,-0.0052152,0.0016208,-2.0794,0.0033415,3.0518e-05
4460,4502,0,-0.97656,342.26,348.75,0,329.7,382.35,355.64,312.99,-0.0015967,0.0013777,-2.0569,0.0045585,6.1035e-05
4461,4503,1,-0.85908,455.12,451.26,0,436.61,500.71,474.83,398.61,-0.0049256,0.0015942,-2.014,0.02244,9.1553e-05
4462,4504,1,-0.93758,349.07,351.15,0,332.51,374.42,369.05,323.06,-0.0035124,0.0045757,-1.9506,0.0024132,6.1035e-05
4463,4505,1,-0.95119,425.62,438.27,0,404.12,480.01,449.99,390.97,-0.0028904,0.002577,-2.0457,-0.00059662,6.1035e-05
4464,4506,2,-0.77914,460.85,458.53,0,434.43,510.94,482.75,415.1,0.002134,0.0026609,-2.0322,0.0093703,9.1553e-05
4465,4507,3,-1.0021,465.11,498.79,0,441.97,541.07,498.93,436.98,0.0036667,0.0037588,-1.6908,0.021021,9.1553e-05
4466,4508,2,-0.93739,391.23,398.73,0,374.5,436.71,409.05,358.3,-0.0089211,0.00041388,-1.993,0.017118,6.1035e-05
4467,4509,3,-0.90735,461.62,490.89,0,434.09,533.42,501.87,428.72,0.0002542,0.0018256,-1.856,0.011007,0.00012207
4468,4510,0,-0.98744,367.65,391.62,0,350.04,447.54,382.25,345.28,-0.016138,0.0007606,-2.0402,0.016238,6.1035e-05
4469,4511,0,-0.97608,384.55,397.48,0,364.44,439.93,400.19,364.47,0.0026668,0.00036578,-2.2095,-0.0040144,3.0518e-05
4470,4512,0,-0.91803,424.37,461.72,0,404.59,508.14,448.25,405.69,-0.00042839,0.0021107,-2.1116,0.0020148,6.1035e-05
4471,4513,2,-0.91545,486.62,481.36,0,458.33,537.01,510.06,435.26,-0.0064994,0.00072029,-1.9835,0.034847,0.00012207
4472,4514,2,-0.91,441.58,446.99,0,414.3,488.12,472.5,400.39,0.00039139,0.0018785,-1.925,0.013965,0.00012207
4473,4515,3,-0.95876,478.5,466.53,0,450.53,521.76,501.68,420.76,0.0004976,0.00097733,-1.952,0.010272,0.00012207
4474,4516,2,-0.95058,544.05,514.9,0,505.81,573.96,573.79,468.97,0.014834,0.0011715,-2.0664,0.0015508,0.00012207
4475,4517,2,-0.98929,476.24,479.9,0,457.7,510.14,507.14,429.51,0.0078043,0.001103,-1.7873,0.013795,9.1553e-05
4476,4518,1,-1.0224,556.08,548.96,0,514.45,604.48,588.45,505.77,-0.0040144,0.0045912,-2.0298,0.0050958,0.00012207
4477,4519,3,-1.0472,525.33,527.91,0,493.07,583.84,557.58,471.98,0.0078808,0.0024051,-1.7665,0.026786,6.1035e-05
4478,4520,1,-0.84828,436.65,437.85,0,416.52,480.27,459.47,389.77,0.016898,0.018545,-1.9449,0.013745,6.1035e-05
4479,4521,1,-0.99441,491.35,474.12,0,469.14,514.6,513.56,433.64,0.00012093,0.0021537,-2.0661,0.0019719,6.1035e-05
4480,4522,3,-0.94857,485.12,450.53,0,454.79,503.2,505.88,414.5,-0.0016936,0.003107,-1.9518,0.0097866,9.1553e-05
4481,4523,0,-0.99952,408.59,417.05,0.015625,392.27,443.55,424.9,390.55,-0.0045158,0.0119,-2.2923,0.0036657,3.0518e-05
4482,4524,0,-0.95456,413.82,419.05,0,396.19,457.6,431.45,380.5,0.0068345,0.0017101,-2.1877,0.00048622,3.0518e-05
4483,4525,3,-0.90999,477.2,485.6,0,442.58,540.9,516.44,422.94,0.0042666,0.0012173,-1.7264,0.016693,0.00012207
4484,4526,0,-0.90244,398.72,410.74,0,374.47,462.16,417.59,370.74,-0.022651,0.0015697,-2.2076,-9.5721e-06,6.1035e-05
4485,4527,0,-0.9831,396.24,402.76,0,379.55,439.72,410.06,372.13,0.013625,0.0026416,-2.2362,-0.0030544,6.1035e-05
4486,4528,1,-0.95162,524.25,504.69,0,494.57,556.43,547.33,464.44,-0.011369,0.00080879,-2.1612,0.039701,9.1553e-05
4487,4529,2,-0.94273,436.76,445.7,0,413.1,506.32,458.98,388.76,-0.002703,0.001855,-1.993,0.0049067,6.1035e-05
4488,4530,1,-0.906,520.79,524.46,0,489.15,566.47,558.98,473.75,0.0096543,0.001356,-1.9447,0.011935,0.00012207
4489,4531,1,-0.90839,388.81,377.49,0,371.6,415.52,404.98,341.77,0.016865,0.002164,-2.1454,-0.0010625,6.1035e-05
4490,4532,1,-0.92456,490.13,506.62,0,467.9,545.39,522.63,449.96,-0.00391,0.0014054,-1.9412,0.0048725,6.1035e-05
4491,4533,2,-0.83324,448.24,456.67,0,422.59,497.45,481.21,404.22,-0.00021395,0.0016418,-1.8528,0.0045553,6.1035e-05
4492,4534,1,-0.86489,384.43,405.79,0,371.29,447.3,402.43,348.91,0.02701,0.00094319,-1.9719,0.012975,6.1035e-05
4493,4535,0,-0.90303,371.32,376.34,0,353.53,412.59,386.06,346.31,-0.025987,0.0018055,-2.3201,-0.0011959,3.0518e-05
4494,4536,2,-1.0274,520.37,511.1,0,500.42,563.96,542.97,451.2,0.0019002,0.0078378,-1.8639,0.011661,0.00012207
4495,4537,1,-1.0053,360.34,359.76,0,350.71,387.34,374.42,319.43,0.0064838,0.0086838,-1.8812,0.0041879,6.1035e-05
4496,4538,2,-0.93314,475.4,491,0,458.29,535.69,498.85,429.74,0.00096163,0.0019597,-1.8111,0.016826,9.1553e-05
4497,4539,2,-0.96039,414.46,420.42,0,396.38,461.42,434.95,373.95,0.0052526,0.001845,-1.9127,0.0062813,9.1553e-05
4498,4540,1,-0.934,367.43,389.39,0,353.71,416.55,391.89,340.97,0.0016249,0.00096445,-1.9328,0.0017358,6.1035e-05
4499,4541,1,-0.99147,452.4,456.02,0,429.73,504.2,473.69,410.76,-0.0042036,0.0011701,-1.9718,0.0077399,6.1035e-05
4500,4542,3,-0.98187,559.24,541.75,0,530.29,597.15,586.44,489.71,0.013162,0.001589,-1.8448,0.033538,0.00012207
4501,4543,2,-0.9138,507.87,507.83,0,466.88,563.38,541.83,461.81,0.0076547,0.0016954,-1.815,0.0073252,6.1035e-05
4502,4544,2,-0.93005,495.9,511.74,0,471.44,560.52,525.43,452.86,0.010155,0.0010572,-1.789,0.011021,0.00012207
4503,4545,0,-0.97906,430.74,422.22,0,413.75,456.26,444.81,394,0.016726,0.0012949,-2.3739,0.0020995,3.0518e-05
4504,4546,2,-0.94023,485.59,483.43,0,463.45,527.01,512.31,430.83,0.0010341,0.0007941,-1.9039,0.061918,0.00012207
4505,4547,2,-0.98533,488.87,461.16,0,466.75,496.74,507.19,431.67,0.00053618,0.0015986,-2.1217,0.008924,9.1553e-05
4506,4548,3,-0.90229,523.34,506.39,0,474.37,556.53,569.33,459.28,-6.029e-05,0.0011237,-1.9441,0.010145,0.00012207
4507,4549,0,-0.9558,430.68,436.02,0,417.36,491.39,440.41,395.61,0.0096896,0.0011382,-2.21,0.0075647,6.1035e-05
4508,4550,2,-0.96605,497.06,490.64,0,459.49,539.04,530.2,447.92,0.0039876,0.002097,-1.9282,0.0093003,6.1035e-05
4509,4551,1,-0.94101,432.08,436.35,0,415.4,486.69,448.75,386.01,0.0052919,0.0012409,-2.0429,-0.0014581,6.1035e-05
4510,4552,2,-0.8993,531.84,529.71,0,508.45,592.54,553.81,470.68,0.00032603,0.002035,-1.9233,0.036305,0.00012207
4511,4553,0,-1.2067,453.72,459.5,0.3125,448.67,535.25,457.4,404.22,0.0058185,0.17027,-2.1843,-0.00035434,6.1035e-05
4512,4554,0,-0.98852,448.1,452.49,0,429.38,505.33,462.66,411.39,-0.0044334,0.0021117,-2.0183,0.0043549,6.1035e-05
4513,4555,3,-0.9418,511.97,511.75,0,479.47,551.91,553.76,460.12,0.0048918,0.0018604,-1.7026,0.010154,0.00012207
4514,4556,0,-0.97804,401.59,405.53,0,384.8,438.18,418.38,372.88,0.0006278,0.0018376,-2.1928,-0.00093178,6.1035e-05
4515,4557,3,-0.87814,467.25,451.13,0,445.88,515.05,483.87,401.41,0.00097502,0.0020303,-2.0084,0.018428,6.1035e-05
4516,4558,0,-1.2566,458.56,463.61,0.3125,445.48,514,468.74,424.42,-0.012087,0.1831,-2.105,0.017947,6.1035e-05
4517,4559,2,-0.96664,478.84,470.82,0,447.31,523.24,504.97,427.39,-0.001883,0.0018908,-1.8725,0.025336,9.1553e-05
4518,4560,2,-1.0025,470.27,466.11,0,449.52,504.61,498.71,413.34,-0.013317,0.0014022,-1.748,0.019869,6.1035e-05
4519,4561,1,-0.89857,396.79,406.61,0,383.36,448.57,413.01,355.98,-0.00080778,0.0032791,-1.8777,0.00021112,6.1035e-05
4520,4562,1,-0.93974,472.99,500.44,0,445.59,557.3,502.15,439.91,-0.003063,0.0028194,-1.8049,0.015491,6.1035e-05
4521,4563,2,-0.87281,481.66,477.35,0,450.63,520.65,509.03,439.14,-0.0028946,0.0030513,-1.9146,0.040954,6.1035e-05
4522,4564,3,-0.95127,429.54,441.18,0,416.31,484.47,446.55,385.53,-0.0076745,0.0011518,-1.6334,0.017852,9.1553e-05
4523,4565,0,-1.1541,444.07,482.58,0.26562,433.44,546.5,456.11,410.14,-0.019107,0.14237,-1.9827,0.013954,6.1035e-05
4524,4566,3,-1.0105,514.3,515.58,0,482.77,586,542.12,453.45,-0.0021578,0.0018873,-1.8328,0.021526,0.00015259
4525,4567,3,-0.92325,450.41,443.59,0,429.89,493.32,470.93,393.85,0.017247,0.0066513,-1.7902,0.00099054,6.1035e-05
4526,4568,1,-0.95108,412.13,407.31,0,395.22,436.17,433.86,370.2,-0.00014942,0.0050796,-2.0804,0.0015173,6.1035e-05
4527,4569,3,-0.94827,485.64,472.08,0,464.7,521.2,506.58,422.96,0.0031733,0.001229,-1.8254,0.014596,6.1035e-05
4528,4570,2,-0.96115,436.72,433.31,0,420.32,477.58,455.32,383.14,0.018231,0.0015961,-1.8039,0.011788,6.1035e-05
4529,4571,2,-0.9918,471.21,446.76,0,437.78,527.47,486.4,410.07,-0.01381,0.0011782,-2.1875,0.0083185,6.1035e-05
4530,4572,3,-0.99166,434.14,451.35,0,402.29,472.93,480.69,419.8,0.0034899,0.0032297,-1.6791,0.0052697,9.1553e-05
4531,4573,0,-0.97958,379.66,392.57,0,368.19,418.84,395.37,356.57,-0.0071075,0.0011094,-1.9226,0.004299,3.0518e-05
4532,4574,2,-0.93857,468.37,475.83,0,450.48,520.33,494.51,410.79,0.029127,0.0013325,-1.7823,0.02054,6.1035e-05
4533,4575,3,-0.97991,495.72,476.54,0,460.28,521.48,526.99,436.88,0.0066342,0.0008032,-1.8587,0.0071486,0.00012207
4534,4576,2,-1.0184,454.36,416.92,0,431.61,461.7,467.13,391.8,-0.010037,0.00066281,-2.1705,0.0028645,9.1553e-05
4535,4577,0,-0.9756,380.96,390.31,0,365.18,421.62,397.75,356.97,-0.0026102,0.0023214,-2.111,-0.00066856,6.1035e-05
4536,4578,0,-0.94574,399.35,416.37,0,381.58,449.47,419.49,378.85,0.0030567,0.0041636,-2.1371,0.0074122,3.0518e-05
4537,4579,1,-0.90934,448.03,444.43,0,431.41,481.76,466.86,402.12,-0.009305,0.0020022,-1.9055,0.010955,6.1035e-05
4538,4580,0,-0.99222,349.21,360.16,0,341.77,403.83,356.66,316.48,-0.0029505,0.0031914,-2.0183,0.0016302,3.0518e-05
4539,4581,2,-0.91482,453.41,450.91,0,431.38,485.39,481.73,406.57,0.0035156,0.0015049,-1.8871,0.016443,6.1035e-05
4540,4582,2,-0.94697,481.14,464.81,0,451.94,510.52,508.57,421.87,0.010275,0.001119,-1.9574,0.010631,6.1035e-05
4541,4583,2,-0.93377,390.59,395.03,0,374.02,435.17,408.23,352.29,0.010701,0.00081221,-1.8484,0.0081699,6.1035e-05
4542,4584,1,-0.98168,343.42,327.21,0,330.16,351.76,356.68,302.65,-0.00064856,0.0021231,-2.185,-0.0015108,6.1035e-05
4543,4585,0,-0.94692,447.33,479.32,0,427.28,531.5,468.67,423.78,-0.011094,0.0011899,-1.9757,0.010968,6.1035e-05
4544,4586,3,-0.9153,487.1,487.55,0,464.79,532.56,512.38,436.54,0.0046878,0.001121,-1.6927,0.02061,9.1553e-05
4545,4587,1,-0.83222,481.33,482.35,0,456.9,520.49,510.8,436.33,-9.3103e-05,0.0053073,-1.9695,0.010598,6.1035e-05
4546,4588,3,-0.87095,509.54,487.69,0,480.37,533.73,540.58,438.68,0.018638,0.00083561,-1.874,0.02611,0.00012207
4547,4589,2,-0.90386,498.73,486.29,0,482.04,517.64,526.54,434.05,-0.0038088,0.00090793,-1.768,0.038899,6.1035e-05
4548,4590,1,-1.0126,554.99,554.37,0,521.26,610.11,586.67,502,0.0062565,0.008824,-1.9884,0.074932,0.00012207
4549,4591,1,-1.035,427,418.54,0,404.22,472.23,441.59,384.12,0.0016936,0.015392,-2.077,0.0016387,6.1035e-05
4550,4592,3,-1.0599,468.15,479.12,0,448.75,514.34,496.51,427.64,0.0020671,0.002441,-1.6238,0.015104,9.1553e-05
4551,4593,0,-1.0667,453.65,451.12,0.078125,437.17,500.33,464.93,417.45,-0.0083051,0.060082,-2.2246,0.0081055,6.1035e-05
4552,4594,0,-0.98099,324.02,332.6,0,312.27,356.89,338.21,303.3,-0.008071,0.008785,-1.9884,0.00074954,3.0518e-05
4553,4595,0,-1.0047,409.21,417.09,0,390.22,463.07,427.05,373.89,0.0036036,0.012493,-2.1751,0.0040021,6.1035e-05
4554,4596,1,-1.0355,404.65,399.85,0,388.06,431.84,424.68,361.24,-0.039004,0.0030614,-1.8524,0.008135,9.1553e-05
4555,4597,3,-0.93369,526.88,559.85,0,494.05,610.12,566.51,499.17,0.0053281,0.0016875,-1.697,0.057822,0.00012207
4556,4598,1,-1.0129,440.06,453.57,0,413.11,491.4,470.61,410.69,-0.0022812,0.002383,-1.81,0.021876,6.1035e-05
4557,4599,3,-1.019,513.34,535.81,0,479.9,579.31,559.17,476.18,0.0096346,0.0019144,-1.5494,0.0068736,0.00012207
4558,4600,0,-0.90337,441.21,487.54,0.015625,416.29,531.1,473.25,431.55,0.00661,0.012064,-1.8922,-0.0033108,6.1035e-05
4559,4601,1,-0.92462,339.22,350.99,0,326.74,378.31,356.32,313.55,-0.011628,0.0013453,-1.7796,-0.0019831,3.0518e-05
4560,4602,2,-0.99918,419.88,436.59,0,390.08,484.91,447.87,391.19,-0.0022786,0.0013052,-1.854,0.0050755,6.1035e-05
4561,4603,0,-0.91396,399.2,418.47,0,382.2,456.19,418.47,375.72,0.0031403,0.0034768,-1.9726,0.0019006,3.0518e-05
4562,4604,1,-0.97324,449.49,477,0,432.95,519.03,475.31,411.44,-4.4427e-05,0.0030833,-1.7202,0.0034548,6.1035e-05
4563,4605,0,-0.96937,356.26,384.04,0,342.81,420.16,374.7,334.53,0.024238,0.0016616,-1.8338,0.0015417,6.1035e-05
4564,4606,0,-0.8508,375.15,409.79,0,353.34,458.48,398.37,357.96,0.043166,0.0024981,-1.9095,0.0018055,3.0518e-05
4565,4607,3,-0.97255,526.04,568.5,0,492.2,643.74,562.07,488.41,-0.00094939,0.0023411,-1.475,0.028767,9.1553e-05
4566,4608,1,-1.0239,404.45,419.35,0,392.2,466.93,418.34,365.44,-0.020549,0.010377,-1.8403,0.016874,6.1035e-05
4567,4609,1,-0.97144,389.02,395.06,0,369.96,434.75,412.04,347.17,-0.0020753,0.0016996,-1.7306,0.0053931,6.1035e-05
4568,4610,1,-0.8535,474.75,491.01,0,451.7,541.63,500.87,433.63,0.033017,0.0046284,-1.7305,0.023315,6.1035e-05
4569,4611,3,-1.0222,463.27,480.86,0,425.02,523.59,499.21,440.72,0.0044946,0.0025646,-1.4704,0.012,6.1035e-05
4570,4612,0,-1.8182,464.96,508.25,0.98438,458.98,573.91,470.95,442.6,-0.021513,0.84451,-1.5738,0.005223,3.0518e-05
4571,4613,1,-0.96333,458.05,480.84,0,434.18,536.92,481.92,424.77,0.0041158,0.0058985,-1.7968,0.013337,6.1035e-05
4572,4614,1,-0.98992,319.49,299.26,0,304.78,332.79,328.32,279.15,0.0026621,0.02081,-1.936,0.0014969,6.1035e-05
4573,4615,3,-0.9622,484.3,491.72,0,444.28,537.01,524.33,446.43,-0.0091651,0.0062136,-1.5147,0.068296,9.1553e-05
4574,4616,0,-0.94741,397.86,414.46,0,375.59,453.45,420.12,375.46,-0.012594,0.0057907,-1.831,0.0053369,3.0518e-05
4575,4617,1,-0.89707,555.99,579.11,0,518.18,659.87,587.31,512.19,0.0028475,0.001946,-1.8165,0.0049291,0.00012207
4576,4618,0,-0.96911,411.84,432.98,0,396.82,471.05,429.96,387.04,0.0075866,0.0025454,-1.7449,-0.0019927,6.1035e-05
4577,4619,2,-0.88485,482.74,513.09,0,456.45,560.66,514.46,455.67,0.0077588,0.0015281,-1.6671,0.010966,6.1035e-05
4578,4620,3,-0.96967,451.38,470.9,0,425.15,535.01,476.03,410.67,0.013113,0.0024098,-1.6459,0.0082873,6.1035e-05
4579,4621,1,-0.97996,491.73,507.06,0,475.51,563.51,510.12,443.08,-0.0061314,0.0041819,-1.7745,0.0062529,6.1035e-05
4580,4622,2,-0.86475,411.48,417.57,0,396.98,459.27,430.14,363.96,0.00075682,0.002368,-1.7788,-0.00082412,9.1553e-05
4581,4623,2,-0.87575,569.42,573.49,0,539.39,632.52,605.66,502.25,0.015503,0.0022194,-1.8121,0.060385,0.00012207
4582,4624,3,-1.026,467.18,490.85,0,444.94,531.57,495.78,438.51,0.0082934,0.0016322,-1.5227,0.0050886,0.00012207
4583,4625,1,-0.88445,406.87,414.79,0,389.71,468.55,421.09,370.25,-0.0055604,0.0025488,-1.9991,0.015064,6.1035e-05
4584,4626,0,-1.0188,405.55,410.54,0,388.15,453.07,420.9,373.01,-0.0015109,0.0026786,-1.831,0.0029534,6.1035e-05
4585,4627,0,-0.93871,392.31,418.77,0,374.89,455.03,413.33,375.01,0.022812,0.0011476,-1.7927,0.0043736,3.0518e-05
4586,4628,0,-0.91707,438.81,468.85,0,419.17,513.35,462.52,415.15,-0.051252,0.0013692,-2.0508,0.0022654,6.1035e-05
4587,4629,0,-0.98985,413.58,469.38,0,393.01,516.28,441.78,405.1,-0.0074743,0.010316,-1.7339,0.007437,6.1035e-05
4588,4630,2,-0.96755,516.44,488.85,0,481.88,551.23,537.18,451.42,0.0074086,0.002024,-1.9569,0.0047736,0.00012207
4589,4631,3,-0.92056,453.02,462.53,0,424.37,516.7,479.95,411.66,0.0026593,0.0020497,-1.736,0.014465,9.1553e-05
4590,4632,0,-0.9009,429,464.92,0,415.63,512.23,448.55,395.79,-0.031326,0.0070376,-1.8269,-0.011899,6.1035e-05
4591,4633,1,-0.98674,453.74,456.92,0,430.3,497.57,480.31,410.85,-0.013647,0.0019461,-1.8157,0.0070278,6.1035e-05
4592,4634,0,-0.89485,427.56,442.53,0,408.38,497.96,443.45,396.6,-0.0022901,0.003962,-2.0934,0.0050734,6.1035e-05
4593,4635,1,-0.93053,490.26,527.98,0,468.15,569.33,527.12,459.05,0.012505,0.0025841,-1.6714,0.0045175,6.1035e-05
4594,4636,0,-0.96059,434.22,454.24,0,414.05,503.74,450.93,413.24,-0.00091812,0.002807,-2.0866,0.0029074,6.1035e-05
4595,4637,3,-0.98237,462.98,454.77,0,432.64,506.92,485.12,416.72,0.0025581,0.0016101,-1.8342,0.0078483,9.1553e-05
4596,4638,0,-0.97204,408.03,429.45,0,395.47,454.97,427.63,389.63,0.0015516,0.0017712,-1.7113,0.0049686,6.1035e-05
4597,4639,3,-0.91025,498.28,477.24,0,465.4,521.62,523.85,442.72,7.6327e-06,0.0011402,-1.8582,0.020748,0.00012207
4598,4640,2,-0.92962,541.28,501.66,0,496.02,557.89,561.85,476.09,0.001941,0.0015443,-2.0606,0.0083722,0.00012207
4599,4641,3,-0.85513,520.86,493.21,0,474.17,547.23,557.18,451.2,0.0047834,0.0012006,-1.8982,0.017571,0.00012207
4600,4642,3,-0.9368,497.66,489.21,0,475.06,545.26,520.27,433.17,0.0024521,0.0010834,-1.8327,0.020621,0.00012207
4601,4643,3,-1.0078,513.53,494.4,0,472.97,550.51,547.13,447.91,0.0057694,0.0029205,-1.7433,0.018515,0.00012207
4602,4644,1,-0.9753,335.09,320.46,0,322.6,347.07,346.11,296.97,0.0080378,0.0011714,-1.9273,0.001165,3.0518e-05
4603,4645,1,-1.0335,503.38,493.99,0,478.42,550.59,521.6,452.69,0.0049879,0.0016534,-2.0246,0.0074425,0.00012207
4604,4646,3,-0.99989,468.82,465.98,0,450.74,501.94,490.63,422.59,-0.001478,0.0013105,-1.7754,0.0097416,9.1553e-05
4605,4647,1,-0.89423,375.46,366.35,0,361.6,388.14,392.18,340.06,0.022541,0.0038525,-2.009,0.0038062,3.0518e-05
4606,4648,1,-0.84644,478.03,484.36,0,453.75,532.04,500.83,439.57,0.005171,0.0033373,-1.9661,0.0034734,9.1553e-05
4607,4649,3,-0.94009,495.35,493.77,0,470.62,530.77,527.14,446.19,0.0048759,0.0011496,-1.6881,0.01696,0.00012207
4608,4650,2,-0.98599,436.96,428.6,0,418.45,458.26,459.3,392.81,-0.0029625,0.0018951,-1.7865,0.0017146,9.1553e-05
4609,4651,0,-0.94023,355.08,373.67,0,338.43,406.95,373.94,335.96,0.00013788,0.00056624,-1.9298,0.001653,3.0518e-05
4610,4652,1,-0.9446,393.39,378.05,0,373.45,417.37,409.92,345.47,0.0013861,0.0019606,-2.1088,0.0099544,6.1035e-05
4611,4653,2,-0.93913,494.99,485.21,0,472.87,522.47,521.69,440.24,0.00031282,0.00084938,-1.863,0.012881,9.1553e-05
4612,4654,3,-0.94951,514.78,507.45,0,482.13,552.61,545.45,465.02,0.011178,0.00141,-1.7975,0.0070698,0.00012207
4613,4655,3,-0.90221,497.99,480.62,0,474.77,519.62,522.71,439.11,0.010001,0.0024717,-1.7684,0.020742,0.00012207
4614,4656,0,-0.98025,351.36,355,0,338.66,381.63,364.88,326.65,0.02921,0.0034188,-2.0364,0.022475,6.1035e-05
4615,4657,3,-0.89198,537.66,535.22,0,516.08,584.56,565.41,471.79,0.0061245,0.0013195,-1.7144,0.017801,0.00012207
4616,4658,3,-0.92959,479.18,474.37,0,443.82,520.16,508.48,436.42,0.0060913,0.0015751,-1.8973,0.024807,0.00012207
4617,4659,1,-1.0116,407.18,402.62,0,388.87,439.48,425.5,365.76,0.0021908,0.0070853,-1.8532,0.0090865,6.1035e-05
4618,4660,1,-0.83343,480.98,476.38,0,463.01,512.55,505.62,426.81,0.0054457,0.0049744,-1.8301,0.004491,6.1035e-05
4619,4661,3,-0.93124,534.61,523.75,0,498.99,570.45,568.07,479.89,0.0089366,0.0015571,-1.7784,0.011538,0.00012207
4620,4662,3,-0.91456,532.71,512.94,0,507.21,552.73,553.84,479.97,0.0038609,0.0010297,-1.8411,0.024281,0.00012207
4621,4663,2,-1.0116,502.28,498.09,0,482.77,538.35,527.38,446.34,0.0025364,0.0029229,-1.686,0.018629,6.1035e-05
4622,4664,0,-1.5122,467.49,484.21,0.53125,458.83,539.89,476.71,424.93,0.012437,0.34381,-1.9282,0.0093304,6.1035e-05
4623,4665,3,-0.97974,494.16,463.16,0,457.91,501.84,526.15,429.02,0.0082798,0.0056774,-1.8344,0.017522,0.00012207
4624,4666,3,-0.97322,519.8,500.11,0,493.34,539.85,540.37,469.2,0.0098899,0.0040107,-1.7752,0.010607,0.00012207
4625,4667,0,-0.90214,334.35,350.41,0,318.8,374.08,355.67,317.97,0.012258,0.012727,-1.9625,0.013835,3.0518e-05
4626,4668,3,-0.94514,511.07,499.82,0,484.27,552.26,533.28,456.37,0.005892,0.0013379,-1.7597,0.017648,0.00012207
4627,4669,0,-0.95517,351.29,350.18,0,339.35,373.6,365.7,321.91,0.0016663,0.0077139,-1.9055,-0.0042296,6.1035e-05
4628,4670,3,-0.94679,507.43,469.67,0,470.82,514.89,529.39,442.53,0.0054653,0.00087434,-1.8907,0.0055861,0.00012207
4629,4671,0,-0.9897,327.81,324.43,0,316.61,359.03,334.09,305.02,-0.0008384,0.006206,-2.3382,-0.00070276,3.0518e-05
4630,4672,0,-0.98774,440.41,436.98,0,423.5,473.12,455.33,405.1,0.0010866,0.0010567,-2.0333,0.0011822,6.1035e-05
4631,4673,2,-0.9265,479.59,474.13,0,452.94,510.14,511.75,430.67,0.00095277,0.0018853,-1.6903,0.0055676,9.1553e-05
4632,4674,0,-0.98307,360.36,368.16,0,352.19,390.79,372.31,335.09,-0.007224,0.0024791,-1.9806,0.0041528,3.0518e-05
4633,4675,3,-1.0056,539.44,511.24,0,494.97,554.68,574.03,477.45,0.0094438,0.0019756,-1.7893,0.014587,0.00012207
4634,4676,3,-0.93657,498.59,475.72,0,467.83,512.5,531.33,436.56,0.0075452,0.00098384,-1.6919,0.0093669,9.1553e-05
4635,4677,3,-0.94933,489.59,471.53,0,469.84,505.92,516.64,424.4,0.012051,0.001233,-1.5683,0.050465,9.1553e-05
4636,4678,0,-0.92607,348.31,356.11,0,330.12,379.97,365.39,333.69,-0.0070947,0.0044132,-1.863,0.0014073,3.0518e-05
4637,4679,3,-0.86768,467.36,451.9,0,446.75,474.03,499.51,417.37,0.01274,0.0010062,-1.7393,0.022748,9.1553e-05
4638,4680,1,-0.925,443,427.74,0,426.39,477.62,456.76,386.4,-0.00012388,0.0021626,-2.1275,0.027608,6.1035e-05
4639,4681,0,-0.85803,362.98,366.18,0,353.2,396.91,372.75,335.44,-0.015125,0.0028224,-1.9999,-0.0045969,6.1035e-05
4640,4682,2,-1.0523,522.84,517.78,0,494.47,584.18,544.92,466.14,0.0068774,0.0062788,-1.9132,0.020121,0.00012207
4641,4683,2,-1.0541,546.39,530.67,0,525.46,574.18,571.64,478.16,-0.0067086,0.0041007,-1.8598,0.015797,0.00012207
4642,4684,0,-0.96272,467.55,536.76,0.046875,457.89,561.7,475.56,516.09,-0.00053294,0.027326,-2.2488,0.00024266,6.1035e-05
4643,4685,3,-1.0206,483.02,435.51,0,461.26,463.58,501.05,412.25,0.00080961,0.0011531,-1.9401,0.014772,9.1553e-05
4644,4686,3,-0.90017,483.69,484.68,0,450.25,531.89,509.69,447.96,0.0025121,0.0010195,-1.8826,0.016208,9.1553e-05
4645,4687,0,-0.96515,298.47,299.13,0,285.2,322.26,310.18,278.71,-0.0020487,0.0013222,-2.0591,0.001643,6.1035e-05
4646,4688,3,-0.98261,479.16,487.35,0,461.42,532.48,499.27,436.21,0.0090406,0.0013546,-1.6903,0.011896,9.1553e-05
4647,4689,3,-0.92034,507,501.63,0,481.47,542.93,537.82,451.78,0.0039557,0.0010807,-1.7375,0.03698,0.00012207
4648,4690,0,-2.0872,453.32,455.53,1.1875,446.25,500.78,460.85,407.36,-0.06116,1.2194,-1.7833,0.002486,6.1035e-05
4649,4691,2,-0.92544,526.66,526.6,0,496.85,572.26,560.45,474.85,0.0010781,0.006191,-1.7696,0.013108,0.00012207
4650,4692,0,-0.98464,355.06,366.1,0,347.32,385.79,368.86,330.98,0.004164,0.012735,-1.9024,0.042867,6.1035e-05
4651,4693,2,-0.93125,469.55,472.62,0,452.59,501.07,497.8,425.18,-0.013378,0.0049775,-1.6443,0.028884,0.00012207
4652,4694,1,-0.9631,390.16,359.93,0,370.01,401.78,400.72,338.01,-0.0072863,0.0020606,-2.1875,0.0052914,6.1035e-05
4653,4695,0,-0.97357,324.08,321.29,0,313.94,339.29,336.32,299.57,-0.0012457,0.0036373,-2.1327,0.00082171,3.0518e-05
4654,4696,1,-0.94372,404.06,384.33,0,384.96,415.51,418.91,360.08,-0.0012586,0.0013332,-2.1853,0.0010073,6.1035e-05
4655,4697,0,-0.90137,399.3,418.27,0,383.1,454.68,418.85,374.34,-0.034701,0.00239,-2.0309,-0.0023419,6.1035e-05
4656,4698,3,-0.89647,527.29,514.34,0,501.16,554.19,551.84,476.91,0.0015867,0.00069497,-1.8284,0.017037,6.1035e-05
4657,4699,3,-0.95876,454.3,425.75,0,433.76,458.18,466.63,406.29,-0.014845,0.002122,-2.0957,0.025427,9.1553e-05
4658,4700,0,-0.88677,428.84,443.03,0,407.11,484.6,449.26,403.98,-0.0010088,0.0028212,-2.248,0.00038345,6.1035e-05
4659,4701,2,-1.006,424.9,411.88,0,401.69,447.59,444.13,382.29,0.0025681,0.0034401,-1.9323,0.028046,6.1035e-05
4660,4702,3,-0.93209,483.45,447.5,0,456.77,479.24,506.98,419.5,0.0022871,0.0008251,-1.9234,0.013618,6.1035e-05
4661,4703,0,-1.2169,465.57,479.31,0.28125,458.35,520.13,473.76,433.05,-0.0052216,0.1563,-1.9638,0.0061264,6.1035e-05
4662,4704,1,-0.92364,378.79,364.1,0,364.98,386.85,394.43,338.33,0.011114,0.0025632,-2.1266,0.0011148,6.1035e-05
4663,4705,1,-0.94183,418.91,374.37,0,408.09,401.13,426.81,354.83,-0.00739,0.0033913,-2.1223,0.0099205,6.1035e-05
4664,4706,3,-0.9095,473.99,458.28,0,454.96,484.14,496.96,427.07,-0.00074621,0.0064789,-1.8162,0.093858,0.00012207
4665,4707,3,-0.9107,508.21,502.66,0,486.88,546.72,529.53,458.59,-0.00033518,0.0011883,-1.7901,0.015367,0.00012207
4666,4708,2,-0.96585,499.14,478.58,0,473.97,517.01,521.35,444.66,0.0059677,0.0010993,-1.9183,0.021953,0.00012207
4667,4709,2,-0.87111,508.01,497.45,0,484.99,540.39,535.8,445.64,0.0065501,0.0015371,-1.9212,0.0051589,9.1553e-05
4668,4710,3,-0.82871,469.55,465.23,0,447.49,498.37,491.62,432.08,-0.0086074,0.0024401,-1.894,0.0097276,6.1035e-05
4669,4711,0,-0.91707,369.96,372.79,0,356.75,397.56,385.91,342.91,0.0038476,0.0027497,-1.8608,-0.0014731,6.1035e-05
4670,4712,3,-0.91519,467.4,433.77,0,441.56,464.99,488.82,407.9,0.0066633,0.0012108,-2.0052,0.042696,9.1553e-05
4671,4713,2,-0.9331,462.92,461.66,0,441.37,491.38,492.45,420.93,0.0036326,0.0027092,-1.7354,0.015319,9.1553e-05
4672,4714,1,-0.95942,519.09,510.35,0,498.98,538.46,546.65,471.82,-0.00033,0.0039579,-2.0076,0.0040614,0.00012207
4673,4715,0,-0.92474,388.88,385.14,0,370.7,404.82,409.49,362.82,-0.014298,0.0020148,-2.0771,0.014164,6.1035e-05
4674,4716,1,-0.87229,414.26,409.25,0,398.16,442.13,431.41,374.26,0.0018488,0.00086838,-1.9527,0.0075467,9.1553e-05
4675,4717,1,-0.90353,491.02,473.91,0,469.66,506.63,515.23,436.83,0.010495,0.00042044,-2.0478,0.016652,6.1035e-05
4676,4718,2,-0.98294,475.65,472.14,0,432.24,519.22,507.32,437.79,0.024459,0.0025857,-2.0345,0.012434,9.1553e-05
4677,4719,3,-1.0272,523.97,508.66,0,501.03,560.78,545.52,459.69,0.0081764,0.0036915,-1.6951,0.028487,0.00012207
4678,4720,1,-0.99997,473.58,487.38,0,448.25,536.07,498.91,438.69,-0.0006946,0.0037686,-1.8674,0.0048985,6.1035e-05
4679,4721,1,-0.88797,380.68,367.77,0,362.75,395.13,401,336.77,-0.0144,0.0024212,-1.95,0.0080276,6.1035e-05
4680,4722,0,-0.94329,414.85,421.83,0,398.57,452.22,431.13,391.44,0.0087452,0.004086,-2.148,0.0017173,3.0518e-05
4681,4723,0,-0.95254,392.6,380.37,0,379.58,403,405.62,357.75,0.00010486,0.0061988,-2.1695,0.0011794,6.1035e-05
4682,4724,3,-1.0223,581.26,564.13,0,543.52,606.26,624.05,516.38,0.004292,0.0028218,-1.795,0.010964,0.00012207
4683,4725,2,-0.97737,489.9,473.56,0,465.22,504.03,514.59,443.09,0.0015408,0.00081414,-1.9185,0.027132,9.1553e-05
4684,4726,0,-0.97092,360.97,385.91,0,345.43,417.79,380.94,344.91,-0.0008998,0.0017507,-1.8198,0.022861,6.1035e-05
4685,4727,3,-0.97376,528.34,495.61,0,506.82,526.31,552.73,460.81,0.017109,0.00046692,-1.967,0.024346,0.00012207
4686,4728,3,-1.0507,473.18,456.56,0,439.34,506.13,496.33,422.65,0.010422,0.002499,-1.8906,0.069509,6.1035e-05
4687,4729,3,-0.96855,484.49,475.98,0,445.87,498.35,525.6,452.16,0.024856,0.0018606,-1.7233,0.01555,0.00012207
4688,4730,0,-0.97598,387.76,392.56,0,375.44,420.47,401.73,360.94,-0.02471,0.0030321,-2.0187,0.0018554,3.0518e-05
4689,4731,2,-0.96042,535.87,516.36,0,504.75,558.36,565.1,476.9,0.0059763,0.00098606,-1.9342,0.0095372,9.1553e-05
4690,4732,0,-0.97108,422.05,438.27,0,401.78,469.5,448.12,398.12,0.0010853,0.0026699,-2.0132,-0.0061665,6.1035e-05
4691,4733,1,-0.97201,411.45,409.61,0,389.64,447.5,430.69,376.18,-0.006635,0.0019848,-2.1046,0.022794,6.1035e-05
4692,4734,2,-0.9947,528.45,523.66,0,510.29,559.1,554.98,471.87,-0.021341,0.001039,-1.7967,0.02792,6.1035e-05
4693,4735,3,-0.94762,492.63,475.62,0,466.75,502.41,525.92,441.17,0.011855,0.0023881,-1.8218,0.0051036,0.00012207
4694,4736,1,-0.89904,364.37,355.17,0,347.65,374.59,384.55,331.73,0.0039342,0.0015871,-2.0563,0.0028703,6.1035e-05
4695,4737,2,-0.9634,515.62,497.53,0,490.11,536.41,541.13,458.65,0.01625,0.00069585,-2.0293,0.011374,6.1035e-05
4696,4738,0,-1.0045,439.91,436.49,0,425.38,464.59,455.38,406.58,0.0043916,0.0018069,-2.0116,-0.0025147,6.1035e-05
4697,4739,1,-0.89249,486.64,472.5,0,459.71,524.45,503.91,439.19,0.01773,0.0021354,-2.1379,0.02509,6.1035e-05
4698,4740,3,-0.91247,524.63,510.85,0,498.26,545.07,556.45,469.54,0.0039557,0.00053501,-1.8219,0.011097,0.00018311
4699,4741,1,-0.96103,422.43,398.08,0,405.07,430.15,437.74,369.78,-0.0034873,0.0016911,-2.1569,0.0026203,9.1553e-05
4700,4742,2,-0.9567,484.87,458.87,0,459.64,505.51,500.01,430.89,-0.0074448,0.00087312,-2.0941,0.012119,0.00012207
4701,4743,3,-0.93506,517.21,510.4,0,484.02,546.81,557.28,466.46,0.013492,0.0011184,-1.8116,0.027217,0.00012207
4702,4744,0,-1.0126,427.51,435.95,0,407.42,476.16,446.38,398.18,0.0015613,0.010365,-2.1037,0.013236,3.0518e-05
4703,4745,3,-0.93775,513.45,498.69,0,488.04,535.74,540.51,459.24,-0.0024327,0.0006442,-1.8987,0.0041712,0.00012207
4704,4746,2,-0.99491,461.71,467.15,0,434.73,496.98,490.43,435.4,-0.0091563,0.0014927,-1.9171,0.01768,9.1553e-05
4705,4747,3,-0.96027,472.61,440.9,0,449.64,472.27,494.19,411.43,0.007607,0.0011938,-1.9293,0.05639,9.1553e-05
4706,4748,1,-0.92402,459.79,464.22,0,432.74,512.31,483.65,421.78,-0.001194,0.00070916,-1.9726,-1.7754e-05,9.1553e-05
4707,4749,1,-1.0171,545.23,535.78,0,517.27,576.78,571.5,497.26,0.0036412,0.0050367,-1.9589,0.024958,0.00012207
4708,4750,3,-0.86287,522.06,523.25,0,491.97,574.49,554.1,468.71,0.011598,0.0017514,-1.7545,0.082147,0.00012207
4709,4751,0,-0.96143,400.81,398.82,0,373.85,455.02,412.19,375.09,0.00095546,0.0011046,-2.3978,-6.2522e-05,6.1035e-05
4710,4752,1,-0.97777,420.54,411.82,0,394.56,460.4,438.31,378.57,0.005969,0.00098731,-2.2425,0.0041449,6.1035e-05
4711,4753,1,-0.9807,374.29,355.89,0,358.55,384.33,391.04,325.62,-0.011554,0.0010667,-2.1329,0.012454,6.1035e-05
4712,4754,0,-0.93608,368.11,373.12,0,346.39,390.53,397.87,349.26,-0.012775,0.0036865,-1.961,-0.0030331,6.1035e-05
4713,4755,0,-0.94716,372.14,381.65,0,357.76,426.29,384.83,342.27,0.022546,0.0028106,-1.9679,0.0022088,3.0518e-05
4714,4756,0,-0.81331,389.19,403.95,0,374.08,432.92,407.43,368.98,0.0015789,0.011684,-2.0694,0.0047797,6.1035e-05
4715,4757,0,-0.90598,445.03,460.63,0,424.99,494.88,467.73,421.83,-0.0035178,0.0027395,-2.0561,0.0033845,6.1035e-05
4716,4758,3,-0.93843,462.74,434.84,0,443.2,461.83,484.89,404.25,0.0091668,0.0015217,-1.9112,0.0079736,9.1553e-05
4717,4759,3,-0.9538,538.78,514.86,0,518.49,554.01,557.83,478.09,0.0040958,0.0023183,-1.8552,0.023589,0.00012207
4718,4760,0,-1.0396,465.57,485.03,0.17188,457.57,514.27,477.26,442.31,-0.0093572,0.10438,-2.1262,0.0054817,6.1035e-05
4719,4761,3,-0.999,468.98,439.69,0,446.08,470.64,489.2,412.39,0.019998,0.0015352,-1.9889,0.020884,0.00012207
4720,4762,1,-1.0091,459.99,447.12,0,436.67,487.9,477,417.36,0.0021679,0.0020765,-2.1423,0.015037,9.1553e-05
4721,4763,2,-0.98544,495.06,483.44,0,481.82,521.75,514.41,427.45,0.018875,0.0015038,-1.852,0.016728,0.00012207
4722,4764,0,-0.89517,384.87,388.42,0,374.71,412.75,397.92,357.15,-0.026403,0.006497,-2.0373,0.00041922,6.1035e-05
4723,4765,1,-0.9934,472.22,452.67,0,456.77,482.16,487.68,423.18,0.0045328,0.0013007,-2.14,0.016851,6.1035e-05
4724,4766,3,-1.0095,485.52,485.06,0,470.71,512.63,513.78,432.42,0.0055856,0.0019848,-1.7103,0.022973,9.1553e-05
4725,4767,1,-0.97272,458.73,444.86,0,439.24,484.34,473.89,414.15,-0.0075078,0.0022273,-2.2208,0.017865,9.1553e-05
4726,4768,3,-1.0027,497.55,462.69,0,471.19,488.76,525.6,434.94,0.020996,0.0012084,-1.8707,0.029025,9.1553e-05
4727,4769,2,-1.0639,529.49,518.57,0,500.83,539.05,568.76,490.5,0.022373,0.0054077,-1.8145,0.024294,0.00012207
4728,4770,0,-0.96956,454.03,444.65,0,440.27,470.55,468.69,417.08,-0.0039409,0.0023255,-2.2519,0.0035778,6.1035e-05
4729,4771,3,-0.93899,515.65,499.75,0,488.32,526.39,544.76,471.39,-0.0024648,0.0016281,-1.928,0.033902,0.00012207
4730,4772,0,-0.9799,405.3,407.68,0,384.53,435.36,426.07,379.99,0.00012903,0.0016597,-2.0002,0.00056377,6.1035e-05
4731,4773,0,-0.99228,323.47,319.51,0,314.8,337.2,333.94,298.16,0.0015599,0.0034214,-2.0738,0.00183,6.1035e-05
4732,4774,0,-0.91181,401.62,392.04,0,385.89,409.69,418.37,373.25,-0.003,0.0028071,-2.183,0.0028216,6.1035e-05
4733,4775,3,-0.95938,475.72,492.35,0,446.28,528.47,509.09,451.42,0.0067482,0.0015315,-1.6948,0.013001,9.1553e-05
4734,4776,1,-0.97629,409.61,385,0,391.95,415.37,424.24,359.83,-0.0002785,0.0046673,-2.1317,-0.0032924,6.1035e-05
4735,4777,2,-0.92698,424.95,419.94,0,410.58,440.34,447.36,388.11,0.0037475,0.00076114,-1.9186,0.0051888,6.1035e-05
4736,4778,3,-0.98367,519.05,517.87,0,497.14,551.81,549.07,471.37,-0.0016934,0.0015907,-1.7891,0.018306,6.1035e-05
4737,4779,0,-0.9742,327.88,329.15,0,314.38,357.52,339.07,305.64,-9.9503e-06,0.0011392,-2.2687,-0.0003076,3.0518e-05
4738,4780,3,-1.0394,533.98,491.44,0,505.55,524.04,554.73,467.65,0.0037987,0.0017049,-2.0168,0.010468,0.00012207
4739,4781,0,-0.96695,404.17,382.08,0,389.98,413.52,413.27,361.92,-0.0015213,0.0016033,-2.3888,0.0032721,6.1035e-05
4740,4782,1,-0.98655,393.83,374.69,0,377.61,406.49,404.93,352.94,0.015545,0.0024303,-2.338,0.0012984,6.1035e-05
4741,4783,2,-0.91838,465.72,438.56,0,442.17,470.87,485.24,411.8,-0.0023369,0.0017761,-2.0869,0.020997,9.1553e-05
4742,4784,0,-0.91304,454.7,475.48,0,432.43,521.76,476.98,429.19,0.020097,0.00050362,-1.9516,0.002419,6.1035e-05
4743,4785,2,-0.94635,455.66,471.26,0,439.5,506.16,482.61,413.08,0.019874,0.001252,-1.6148,0.018371,6.1035e-05
4744,4786,3,-0.99552,485.63,467.22,0,456.86,506.8,509.47,434.42,-0.012686,0.0024221,-1.9054,0.025564,0.00012207
4745,4787,1,-0.97114,435.54,446.51,0,418.49,487.4,454.88,400.17,0.0047855,0.0013878,-1.7027,0.0052964,6.1035e-05
4746,4788,0,-0.971,361.41,374.93,0,349.88,398.36,378.27,340.7,-0.00080371,0.0047531,-1.9961,-8.6984e-05,3.0518e-05
4747,4789,3,-0.96843,521.96,518.99,0,490.28,557.04,562.7,470.07,0.010497,0.0017864,-1.672,0.014909,0.00012207
4748,4790,2,-0.93292,475.99,471.19,0,455.19,520.65,498.14,418.55,0.0054047,0.0014506,-1.8127,0.0067247,9.1553e-05
4749,4791,1,-0.99719,399.14,375.19,0,382.1,404.4,416.18,345.99,0.012593,0.0020071,-2.1623,0.0052726,6.1035e-05
4750,4792,3,-0.88216,461.54,460.07,0,436.63,496.06,489.78,419.29,0.0034699,0.0021452,-1.7685,0.0074515,6.1035e-05
4751,4793,3,-0.91449,490.82,488.82,0,457.97,530.55,525.79,444.39,0.0036057,0.00089995,-1.7551,0.0035019,6.1035e-05
4752,4794,0,-0.97246,440.47,454.61,0,423.95,488.3,459.2,416.42,-0.00086942,0.013778,-2.1699,0.00055969,3.0518e-05
4753,4795,1,-0.9287,419.36,430.79,0,400.19,461.33,442.5,393.93,-0.0012588,0.0009328,-1.9243,0.00035187,6.1035e-05
4754,4796,0,-0.99091,443.46,478.4,0,424.27,523.19,469.75,417.03,0.00021404,0.002413,-1.7437,0.0011759,6.1035e-05
4755,4797,0,-0.96979,417.58,436.52,0,397.33,480.9,437.82,392.14,0.0027294,0.00061872,-2.143,-0.0010073,3.0518e-05
4756,4798,3,-1.0026,513.92,488.81,0,471.43,529.44,549.13,455.16,0.0046695,0.0023706,-1.7962,0.013387,0.00012207
4757,4799,3,-0.91124,541.34,536.32,0,511.26,592.46,573.35,476.56,0.0049444,0.002101,-1.7115,0.033684,0.00012207
4758,4800,2,-0.92659,515.88,528,0,486.12,582.33,545.63,473.67,0.0059735,0.0015096,-1.7318,0.014966,0.00012207
4759,4801,3,-0.96408,558.23,529.94,0,529.23,571.6,589.1,485.58,0.019279,0.0011395,-1.8285,0.017084,0.00012207
4760,4802,1,-1.0196,440.09,428.95,0,418.39,465.38,461.8,392.52,0.00063861,0.0041162,-1.9734,0.014734,6.1035e-05
4761,4803,2,-0.97139,499.48,489.9,0,466.89,546.3,524.82,446.04,0.003283,0.00071278,-1.9488,0.013427,0.00012207
4762,4804,3,-0.95787,490.82,505.25,0,469.3,532.98,529.18,455.84,0.025794,0.0011686,-1.5398,0.0070835,0.00012207
4763,4805,2,-0.99169,479.27,468.7,0,453.24,517.08,503.73,423.25,0.0055077,0.0016492,-1.9672,0.0234,6.1035e-05
4764,4806,1,-0.91335,434.56,432.99,0,406.31,475.14,462.82,390.84,-0.005953,0.0019273,-2.0687,0.0099243,6.1035e-05
4765,4807,2,-0.97214,485.73,511.34,0,464.62,560.43,514.65,444.06,-0.0011454,0.00087477,-1.7248,0.010784,6.1035e-05
4766,4808,3,-0.97065,555.77,511.17,0,517.26,572.12,582.12,469.47,0.0032531,0.0014283,-2.0399,0.045696,0.00018311
4767,4809,0,-1.0142,455.91,459.88,0.03125,447.65,512.16,462.74,416.56,-0.0048097,0.021789,-2.2879,0.0018962,6.1035e-05
4768,4810,0,-0.86054,388.13,410.56,0,368.93,456.36,406.16,367.53,0.0063201,0.0054796,-1.9654,-0.0024735,6.1035e-05
4769,4811,0,-0.99138,382.09,387.6,0,366.91,420.14,399.29,350.71,0.001673,0.0037523,-1.9756,-0.0026629,6.1035e-05
4770,4812,3,-0.97544,499.43,495.16,0,471.64,529.82,530.93,455.87,0.0012082,0.0011695,-1.6775,0.012936,0.00012207
4771,4813,2,-0.94537,463.9,454.7,0,436.71,507.86,482.5,418.33,0.0082035,0.0022863,-1.9673,0.031538,9.1553e-05
4772,4814,0,-0.95869,398.85,423.48,0,379.29,466.48,421.01,374.74,0.0006162,0.00022401,-2.1102,2.4398e-05,6.1035e-05
4773,4815,2,-0.90558,532.43,540.07,0,494.85,589.65,575.03,483.89,-0.0030305,0.0012817,-1.7003,0.011004,0.00012207
4774,4816,2,-0.94341,442.94,442.48,0,419.17,477.81,473.49,397.07,-0.0060259,0.0010888,-1.7405,0.0099537,9.1553e-05
4775,4817,3,-0.99051,468.49,464.08,0,434.74,515.12,496.46,421.79,-0.011369,0.0012973,-1.821,0.027121,9.1553e-05
4776,4818,0,-1.0053,421.87,435.92,0,402.99,481.93,437.51,397.8,0.015781,0.0047372,-2.0716,0.039969,6.1035e-05
4777,4819,0,-0.94367,412.54,448.6,0,393.94,494.55,436.46,389.52,-0.024817,0.0023135,-1.9666,-0.0031829,6.1035e-05
4778,4820,3,-0.93292,515.72,536.89,0,494.6,580.67,546.59,472.89,0.0041245,0.0014265,-1.5365,0.03399,9.1553e-05
4779,4821,3,-0.88716,460.07,454.75,0,433.62,498.52,481.98,418.48,0.0096553,0.0017293,-1.9106,0.018036,9.1553e-05
4780,4822,3,-0.93691,446,450.58,0,424.03,486.45,474.24,404.48,0.019101,0.00084836,-1.6329,0.0382,6.1035e-05
4781,4823,3,-0.95346,555.07,574.34,0,522.03,628.4,597.56,504.84,0.010234,0.0013233,-1.5191,0.038065,0.00012207
4782,4824,2,-0.84584,504.43,530.32,0,477.22,592.2,533.4,464.45,0.0066245,0.0010191,-1.7634,0.021101,0.00012207
4783,4825,1,-0.91701,525.7,516.65,0,498.02,595.65,542.31,469.25,0.00094577,0.0011083,-1.8796,0.017038,6.1035e-05
4784,4826,1,-0.98948,412.06,405.37,0,394.62,445.67,428.44,367.51,-0.014063,0.0039034,-2.0858,0.017505,6.1035e-05
4785,4827,0,-0.98725,428.23,419.94,0,406.92,469.73,441.89,388.02,-0.0063376,0.0028213,-2.1164,0.0042879,6.1035e-05
4786,4828,0,-0.8692,409.31,437.38,0,387.25,487.92,430.02,389.91,0.0070798,0.0026853,-1.9966,-0.0055778,6.1035e-05
4787,4829,0,-0.98742,322.49,331.29,0,308.7,361.47,336.28,301.1,0.00015825,0.0018574,-1.6253,-0.0020185,3.0518e-05
4788,4830,3,-0.94606,468.74,474.26,0,440.67,513.8,500.55,429.44,0.004162,0.0014159,-1.6229,0.00062038,0.00012207
4789,4831,3,-0.94307,477.12,499.7,0,443.69,553.3,512.72,442.65,0.00097769,0.0011559,-1.5509,0.020062,9.1553e-05
4790,4832,1,-0.99059,438.72,454.28,0,418.62,507.29,460.12,397.84,0.014517,0.0025961,-1.7954,0.02167,9.1553e-05
4791,4833,3,-1.016,531.49,519.45,0,503.86,568.2,562.8,464.2,0.013309,0.0019953,-1.6937,0.016943,0.00012207
4792,4834,3,-0.94422,539.36,547.77,0,506.42,616.13,574.43,475.01,-0.0030548,0.0012778,-1.5631,0.059815,0.00012207
4793,4835,0,-1.026,434.86,492.22,0.015625,424.84,552.27,448.6,409.92,0.0006399,0.010936,-1.722,0.00032138,6.1035e-05
4794,4836,3,-0.99606,503.34,492.81,0,472.66,539.46,534.03,446.15,0.0026257,0.00071553,-1.6407,0.010677,0.00012207
4795,4837,3,-0.93102,508.62,502.6,0,473.27,546.06,543.97,459.13,0.0022162,0.001088,-1.7668,0.0032691,9.1553e-05
4796,4838,3,-1.021,457.32,482.71,0,433.99,536.34,482.16,425.62,0.0021706,0.0016014,-1.6202,0.015535,9.1553e-05
4797,4839,0,-0.97012,311.85,335.14,0,294.96,380.03,326.76,295.53,-0.00041566,0.0036467,-1.991,0.0010759,3.0518e-05
4798,4840,2,-1.0001,432.44,432.97,0,399.7,514.53,449.59,390.25,-0.0083979,0.0015405,-2.0294,0.011918,6.1035e-05
4799,4841,0,-0.99891,413.66,431.88,0,384.21,492.36,432.54,393.1,-0.0069384,0.0030374,-1.9545,0.0034169,6.1035e-05
4800,4842,3,-0.9534,511.88,494.5,0,480.12,549.27,538.21,449.11,0.004509,0.0018517,-1.8147,0.0061041,0.00012207
4801,4843,1,-0.94162,368.62,370.6,0,349.3,413.88,387.94,327.31,0.0035986,0.0010348,-1.6689,0.00054815,6.1035e-05
4802,4844,0,-0.99092,412.21,403,0,390.02,454.89,422.3,379.42,0.00090679,0.00040324,-2.4142,-0.0011134,6.1035e-05
4803,4845,2,-0.90429,477.54,494.14,0,452.95,555.67,505.4,424.41,0.14415,0.0011327,-1.6497,0.00022781,6.1035e-05
4804,4846,1,-1.0319,452.03,468.93,0,438.56,542.73,463.92,403.81,-0.0027224,0.0097669,-1.8573,0.028977,6.1035e-05
4805,4847,0,-0.95277,398.56,422.23,0,381.83,469.19,417.53,369.01,0.013279,0.0023694,-1.8754,0.0032492,6.1035e-05
4806,4848,2,-0.9073,477.86,497.13,0,453.44,563.34,502.27,430.92,0.0056652,0.0010875,-1.7562,0.0044174,0.00012207
4807,4849,3,-0.93065,547.32,554.07,0,506.7,619.19,585.49,492.89,0.0028586,0.0035593,-1.6797,0.024632,0.00012207
4808,4850,2,-0.9855,480.75,494.71,0,432.53,552.18,523.3,444,-0.015659,0.004003,-1.7022,0.011102,9.1553e-05
4809,4851,0,-0.98767,370.48,366.97,0,349.23,417.3,381.61,340.6,-0.00063046,0.0018532,-2.3203,0.0027898,3.0518e-05
4810,4852,1,-0.96968,415.89,405.65,0,391.45,449.52,437.46,366.95,-0.0034508,0.00056994,-2.0181,0.0047127,6.1035e-05
4811,4853,2,-0.94582,528.8,530.99,0,505.44,601.8,548.15,472.31,0.0083252,0.001013,-1.8359,0.0099925,0.00012207
4812,4854,0,-0.98493,399.08,412.86,0,382.06,453.07,413.19,379.54,-0.0026549,0.0012168,-2.0488,0.0067308,6.1035e-05
4813,4855,3,-1.0027,443.62,446.4,0,417.42,496.29,464,407.6,0.0033593,0.0011112,-1.6775,0.027929,9.1553e-05
4814,4856,2,-0.91815,497.75,502.97,0,466.47,563.26,527.14,446.33,-0.0038506,0.0017841,-1.9048,0.0078438,6.1035e-05
4815,4857,0,-1.0255,329.07,344.7,0,314.49,381.81,341.94,311.96,0.029828,0.0030543,-1.9541,0.0037661,3.0518e-05
4816,4858,2,-0.98267,503.05,517.37,0,478.52,572.9,534.58,445.97,0.0052158,0.0020045,-1.5845,0.0042491,0.00012207
4817,4859,1,-0.87101,362.01,352.61,0,341.23,391.68,377.18,324.1,0.019656,0.0018855,-2.0808,0.0075503,6.1035e-05
4818,4860,2,-0.95857,437.57,452,0,418.14,504.51,459.59,392.49,-0.0019753,0.001217,-1.8135,0.013511,6.1035e-05
4819,4861,0,-1.1059,455.29,523.68,0.14062,439.4,570.99,478.51,454.52,0.00049794,0.091707,-1.8468,0.00086229,6.1035e-05
4820,4862,1,-0.93504,502.6,505.51,0,477.1,563.68,526.55,450.87,0.0032769,0.0030459,-1.7417,0.0078723,0.00012207
4821,4863,1,-0.90404,472.69,488.13,0,447.16,554.69,492.55,436.36,0.0045666,0.0064148,-1.8609,0.01908,9.1553e-05
4822,4864,2,-0.95267,484.58,495.87,0,450.41,561.38,516.69,434.33,0.006212,0.0034083,-1.7827,0.022276,0.00012207
4823,4865,1,-0.93287,444.3,459.4,0,427.33,501.24,467.55,402.08,0.008978,0.0025314,-1.7196,0.018854,6.1035e-05
4824,4866,1,-0.93711,447.97,473.06,0,433.63,505.4,477.33,406.85,-0.0060076,0.0011372,-1.6964,0.05676,6.1035e-05
4825,4867,3,-1.0174,516.97,512.36,0,474.8,564.33,551.91,469.3,0.0023351,0.0019745,-1.7208,0.02333,0.00012207
4826,4868,1,-0.90009,411.61,400.08,0,395.78,436.3,427.44,363.87,-0.014825,0.0021452,-1.9602,0.011224,6.1035e-05
4827,4869,2,-1.042,487.66,478.27,0,452.84,546.02,509.98,434.83,0.017901,0.0035527,-1.783,0.013087,9.1553e-05
4828,4870,0,-0.9838,367.9,375.9,0,347.38,419.56,381.06,347.91,-0.0017436,0.0038492,-2.2083,0.0006737,3.0518e-05
4829,4871,1,-1.0007,443.84,452.82,0,426.35,490.48,467.81,401.21,0.0062134,0.0021111,-1.7645,-0.0013213,6.1035e-05
4830,4872,2,-0.96934,496.8,501.07,0,466.45,560.96,523.57,448.23,-0.0018865,0.0016235,-1.8596,0.032987,9.1553e-05
4831,4873,2,-0.97846,525.08,562.02,0,502.76,627.46,552.02,483.05,0.0028962,0.0014992,-1.6511,0.014274,0.00012207
4832,4874,1,-1.014,505.3,547.32,0,481.32,613.2,536.13,462.61,0.0048461,0.001372,-1.761,0.0084451,0.00012207
4833,4875,2,-0.94606,443.73,454.87,0,429.47,509.83,459.89,392.58,0.0071243,0.0021574,-1.7786,0.011591,9.1553e-05
4834,4876,2,-0.87401,475,493.35,0,454.4,550.82,498.34,428.21,-0.0029058,0.0056075,-1.6907,0.017973,0.00012207
4835,4877,0,-1.0012,417.28,439.27,0,399.33,472.8,440.36,396.16,-0.014694,0.00135,-1.8178,0.0030017,6.1035e-05
4836,4878,0,-0.94202,365.51,379.33,0,349.27,415.6,382.8,340.73,-0.010046,0.0011012,-2.0287,0.010944,3.0518e-05
4837,4879,3,-0.96125,477.88,482.53,0,448.65,524.02,507.1,441.04,0.0078977,0.0031611,-1.7877,0.0086534,9.1553e-05
4838,4880,1,-0.95653,446.32,451.54,0,418.16,490.96,474.48,412.12,0.010169,0.0021916,-1.78,0.0025892,9.1553e-05
4839,4881,1,-0.87415,413.43,412.61,0,388.64,452.66,439.81,369.98,0.0048298,0.00080961,-2.1081,0.028384,6.1035e-05
4840,4882,1,-1.0013,474.68,500.33,0,454.03,540.04,504.87,442.29,-0.0058692,0.0047,-1.6391,-0.003053,6.1035e-05
4841,4883,3,-0.88274,465.83,457.92,0,442.55,508.3,490.61,404.3,0.0078371,0.004282,-1.7196,0.01544,9.1553e-05
4842,4884,3,-0.96551,522.19,505.23,0,485.1,571.04,547.57,460.21,0.0091489,0.0020697,-1.8515,0.013146,0.00012207
4843,4885,3,-0.95372,517.13,513.42,0,476.63,570.64,544.84,474.27,0.025988,0.0010629,-1.935,0.016922,0.00012207
4844,4886,2,-0.89414,382.12,396.33,0,366.02,425.21,404.17,356.74,-0.0044118,0.001448,-1.866,0.0051809,6.1035e-05
4845,4887,0,-0.94685,385.9,414.32,0,369.11,450.95,407.5,367.23,-0.0013928,0.0031913,-1.8755,0.001757,6.1035e-05
4846,4888,1,-0.89041,379.86,382.09,0,363.97,426.46,396.78,334.86,-0.0060832,0.001727,-1.8727,0.0029557,6.1035e-05
4847,4889,3,-0.90367,456.07,449.38,0,431.8,489.92,480.35,408.84,0.0093864,0.00057762,-1.8358,0.011154,9.1553e-05
4848,4890,2,-0.94863,410.31,441.52,0,392.29,477.19,438.41,385.88,-0.023796,0.0025315,-1.6701,0.01233,6.1035e-05
4849,4891,1,-0.88101,501.73,497.54,0,477.54,547.03,525.92,448.05,-0.004927,0.0011601,-1.8198,-0.0037798,6.1035e-05
4850,4892,1,-0.92245,486.37,491.91,0,464.22,535.86,508.53,447.96,-0.01952,0.00070617,-1.9743,0.0065383,6.1035e-05
4851,4893,2,-0.84027,445.03,445.99,0,410.07,497.6,472.22,405.85,0.019555,0.0024903,-1.8614,0.015956,6.1035e-05
4852,4894,0,-1.0078,428.33,444.8,0.015625,412.07,479.29,447.95,403.18,-0.0085967,0.013758,-1.7683,-0.0016825,3.0518e-05
4853,4895,2,-0.9466,465.57,473.97,0,447.42,527.01,484.89,417.51,0.0052755,0.0010704,-1.7099,0.0012105,9.1553e-05
4854,4896,0,-0.88556,435.84,469.49,0,415.38,513.6,460.53,416.26,-0.00059175,0.001221,-1.8711,0.0087304,6.1035e-05
4855,4897,1,-0.89514,478.96,483.34,0,456.64,537.18,497.45,438.73,0.0026619,0.0014894,-1.9166,0.010274,6.1035e-05
4856,4898,2,-1.0534,527.44,524.66,0,492.75,572.87,564.37,473.33,0.0014074,0.0041,-1.7244,0.050809,0.00012207
4857,4899,2,-0.97502,490.43,478.25,0,464.08,524.06,515.18,435.2,-0.0038403,0.0010716,-1.8318,0.035079,0.00012207
4858,4900,3,-0.96094,417.02,429.3,0,398.44,464.17,439.45,387.21,-0.0042175,0.00089856,-1.6224,0.024204,9.1553e-05
4859,4901,0,-1.02,399.7,414.93,0,381.7,453.32,417.69,376.55,-0.018155,0.0041527,-2.0941,0.0094908,3.0518e-05
4860,4902,1,-0.88893,503.42,505.19,0,465.71,555.6,536.7,460.71,-0.022075,0.0037832,-2.0219,0.0017424,0.00012207
4861,4903,1,-0.98559,402.2,387.48,0,384.56,423.24,418.77,353.89,0.0039055,0.0018455,-2.0727,0.020229,6.1035e-05
4862,4904,0,-0.97981,396.11,390.93,0,378.08,427.58,411.04,360.57,0.00060548,0.00043041,-2.2752,3.0842e-05,3.0518e-05
4863,4905,0,-0.95127,380.68,403.22,0,364.87,442.1,398.61,359.16,-0.0049855,0.00075939,-1.8933,0.0038085,3.0518e-05
4864,4906,1,-0.98219,439.83,464.25,0,422.01,511.42,462.74,403.61,0.014867,0.0012696,-1.8961,0.0017396,6.1035e-05
4865,4907,2,-0.99258,433.34,433.05,0,411.47,469.36,459.74,389.24,-0.0062778,0.00084354,-1.8921,0.01445,6.1035e-05
4866,4908,3,-0.97812,492.55,465.9,0,460.87,499.41,530.78,425.46,-0.00048864,0.0014916,-1.6197,0.018724,9.1553e-05
4867,4909,1,-1.0079,392.64,381.36,0,380.65,424.73,404.63,338,-0.0052043,0.0016141,-1.9742,-0.0011446,6.1035e-05
4868,4910,0,-0.87886,432.25,457.78,0,411.9,505.77,452.6,409.79,-0.012503,0.0028462,-2.1058,0.00048498,3.0518e-05
4869,4911,2,-0.91532,558.52,539.64,0,510.76,609.4,591.2,491.91,-0.0024196,0.0014826,-1.9209,0.025809,0.00012207
4870,4912,3,-0.98856,486.75,487.49,0,442.69,543.91,533.66,427.42,-0.0016506,0.0015312,-1.7764,0.012094,0.00012207
4871,4913,2,-0.91042,500.34,521.48,0,477.36,552.06,547.4,458.87,0.030609,0.0016041,-1.5202,0.018206,0.00012207
4872,4914,3,-0.93628,490.82,492.98,0,465.73,540.52,521.09,435.6,-0.005971,0.0013486,-1.7573,0.018997,6.1035e-05
4873,4915,0,-0.97151,396.02,406.13,0,383.37,447.18,410.34,359.62,0.0013062,0.0016835,-1.9579,0.0076874,6.1035e-05
4874,4916,0,-0.97416,441.56,447.28,0,425.59,491.13,455.65,408.6,-0.014253,0.00020687,-2.2326,0.0046754,6.1035e-05
4875,4917,0,-0.95229,431.92,461.38,0,409.85,509.96,455.41,409.67,0.007481,0.00045634,-1.8473,0.0013437,6.1035e-05
4876,4918,3,-0.92234,475.48,471.45,0,441.44,524.53,509.52,418.38,0.00054394,0.0010118,-1.7691,-0.0039957,0.00012207
4877,4919,1,-0.96307,457.36,442.37,0,438.14,489.89,472.31,405.41,-0.0016147,0.00049782,-2.1945,0.00039188,6.1035e-05
4878,4920,1,-0.86591,384.21,402.46,0,359.46,445.46,412.26,353.74,0.005608,0.002053,-2.0454,0.0013506,3.0518e-05
4879,4921,0,-1.3554,456.98,506.2,0.39062,447.96,588.81,466.57,418.26,0.00046223,0.25767,-1.9096,-0.0053367,6.1035e-05
4880,4922,3,-1.0171,488.31,506.57,0,467.2,542.02,523.49,447.49,0.0074186,0.001918,-1.4944,0.010032,0.00012207
4881,4923,1,-0.96666,432.64,425.43,0,402.93,484.87,451.68,387.32,0.0039717,0.0052008,-2.0721,-0.0008987,6.1035e-05
4882,4924,3,-0.88683,476.04,478.85,0,452.32,515.91,510.71,424.68,0.00025937,0.005448,-1.7554,0.0026499,0.00012207
4883,4925,0,-0.98412,319.03,318.21,0,305.03,352.62,329.25,293.1,-6.4356e-05,0.0031243,-2.2332,-0.00033681,3.0518e-05
4884,4926,3,-0.95946,530.59,542.68,0,493.93,603.53,569.61,477.91,0.01592,0.0018464,-1.7231,0.017601,0.00012207
4885,4927,0,-0.97749,424.89,442.86,0,403.98,494.3,442.21,400.25,0.00073467,0.0026381,-2.2641,-0.001047,3.0518e-05
4886,4928,1,-0.95557,409.76,433.93,0,390.39,479.66,434.66,375.14,-0.010317,0.0023873,-1.7054,0.011405,6.1035e-05
4887,4929,3,-0.95061,451.19,436.8,0,419.7,467.86,486.88,401.61,-0.0021043,0.001495,-1.8519,0.04018,9.1553e-05
4888,4930,0,-0.88065,437.96,485.83,0,415.85,527.8,468.27,428.32,-0.0050395,0.0058574,-1.9407,0.012289,6.1035e-05
4889,4931,2,-1.0137,532.96,542.72,0,507.51,614.67,560.07,466.13,-0.0066038,0.0019168,-1.739,0.020335,0.00012207
4890,4932,2,-0.99689,404.92,415.41,0,392.94,473.05,415.5,364.55,-0.0074348,0.0012767,-2.0061,0.016413,6.1035e-05
4891,4933,2,-0.86154,503.84,516.53,0,476.01,574.66,535.37,450.64,0.015801,0.0036827,-1.7987,0.0075716,0.00012207
4892,4934,1,-0.94189,437.62,414.26,0,415.1,460.14,455.14,378.58,-0.026246,0.00080972,-2.0779,0.0016927,6.1035e-05
4893,4935,1,-0.94726,432.26,437.27,0,409.51,477.05,456.48,394.93,0.0011597,0.00063778,-1.8638,0.011386,6.1035e-05
4894,4936,2,-0.96503,483.05,473.14,0,444.7,539.45,511.03,424.76,0.0080455,0.0020692,-2.0545,0.0051926,9.1553e-05
4895,4937,1,-0.97685,469.46,478.08,0,445.69,528.76,493.22,427.4,-0.0059171,0.0013208,-1.8862,0.013487,9.1553e-05
4896,4938,1,-0.85054,459.86,472.57,0,439.13,517.04,484.88,418.91,-0.00079893,0.0029125,-1.9333,0.0054529,9.1553e-05
4897,4939,2,-0.97994,477.69,490.09,0,453.69,545.98,501.7,434.2,0.0060131,0.0015988,-1.8896,0.011491,9.1553e-05
4898,4940,2,-0.88567,464.52,480.88,0,436.42,535.21,492.63,426.55,0.01127,0.0010867,-1.9682,0.0030543,9.1553e-05
4899,4941,1,-0.82226,434.48,451.3,0,418.46,484.53,463.04,392.07,0.00035305,0.0019089,-1.8352,0.00016195,6.1035e-05
4900,4942,1,-0.96567,421.3,416.61,0,397.96,455.55,447.75,372.47,0.004154,0.006218,-1.668,-0.003093,6.1035e-05
4901,4943,1,-0.90288,523.2,544.77,0,489.81,606.94,554.57,486.36,-0.0065871,0.0055973,-1.8563,0.018075,6.1035e-05
4902,4944,2,-0.85505,442.91,461.33,0,420.16,508.26,476.15,392.74,-0.0030195,0.0022383,-1.7397,0.011555,6.1035e-05
4903,4945,0,-1.0223,416.53,436.14,0,381.05,470.43,447.83,405.89,-0.015692,0.0082746,-1.9145,0.011162,6.1035e-05
4904,4946,0,-0.92628,436.84,456.26,0,416.73,502.6,456.95,409.93,0.00084967,0.00098965,-2.108,0.0014172,6.1035e-05
4905,4947,1,-0.92276,395.74,399.73,0,370.75,444.45,417.79,360.27,-0.0067951,0.00074319,-2.0366,0.024125,3.0518e-05
4906,4948,3,-1.007,478.54,476.9,0,436.83,521.78,513.1,439.72,0.019497,0.0032703,-1.5746,0.020861,0.00012207
4907,4949,3,-0.9702,541.66,535.7,0,501.89,590.85,579.01,483.88,0.021247,0.0015935,-1.7622,0.030165,0.00012207
4908,4950,2,-0.89284,383.58,385.32,0,363.97,422.52,404.46,345.73,0.0016585,0.0016322,-1.8423,0.024614,6.1035e-05
4909,4951,0,-0.93049,400.12,406.94,0,382.95,442.77,416.25,373.28,0.031234,0.0020486,-2.2936,0.0033858,6.1035e-05
4910,4952,2,-0.98622,470.01,479.75,0,452.22,514.98,496,428.26,-0.0013388,0.0026792,-1.691,0.011516,9.1553e-05
4911,4953,3,-0.90616,521.26,528.29,0,484.17,578.46,566.02,467.74,-0.00037466,0.00087155,-1.7813,0.021864,0.00012207
4912,4954,0,-0.95497,408.16,420.48,0,402.99,463.22,414.03,372.04,-0.005976,0.0041837,-1.7933,-0.014394,6.1035e-05
4913,4955,2,-0.89846,542.53,558.67,0,508.05,612.95,584.14,493.17,0.0019214,0.0012352,-1.5794,0.01842,6.1035e-05
4914,4956,0,-0.98096,410.58,410.69,0,391.44,450.07,425.46,380.06,-0.0090558,0.0006448,-2.1384,0.011367,6.1035e-05
4915,4957,0,-0.99007,355.22,351.48,0,341.82,379.73,367.05,326.56,0.002735,0.0023934,-2,0.0014407,3.0518e-05
4916,4958,3,-0.9836,495.97,519.12,0,464.21,555.05,545.51,463.06,0.0029183,0.0029365,-1.5625,0.025793,9.1553e-05
4917,4959,1,-0.94021,501.29,515.15,0,485.84,572.04,519.94,446.49,0.00013716,0.0015109,-1.8172,0.030153,6.1035e-05
4918,4960,2,-0.94052,459.65,448.69,0,427.54,503.05,486.25,403.65,-0.0038827,0.0022425,-1.7305,0.018993,6.1035e-05
4919,4961,0,-1.0054,454.97,506.86,0.0625,443.85,548.36,471.23,446.21,0.0015775,0.03204,-1.7602,0.0063636,6.1035e-05
4920,4962,3,-0.96645,538.15,525.8,0,496.74,589.65,570.36,476.13,0.004613,0.00096749,-1.8564,0.020428,0.00015259
4921,4963,0,-0.98108,364.39,367.45,0,348.25,408.44,376.94,335.57,0.0031971,0.0030783,-1.9745,0.012496,3.0518e-05
4922,4964,0,-0.97304,363.03,380.92,0,348.93,420.21,379.02,336.4,-0.00062049,0.0047055,-1.9779,0.000539,6.1035e-05
4923,4965,0,-0.97012,396.09,415.42,0,377.65,462.28,413.42,371.4,0.00090262,0.00091816,-1.9309,-0.0013407,3.0518e-05
4924,4966,3,-0.92978,525.64,506.78,0,497.54,567.32,547.5,459.7,0.00052936,0.0011308,-1.9563,0.016266,0.00012207
4925,4967,3,-0.96177,524.55,528.16,0,498.11,592.89,550.99,463.43,0.014024,0.0016737,-1.6713,0.017635,0.00012207
4926,4968,2,-0.97695,512.26,502.1,0,478.02,557.79,540.63,455.96,0.006175,0.0014447,-1.8249,0.029149,0.00012207
4927,4969,3,-0.97617,519.75,502.27,0,487.56,549.94,549.99,457.49,0.012069,0.00071382,-1.8195,0.0089555,0.00012207
4928,4970,2,-0.95206,509.85,500.99,0,476.68,544.08,545.16,455.12,0.014751,0.0011106,-1.8958,0.014808,0.00012207
4929,4971,1,-0.96456,472.81,475.12,0,454.14,500.85,500.08,437.52,0.0048027,0.0033558,-1.8705,0.030521,6.1035e-05
4930,4972,1,-0.88552,478.58,494.45,0,454.14,561.8,503.02,427.11,0.0027304,0.0026249,-1.7887,0.0015737,6.1035e-05
4931,4973,2,-0.95882,439.03,452.37,0,415.73,510.61,463.82,390.36,0.0033556,0.0010425,-1.7093,0.021128,6.1035e-05
4932,4974,3,-0.95207,437.74,437.96,0,415.9,482.86,458.25,395.78,0.0072154,0.00081694,-1.7749,0.0066804,9.1553e-05
4933,4975,2,-0.97211,476.24,474.45,0,447.54,526.12,503.19,425.92,0.00033793,0.0012503,-1.8131,0.0099256,6.1035e-05
4934,4976,2,-0.93052,491.72,491.93,0,458.11,554.11,519.57,440.41,0.00035793,0.00080788,-1.7942,0.0058394,0.00012207
4935,4977,2,-0.95687,492.99,473.75,0,462.87,526.19,512.3,440.14,-0.0042085,0.00073822,-2.0085,0.026615,0.00012207
4936,4978,1,-0.98342,421.84,404.8,0,401.84,456.76,434.67,371.49,-0.00091917,0.001434,-2.0149,-0.0019898,6.1035e-05
4937,4979,2,-0.9359,453.13,437.92,0,421.07,486.06,473.67,407.06,0.0043361,0.00108,-1.9564,0.0081137,6.1035e-05
4938,4980,0,-0.96589,448.05,487.48,0,432.23,526.09,474.43,423.14,-0.0048147,0.00020764,-1.8891,0.0027299,6.1035e-05
4939,4981,3,-0.88408,462.13,464.11,0,439.48,510.41,487.79,411.63,-0.0010652,0.0015723,-1.8436,0.0098607,0.00012207
4940,4982,0,-0.90294,440.79,457.26,0,401.91,530.59,462.6,416.12,-0.019055,0.0014183,-2.317,0.052056,6.1035e-05
4941,4983,1,-0.8683,412.59,421.18,0,390.97,469.11,434.21,373.24,0.010632,0.00050499,-2.0489,0.01025,6.1035e-05
4942,4984,2,-0.92896,445.64,472.27,0,420.37,527.49,476.13,405.62,-0.009558,0.0014168,-1.7488,0.0069017,6.1035e-05
4943,4985,0,-0.97141,445.55,453.87,0,418.56,516.15,465.25,408.42,0.0049819,0.0041079,-2.2579,-0.00056315,6.1035e-05
4944,4986,3,-0.92219,504.64,489.84,0,478.01,530.7,534.83,443.53,0.0074044,0.00092368,-1.8904,0.021238,9.1553e-05
4945,4987,1,-0.98793,443.29,424.32,0,417.73,465.45,461.94,394.31,-0.0046986,0.0016867,-2.3012,0.011505,6.1035e-05
4946,4988,1,-0.98424,310.86,307.41,0,300.65,336.4,321.06,278.43,-0.013104,0.0026121,-2.1525,0.0098458,6.1035e-05
4947,4989,2,-0.94149,446.57,441.92,0,413.31,491.47,470.85,405.76,0.015144,0.0018448,-2.0095,-0.00078305,0.00012207
4948,4990,2,-1.0104,448.52,432.96,0,419.71,475.38,468.23,403.93,-0.0019556,0.0014483,-2.0878,0.014713,9.1553e-05
4949,4991,0,-1.0108,383.28,405.94,0,370.58,458.06,395.2,356.98,-0.010683,0.0025057,-2.0215,0.010562,6.1035e-05
4950,4992,3,-0.9845,490,510.89,0,458.04,560.69,528.58,450.78,0.0085402,0.0018997,-1.7114,0.023156,0.00012207
4951,4993,0,-1.0251,410.61,444.78,0,389.39,520.76,426.08,389.34,-0.00082682,0.0024578,-1.9771,0.0010321,6.1035e-05
4952,4994,0,-0.94404,410.15,457.33,0,391.78,505.21,435.31,391.73,0.0030379,0.0050416,-1.9829,0.003705,6.1035e-05
4953,4995,3,-0.98582,473.65,458.07,0,433.29,507.44,507.1,417.16,0.00096481,0.0016057,-2.0055,0.024187,0.00012207
4954,4996,1,-0.94274,442.37,436.22,0,423.83,483.78,457.73,396.82,-0.0057727,0.0026682,-2.2776,-0.0033828,9.1553e-05
4955,4997,0,-0.94675,429.22,475.07,0,419.7,503.06,451.77,408.79,-0.0045,0.0013617,-1.6762,0.010709,6.1035e-05
4956,4998,1,-0.95136,480.97,485.95,0,456.57,547.39,503.88,428.23,-0.010932,0.0011739,-2.0215,0.015536,9.1553e-05
4957,4999,2,-0.96871,539.79,546.53,0,506.95,617.57,568.76,483.86,0.00028607,0.0013431,-1.9804,0.0035742,0.00012207
4958,5000,1,-0.91252,512.5,534.92,0,481.35,601.38,545.65,464.17,0.02475,0.0010726,-1.824,0.021638,0.00012207
4959,5001,0,-0.90165,424.78,440.48,0,405.94,486.52,442.47,397.23,-0.0028914,0.0062695,-2.2448,0.0027581,6.1035e-05
4960,5002,2,-0.91649,432.94,422.86,0,410.92,460.74,454.97,384.99,0.0059745,0.00061189,-1.9654,0.0084985,6.1035e-05
4961,5003,3,-0.98103,458.52,467.24,0,435.8,514.16,484.27,414.05,-0.0033721,0.0018947,-1.801,0.025235,6.1035e-05
4962,5004,0,-0.96611,408.93,444.11,0,395.94,473.5,432.1,391.72,-0.00027913,0.0049622,-1.7818,0.0017958,6.1035e-05
4963,5005,0,-0.97133,409.16,436.03,0,392.5,478.28,430.59,381.72,-0.0054408,0.0023671,-1.9375,0.087086,6.1035e-05
4964,5006,1,-0.95447,462.73,477.18,0,441.61,533.03,483.86,421.32,-0.0015344,0.001392,-1.8791,0.0053081,6.1035e-05
4965,5007,1,-0.97503,417.56,425.02,0,402.23,458.95,439.95,375.42,-0.0019395,0.00058044,-1.9635,0.0070761,6.1035e-05
4966,5008,0,-0.87175,375.9,396.73,0,363.48,429.81,392.92,351.4,0.0012479,0.010227,-1.9948,0.0090756,6.1035e-05
4967,5009,2,-1.0088,484.8,480.88,0,468.1,538.69,502.57,419.35,-0.019909,0.0013192,-1.9095,0.024223,9.1553e-05
4968,5010,2,-0.95845,550.64,551.95,0,521.77,623.67,574.56,492.52,-0.00645,0.0012291,-1.8876,0.015931,0.00012207
4969,5011,0,-0.95892,378.69,396.4,0,359.14,440.71,394.89,359.69,-0.01184,0.0010566,-2.0585,-0.0025376,3.0518e-05
4970,5012,2,-0.85321,566.41,567.81,0,527.53,635.41,602.93,504.3,0.0029352,0.0028612,-1.8267,0.0036646,0.00012207
4971,5013,3,-0.97847,541.9,521.06,0,508.22,569.16,577.76,469.85,0.0028076,0.0020193,-1.6713,0.02163,0.00012207
4972,5014,2,-0.96047,478.72,489.01,0,443.02,562.24,510.22,424.4,0.0023294,0.0022005,-1.8706,0.0053938,9.1553e-05
4973,5015,2,-0.9594,475,465.45,0,452.1,518.49,496.5,415.62,-0.0013161,0.00098411,-1.8852,0.0015916,6.1035e-05
4974,5016,3,-0.88915,492.97,456.6,0,468.39,499.52,516.06,416.29,0.030397,0.0016217,-2.0268,0.010696,9.1553e-05
4975,5017,2,-0.97694,391.54,391.3,0,362.55,445.09,412.7,352.05,-0.00010723,0.0018543,-2.0759,-0.00078448,6.1035e-05
4976,5018,3,-0.98979,512.02,514.21,0,476.85,563.92,549.46,461.28,0.0063281,0.0015917,-1.9078,0.012394,0.00012207
4977,5019,2,-0.92224,426.72,423.34,0,403.12,460.03,455.2,379.06,-0.0058629,0.00080457,-1.7975,0.0081605,6.1035e-05
4978,5020,1,-1.0259,492.69,529.04,0,474.68,573.48,522.7,454.99,-2.4525e-05,0.0022378,-1.625,0.020061,6.1035e-05
4979,5021,2,-0.93351,412.43,399.98,0,394.85,428.01,433.64,366.14,0.00062856,0.0026546,-1.9915,0.0050284,6.1035e-05
4980,5022,2,-0.90944,533.54,554.75,0,505.33,621.34,565.51,479.27,-0.0056761,0.00073883,-1.8349,0.03106,0.00012207
4981,5023,3,-0.88403,537.03,539.01,0,501.69,601.64,570.23,480.19,0.0026857,0.0012548,-1.9134,0.0047161,0.00012207
4982,5024,0,-0.97078,410.76,425.91,0,390.99,473.98,429.33,380.75,-0.00056167,0.0014448,-2.2125,0.0010706,6.1035e-05
4983,5025,1,-0.95607,467.27,476.27,0,440.32,532.28,491.06,426.85,0.0038992,0.0018003,-2.0401,0.011827,6.1035e-05
4984,5026,0,-0.9184,397.04,401.75,0,380.65,441.28,413.43,362.23,-0.0013127,0.00082308,-2.2851,0.0010373,3.0518e-05
4985,5027,2,-1.0288,541.59,538.81,0,508.9,605.12,572.3,476.52,0.017656,0.0023718,-1.8951,0.018107,0.00012207
4986,5028,2,-0.86484,502.92,519.67,0,475.27,584.63,530.57,454.71,-0.01075,0.0030012,-2.0691,0.067415,6.1035e-05
4987,5029,0,-0.99255,393.42,385.02,0,373.24,423.2,406.36,360.55,-0.010655,0.0009109,-2.2817,0.0015313,3.0518e-05
4988,5030,1,-0.98276,406.2,403.8,0,385.62,457.12,424.35,356.76,-0.0087598,0.0013375,-2.05,0.0093976,6.1035e-05
4989,5031,3,-1.0007,517.33,487.5,0,481.28,537.41,541.99,453.35,0.0052681,0.003338,-2.0955,0.018459,6.1035e-05
4990,5032,0,-0.89126,420.65,450.08,0,402.01,491.48,443.15,400.11,-0.0016063,0.0031901,-2.1497,0.0020003,6.1035e-05
4991,5033,3,-0.9881,485.92,508.31,0,450.45,545.41,541.27,450.44,-0.0013838,0.0015648,-1.6003,0.022236,0.00012207
4992,5034,0,-0.97151,380.6,395.02,0,366.69,427.2,397.39,356.18,-0.0025245,0.00044099,-1.8014,0.001725,3.0518e-05
4993,5035,3,-0.99943,433.67,442.29,0,409.57,479.89,459.32,402.26,0.0011638,0.0011257,-1.9213,0.012057,9.1553e-05
4994,5036,1,-0.97108,428.83,428.83,0,409.09,466.92,452.66,382.86,-0.0013016,0.00064349,-1.9666,0.00171,6.1035e-05
4995,5037,3,-0.91296,484.74,479.48,0,460.49,519.58,514.02,431.09,0.0036486,0.0010704,-1.7691,0.016205,9.1553e-05
4996,5038,1,-0.95331,425.47,430.77,0,402.92,482.04,445.37,385.54,-0.0055607,0.0010185,-2.1023,0.0096082,6.1035e-05
4997,5039,3,-0.94094,552.89,531.19,0,524.49,566.93,587.17,488.05,-0.0022172,0.0018255,-1.9318,0.036678,0.00012207
4998,5040,0,-0.96582,427.26,446.49,0,396.42,493.04,454.48,405.42,-0.0020685,0.0019595,-2.0543,0.00077484,6.1035e-05
4999,5041,0,-0.97978,430.57,427.99,0,411.67,470.2,447.24,390.74,0.0046112,0.0002757,-2.2903,0.0025699,6.1035e-05
5000,5042,1,-0.85775,503.61,512.74,0,477.79,580.33,526.39,453.1,0.0089059,0.0023542,-2.0049,0.030705,6.1035e-05
5001,5043,1,-0.89135,541.64,544.43,0,507.23,606.09,572.01,490.03,-0.0020495,0.00095236,-2.0135,0.0026834,0.00012207
5002,5044,3,-0.98583,493.99,485.05,0,470.68,536.24,517.31,433.86,0.010596,0.0019102,-1.9619,0.024189,0.00012207
5003,5045,2,-0.96594,459.44,425.11,0,434.45,471.15,477.67,391.52,0.0016917,0.00056766,-2.1558,0.0088955,6.1035e-05
5004,5046,2,-0.9631,491.13,494.89,0,460.72,543.95,527.83,435.67,0.0012343,0.00091014,-1.7409,0.0095857,0.00012207
5005,5047,3,-0.90503,445.2,462.46,0,419.75,500.18,474.04,419.72,-0.0073597,0.0012461,-1.8206,0.0019067,9.1553e-05
5006,5048,1,-0.98234,377.82,353.86,0,354.68,404.22,390.79,325.61,-0.010686,0.0008805,-2.4173,-0.0011635,6.1035e-05
5007,5049,2,-0.92334,487.94,488.64,0,465.21,536.17,515.37,431.27,0.00084596,0.0020722,-1.7745,0.01604,9.1553e-05
5008,5050,1,-0.95354,448.95,440.57,0,423.52,487.33,472.84,396.64,0.027697,0.00058653,-2.0276,0.0078381,6.1035e-05
5009,5051,1,-0.98926,366.25,374.23,0,350.23,401.22,389.66,334.79,-0.0052084,0.0047745,-1.8966,0.0020134,6.1035e-05
5010,5052,0,-0.97677,356.26,368.67,0,340.4,398.93,373.14,336.46,0.0012675,0.0030729,-2.2391,-0.0024913,6.1035e-05
5011,5053,0,-0.97708,386.21,398.11,0,366.1,444.7,402.88,359.51,0.0024571,0.00054995,-2.2369,-0.0040082,6.1035e-05
5012,5054,0,-0.97468,445.41,453.15,0,421.09,508.25,465.56,407.48,-0.00013768,0.00075995,-2.274,0.00068019,6.1035e-05
5013,5055,0,-0.96523,351.25,353.37,0,336.35,403.73,359.6,325.13,-0.033525,0.0013471,-2.1598,0.0046467,3.0518e-05
5014,5056,2,-1.0055,447.4,417.46,0,419.63,466.59,461.95,391.72,-0.012928,0.00093361,-2.1876,0.05099,9.1553e-05
5015,5057,3,-0.95538,461.45,455.48,0,433.07,505.84,486.49,411.04,-0.0075413,0.0010943,-2.0214,0.029799,9.1553e-05
5016,5058,1,-0.91357,474.26,472.5,0,450.68,516.35,497.84,428.64,0.0011864,0.0013535,-2.0321,0.0012729,6.1035e-05
5017,5059,0,-1.0289,414.67,425.58,0.03125,399.22,465.64,431.12,382.92,0.0038289,0.025369,-1.8293,0.0027141,6.1035e-05
5018,5060,1,-0.96732,564.64,545.47,0,538.29,593.6,592.68,494.23,-0.024223,0.0012585,-1.9177,0.031873,0.00012207
5019,5061,0,-0.97534,438.99,465.75,0,422.51,504.12,460.19,416.42,0.016804,0.00092958,-2.0766,-0.0044801,6.1035e-05
5020,5062,3,-0.988,496.3,476.34,0,462.79,528,524.07,433.54,-0.0028372,0.00066173,-1.8913,0.037769,9.1553e-05
5021,5063,3,-0.96124,490.55,512.28,0,456.98,566.76,526.28,454.29,0.0085621,0.00081281,-1.7605,0.021738,0.00012207
5022,5064,1,-0.99931,533.83,547.8,0,497.73,627.75,560.17,489.46,0.011018,0.002682,-2.0298,0.0072221,0.00012207
5023,5065,1,-0.92183,482.64,490.12,0,457.16,546.47,505.13,440.4,-0.0086172,0.0011982,-1.8622,0.026868,6.1035e-05
5024,5066,3,-0.91933,471.75,490.58,0,441.89,539.78,503.54,438.22,-0.004656,0.0014169,-1.8322,0.013104,9.1553e-05
5025,5067,2,-0.92561,450.51,445.49,0,427.13,500.41,472.48,393.89,0.014194,0.0010305,-1.9066,0.019005,6.1035e-05
5026,5068,2,-0.93259,491.91,505.29,0,463.73,572.39,516.77,446.08,-0.0045279,0.0011379,-1.8635,0.004588,6.1035e-05
5027,5069,2,-0.90354,513.28,518.19,0,478.47,578.43,544,465.03,-0.0033976,0.0011143,-1.7975,0.007961,0.00012207
5028,5070,0,-0.98664,329.05,337.87,0,312.2,365.95,344.88,311.5,0.021115,0.001628,-2.1061,0.006349,3.0518e-05
5029,5071,3,-0.85914,527.62,535.61,0,504.02,590.73,557.96,464.74,0.0059309,0.0010326,-1.7845,0.010385,0.00012207
5030,5072,2,-0.9773,446.88,472.11,0,429.02,522.05,469.83,407.9,-0.0040455,0.0025438,-1.8236,0.0052855,6.1035e-05
5031,5073,2,-0.99901,409.25,415.4,0,390.82,446.04,434.5,373.43,0.0010124,0.0013484,-1.856,0.0057428,6.1035e-05
5032,5074,3,-0.97439,511.09,491.01,0,473.38,548.35,544.36,440.42,-0.0015631,0.0011107,-1.8151,0.0048585,0.00012207
5033,5075,3,-0.93227,470.48,483.79,0,445.19,538.82,495.78,428.76,-0.000169,0.0016179,-1.8738,0.025757,6.1035e-05
5034,5076,2,-0.90375,491.5,503.42,0,463.7,562.75,521.08,440.25,0.0057728,0.00082465,-1.9116,0.015822,6.1035e-05
5035,5077,1,-0.87697,406.37,411.48,0,388.78,456.96,425.1,363.06,-0.0084288,0.0018936,-2.0832,-0.00016513,6.1035e-05
5036,5078,2,-1.0029,483.21,498.35,0,452.64,561.6,515.76,431.02,0.0069757,0.0028084,-1.8392,0.027845,6.1035e-05
5037,5079,1,-0.95013,424.76,422.03,0,399.9,458.91,454.77,377.52,0.011904,0.0022086,-1.7354,0.011963,6.1035e-05
5038,5080,0,-0.94042,397.68,428.76,0,378.55,470.37,420.77,378.54,0.023032,0.0025441,-1.9823,0.00014449,6.1035e-05
5039,5081,3,-1.0261,468.22,470.05,0,440.62,510.83,501.52,420.84,-0.0012852,0.0011917,-1.7445,0.0061729,9.1553e-05
5040,5082,1,-0.95466,428.91,448.26,0,409.35,493.36,452.52,393.84,-0.002535,0.00048915,-1.9573,0.010288,6.1035e-05
5041,5083,3,-0.90423,506.09,484.75,0,465.93,542.04,533.56,445.55,0.0044541,0.0035258,-1.9578,0.0095292,6.1035e-05
5042,5084,1,-0.91952,363.15,357.86,0,347.2,389.6,381.22,321.87,0.0002899,0.0017923,-1.8583,0.0098933,6.1035e-05
5043,5085,2,-0.8833,548.77,569.49,0,514.46,625.2,590.17,502.27,-0.020192,0.0009777,-1.7116,0.0070353,0.00012207
5044,5086,0,-0.87955,430.41,439.77,0,409.82,485.82,447.47,401.62,-0.011613,0.0019796,-2.1643,0.00063054,3.0518e-05
5045,5087,1,-0.9706,430.43,464.89,0,408.93,500.65,463.97,409.12,-0.0044044,0.0043386,-1.8691,0.0038322,6.1035e-05
5046,5088,0,-0.98221,383.86,385.37,0,366.37,421.39,398.34,355.52,0.00034525,0.00098496,-2.2053,-0.00081543,3.0518e-05
5047,5089,2,-1.011,582.26,566.91,0,550.83,612.46,620.2,511.93,0.0088051,0.0011022,-1.8048,0.038725,0.00012207
5048,5090,0,-1.0037,314.88,326,0,311.07,360.03,319.47,284.94,-0.0082709,0.0048144,-1.9438,0.0042605,3.0518e-05
5049,5091,1,-0.95551,429.31,417.05,0,413.14,450.75,446.51,381.17,-0.0064131,0.0030324,-1.9865,0.0035202,6.1035e-05
5050,5092,0,-0.98162,320.93,318,0,309.89,339.98,331.98,296.02,-0.00075158,0.00063576,-2.2342,-0.00044789,3.0518e-05
5051,5093,1,-0.94489,369.52,362.29,0,355.07,393.01,385.9,327.48,-0.0010421,0.00066193,-1.8868,0.0031443,6.1035e-05
5052,5094,1,-0.85827,519.9,541.31,0,486.51,600.48,555.43,478.31,-0.00092412,0.0015869,-1.8841,0.0073211,0.00012207
5053,5095,0,-0.94735,383.87,393.37,0,366.96,424.37,400.79,362.37,0.0058733,0.0044387,-2.0034,0.006457,3.0518e-05
5054,5096,0,-0.92779,429.98,439.44,0,412.02,480.71,449.1,395.51,0.00127,0.0011811,-2.1566,-0.0017513,6.1035e-05
5055,5097,3,-1.0145,460.38,442.68,0,431.04,484.55,484.68,408,0.0084066,0.0016788,-1.9174,0.0096122,9.1553e-05
5056,5098,2,-0.97785,429.39,438.7,0,405.17,481.97,452.15,398.05,-0.0085682,0.00078469,-1.8509,0.01053,6.1035e-05
5057,5099,3,-0.98516,471.08,448.44,0,440.69,484.26,494.73,420.57,-0.0079892,0.00099353,-1.9178,0.044642,9.1553e-05
5058,5100,0,-0.90512,410.88,429.28,0,393.01,466.11,432.45,384.84,0.00039186,0.003736,-2.1042,-0.0020801,6.1035e-05
5059,5101,1,-0.97459,394.8,380.03,0,376.63,417.22,411.87,345.1,-0.0073804,0.0014981,-2.0478,-0.010259,6.1035e-05
5060,5102,1,-0.98024,421.28,413.55,0,403.52,443.6,441.4,379.5,0.0018405,0.0014746,-2.0875,0.0082639,6.1035e-05
5061,5103,1,-0.95781,400.38,405.18,0,385.87,445.17,417.89,356.91,-0.0090471,0.0034096,-1.7558,-0.0039387,6.1035e-05
5062,5104,0,-0.96726,410.2,434.28,0,386.11,482.16,431.45,392.04,0.015659,0.0013801,-2.1878,-0.0024637,6.1035e-05
5063,5105,0,-0.97846,348.89,350.65,0,333.09,380.36,362.83,324.44,0.00616,0.0019331,-2.0348,0.0012334,6.1035e-05
5064,5106,3,-1.0016,464.25,445.95,0,432.74,489.24,490.35,410.09,0.0045215,0.00097721,-1.6557,0.0063466,9.1553e-05
5065,5107,1,-0.90872,427.85,439.66,0,407.38,476.16,451.06,398.29,-0.00061232,0.0015186,-1.7527,0.0078807,6.1035e-05
5066,5108,2,-0.8949,423.66,425.77,0,406.64,458.36,444.2,386.44,0.0015369,0.002166,-1.6481,0.0056337,9.1553e-05
5067,5109,2,-0.86933,471.66,471.71,0,451.7,511.12,499.01,417.7,0.012696,0.0025613,-1.7047,0.014056,9.1553e-05
5068,5110,0,-0.96955,418.15,451.77,0,397.87,498.12,439.74,402.43,-0.0099535,0.0058228,-1.8655,0.0056507,3.0518e-05
5069,5111,3,-0.973,466.66,463.86,0,439.47,516.55,492.21,414.35,0.0072195,0.0023756,-1.7702,0.01431,9.1553e-05
5070,5112,2,-0.93476,453.64,438.39,0,427.39,489.25,470.46,405.79,-0.0038374,0.0011532,-1.8064,0.012049,9.1553e-05
5071,5113,3,-0.99441,443.82,434.89,0,413,474.46,469.35,402.1,0.001722,0.0014509,-2.0279,0.030044,9.1553e-05
5072,5114,1,-0.95639,511.62,515.4,0,486.48,575.01,533.8,462.79,-0.001065,0.0016002,-1.9092,0.021544,9.1553e-05
5073,5115,0,-0.98605,305.92,299.94,0,295.97,319.1,314.71,283.03,-0.00057853,0.0013396,-2.1472,0.0013486,3.0518e-05
5074,5116,2,-0.95033,518.41,505.32,0,477.76,555.33,544.46,473.26,0.015165,0.00092367,-1.9579,0.0080992,6.1035e-05
5075,5117,2,-0.94408,488.18,475.26,0,456.31,545.08,508.62,430.5,-0.001673,0.0011576,-1.9777,0.0087443,9.1553e-05
5076,5118,0,-0.93739,394.87,406.36,0,384.67,426.81,413.07,369.91,-0.016424,0.0016863,-1.8586,-7.4334e-05,6.1035e-05
5077,5119,1,-0.86863,436.58,435.08,0,415.75,486.14,453.84,392.78,0.0056979,0.0020503,-1.9258,0.0042003,6.1035e-05
5078,5120,1,-0.90388,351.15,347.64,0,344.11,373.59,361.46,309.71,-0.027076,0.0029762,-1.7781,0.035831,3.0518e-05
5079,5121,1,-0.96831,478.92,496.53,0,457.83,535.09,506.02,446.95,-0.0033217,0.0033072,-1.8037,0.012565,6.1035e-05
5080,5122,1,-0.90436,471.33,478.52,0,449.55,516.07,497.62,433.21,0.0070635,0.00099879,-1.7834,0.020047,6.1035e-05
5081,5123,1,-0.94695,396.22,410.59,0,377.46,446.39,420.33,364.57,-0.0023977,0.0021163,-1.8731,0.0066225,6.1035e-05
5082,5124,2,-0.97285,460.53,457.52,0,437.21,500.65,485.34,411.6,-0.002843,0.00066464,-1.8782,0.0062109,9.1553e-05
5083,5125,0,-0.97372,335.23,347.32,0,322.01,370.97,350.2,320.51,-0.0045489,0.001006,-2.1525,-0.00011032,6.1035e-05
5084,5126,1,-0.98962,448.67,461.51,0,421.01,504.99,476.32,418.04,-0.0017474,0.001288,-1.9552,0.026884,6.1035e-05
5085,5127,3,-0.9988,489.91,485.9,0,452.7,535.89,520.74,444.48,0.013421,0.0015213,-1.8011,0.035437,9.1553e-05
5086,5128,3,-0.95207,454.52,436.92,0,429.27,471.82,476.81,406.13,0.0011852,0.0014452,-1.8725,0.023997,9.1553e-05
5087,5129,0,-1.0014,386.8,394.74,0,367.85,434.86,403.53,359.33,-0.0049037,0.0023427,-2.0311,-7.8598e-05,6.1035e-05
5088,5130,0,-0.91149,324.78,326.22,0,313.3,348.81,337.01,302.18,0.0020352,0.0040519,-2.0298,0.0061311,3.0518e-05
5089,5131,2,-0.90989,493.23,492.3,0,461.86,531.69,531.08,444.76,0.0028151,0.0010054,-1.7063,0.018871,0.00012207
5090,5132,2,-0.95925,527.49,520.89,0,511.27,582.76,544.75,455.03,-0.0021223,0.0024811,-1.7935,0.029299,0.00012207
5091,5133,0,-0.93832,384.5,397.6,0,369.7,426.87,402.36,362.28,0.012906,0.00087412,-2.093,0.00052074,3.0518e-05
5092,5134,2,-0.95006,468.34,462.87,0,437.21,502.72,501.48,420.45,0.0031684,0.0020507,-1.8395,0.0029512,0.00012207
5093,5135,0,-0.94671,411.82,404.91,0,399.65,428.04,425.61,378.7,-0.0028864,0.0017595,-2.1705,-0.00034895,6.1035e-05
5094,5136,3,-0.92467,460.67,479.04,0,433.34,522.84,491.63,429.4,0.011414,0.0011691,-1.6101,0.024335,9.1553e-05
5095,5137,0,-0.99633,418.41,418.5,0,401.28,449.88,436.65,385.1,-0.0087963,0.0014878,-2.235,0.0015273,6.1035e-05
5096,5138,2,-0.90512,462.62,460.54,0,444.47,493.26,487.49,415.7,1.6474e-05,0.0029994,-1.6874,0.028104,6.1035e-05
5097,5139,3,-0.93253,461.19,450.81,0,439.34,486.82,483.04,414.8,0.004784,0.0014456,-1.8617,0.017097,6.1035e-05
5098,5140,2,-0.91664,497.2,464.38,0,472.63,512.29,514.01,431.6,0.0010901,0.0011195,-1.9169,0.020952,9.1553e-05
5099,5141,1,-0.93336,433.56,448.69,0,413.18,484.21,461.49,400.01,0.00048716,0.00040638,-1.8551,0.00014949,6.1035e-05
5100,5142,3,-1.0043,478.43,469.54,0,452.28,513.7,502.99,428.06,0.014143,0.0018441,-1.7305,0.0035555,0.00012207
5101,5143,3,-0.92708,431.84,436.23,0,414.31,465.44,453.01,400.98,0.010388,0.0014828,-1.7661,0.014398,6.1035e-05
5102,5144,2,-0.9291,513.98,495.12,0,485.31,541.08,539.28,454.56,-0.0013139,0.00084939,-1.9362,0.012146,6.1035e-05
5103,5145,2,-0.98059,500.3,502.45,0,477.5,540.99,524.56,461.41,-0.0037496,0.0016805,-1.8983,0.0070028,0.00012207
5104,5146,1,-0.94264,384.52,369.18,0,366.8,404.76,398.31,341.5,0.0021046,0.00090649,-2.1903,-0.0030614,3.0518e-05
5105,5147,0,-0.97161,368.6,370.19,0,355.31,396.27,383.66,340.64,0.0014341,0.00046359,-2.1372,-0.0012406,3.0518e-05
5106,5148,3,-0.99594,454.55,455,0,426.56,497.34,479.24,417.65,0.0051015,0.0014053,-1.7834,0.014406,9.1553e-05
5107,5149,0,-0.97454,409.15,417.53,0,395.37,456.65,420.58,385.11,-0.00025962,0.0022849,-2.214,0.0036881,3.0518e-05
5108,5150,0,-1.0002,458.03,469.65,0.015625,437.48,518.73,473.03,433.83,-0.0041624,0.008724,-2.2816,0.0072761,3.0518e-05
5109,5151,2,-0.98306,520.1,519.51,0,497.96,566.16,546.82,463.21,-0.0070434,0.0015081,-1.6606,0.024904,0.00012207
5110,5152,1,-0.93107,344.8,355.35,0,327.8,387.06,364.06,319.41,-0.00043626,0.00082139,-1.8755,-0.00092442,6.1035e-05
5111,5153,0,-0.97874,365.54,365.61,0,348.77,398.1,378.58,340.34,-0.020822,0.001076,-2.1939,-0.0070366,3.0518e-05
5112,5154,3,-1.0249,493.99,476.14,0,469.04,526.69,512.2,439.25,0.027419,0.001785,-1.8066,0.023111,6.1035e-05
5113,5155,2,-0.9501,458.5,473.91,0,437.72,532.61,478.02,418.77,0.011878,0.00078767,-1.8173,0.046694,9.1553e-05
5114,5156,0,-0.98703,394.74,389.15,0,380.75,411.41,408.73,366.9,-0.00016918,0.00073204,-2.1392,0.0030089,6.1035e-05
5115,5157,1,-0.95869,514.55,544.19,0,490.97,594.2,549.02,471.09,-0.0012798,0.0010907,-1.7791,0.0068059,6.1035e-05
5116,5158,3,-0.9117,461.45,463.23,0,443.33,503.97,483.31,414.06,0.016777,0.0011498,-1.6808,0.0086568,9.1553e-05
5117,5159,0,-1.0272,399.16,391.79,0,383.48,426.56,413,361.11,-0.0046255,0.0033104,-1.816,0.0015273,6.1035e-05
5118,5160,3,-0.92252,473.51,438.05,0,443.32,481.91,492.87,409.95,0.00012992,0.00094237,-2.0357,0.012381,6.1035e-05
5119,5161,0,-0.9324,405.19,443.37,0,390.44,479.25,428.2,387.39,0.0015352,0.0019056,-1.9164,0.0010823,6.1035e-05
5120,5162,1,-0.97814,399.13,400.62,0,385.54,432.2,421.78,347.98,-0.012555,0.0013668,-1.7735,0.003731,6.1035e-05
5121,5163,3,-0.92405,573.75,548.52,0,548.69,587.95,610.36,490.9,0.0059176,0.0012397,-1.6776,0.013844,0.00024414
5122,5164,2,-0.91062,511.3,495.24,0,490.86,548.25,530.51,445.43,0.005206,0.0013179,-1.9176,0.011874,0.00012207
5123,5165,3,-0.89082,526.3,522.99,0,508.68,571.8,545.05,471.03,0.0080241,0.0015012,-1.8683,0.039727,0.00012207
5124,5166,0,-0.89665,444.22,440.71,0,420.29,486.58,460.59,409.33,-0.0013312,0.0013916,-2.272,0.0041133,6.1035e-05
5125,5167,0,-0.92913,417.52,433.74,0,399.93,464.78,440.13,393.83,-0.0064179,0.0023281,-1.9926,0.0039262,3.0518e-05
5126,5168,2,-0.8905,477.93,471.05,0,454.2,509,504.81,428.04,0.005465,0.00086433,-1.8126,0.027029,9.1553e-05
5127,5169,1,-0.85791,515.07,492.23,0,508.2,562.11,520.09,441.24,0.0013062,0.001538,-2.2457,0.012213,6.1035e-05
5128,5170,3,-0.94268,529.8,522.82,0,496.4,592.45,554.16,472.01,0.006422,0.0020856,-2.0184,0.014059,9.1553e-05
5129,5171,2,-0.92216,542.95,523.73,0,513.51,572.85,568.92,480.39,0.0029185,0.00051977,-1.9704,0.012853,6.1035e-05
5130,5172,1,-0.96759,454.38,459.57,0,437.01,496.87,474.07,417.29,0.010891,0.00091841,-1.902,0.0038195,6.1035e-05
5131,5173,0,-0.95537,397.67,423.77,0,380.75,455.95,419.43,382.4,-0.006426,0.00082193,-2.1246,0.0043288,6.1035e-05
5132,5174,1,-0.98869,468.68,461.87,0,444.08,493.4,496.57,426.12,0.035309,0.0010056,-2.0524,0.00045731,6.1035e-05
5133,5175,2,-0.94073,497.42,498.11,0,473.18,542.75,524.89,447.53,0.014457,0.00081359,-1.9673,-0.00097006,6.1035e-05
5134,5176,2,-0.99867,556.83,549.25,0,527.15,612.85,588.42,481.55,-0.0028227,0.0016088,-1.9203,0.020472,0.00012207
5135,5177,1,-0.91868,351.93,348.6,0,339.86,379.25,366.49,311.61,-0.0055597,0.0020385,-1.9308,0.0138,6.1035e-05
5136,5178,1,-1.0674,459.17,458.25,0,431.35,505.26,485.3,414.09,0.051983,0.0088724,-2.013,-0.0015352,6.1035e-05
5137,5179,3,-0.93738,487.52,467.91,0,457.15,514.3,512.69,429.47,-0.0085912,0.0023609,-1.9278,0.022127,0.00012207
5138,5180,0,-1.0102,450.85,475.67,0.015625,435.91,512.5,468.88,431.21,0.0035489,0.0065825,-1.9573,-0.0064488,6.1035e-05
5139,5181,3,-0.93414,538.12,520.83,0,502.38,570.58,569.65,476.94,0.011961,0.0034551,-1.8407,0.016752,0.00012207
5140,5182,1,-1.0156,438.84,441.03,0,417.19,476.4,466.69,395.54,0.00083392,0.0023646,-1.8205,0.01154,9.1553e-05
5141,5183,2,-0.90471,456.68,452.3,0,428.66,502.1,481.4,408.35,-0.00081058,0.0015936,-1.9374,0.003655,9.1553e-05
5142,5184,1,-0.90395,382.57,381.06,0,367.88,407.03,404.04,343.09,-0.0059948,0.00070347,-1.9926,0.0085162,6.1035e-05
5143,5185,3,-0.89178,495.81,520.97,0,473.62,558.31,530.42,462.72,0.13211,0.00061911,-1.6884,0.013937,0.00012207
5144,5186,2,-0.99112,453.73,437.64,0,423.42,485.09,478.84,398.33,-0.0052939,0.0024881,-1.9722,0.019303,9.1553e-05
5145,5187,0,-0.95056,423.74,447.57,0,401.69,490.94,448.73,398.42,0.00021112,0.0041411,-2.016,-0.00058248,6.1035e-05
5146,5188,0,-0.96305,455.13,465.44,0,429.94,516.01,476.01,423.54,0.0033328,0.00027283,-2.262,0.0004253,6.1035e-05
5147,5189,0,-0.99761,422.25,429.76,0,404.44,474.27,438.97,387.94,-0.0096093,0.0012893,-2.226,-0.0034448,6.1035e-05
5148,5190,3,-0.92133,470.18,442.72,0,433.36,500.54,493.78,405.65,-0.0024091,0.00094867,-2.0064,0.026189,9.1553e-05
5149,5191,1,-1.0556,367.47,353,0,348.66,391.02,384.07,319.45,-0.0007748,0.0045045,-1.9031,0.0085995,3.0518e-05
5150,5192,2,-0.92596,473.64,470.85,0,443.01,518.41,502.41,426.17,-0.0089838,0.0012359,-1.9556,0.018138,6.1035e-05
5151,5193,2,-1.0094,536.81,511.31,0,499.65,571.61,559.11,475.13,0.0021636,0.0007744,-2.124,0.0094541,0.00012207
5152,5194,0,-0.98424,410.37,417.14,0,393.96,449.19,428.95,380.82,0.0064484,0.00079087,-1.9069,0.0060175,6.1035e-05
5153,5195,2,-0.88616,526.01,523.66,0,504.65,592.52,547.37,454.81,0.0020578,0.0026961,-1.9166,0.01939,6.1035e-05
5154,5196,2,-0.90757,495.43,507.81,0,479.9,551.18,523.11,430.5,0.018498,0.0020412,-1.7369,0.028621,6.1035e-05
5155,5197,0,-0.97541,363.69,350.48,0,340.44,383.31,375.04,334.45,-0.0043221,0.002103,-2.2811,-0.0035061,3.0518e-05
5156,5198,1,-0.94427,431.39,428.35,0,409.61,468.42,453.17,388.28,0.022217,0.0010577,-2.145,0.0062499,6.1035e-05
5157,5199,1,-0.97635,430.84,425.05,0,412.36,473.8,448.2,379.25,-0.0064367,0.0019538,-1.7928,0.016203,6.1035e-05
5158,5200,0,-0.96183,399.39,432.79,0,382.22,473.38,421.46,380.6,0.0027644,0.002031,-1.922,-1.4244e-05,6.1035e-05
5159,5201,3,-1.0096,480.86,461.72,0,455.83,497.77,505.88,425.66,0.0022677,0.0017106,-1.8363,0.0053413,0.00012207
5160,5202,0,-0.9163,303.58,318.44,0,277.94,347.19,327.66,291.44,-0.0013664,0.0063688,-1.9606,0.00084323,6.1035e-05
5161,5203,3,-0.99063,515.93,495.17,0,465.5,550.32,552.73,454.92,-0.0063121,0.0011427,-1.9328,0.052887,0.00012207
5162,5204,1,-0.95492,389.65,393.17,0,373.55,426.12,410.34,350.81,-0.0069602,0.00063154,-1.8069,0.0011132,6.1035e-05
5163,5205,2,-0.96163,517.76,528.62,0,483.6,576.89,556.47,473.92,0.0062044,0.0010953,-1.8046,0.035051,0.00012207
5164,5206,1,-0.96843,412.06,415.54,0,389.89,458.43,434.23,372.65,0.0050194,0.00043614,-2.1078,-0.00045306,6.1035e-05
5165,5207,2,-0.97246,525.66,522.02,0,497.73,562.87,561.57,469.5,-0.0022047,0.0012492,-1.7021,0.022272,9.1553e-05
5166,5208,1,-0.97708,365.6,385.08,0,349.23,419.83,386.65,340.39,0.00038704,0.00098777,-2.0401,0.0040909,6.1035e-05
5167,5209,0,-0.93735,406.08,411.35,0,388.73,445.07,424.54,375.45,-0.00016777,0.0017513,-2.1999,-0.00084847,6.1035e-05
5168,5210,0,-0.97645,385.73,399.01,0,367.94,435.69,402.43,364.55,0.014366,0.00067536,-2.2334,0.0010783,6.1035e-05
5169,5211,0,-0.99673,378.46,403.43,0,361.98,445.32,396.02,358.83,-0.0065489,0.0088618,-2.1168,0.0015484,3.0518e-05
5170,5212,2,-0.99437,481.7,487.1,0,450.91,546.16,508.87,434.99,0.005733,0.00091642,-1.9916,0.017971,6.1035e-05
5171,5213,1,-0.94754,485.26,502.18,0,464.51,563.07,508.78,433.17,-0.0062717,0.0015302,-1.7379,0.016928,0.00012207
5172,5214,3,-0.91541,481.69,482.03,0,451.78,520.57,515.59,438.35,0.0063677,0.0016721,-1.8787,0.010596,9.1553e-05
5173,5215,2,-0.95336,448.04,448.73,0,421.64,497.48,474.44,399.98,0.0058127,0.00056102,-1.9847,0.044159,9.1553e-05
5174,5216,2,-0.93162,473.73,469.25,0,452.97,520.92,495.83,414.24,0.01284,0.0010554,-1.9818,0.003326,9.1553e-05
5175,5217,3,-0.93665,517.81,501.8,0,499.33,545.2,536.3,458.4,0.0026291,0.00073447,-1.9333,0.039342,0.00012207
5176,5218,0,-0.96961,424.76,434.82,0,401.88,476.52,446.25,395.65,0.0012288,0.0019779,-2.1611,0.0082567,9.1553e-05
5177,5219,1,-1.0428,469.81,466.45,0,434.86,505.27,502.63,429.98,-0.01717,0.0043314,-1.9836,0.067125,6.1035e-05
5178,5220,3,-0.9341,485.26,481.34,0,455.72,525.36,513.02,439.99,0.0046962,0.0026688,-1.8747,0.0099218,9.1553e-05
5179,5221,2,-0.99393,492.17,488.81,0,465.89,533.24,521.96,438.45,0.0044775,0.0011419,-1.8712,0.033035,9.1553e-05
5180,5222,0,-0.96375,400.98,429.76,0,377.36,476.07,426.13,380.47,0.0055787,0.0020176,-2.1596,0.0074633,6.1035e-05
5181,5223,1,-0.79339,452.46,494.58,0,430.69,547.55,482.31,421.98,-0.00058678,0.0032984,-1.9679,0.00014564,6.1035e-05
5182,5224,1,-0.88932,432.95,446.2,0,408.98,497.34,456.92,395.07,0.0028679,0.00086636,-2.0151,0.012536,6.1035e-05
5183,5225,0,-0.95059,425.38,433.32,0,401.81,485.14,442.59,395.5,-0.0072432,0.0012007,-2.1913,0.0023025,6.1035e-05
5184,5226,3,-0.96851,465.11,464.01,0,441.69,501.05,491.65,422.03,0.0044276,0.0029639,-1.7566,0.014916,9.1553e-05
5185,5227,2,-0.98352,517.23,511.99,0,486.93,579.96,540.8,459.12,0.019073,0.0020765,-2.0732,0.0041504,0.00012207
5186,5228,0,-0.885,457.87,466.88,0,434.83,519.53,476.96,423.25,-0.0091554,0.0023354,-2.4029,-0.0020624,6.1035e-05
5187,5229,3,-0.98037,473.51,461.51,0,440.51,502.84,506.52,420.17,-0.0015802,0.0010339,-1.8493,0.052191,9.1553e-05
5188,5230,3,-0.94023,466.88,464.26,0,440.6,503.48,498.6,416.92,0.0064422,0.0012446,-1.8338,0.010625,9.1553e-05
5189,5231,3,-0.97445,476.55,477.32,0,452.48,516.58,505.59,429.93,0.0099456,0.00056381,-1.7084,0.016798,0.00012207
5190,5232,0,-0.91808,368.89,378.75,0,343.87,423.11,387.14,346.38,-0.010556,0.0029876,-2.2602,0.0011188,3.0518e-05
5191,5233,1,-0.81712,465.38,477.18,0,433.17,543.31,488.88,428.92,0.0099504,0.0017662,-2.2517,-0.0019594,6.1035e-05
5192,5234,3,-0.96138,481.56,484.38,0,448.04,530.81,517.25,434.96,-0.0013426,0.0027094,-1.9062,0.03017,0.00012207
5193,5235,3,-0.96855,557.02,553.5,0,523.16,606.88,597.88,489.08,0.011486,0.0011936,-1.7058,0.024102,0.00012207
5194,5236,1,-0.97961,546.93,530.08,0,518.74,592.06,570.28,478.73,0.0021406,0.0023479,-2.1364,0.011497,6.1035e-05
5195,5237,2,-0.99094,499.97,534.67,0,466.38,602.01,533.57,467.33,0.0071753,0.0012898,-1.8961,0.047287,0.00012207
5196,5238,0,-1.4218,462.66,491.42,0.48438,451.89,555.36,475.66,414.25,-0.0072478,0.27756,-1.9676,-0.0010837,6.1035e-05
5197,5239,0,-1.0091,452.11,451.61,0,425.83,487.8,475.3,419.67,-0.0050554,0.0047019,-2.2322,0.02413,6.1035e-05
5198,5240,1,-0.86379,401.18,421.59,0,373.81,452.01,441.19,377.12,0.0050043,0.015096,-1.9201,0.051013,6.1035e-05
5199,5241,1,-0.94728,390.91,397.61,0,370.61,434.15,413.93,356.21,0.020949,0.0071623,-2.0639,0.0013613,6.1035e-05
5200,5242,2,-0.89167,524.91,526.77,0,494.55,585.79,557.23,463.95,-0.00067399,0.0035138,-1.8546,0.021074,0.00012207
5201,5243,0,-0.99463,410.21,393.52,0,385.77,435.27,422.15,373.13,-0.010601,0.0027235,-2.473,-0.0077957,6.1035e-05
5202,5244,1,-0.85824,519.01,529.87,0,489.13,599.02,543.76,472.57,0.028351,0.00076816,-2.1854,0.0068379,0.00012207
5203,5245,2,-0.96666,469.68,475.51,0,442.91,523.72,498.18,424.19,-0.012145,0.0031102,-1.9093,0.038687,6.1035e-05
5204,5246,2,-0.88687,498.8,500.1,0,467.42,573.08,521.7,446.84,0.0042005,0.00087174,-2.0644,0.0091825,9.1553e-05
5205,5247,3,-0.9394,457.05,442.46,0,437.09,493.42,475.8,394.6,0.0014337,0.0012593,-1.938,0.0028543,6.1035e-05
5206,5248,2,-1.0168,478.57,475.8,0,466.15,536.75,491.78,410.91,-0.0052502,0.0036309,-1.9553,0.023624,6.1035e-05
5207,5249,0,-0.95783,427.1,464.2,0,401.52,507.99,457.97,411.35,-0.008974,0.0018483,-2.1783,0.010384,3.0518e-05
5208,5250,1,-0.93795,440.32,458.85,0,418.52,500.32,472.18,398.23,-0.003938,0.0018703,-1.856,0.0071719,9.1553e-05
5209,5251,3,-0.96282,473.52,482.12,0,439.44,530.71,509.8,430.39,0.0024532,0.0015264,-1.9318,0.016185,6.1035e-05
5210,5252,3,-0.94346,517.1,522.35,0,476.57,571.28,563.03,466.89,0.0037275,0.00080252,-1.8342,0.0053398,0.00012207
5211,5253,3,-0.94474,520.07,516.84,0,482.58,588.84,551.13,457.17,0.016278,0.0014508,-1.9409,0.060632,0.00012207
5212,5254,1,-0.91454,464.45,467.39,0,440.3,521.42,490.15,409.88,-0.017249,0.00059132,-2.0959,0.00044643,6.1035e-05
5213,5255,3,-0.91626,491.75,464.54,0,456.68,526.59,517.34,419.25,0.0070319,0.001018,-2.1213,0.00874,0.00012207
5214,5256,2,-0.9546,464.91,450.83,0,435.87,476.6,502.24,417.7,-0.0029218,0.0015571,-1.9585,0.01119,6.1035e-05
5215,5257,3,-0.94428,500.88,484.02,0,469.53,529.72,526.85,446.15,0.005764,0.00080885,-2.0074,0.016496,0.00012207
5216,5258,3,-0.97016,469.3,463.4,0,431.88,515.21,500.31,420.46,0.011333,0.00078677,-2.0358,0.013297,9.1553e-05
5217,5259,0,-0.97752,361.14,366.17,0,343.93,402.56,375.4,336.03,-0.01457,0.0019261,-2.3961,-0.0047048,3.0518e-05
5218,5260,3,-0.95781,471.27,443.04,0,443.95,490.61,488.77,412.54,0.052101,0.00075176,-2.1979,0.01935,0.00012207
5219,5261,2,-1.0245,468.59,441.96,0,437.56,487.08,491.23,409.04,0.018714,0.0011447,-2.0257,0.024799,6.1035e-05
5220,5262,0,-0.90738,405.32,436.66,0,386.27,460.31,441.68,391.51,-0.0026174,0.0027029,-1.8964,-0.019975,6.1035e-05
5221,5263,2,-0.88936,527.17,504.49,0,487.59,592.45,546.5,461.54,0.00097452,0.0020294,-2.1972,0.011408,6.1035e-05
5222,5264,3,-0.96923,506.2,493.27,0,474.18,535.86,534.45,455.7,0.0086836,0.0028077,-2.0846,0.014667,0.00012207
5223,5265,0,-0.96547,345.15,351.14,0,329.28,385.3,360.06,319.06,-0.002381,0.0052305,-2.3456,-0.00056666,6.1035e-05
5224,5266,3,-1.0199,498.45,486.43,0,462.92,541.73,531.83,434.48,0.012048,0.0021016,-1.981,0.0042492,0.00012207
5225,5267,1,-1.0241,455.19,470.3,0,434.71,525.49,475.67,415.12,-0.0039761,0.0021017,-2.1602,0.0043156,6.1035e-05
5226,5268,0,-0.97037,375.85,359.76,0,353.64,391.38,388.3,342.02,-0.010371,0.002622,-2.4562,0.0033161,6.1035e-05
5227,5269,1,-0.97692,400.34,399.78,0,381.37,433.96,423.23,358.53,-0.024555,0.0014225,-2.1947,0.00018006,6.1035e-05
5228,5270,3,-0.94974,471.89,464.76,0,442.36,499.33,503.33,427.96,0.019344,0.0011897,-1.946,0.0063119,0.00012207
5229,5271,0,-0.89293,400.09,434.69,0,380.09,476.44,425.82,381.01,0.014228,0.0027931,-2.1162,-0.0005099,6.1035e-05
5230,5272,1,-0.96002,496.93,502.41,0,475.49,558.74,519.75,442.45,-0.012632,0.0010132,-2.0708,0.012765,0.00012207
5231,5273,2,-0.98671,514.46,493.03,0,481.17,548.04,540.36,450.24,-0.0012023,0.0009491,-2.1576,0.0224,6.1035e-05
5232,5274,3,-0.89992,496.61,498.5,0,456.67,544.47,531.84,457.94,-0.0040213,0.0013741,-2.0261,0.0049404,0.00012207
5233,5275,0,-0.97888,347.49,346.41,0,337.47,365.39,360.39,322,0.0016348,0.0011475,-2.3002,-0.00036613,6.1035e-05
5234,5276,0,-0.97863,427.79,425.47,0,412.15,458.19,445.52,388.4,-4.8537e-05,0.0006446,-2.2494,-3.6252e-05,6.1035e-05
5235,5277,2,-0.95475,518.55,510.46,0,495.23,550.79,546.7,461.78,-0.011035,0.0016453,-1.8695,0.0061374,0.00012207
5236,5278,3,-0.99297,533.55,507.53,0,498.7,560.67,555.88,473.47,0.016531,0.0014629,-2.0327,0.020076,0.00018311
5237,5279,3,-0.9028,493.44,484.87,0,454.87,531.65,521.59,450.73,0.00088954,0.0013898,-2.0726,0.0072521,0.00018311
5238,5280,0,-0.94839,361.88,373.56,0,344.21,410.38,378.48,338.97,0.0024692,0.00085281,-2.2709,-0.00060162,6.1035e-05
5239,5281,1,-0.93211,516.16,513.16,0,484.12,577.5,542.71,459.85,-0.0072129,0.00049387,-2.0827,0.018812,6.1035e-05
5240,5282,0,-1.2005,457.7,479.32,0.1875,448.42,525.63,468.21,426.83,0.024026,0.14075,-1.7858,0.02039,3.0518e-05
5241,5283,3,-0.88538,467.44,460.46,0,446.76,492.78,499.7,410.05,0.0075149,0.003548,-1.8019,-0.0032161,9.1553e-05
5242,5284,2,-0.9802,507.97,505.5,0,479.34,557.61,536.6,453.39,0.011091,0.0015945,-2.0417,0.020131,0.00012207
5243,5285,3,-0.91687,518.28,527.99,0,486.71,582.03,549.85,473.95,0.0096124,0.001636,-1.7425,0.025529,0.00012207
5244,5286,2,-0.98937,490.75,486.67,0,455.08,535.17,520.31,446.47,-0.013158,0.0012742,-2.054,0.059163,0.00012207
5245,5287,1,-0.92109,448.19,451.12,0,427.77,504.04,467.37,401.4,0.0030792,0.00075503,-2.0628,0.015592,6.1035e-05
5246,5288,2,-0.8589,477.32,473.32,0,453.48,538.89,497.07,419,-0.0038869,0.0016886,-1.9737,0.0086141,6.1035e-05
5247,5289,2,-1.0161,481.17,471.11,0,443.77,520.21,510.25,432.92,0.0097428,0.005509,-2.0368,0.0039852,0.00012207
5248,5290,2,-0.98746,418.53,385.57,0,387.21,441.72,433.83,358.15,-0.00076829,0.0031063,-2.4077,0.0018471,9.1553e-05
5249,5291,1,-0.93979,495.72,519.53,0,468.44,602.75,518.32,450.58,-0.011954,0.0010783,-1.9786,0.0089575,0.00012207
5250,5292,3,-0.9026,476.21,485.01,0,447.45,538.9,506.82,427.65,0.0015394,0.0018123,-1.812,0.003265,9.1553e-05
5251,5293,3,-0.90014,445.56,459.2,0,421.56,510.44,468.1,411.06,0.0007537,0.0020942,-1.8739,0.014536,0.00015259
5252,5294,1,-0.99836,406.78,428.93,0,389.45,471.73,426.41,380.42,0.0069748,0.0033314,-1.8559,0.010094,6.1035e-05
5253,5295,2,-0.95406,512.74,535.55,0,484.19,596.98,543.14,470.16,-0.0044936,0.0012861,-1.8953,0.0084539,6.1035e-05
5254,5296,2,-0.99515,526.73,539.13,0,507.47,601.05,549.97,464.39,0.0025708,0.0021448,-1.8677,0.022691,0.00012207
5255,5297,1,-0.95983,410.9,425.35,0,394.38,474.53,430.84,366,0.018567,0.0023491,-1.9303,0.00078532,6.1035e-05
5256,5298,1,-0.84842,483.18,498.57,0,461.68,559.2,507.55,429.85,-0.0024825,0.0037647,-2.0005,0.010858,6.1035e-05
5257,5299,2,-0.95551,456.31,472.45,0,435.15,518.92,481.86,416.37,0.00019816,0.0010993,-1.7822,0.017549,6.1035e-05
5258,5300,1,-0.85286,400.74,408.89,0,379.85,450.98,422.98,364.09,0.014086,0.0017078,-2.0955,0.0069383,6.1035e-05
5259,5301,1,-0.92079,397.71,418.1,0,380.56,454.78,424.46,360.87,-0.0096643,0.00081383,-1.9615,0.0049966,6.1035e-05
5260,5302,2,-0.98467,429.04,442.6,0,401.22,477.05,464.81,398.31,0.0029315,0.0031175,-1.7393,0.0061329,6.1035e-05
5261,5303,0,-0.9547,420.96,426.45,0,404.26,461.88,438.74,388.74,-0.00038432,0.0002944,-2.2141,-0.00055762,6.1035e-05
5262,5304,1,-0.97599,453.74,449.16,0,416.45,497.77,479.26,415.9,-0.0049477,0.0020189,-2.1625,0.016777,6.1035e-05
5263,5305,2,-0.95012,461.79,461,0,437.32,512,484.79,413.09,-0.0078134,0.0016198,-2.0081,0.010341,9.1553e-05
5264,5306,3,-0.98137,528.89,536.66,0,484.89,606.22,561,485.9,0.0092551,0.00163,-1.896,0.018375,0.00012207
5265,5307,1,-0.88824,444.18,453.43,0,425.63,494.76,469.6,396.8,0.0026544,0.0022864,-1.8778,0.0068369,6.1035e-05
5266,5308,3,-0.95173,470.72,461.37,0,438.23,510.24,496,423.36,-0.0043486,0.00058532,-2.1351,0.01797,9.1553e-05
5267,5309,0,-0.97373,364.24,382.99,0,348.43,416.23,384.57,340.24,-0.002515,0.0016528,-1.9753,0.0006323,3.0518e-05
5268,5310,3,-0.89446,503.51,487.22,0,478.72,527.29,531.6,441.8,0.024715,0.0016461,-1.875,0.032976,6.1035e-05
5269,5311,0,-0.94355,356.75,356.62,0,340.78,388.1,369.98,330.53,0.0074442,0.0027459,-2.2651,0.0042153,6.1035e-05
5270,5312,3,-0.97319,504,502.35,0,477.25,547.23,534.31,451.48,0.013834,0.0014843,-1.7462,0.015006,0.00012207
5271,5313,2,-0.87491,431.82,431.2,0,413.07,463.37,457.52,387.12,0.012812,0.0023831,-2.0242,0.037314,9.1553e-05
5272,5314,3,-0.97643,519.17,497.19,0,485.99,542.5,546.67,459.65,0.0041407,0.0019809,-1.9402,0.043742,0.00012207
5273,5315,3,-0.97288,468.15,463.83,0,438.21,507.8,498.09,419.85,-0.0086895,0.00090991,-1.8841,0.017676,9.1553e-05
5274,5316,1,-0.99704,376.71,366.68,0,354.07,409.29,394.31,333.55,-0.021749,0.0031145,-2.2546,0.0029419,3.0518e-05
5275,5317,3,-0.95511,513.07,522.37,0,479.94,574.88,546.19,469.85,-0.0099369,0.0012557,-1.9208,0.061275,0.00012207
5276,5318,1,-0.97963,455.48,458.41,0,428.64,498.96,484.04,415.24,-0.0019908,0.0018225,-1.8673,0.029564,6.1035e-05
5277,5319,2,-0.92898,477.01,459.21,0,456.63,504.3,496.16,416.86,-0.0010939,0.0013045,-2.105,0.026809,9.1553e-05
5278,5320,3,-1.0241,543.11,543.2,0,501.4,609.35,584.82,477.04,0.0016011,0.0025393,-1.7339,0.0091176,0.00015259
5279,5321,1,-0.96509,433.67,436.27,0,414.02,486.41,451,392.02,-0.014188,0.00047144,-2.121,0.0019136,6.1035e-05
5280,5322,0,-1.0054,409.57,426.89,0,386.66,485.81,426.29,383.9,0.006818,0.0028855,-2.2262,0.020593,3.0518e-05
5281,5323,2,-0.89327,490.58,502.86,0,460.93,553.16,520.24,452.56,0.0010367,0.0028404,-2.0103,0.014015,6.1035e-05
5282,5324,3,-0.84948,455.87,463.89,0,429.33,527.82,479.29,407.49,0.0066701,0.0019946,-1.8018,0.0078686,0.00012207
5283,5325,1,-0.95814,462.47,472.92,0,433.47,534.7,485.02,424.86,-0.0044963,0.0016478,-2.1304,0.011026,6.1035e-05
5284,5326,1,-0.99051,449.55,448.68,0,433.74,489.37,471.23,392.93,-0.00071582,0.0039932,-1.8939,0.010183,9.1553e-05
5285,5327,0,-0.96308,416.71,428.34,0,401.07,470.03,432.35,386.65,-0.0033463,0.00075374,-2.1902,0.012001,3.0518e-05
5286,5328,2,-0.9337,474.03,480.84,0,454.2,520.54,501.22,426.44,-0.0066571,0.00079131,-1.7712,0.01315,0.00012207
5287,5329,0,-0.90786,413.01,418.43,0,395.71,458.51,428.28,383.07,0.0026253,0.0016587,-2.2427,0.0012373,6.1035e-05
5288,5330,2,-1.0163,495.69,498.29,0,468,548.64,525.17,444.68,-0.0029901,0.0012298,-1.9202,0.014519,0.00012207
5289,5331,2,-0.95801,440.91,443.55,0,418,480.65,466.88,401.51,0.0045275,0.0020815,-1.9688,9.9364e-05,6.1035e-05
5290,5332,3,-0.8777,490.73,500.2,0,462.53,555.18,517.21,448.55,-0.00018125,0.0015384,-1.85,0.0096418,9.1553e-05
5291,5333,0,-0.99484,425.33,452.57,0,405.82,492.16,448.87,404.79,-0.0025646,0.0057947,-2.0878,0.0049515,6.1035e-05
5292,5334,3,-0.97949,484.11,496.65,0,453.99,546.78,520.47,436.16,0.004557,0.0012944,-1.6683,0.03353,0.00012207
5293,5335,0,-0.94402,370.96,418.05,0,352.5,466.36,394.69,355.93,0.0061675,0.0010937,-1.9125,-0.00081129,6.1035e-05
5294,5336,1,-0.98335,493.48,486.11,0,454.29,553.21,518.6,443.1,-0.0013533,0.0036106,-2.1412,0.0035151,6.1035e-05
5295,5337,2,-1.028,418.91,414.46,0,387.02,461.05,445.33,375.86,-0.0095494,0.0013931,-2.0224,0.018701,6.1035e-05
5296,5338,1,-1.0086,373.27,370.08,0,352.11,425.68,389.73,326.83,0.0088505,0.001908,-2.1841,0.025413,6.1035e-05
5297,5339,3,-0.89257,463.95,499.03,0,422.52,550.45,510.91,440.76,0.0067697,0.0029057,-1.8163,0.018651,9.1553e-05
5298,5340,0,-0.9698,452.36,485.39,0,435.34,524.87,475.69,431.28,-0.030271,0.00084158,-2.1544,0.026215,6.1035e-05
5299,5341,3,-1.006,510.87,517.63,0,487.47,577.55,537.39,449.73,0.0048363,0.0020692,-1.737,0.0094576,0.00012207
5300,5342,2,-0.9567,479.5,503.87,0,458.87,568.92,506.03,420.22,0.0031736,0.0009069,-1.7904,0.018979,9.1553e-05
5301,5343,2,-0.98261,451.03,436.97,0,439.29,502.11,460.77,382.99,-0.0080554,0.0012717,-2.0685,0.023427,9.1553e-05
5302,5344,3,-0.95307,505.64,509.13,0,471.35,561.55,549.73,441.73,0.016417,0.0013378,-1.7686,0.021095,0.00012207
5303,5345,0,-0.98198,317.83,320.22,0,308.53,344.26,329.05,291.21,-0.0016415,0.0016157,-2.102,0.0001911,3.0518e-05
5304,5346,0,-1.0431,450.23,460.24,0.10938,429.67,515.67,466.22,417.12,-0.0036356,0.076659,-2.2584,0.013293,6.1035e-05
5305,5347,1,-0.97708,427.77,414.19,0,405.02,464.7,444.38,377.34,-0.0066421,0.00046321,-2.1422,-0.00031449,6.1035e-05
5306,5348,0,-0.99029,343.45,357.13,0,324.68,389.26,363.44,322.92,-0.0077333,0.00094543,-2.0017,0.025856,3.0518e-05
5307,5349,2,-0.85374,492.99,510.29,0,472.49,600.41,508.93,440.19,0.0030378,0.0051336,-1.9909,0.0088372,0.00012207
5308,5350,0,-0.98645,417.06,422.02,0,403.49,458.75,431.49,382.92,0.072619,0.0014106,-2.1846,-0.0048702,3.0518e-05
5309,5351,2,-1.0032,530.65,530.05,0,504.43,583.48,560.36,469.5,0.00041446,0.0034967,-1.7689,0.048445,0.00012207
5310,5352,2,-0.94528,473.36,477.96,0,444.45,535.51,498.87,427.18,0.02151,0.00090087,-2.0395,0.028248,6.1035e-05
5311,5353,3,-0.96884,437.85,461.5,0,414.68,509.18,464.1,407.45,-0.0010706,0.0010559,-1.7737,0.023796,9.1553e-05
5312,5354,1,-0.93348,465.39,483.72,0,444.17,553.27,485.31,418.38,0.0020276,0.0016812,-2.0981,0.011638,9.1553e-05
5313,5355,2,-0.97557,502.77,497.92,0,469.07,553.1,534.42,446.07,0.011591,0.00099032,-1.9598,0.015291,0.00012207
5314,5356,1,-0.94918,383.71,361.37,0,356.45,405.49,400.06,334.89,0.0034545,0.00063521,-2.279,0.0050283,6.1035e-05
5315,5357,0,-0.96815,358.82,379.15,0,340.72,418.9,378.07,336.84,-0.0037491,0.00099484,-2.0789,0.0016484,6.1035e-05
5316,5358,1,-0.89276,362.64,368.73,0,340.35,416.15,382.31,326.88,0.01806,0.0015316,-2.2381,-0.001089,6.1035e-05
5317,5359,3,-0.972,500.97,520.88,0,474.74,555.56,541.89,466.79,0.011039,0.0011395,-1.7499,0.016688,6.1035e-05
5318,5360,3,-0.97628,462.92,458.1,0,435.64,498.42,484.14,426.74,0.0090395,0.0010298,-2.1555,0.0231,9.1553e-05
5319,5361,1,-0.97303,396.52,389.32,0,381.34,421.86,416.03,347.49,0.020526,0.00042898,-2.2279,0.001565,6.1035e-05
5320,5362,3,-0.99611,490.73,489.63,0,465.1,539.68,516.36,439.57,0.0027621,0.0010629,-1.9026,0.0076392,9.1553e-05
5321,5363,2,-0.94602,459.66,477.64,0,430.88,533.03,492.28,414.85,-0.0049851,0.0015509,-1.8445,0.013653,9.1553e-05
5322,5364,3,-0.89325,544.57,524.04,0,504.41,589.72,573.88,476.11,0.004783,0.0028428,-2.04,0.035446,0.00012207
5323,5365,3,-0.90124,465.31,501.09,0,432.76,555.26,504.6,435.71,0.0063873,0.00095276,-1.7734,0.0095364,9.1553e-05
5324,5366,1,-0.89144,414.82,418.56,0,392.39,459.76,437.25,377.35,0.00056523,0.00045904,-2.217,0.0036452,6.1035e-05
5325,5367,1,-0.98531,364.04,359.59,0,350.42,387.83,382.7,320.89,-0.0032867,0.0047171,-2.0683,0.0044772,3.0518e-05
5326,5368,0,-0.98653,352.31,354.17,0,328.92,387.59,370.5,328.17,-0.015789,0.0029957,-2.2827,0.00099635,3.0518e-05
5327,5369,1,-0.9061,347.79,339.3,0,337.17,359.08,364.36,308.45,-0.0010615,0.00082829,-2.2626,-0.00033294,3.0518e-05
5328,5370,3,-1.0143,518.3,523.73,0,483.54,564.85,569.1,463.62,0.013859,0.0019904,-1.6336,0.027915,0.00012207
5329,5371,3,-0.87541,486.61,478.41,0,441.23,540.74,517.66,435.76,0.0077272,0.0014657,-2.1852,0.031781,0.00012207
5330,5372,2,-1.0088,473.3,467.57,0,443.4,513.79,499.69,426.79,-0.0064881,0.00067455,-2.0476,0.0054175,9.1553e-05
5331,5373,0,-0.98173,457.63,452.97,0,434.61,501.87,476.7,412.46,0.0081779,0.002788,-2.249,0.013403,6.1035e-05
5332,5374,3,-0.90005,434.65,435.34,0,412.39,475.82,458.35,392.24,-0.0035981,0.00079868,-2.0633,0.0061266,9.1553e-05
5333,5375,1,-0.95285,447.74,478.74,0,422.24,537.02,473.24,420.46,-0.017002,0.0016011,-2.0052,0.0056097,6.1035e-05
5334,5376,3,-0.99645,478.47,465.4,0,453.92,500.15,512.11,417.76,0.013222,0.0012847,-1.8346,0.021915,6.1035e-05
5335,5377,1,-0.96242,389.45,387.3,0,365.3,423.58,413.6,351.01,0.034102,0.00080613,-2.0214,0.0082188,6.1035e-05
5336,5378,0,-0.97436,434.3,467.34,0,411.24,523.09,457.35,411.59,0.0003882,0.0015038,-2.0554,0.0023397,6.1035e-05
5337,5379,1,-0.9753,516.86,523.4,0,481.42,566.76,554.59,477.24,0.00056324,0.0014191,-1.9764,0.018307,0.00012207
5338,5380,3,-0.9179,516.95,496.91,0,472.82,560.48,549.16,450.51,0.00051429,0.00087508,-2.069,0.014043,0.00012207
5339,5381,1,-1.0078,484.05,462.18,0,448,528.93,500.44,431.83,-0.0020059,0.0014432,-2.4277,0.0094882,6.1035e-05
5340,5382,1,-0.81454,486,490.51,0,458.18,538.84,515.62,439.07,-0.0017277,0.0031809,-2.0881,-0.0022764,9.1553e-05
5341,5383,1,-0.98054,467.57,466.56,0,442.05,505,493.08,428.13,0.026355,0.0019748,-2.1512,0.0072189,6.1035e-05
5342,5384,3,-0.93507,509.75,472.89,0,471.84,531.23,539.23,427.51,0.0033459,0.0012358,-2.0386,0.018405,6.1035e-05
5343,5385,0,-1.4176,456.15,483.68,0.54688,458.69,547.92,452.88,401.09,-0.010586,0.30243,-2.1318,0.0065755,6.1035e-05
5344,5386,3,-0.91686,457.69,459.84,0,426.51,504.95,483.53,422.46,0.0072856,0.0050805,-2.0568,0.015098,9.1553e-05
5345,5387,3,-0.90881,528.35,543.82,0,504.91,573.45,573.1,487.26,0.020301,0.006521,-1.5942,0.018209,0.00012207
5346,5388,0,-1.2448,461.29,468.13,0.29688,454.29,551.44,465.22,421.39,0.0029066,0.14477,-2.4217,0.029141,6.1035e-05
5347,5389,1,-0.92502,510.81,523.92,0,482.01,585.59,539.62,462.25,-0.0031932,0.0064413,-2.147,0.014507,0.00012207
5348,5390,2,-0.91932,505.67,500.08,0,475.56,566.12,532.23,441.82,0.0065625,0.0061647,-2.0167,0.017511,0.00012207
5349,5391,1,-0.94952,483.23,490.47,0,453.82,565.57,506.1,432.06,0.004574,0.0019886,-2.1128,0.016134,6.1035e-05
5350,5392,3,-0.89899,516.74,558.86,0,483.63,611.85,568.4,476.21,-0.0027879,0.0018589,-1.6609,0.022638,0.00012207
5351,5393,0,-0.94507,386.93,396.47,0,370.93,430.38,405.06,358.03,-0.010104,0.0032327,-2.063,0.0049244,3.0518e-05
5352,5394,1,-0.87316,453.17,454.2,0,432.48,520.41,468.27,405.89,0.0027664,0.0017907,-2.3013,0.0048973,0.00012207
5353,5395,1,-1.0018,515.1,531.46,0,495.99,605.5,535.44,452.65,-0.0059531,0.0050382,-1.9612,0.016718,0.00012207
5354,5396,3,-0.95589,481.69,475.86,0,459.31,525.48,505.5,423.04,0.017424,0.0020924,-1.9076,0.010343,6.1035e-05
5355,5397,1,-1.0408,517.55,543.86,0,494.04,603.75,545.92,471.58,-0.00088954,0.0049175,-1.6677,0.013431,6.1035e-05
