iter,seed,n_robots,n_tasks,makespan,mean_soc_drop,payload_var,n_unassigned,reward,pg_loss,v_loss,entropy
0,1,15,45,405.62,0.27062,0.033873,1,-2.0774,-0.010981,8.5675,78.262
0,1,15,45,472.35,0.28351,0.024587,1,-2.2312,-0.010981,8.5675,78.262
0,1,15,45,352.73,0.30624,0.029942,1,-2.1011,-0.010981,8.5675,78.262
0,2,20,38,299.49,0.14525,0.025644,1,-2.0512,-0.010981,8.5675,78.262
0,2,20,38,315.5,0.13668,0.031074,0,-0.12032,-0.010981,8.5675,78.262
0,2,20,38,297.75,0.14957,0.029831,1,-2.0804,-0.010981,8.5675,78.262
0,3,20,32,329.83,0.26583,0.016381,3,-6.0222,-0.010981,8.5675,78.262
0,3,20,32,387.85,0.24948,0.0061932,2,-4.1342,-0.010981,8.5675,78.262
0,3,20,32,330.59,0.28501,0.023873,2,-4.1027,-0.010981,8.5675,78.262
1,4,20,59,367.6,0.1732,0.024013,0,-0.16651,-0.034351,0.72309,114.99
1,4,20,59,316.39,0.21128,0.01778,0,-0.049044,-0.034351,0.72309,114.99
1,4,20,59,347.66,0.20315,0.026822,0,-0.091793,-0.034351,0.72309,114.99
1,5,20,54,337.02,0.20516,0.021647,0,-0.12168,-0.034351,0.72309,114.99
1,5,20,54,359.74,0.20673,0.020085,0,-0.085584,-0.034351,0.72309,114.99
1,5,20,54,302.92,0.19859,0.017101,0,-0.087295,-0.034351,0.72309,114.99
1,6,15,46,324.14,0.27539,0.024876,0,-0.025044,-0.034351,0.72309,114.99
1,6,15,46,382.28,0.24007,0.024698,1,-2.159,-0.034351,0.72309,114.99
1,6,15,46,335.67,0.2711,0.029124,0,-0.10314,-0.034351,0.72309,114.99
2,7,20,49,338.84,0.23955,0.019741,0,-0.045273,-0.03021,0.91423,100.27
2,7,20,49,399.41,0.25853,0.018901,0,-0.06468,-0.03021,0.91423,100.27
2,7,20,49,315.75,0.2414,0.021286,1,-2.0914,-0.03021,0.91423,100.27
2,8,20,40,289.14,0.15193,0.024478,1,-2.0568,-0.03021,0.91423,100.27
2,8,20,40,283.34,0.15211,0.035041,0,-0.045024,-0.03021,0.91423,100.27
2,8,20,40,353.96,0.16923,0.0088065,1,-2.0936,-0.03021,0.91423,100.27
2,9,15,56,338.26,0.19427,0.026925,0,-0.099695,-0.03021,0.91423,100.27
2,9,15,56,352.05,0.1971,0.016388,0,-0.12716,-0.03021,0.91423,100.27
2,9,15,56,296.18,0.20131,0.016937,0,-0.080929,-0.03021,0.91423,100.27
3,10,20,59,298.51,0.15707,0.016523,1,-2.0397,-0.0070933,0.97645,84.437
3,10,20,59,338.35,0.17045,0.021967,1,-2.0765,-0.0070933,0.97645,84.437
3,10,20,59,316.73,0.18146,0.0097264,1,-2.0914,-0.0070933,0.97645,84.437
3,11,10,33,349.56,0.227,0.0063994,0,-0.13841,-0.0070933,0.97645,84.437
3,11,10,33,409.84,0.19403,0.0085786,0,-0.17896,-0.0070933,0.97645,84.437
3,11,10,33,314.38,0.20501,0.017131,0,-0.090269,-0.0070933,0.97645,84.437
3,12,15,37,385.05,0.19964,0.017471,0,-0.14366,-0.0070933,0.97645,84.437
3,12,15,37,440.25,0.20518,0.014911,0,-0.20267,-0.0070933,0.97645,84.437
3,12,15,37,292.96,0.22397,0.021853,1,-2.0858,-0.0070933,0.97645,84.437
4,13,20,56,360.76,0.19654,0.023423,0,-0.10089,0.0048289,0.35531,114.41
4,13,20,56,367.43,0.21259,0.03985,0,-0.14412,0.0048289,0.35531,114.41
4,13,20,56,331.99,0.20342,0.032061,0,-0.095196,0.0048289,0.35531,114.41
4,14,10,55,497.88,0.28884,0.021976,0,-0.20953,0.0048289,0.35531,114.41
4,14,10,55,406.74,0.305,0.032642,0,-0.12794,0.0048289,0.35531,114.41
4,14,10,55,403.77,0.3323,0.015115,0,-0.12446,0.0048289,0.35531,114.41
4,15,20,51,328.8,0.16612,0.028914,0,-0.056265,0.0048289,0.35531,114.41
4,15,20,51,324.6,0.16497,0.021433,0,-0.091588,0.0048289,0.35531,114.41
4,15,20,51,302.89,0.16643,0.034147,0,-0.081409,0.0048289,0.35531,114.41
5,16,15,47,406.65,0.17123,0.012147,0,-0.1308,-0.0095901,0.24051,100.95
5,16,15,47,386.8,0.18306,0.011347,0,-0.12268,-0.0095901,0.24051,100.95
5,16,15,47,305.32,0.20665,0.0089124,0,-0.084272,-0.0095901,0.24051,100.95
5,17,20,56,439.35,0.30449,0.020865,0,-0.19566,-0.0095901,0.24051,100.95
5,17,20,56,402.08,0.34013,0.016034,0,-0.065787,-0.0095901,0.24051,100.95
5,17,20,56,366.61,0.3224,0.017402,0,-0.10672,-0.0095901,0.24051,100.95
5,18,20,42,307.59,0.20393,0.020898,0,-0.026563,-0.0095901,0.24051,100.95
5,18,20,42,424.23,0.22645,0.027126,0,-0.17707,-0.0095901,0.24051,100.95
5,18,20,42,297.9,0.2306,0.020411,0,-0.083135,-0.0095901,0.24051,100.95
6,19,15,43,305.92,0.19532,0.035356,0,-0.094889,-0.0032057,2.1971,82.331
6,19,15,43,376.08,0.20423,0.014398,0,-0.016683,-0.0032057,2.1971,82.331
6,19,15,43,311.21,0.20863,0.021357,0,-0.089474,-0.0032057,2.1971,82.331
6,20,20,38,352.02,0.24071,0.018683,1,-2.0963,-0.0032057,2.1971,82.331
6,20,20,38,349.02,0.22366,0.019115,1,-2.0596,-0.0032057,2.1971,82.331
6,20,20,38,363.6,0.24608,0.016377,2,-4.1018,-0.0032057,2.1971,82.331
6,21,10,54,340.98,0.28654,0.012797,0,-0.079848,-0.0032057,2.1971,82.331
6,21,10,54,420.9,0.2828,0.011917,0,-0.20013,-0.0032057,2.1971,82.331
6,21,10,54,410.49,0.33703,0.0086812,0,-0.12014,-0.0032057,2.1971,82.331
7,22,20,41,316.85,0.16867,0.010841,1,-2.0962,-0.0089453,0.69433,83.854
7,22,20,41,286.65,0.18307,0.0058811,1,-2.0825,-0.0089453,0.69433,83.854
7,22,20,41,279.38,0.1654,0.016565,0,-0.075075,-0.0089453,0.69433,83.854
7,23,10,51,404.25,0.30685,0.010046,0,-0.15438,-0.0089453,0.69433,83.854
7,23,10,51,375.58,0.33828,0.021881,0,-0.12946,-0.0089453,0.69433,83.854
7,23,10,51,392.67,0.32527,0.015177,0,-0.10993,-0.0089453,0.69433,83.854
7,24,15,40,338.35,0.28379,0.017752,0,-0.076211,-0.0089453,0.69433,83.854
7,24,15,40,339.33,0.27559,0.017139,0,-0.03221,-0.0089453,0.69433,83.854
7,24,15,40,281.02,0.23318,0.022038,0,-0.080598,-0.0089453,0.69433,83.854
8,25,15,34,363.62,0.21032,0.01249,1,-2.133,-0.012046,1.0214,78.13
8,25,15,34,416.68,0.20315,0.011305,0,-0.17236,-0.012046,1.0214,78.13
8,25,15,34,295.73,0.17568,0.0081933,0,-0.079,-0.012046,1.0214,78.13
8,26,20,45,332.61,0.16126,0.014591,0,-0.042992,-0.012046,1.0214,78.13
8,26,20,45,323.65,0.15876,0.029442,1,-2.1032,-0.012046,1.0214,78.13
8,26,20,45,273.88,0.17102,0.025642,1,-2.0756,-0.012046,1.0214,78.13
8,27,10,51,469.3,0.34714,0.013769,0,-0.17835,-0.012046,1.0214,78.13
8,27,10,51,392.51,0.34795,0.014788,0,-0.088644,-0.012046,1.0214,78.13
8,27,10,51,384.59,0.39062,0.017621,0,-0.12002,-0.012046,1.0214,78.13
9,28,15,56,450.19,0.25639,0.0079938,0,-0.058618,-0.013654,2.0248,74.525
9,28,15,56,438.47,0.26691,0.0025366,0,-0.020779,-0.013654,2.0248,74.525
9,28,15,56,387.27,0.29486,0.020277,0,-0.12177,-0.013654,2.0248,74.525
9,29,20,31,358.87,0.1527,0.019013,1,-2.0805,-0.013654,2.0248,74.525
9,29,20,31,369.3,0.15151,0.019615,2,-4.0409,-0.013654,2.0248,74.525
9,29,20,31,253.92,0.12839,0.006047,1,-2.0701,-0.013654,2.0248,74.525
9,30,10,37,445.13,0.31493,0.013056,0,-0.25843,-0.013654,2.0248,74.525
9,30,10,37,411.54,0.34817,0.011318,0,-0.094574,-0.013654,2.0248,74.525
9,30,10,37,357.03,0.32336,0.011838,0,-0.10741,-0.013654,2.0248,74.525
10,31,15,57,338.36,0.24863,0.0125,0,-0.075216,0.0011554,0.32861,87.952
10,31,15,57,401.56,0.21792,0.01917,0,-0.11926,0.0011554,0.32861,87.952
10,31,15,57,341.71,0.24324,0.022381,0,-0.10035,0.0011554,0.32861,87.952
10,32,20,34,316.12,0.18511,0.013505,0,-0.046735,0.0011554,0.32861,87.952
10,32,20,34,291.71,0.1804,0.022942,0,-0.10131,0.0011554,0.32861,87.952
10,32,20,34,339.81,0.21081,0.015546,0,-0.10071,0.0011554,0.32861,87.952
10,33,20,43,356.49,0.30773,0.024194,0,-0.19331,0.0011554,0.32861,87.952
10,33,20,43,357.62,0.29727,0.025253,0,-0.041703,0.0011554,0.32861,87.952
10,33,20,43,313.66,0.29041,0.019013,0,-0.092431,0.0011554,0.32861,87.952
11,34,10,30,371.56,0.15876,0.013341,1,-2.117,-0.0054222,0.86286,59.928
11,34,10,30,264.67,0.16679,0.011561,0,-0.070644,-0.0054222,0.86286,59.928
11,34,10,30,278.55,0.17398,0.013197,0,-0.079286,-0.0054222,0.86286,59.928
11,35,10,40,461.47,0.27641,0.020557,0,-0.22322,-0.0054222,0.86286,59.928
11,35,10,40,402.4,0.28987,0.026697,0,-0.20687,-0.0054222,0.86286,59.928
11,35,10,40,309.58,0.31308,0.023485,0,-0.094177,-0.0054222,0.86286,59.928
11,36,15,35,380.91,0.20616,0.019028,0,-0.072692,-0.0054222,0.86286,59.928
11,36,15,35,291.25,0.16174,0.016226,1,-2.0385,-0.0054222,0.86286,59.928
11,36,15,35,276.87,0.16675,0.018409,1,-2.081,-0.0054222,0.86286,59.928
12,37,10,51,501.26,0.41286,0.0071851,0,-0.33103,0.0037478,0.32289,91.298
12,37,10,51,571.75,0.42201,0.012709,0,-0.32667,0.0037478,0.32289,91.298
12,37,10,51,442.89,0.51537,0.0055947,0,-0.12825,0.0037478,0.32289,91.298
12,38,10,45,455.68,0.33679,0.013026,0,-0.13364,0.0037478,0.32289,91.298
12,38,10,45,428.05,0.35737,0.010787,0,-0.1383,0.0037478,0.32289,91.298
12,38,10,45,358.2,0.37908,0.0027818,0,-0.11514,0.0037478,0.32289,91.298
12,39,20,45,306.72,0.17738,0.012225,0,-0.020976,0.0037478,0.32289,91.298
12,39,20,45,435.6,0.20465,0.02419,0,-0.17118,0.0037478,0.32289,91.298
12,39,20,45,277.83,0.20344,0.01597,0,-0.077701,0.0037478,0.32289,91.298
13,40,15,52,414.22,0.28783,0.027228,0,-0.26498,-0.0066003,0.31251,103.1
13,40,15,52,416.82,0.34404,0.016565,0,-0.10661,-0.0066003,0.31251,103.1
13,40,15,52,385.17,0.36552,0.014711,0,-0.11148,-0.0066003,0.31251,103.1
13,41,15,59,324.25,0.23393,0.010627,0,-0.090428,-0.0066003,0.31251,103.1
13,41,15,59,341.6,0.20783,0.01718,0,-0.12262,-0.0066003,0.31251,103.1
13,41,15,59,328.61,0.21662,0.016179,0,-0.090473,-0.0066003,0.31251,103.1
13,42,10,53,369.22,0.27656,0.019854,0,-0.11199,-0.0066003,0.31251,103.1
13,42,10,53,484.15,0.2749,0.015179,0,-0.2386,-0.0066003,0.31251,103.1
13,42,10,53,356.9,0.26424,0.025644,0,-0.10844,-0.0066003,0.31251,103.1
14,43,15,50,342.92,0.25932,0.025851,0,-0.13981,-0.0070122,1.5447,81.517
14,43,15,50,449.34,0.25057,0.023945,0,-0.18941,-0.0070122,1.5447,81.517
14,43,15,50,337.16,0.26841,0.033227,0,-0.10653,-0.0070122,1.5447,81.517
14,44,20,33,312.29,0.17401,0.019442,1,-2.1197,-0.0070122,1.5447,81.517
14,44,20,33,311.14,0.13889,0.0117,1,-2.0302,-0.0070122,1.5447,81.517
14,44,20,33,324.18,0.21253,0.021468,1,-2.0918,-0.0070122,1.5447,81.517
14,45,20,47,469.08,0.18762,0.0072701,1,-2.1137,-0.0070122,1.5447,81.517
14,45,20,47,395.59,0.19597,0.022368,1,-2.0582,-0.0070122,1.5447,81.517
14,45,20,47,293.85,0.16323,0.014624,1,-2.079,-0.0070122,1.5447,81.517
15,46,15,58,365.99,0.26083,0.010175,0,-0.016472,-0.011596,0.1928,87.818
15,46,15,58,357.06,0.26414,0.02465,0,-0.052469,-0.011596,0.1928,87.818
15,46,15,58,332.55,0.24488,0.012543,0,-0.10262,-0.011596,0.1928,87.818
15,47,10,52,412.55,0.26377,0.024384,0,-0.14182,-0.011596,0.1928,87.818
15,47,10,52,411.36,0.23687,0.013377,0,-0.036867,-0.011596,0.1928,87.818
15,47,10,52,400.6,0.30565,0.023074,0,-0.12028,-0.011596,0.1928,87.818
15,48,10,42,480.72,0.28713,0.0076646,0,-0.20251,-0.011596,0.1928,87.818
15,48,10,42,381.27,0.34068,0.0033426,0,-0.13768,-0.011596,0.1928,87.818
15,48,10,42,396.31,0.32808,0.0099394,0,-0.12571,-0.011596,0.1928,87.818
16,49,10,41,324.67,0.3162,0.010935,0,-0.088874,-0.0006128,0.14117,93.538
16,49,10,41,470.3,0.29355,0.0082153,0,-0.28472,-0.0006128,0.14117,93.538
16,49,10,41,361.03,0.3365,0.012169,0,-0.10302,-0.0006128,0.14117,93.538
16,50,20,54,415.88,0.2339,0.021211,0,-0.11031,-0.0006128,0.14117,93.538
16,50,20,54,329.73,0.25713,0.008631,0,-0.095231,-0.0006128,0.14117,93.538
16,50,20,54,347.68,0.25286,0.010338,0,-0.10294,-0.0006128,0.14117,93.538
16,51,15,59,385.96,0.2327,0.017773,0,-0.09648,-0.0006128,0.14117,93.538
16,51,15,59,351.93,0.22941,0.014149,0,-0.086448,-0.0006128,0.14117,93.538
16,51,15,59,328.71,0.24763,0.026195,0,-0.094744,-0.0006128,0.14117,93.538
17,52,20,49,294.22,0.19082,0.01281,0,-0.082088,-0.0017005,0.69497,73.312
17,52,20,49,316.62,0.19253,0.0092915,0,-0.051398,-0.0017005,0.69497,73.312
17,52,20,49,342.7,0.18577,0.011533,0,-0.098157,-0.0017005,0.69497,73.312
17,53,20,30,284.13,0.12343,0.018629,1,-2.0937,-0.0017005,0.69497,73.312
17,53,20,30,250.85,0.12514,0.01573,1,-2.0697,-0.0017005,0.69497,73.312
17,53,20,30,274.5,0.12527,0.020076,0,-0.074733,-0.0017005,0.69497,73.312
17,54,10,36,299.05,0.2179,0.01356,0,-0.10888,-0.0017005,0.69497,73.312
17,54,10,36,351.52,0.20264,0.021252,0,-0.10861,-0.0017005,0.69497,73.312
17,54,10,36,354.42,0.22627,0.018251,0,-0.10671,-0.0017005,0.69497,73.312
18,55,20,55,405.88,0.26073,0.019164,0,-0.17596,-0.0049715,0.025131,99.54
18,55,20,55,425.87,0.24124,0.010743,0,-0.21349,-0.0049715,0.025131,99.54
18,55,20,55,298.14,0.25266,0.015186,0,-0.088024,-0.0049715,0.025131,99.54
18,56,15,52,335.71,0.25349,0.024902,0,-0.094858,-0.0049715,0.025131,99.54
18,56,15,52,384.99,0.24761,0.024643,0,-0.10079,-0.0049715,0.025131,99.54
18,56,15,52,324,0.24762,0.026674,0,-0.098216,-0.0049715,0.025131,99.54
18,57,10,51,481.54,0.32118,0.0058175,0,-0.26534,-0.0049715,0.025131,99.54
18,57,10,51,403.08,0.34761,0.0063091,0,-0.022516,-0.0049715,0.025131,99.54
18,57,10,51,413.19,0.37538,0.0066345,0,-0.11087,-0.0049715,0.025131,99.54
19,58,15,39,307.38,0.13866,0.023101,0,-0.044886,-0.0090729,0.0087082,80.692
19,58,15,39,380.04,0.15354,0.021009,0,-0.13612,-0.0090729,0.0087082,80.692
19,58,15,39,352.27,0.18487,0.028953,0,-0.093731,-0.0090729,0.0087082,80.692
19,59,20,48,332.4,0.25137,0.010227,0,-0.1283,-0.0090729,0.0087082,80.692
19,59,20,48,380.9,0.25769,0.010476,0,-0.23566,-0.0090729,0.0087082,80.692
19,59,20,48,337.4,0.25536,0.018835,0,-0.094494,-0.0090729,0.0087082,80.692
19,60,10,40,387.18,0.22165,0.0080264,0,-0.13345,-0.0090729,0.0087082,80.692
19,60,10,40,387.54,0.20375,0.018234,0,-0.1726,-0.0090729,0.0087082,80.692
19,60,10,40,336.77,0.24338,0.006103,0,-0.093547,-0.0090729,0.0087082,80.692
20,61,15,41,357.02,0.2207,0.029515,0,-0.12346,-0.0073113,0.0013709,90.148
20,61,15,41,368.14,0.18227,0.016814,0,-0.14851,-0.0073113,0.0013709,90.148
20,61,15,41,328.8,0.19821,0.013851,0,-0.092923,-0.0073113,0.0013709,90.148
20,62,15,48,404.46,0.23601,0.018803,0,-0.13009,-0.0073113,0.0013709,90.148
20,62,15,48,303.41,0.23762,0.020105,0,-0.073559,-0.0073113,0.0013709,90.148
20,62,15,48,307.68,0.24321,0.014622,0,-0.090139,-0.0073113,0.0013709,90.148
20,63,15,47,383.37,0.2369,0.017863,0,-0.047452,-0.0073113,0.0013709,90.148
20,63,15,47,351.22,0.22388,0.015672,0,-0.095095,-0.0073113,0.0013709,90.148
20,63,15,47,301.69,0.21804,0.011339,0,-0.087035,-0.0073113,0.0013709,90.148
21,64,15,59,322.07,0.24565,0.011198,0,-0.083678,0.0076368,0.0076145,101.52
21,64,15,59,424.21,0.23589,0.014921,0,-0.1445,0.0076368,0.0076145,101.52
21,64,15,59,351.86,0.23936,0.01803,0,-0.10171,0.0076368,0.0076145,101.52
21,65,10,31,295.61,0.21019,0.017421,0,-0.0791,0.0076368,0.0076145,101.52
21,65,10,31,311.77,0.23254,0.028881,0,-0.11348,0.0076368,0.0076145,101.52
21,65,10,31,286.09,0.22242,0.020706,0,-0.08869,0.0076368,0.0076145,101.52
21,66,20,58,416.33,0.25001,0.033318,0,-0.2022,0.0076368,0.0076145,101.52
21,66,20,58,364.3,0.28799,0.019849,0,-0.13074,0.0076368,0.0076145,101.52
21,66,20,58,344.61,0.3044,0.0073273,0,-0.10514,0.0076368,0.0076145,101.52
22,67,20,42,315.94,0.17113,0.02528,0,-0.096002,-0.010381,0.0069205,87.89
22,67,20,42,310.61,0.14675,0.023056,0,-0.11085,-0.010381,0.0069205,87.89
22,67,20,42,305.27,0.18222,0.019638,0,-0.082217,-0.010381,0.0069205,87.89
22,68,15,45,373.08,0.31513,0.018118,0,-0.041268,-0.010381,0.0069205,87.89
22,68,15,45,426.22,0.29349,0.018835,0,-0.099622,-0.010381,0.0069205,87.89
22,68,15,45,301.57,0.30478,0.020272,0,-0.089749,-0.010381,0.0069205,87.89
22,69,10,47,323.11,0.24582,0.016005,0,-0.095073,-0.010381,0.0069205,87.89
22,69,10,47,383.74,0.19189,0.015683,0,-0.1331,-0.010381,0.0069205,87.89
22,69,10,47,309.07,0.24235,0.024008,0,-0.098365,-0.010381,0.0069205,87.89
23,70,15,41,419.44,0.38678,0.02654,0,-0.15125,0.0082187,4.0548,91.31
23,70,15,41,349.73,0.39146,0.02534,0,-0.10689,0.0082187,4.0548,91.31
23,70,15,41,359.13,0.37964,0.013841,0,-0.0993,0.0082187,4.0548,91.31
23,71,20,37,329.87,0.14035,0.029407,2,-4.1059,0.0082187,4.0548,91.31
23,71,20,37,267.34,0.15739,0.00803,1,-2.0651,0.0082187,4.0548,91.31
23,71,20,37,299.7,0.15807,0.0057147,2,-4.0818,0.0082187,4.0548,91.31
23,72,20,55,375.39,0.16819,0.011479,0,-0.15695,0.0082187,4.0548,91.31
23,72,20,55,422.69,0.14416,0.022671,0,-0.14027,0.0082187,4.0548,91.31
23,72,20,55,309.09,0.1546,0.024683,0,-0.087033,0.0082187,4.0548,91.31
24,73,20,45,380.71,0.31915,0.019539,1,-2.0887,0.0020529,2.0476,90.519
24,73,20,45,325.46,0.29562,0.013842,2,-4.071,0.0020529,2.0476,90.519
24,73,20,45,378.25,0.31693,0.024249,0,-0.11462,0.0020529,2.0476,90.519
24,74,10,57,385.16,0.25025,0.03978,0,-0.13253,0.0020529,2.0476,90.519
24,74,10,57,447.24,0.252,0.018056,0,-0.11043,0.0020529,2.0476,90.519
24,74,10,57,356.79,0.25308,0.037116,0,-0.10789,0.0020529,2.0476,90.519
24,75,15,36,374.95,0.18603,0.022222,0,-0.14387,0.0020529,2.0476,90.519
24,75,15,36,396.19,0.17223,0.015357,0,-0.026242,0.0020529,2.0476,90.519
24,75,15,36,278.64,0.15686,0.029961,0,-0.076933,0.0020529,2.0476,90.519
25,76,15,54,403.23,0.28269,0.022911,0,-0.098928,-0.0095737,0.071698,96.863
25,76,15,54,444.06,0.29224,0.013299,0,-0.068909,-0.0095737,0.071698,96.863
25,76,15,54,346.43,0.30206,0.013803,0,-0.10646,-0.0095737,0.071698,96.863
25,77,10,54,444.31,0.31966,0.0057866,0,-0.051352,-0.0095737,0.071698,96.863
25,77,10,54,479.06,0.27849,0.011982,0,-0.19456,-0.0095737,0.071698,96.863
25,77,10,54,367.75,0.32664,0.013199,0,-0.10205,-0.0095737,0.071698,96.863
25,78,20,42,283.94,0.16072,0.025003,0,-0.068565,-0.0095737,0.071698,96.863
25,78,20,42,306.2,0.13951,0.014258,0,-0.056483,-0.0095737,0.071698,96.863
25,78,20,42,318.81,0.14248,0.012309,0,-0.087888,-0.0095737,0.071698,96.863
26,79,10,58,559.19,0.37904,0.011837,0,-0.37173,-0.0042599,0.075067,95.821
26,79,10,58,425.15,0.34303,0.015769,0,-0.19223,-0.0042599,0.075067,95.821
26,79,10,58,396.14,0.41589,0.0061847,0,-0.12393,-0.0042599,0.075067,95.821
26,80,20,52,465.18,0.29764,0.023659,0,-0.27057,-0.0042599,0.075067,95.821
26,80,20,52,365.55,0.31894,0.027317,0,-0.11605,-0.0042599,0.075067,95.821
26,80,20,52,378.16,0.31504,0.017726,0,-0.1044,-0.0042599,0.075067,95.821
26,81,10,43,340.29,0.24613,0.040158,0,-0.13159,-0.0042599,0.075067,95.821
26,81,10,43,375.21,0.23691,0.020252,0,-0.074404,-0.0042599,0.075067,95.821
26,81,10,43,328.62,0.22359,0.036226,0,-0.096185,-0.0042599,0.075067,95.821
27,82,20,60,429.72,0.35388,0.018131,0,-0.050289,0.002377,0.98299,108.12
27,82,20,60,469.36,0.34226,0.019093,0,-0.084364,0.002377,0.98299,108.12
27,82,20,60,315.94,0.36247,0.029733,0,-0.10206,0.002377,0.98299,108.12
27,83,20,39,277.92,0.13989,0.028467,1,-2.1015,0.002377,0.98299,108.12
27,83,20,39,311.27,0.14006,0.023071,1,-2.1287,0.002377,0.98299,108.12
27,83,20,39,267.57,0.15498,0.036962,1,-2.0735,0.002377,0.98299,108.12
27,84,15,52,336.15,0.18652,0.0070727,0,-0.021385,0.002377,0.98299,108.12
27,84,15,52,338.78,0.19491,0.0075227,0,-0.12084,0.002377,0.98299,108.12
27,84,15,52,282.52,0.1744,0.010332,0,-0.083796,0.002377,0.98299,108.12
28,85,20,31,333.82,0.14489,0.015971,3,-6.1112,-8.4264e-05,6.5109,84.217
28,85,20,31,271.2,0.1469,0.023109,2,-4.0709,-8.4264e-05,6.5109,84.217
28,85,20,31,277.05,0.15518,0.043348,2,-4.0789,-8.4264e-05,6.5109,84.217
28,86,20,49,300.26,0.16437,0.03231,0,-0.08859,-8.4264e-05,6.5109,84.217
28,86,20,49,280.1,0.16336,0.022405,0,-0.076124,-8.4264e-05,6.5109,84.217
28,86,20,49,295.04,0.1585,0.036203,0,-0.081129,-8.4264e-05,6.5109,84.217
28,87,15,47,339,0.27347,0.034112,0,-0.045113,-8.4264e-05,6.5109,84.217
28,87,15,47,372.26,0.27384,0.037961,0,-0.22031,-8.4264e-05,6.5109,84.217
28,87,15,47,351.08,0.33408,0.028694,0,-0.1012,-8.4264e-05,6.5109,84.217
29,88,15,36,263.96,0.15288,0.03598,1,-2.0831,-0.0026757,0.54117,84.645
29,88,15,36,322.88,0.14104,0.0079129,0,-0.076854,-0.0026757,0.54117,84.645
29,88,15,36,273.26,0.17963,0.013662,0,-0.075707,-0.0026757,0.54117,84.645
29,89,20,47,346.55,0.1996,0.018256,0,-0.11895,-0.0026757,0.54117,84.645
29,89,20,47,344.56,0.18754,0.015793,0,-0.089369,-0.0026757,0.54117,84.645
29,89,20,47,304.68,0.19342,0.022084,0,-0.084171,-0.0026757,0.54117,84.645
29,90,15,41,308.3,0.27282,0.015492,0,-0.096494,-0.0026757,0.54117,84.645
29,90,15,41,359.87,0.25252,0.0095912,0,-0.14668,-0.0026757,0.54117,84.645
29,90,15,41,329.22,0.27391,0.013848,0,-0.096375,-0.0026757,0.54117,84.645
30,91,20,38,291.7,0.14383,0.012109,1,-2.0309,-0.0084351,0.81797,104.53
30,91,20,38,283.47,0.1402,0.026298,1,-2.0403,-0.0084351,0.81797,104.53
30,91,20,38,286.02,0.14519,0.01771,1,-2.0779,-0.0084351,0.81797,104.53
30,92,15,48,369.41,0.19662,0.014983,0,-0.15358,-0.0084351,0.81797,104.53
30,92,15,48,344.29,0.20176,0.036234,0,-0.095819,-0.0084351,0.81797,104.53
30,92,15,48,319.24,0.23568,0.015581,0,-0.094332,-0.0084351,0.81797,104.53
30,93,20,60,416.94,0.28766,0.033666,0,-0.072839,-0.0084351,0.81797,104.53
30,93,20,60,326.64,0.26689,0.022052,0,-0.15246,-0.0084351,0.81797,104.53
30,93,20,60,378.29,0.3282,0.026727,0,-0.11385,-0.0084351,0.81797,104.53
31,94,10,37,475.3,0.27615,0.013759,0,-0.25843,-0.0020439,0.35508,87.345
31,94,10,37,459.32,0.27439,0.0064661,0,-0.1622,-0.0020439,0.35508,87.345
31,94,10,37,316.31,0.26141,0.015631,0,-0.093391,-0.0020439,0.35508,87.345
31,95,15,46,340.69,0.24117,0.023324,0,-0.14292,-0.0020439,0.35508,87.345
31,95,15,46,401.02,0.23272,0.015903,0,-0.10257,-0.0020439,0.35508,87.345
31,95,15,46,397.63,0.26003,0.014158,0,-0.10933,-0.0020439,0.35508,87.345
31,96,20,52,358.28,0.27694,0.029874,0,-0.16887,-0.0020439,0.35508,87.345
31,96,20,52,387.17,0.2343,0.033767,0,-0.11979,-0.0020439,0.35508,87.345
31,96,20,52,352.46,0.24908,0.016332,0,-0.097314,-0.0020439,0.35508,87.345
32,97,10,50,466.88,0.31879,0.011696,0,-0.22143,-0.027316,0.27647,95.072
32,97,10,50,516.88,0.27383,0.028186,0,-0.27069,-0.027316,0.27647,95.072
32,97,10,50,384.68,0.32494,0.0084793,0,-0.1237,-0.027316,0.27647,95.072
32,98,15,59,401.02,0.31369,0.0090187,0,-0.13956,-0.027316,0.27647,95.072
32,98,15,59,354.08,0.30136,0.0031802,0,-0.14423,-0.027316,0.27647,95.072
32,98,15,59,412.61,0.33804,0.0048177,0,-0.11801,-0.027316,0.27647,95.072
32,99,20,45,377.24,0.24345,0.016748,0,-0.14734,-0.027316,0.27647,95.072
32,99,20,45,386.99,0.22669,0.023978,0,-0.19482,-0.027316,0.27647,95.072
32,99,20,45,344.79,0.27549,0.015505,0,-0.1006,-0.027316,0.27647,95.072
33,100,20,55,323.24,0.14337,0.036403,0,-0.12124,-0.0037434,0.22388,103.2
33,100,20,55,277.43,0.15641,0.026941,0,-0.064254,-0.0037434,0.22388,103.2
33,100,20,55,316.87,0.159,0.023769,0,-0.088862,-0.0037434,0.22388,103.2
33,101,10,59,400.61,0.23399,0.024668,0,-0.1564,-0.0037434,0.22388,103.2
33,101,10,59,377.16,0.23403,0.022797,0,-0.084599,-0.0037434,0.22388,103.2
33,101,10,59,405.47,0.24011,0.032338,0,-0.11869,-0.0037434,0.22388,103.2
33,102,15,34,364.28,0.19905,0.0509,0,-0.18281,-0.0037434,0.22388,103.2
33,102,15,34,291.81,0.21072,0.013277,0,-0.075797,-0.0037434,0.22388,103.2
33,102,15,34,276.54,0.21105,0.03406,0,-0.082796,-0.0037434,0.22388,103.2
34,103,15,39,403.74,0.24134,0.014706,0,-0.22021,0.0019459,0.72472,99.78
34,103,15,39,330.92,0.26165,0.033404,1,-2.1422,0.0019459,0.72472,99.78
34,103,15,39,374.32,0.28755,0.012583,0,-0.10282,0.0019459,0.72472,99.78
34,104,20,55,370.39,0.17716,0.014073,0,-0.13362,0.0019459,0.72472,99.78
34,104,20,55,295.14,0.17276,0.012759,1,-2.0942,0.0019459,0.72472,99.78
34,104,20,55,279.63,0.18888,0.014034,0,-0.081341,0.0019459,0.72472,99.78
34,105,10,49,472.16,0.30072,0.0042506,0,-0.11898,0.0019459,0.72472,99.78
34,105,10,49,373.22,0.31329,0.0084571,0,-0.18402,0.0019459,0.72472,99.78
34,105,10,49,370.06,0.32408,0.012402,0,-0.10781,0.0019459,0.72472,99.78
35,106,15,60,441.2,0.36293,0.011604,0,-0.0312,-0.015956,0.035162,98.077
35,106,15,60,522.76,0.39056,0.034506,0,-0.081006,-0.015956,0.035162,98.077
35,106,15,60,366.34,0.41525,0.011979,0,-0.12064,-0.015956,0.035162,98.077
35,107,10,50,470.03,0.44149,0.011604,0,-0.20388,-0.015956,0.035162,98.077
35,107,10,50,442.46,0.50199,0.012435,0,-0.26729,-0.015956,0.035162,98.077
35,107,10,50,410.3,0.47442,0.0061433,0,-0.11524,-0.015956,0.035162,98.077
35,108,10,56,448.89,0.49099,0.0037548,0,-0.21071,-0.015956,0.035162,98.077
35,108,10,56,431.86,0.5341,0.008841,0,-0.078926,-0.015956,0.035162,98.077
35,108,10,56,408.13,0.52418,0.0058295,0,-0.13327,-0.015956,0.035162,98.077
36,109,15,46,335.41,0.19233,0.01092,0,-0.089285,-0.016725,1.2894,96.072
36,109,15,46,420.64,0.17776,0.023668,0,-0.16882,-0.016725,1.2894,96.072
36,109,15,46,304.3,0.20866,0.028914,0,-0.091688,-0.016725,1.2894,96.072
36,110,15,58,352.04,0.25026,0.020814,0,-0.11675,-0.016725,1.2894,96.072
36,110,15,58,345.18,0.2809,0.016915,0,-0.13346,-0.016725,1.2894,96.072
36,110,15,58,324.5,0.28354,0.011777,0,-0.10129,-0.016725,1.2894,96.072
36,111,15,34,302.38,0.15336,0.010493,1,-2.0106,-0.016725,1.2894,96.072
36,111,15,34,411.22,0.19541,0.030277,1,-2.1383,-0.016725,1.2894,96.072
36,111,15,34,282.41,0.16267,0.0079434,1,-2.0778,-0.016725,1.2894,96.072
37,112,10,33,289.42,0.19269,0.0057354,0,-0.083799,-0.00045248,0.0064204,66.549
37,112,10,33,338.76,0.1777,0.011314,0,-0.046904,-0.00045248,0.0064204,66.549
37,112,10,33,305.68,0.15304,0.0090147,0,-0.085755,-0.00045248,0.0064204,66.549
37,113,10,32,418.89,0.31102,0.027854,0,-0.17338,-0.00045248,0.0064204,66.549
37,113,10,32,403.79,0.30021,0.044164,0,-0.078778,-0.00045248,0.0064204,66.549
37,113,10,32,311.61,0.30751,0.017467,0,-0.10085,-0.00045248,0.0064204,66.549
37,114,10,52,443.8,0.36166,0.01626,0,-0.058762,-0.00045248,0.0064204,66.549
37,114,10,52,455.54,0.40396,0.013091,0,-0.21095,-0.00045248,0.0064204,66.549
37,114,10,52,439.57,0.3843,0.011963,0,-0.12916,-0.00045248,0.0064204,66.549
38,115,15,51,347.98,0.31038,0.026174,0,-0.083786,0.0027123,0.0080537,91.231
38,115,15,51,368.29,0.25265,0.017502,0,-0.051706,0.0027123,0.0080537,91.231
38,115,15,51,344.77,0.30747,0.019893,0,-0.1045,0.0027123,0.0080537,91.231
38,116,10,35,440.45,0.21772,0.010566,0,-0.19562,0.0027123,0.0080537,91.231
38,116,10,35,377.41,0.22989,0.022916,0,-0.16344,0.0027123,0.0080537,91.231
38,116,10,35,334.57,0.23512,0.0083947,0,-0.09459,0.0027123,0.0080537,91.231
38,117,10,57,446.5,0.24976,0.023771,0,-0.12639,0.0027123,0.0080537,91.231
38,117,10,57,493.56,0.23539,0.023555,0,-0.10627,0.0027123,0.0080537,91.231
38,117,10,57,340.03,0.26525,0.012454,0,-0.10062,0.0027123,0.0080537,91.231
39,118,15,58,373.24,0.16984,0.01878,0,-0.12948,-0.0056467,0.81562,121.64
39,118,15,58,340.28,0.19895,0.033243,0,-0.083987,-0.0056467,0.81562,121.64
39,118,15,58,310.84,0.20066,0.0088255,0,-0.087021,-0.0056467,0.81562,121.64
39,119,15,59,362.2,0.24416,0.031827,0,-0.081526,-0.0056467,0.81562,121.64
39,119,15,59,417.12,0.24453,0.015289,1,-2.0331,-0.0056467,0.81562,121.64
39,119,15,59,330.12,0.21933,0.030263,1,-2.0959,-0.0056467,0.81562,121.64
39,120,10,56,423.95,0.32184,0.019254,0,-0.2216,-0.0056467,0.81562,121.64
39,120,10,56,488.77,0.29865,0.0071314,0,-0.24907,-0.0056467,0.81562,121.64
39,120,10,56,380.94,0.33938,0.013218,0,-0.11275,-0.0056467,0.81562,121.64
40,121,10,49,374.97,0.20129,0.019247,0,-0.049324,-0.0033695,0.013469,106.57
40,121,10,49,339.63,0.21237,0.018862,0,-0.031281,-0.0033695,0.013469,106.57
40,121,10,49,337.28,0.233,0.013939,0,-0.095193,-0.0033695,0.013469,106.57
40,122,20,55,352.65,0.18387,0.022756,0,-0.1593,-0.0033695,0.013469,106.57
40,122,20,55,364.74,0.19916,0.016944,0,-0.13751,-0.0033695,0.013469,106.57
40,122,20,55,282.29,0.19429,0.020131,0,-0.078561,-0.0033695,0.013469,106.57
40,123,10,51,424.54,0.19191,0.0087141,0,-0.12512,-0.0033695,0.013469,106.57
40,123,10,51,401.82,0.19922,0.014642,0,-0.064572,-0.0033695,0.013469,106.57
40,123,10,51,349.86,0.21712,0.012605,0,-0.10232,-0.0033695,0.013469,106.57
41,124,20,54,441.78,0.25612,0.037687,1,-2.2048,-0.00092707,0.44462,93.625
41,124,20,54,318.3,0.25462,0.018928,0,-0.04718,-0.00092707,0.44462,93.625
41,124,20,54,301.8,0.26439,0.026185,0,-0.08724,-0.00092707,0.44462,93.625
41,125,15,56,382.27,0.26888,0.030638,0,-0.18595,-0.00092707,0.44462,93.625
41,125,15,56,519.35,0.28239,0.017708,0,-0.25233,-0.00092707,0.44462,93.625
41,125,15,56,371,0.31048,0.010088,0,-0.11056,-0.00092707,0.44462,93.625
41,126,10,30,435.89,0.29958,0.042434,0,-0.28625,-0.00092707,0.44462,93.625
41,126,10,30,375.19,0.29463,0.018107,0,-0.055593,-0.00092707,0.44462,93.625
41,126,10,30,323.87,0.30998,0.010444,0,-0.095166,-0.00092707,0.44462,93.625
42,127,15,31,349.84,0.1662,0.021202,1,-2.0658,-0.0046197,1.4781,81.769
42,127,15,31,320.74,0.15317,0.023594,1,-2.1341,-0.0046197,1.4781,81.769
42,127,15,31,287.5,0.17149,0.023402,1,-2.0782,-0.0046197,1.4781,81.769
42,128,20,50,386.45,0.22295,0.020266,0,-0.10013,-0.0046197,1.4781,81.769
42,128,20,50,365.75,0.2204,0.017737,0,-0.099077,-0.0046197,1.4781,81.769
42,128,20,50,308.07,0.21989,0.017615,0,-0.087445,-0.0046197,1.4781,81.769
42,129,15,41,344.8,0.22994,0.011253,0,-0.095797,-0.0046197,1.4781,81.769
42,129,15,41,321.53,0.19154,0.0056984,1,-2.1257,-0.0046197,1.4781,81.769
42,129,15,41,331.35,0.21284,0.0093655,0,-0.099806,-0.0046197,1.4781,81.769
43,130,20,44,355.2,0.21336,0.014638,0,-0.063826,-0.0058654,3.3204,86.597
43,130,20,44,401.1,0.21806,0.022482,0,-0.1638,-0.0058654,3.3204,86.597
43,130,20,44,312.33,0.22812,0.016563,0,-0.092036,-0.0058654,3.3204,86.597
43,131,15,50,370.1,0.23625,0.02512,0,-0.18949,-0.0058654,3.3204,86.597
43,131,15,50,344.22,0.25336,0.033192,0,-0.10803,-0.0058654,3.3204,86.597
43,131,15,50,317.95,0.27169,0.033776,0,-0.093247,-0.0058654,3.3204,86.597
43,132,20,34,261.63,0.11714,0.020313,2,-4.0369,-0.0058654,3.3204,86.597
43,132,20,34,253.04,0.12171,0.0075222,2,-4.0644,-0.0058654,3.3204,86.597
43,132,20,34,271.02,0.12522,0.0082784,1,-2.0753,-0.0058654,3.3204,86.597
44,133,15,60,328.76,0.2266,0.0087145,0,-0.10449,-0.01114,0.15291,117.2
44,133,15,60,349.28,0.23652,0.013446,0,-0.074616,-0.01114,0.15291,117.2
44,133,15,60,342.8,0.22912,0.015671,0,-0.099066,-0.01114,0.15291,117.2
44,134,20,60,467.53,0.37583,0.02379,0,-0.13181,-0.01114,0.15291,117.2
44,134,20,60,432.81,0.42117,0.0082771,0,-0.22587,-0.01114,0.15291,117.2
44,134,20,60,378.16,0.45436,0.010979,0,-0.10623,-0.01114,0.15291,117.2
44,135,15,46,397,0.2076,0.010846,0,-0.042574,-0.01114,0.15291,117.2
44,135,15,46,360.36,0.21509,0.0040039,0,-0.17422,-0.01114,0.15291,117.2
44,135,15,46,379.38,0.23302,0.022238,0,-0.10396,-0.01114,0.15291,117.2
45,136,20,33,410.42,0.22384,0.048414,1,-2.0687,0.0068223,3.1856,95.351
45,136,20,33,342.26,0.18221,0.022136,2,-4.0908,0.0068223,3.1856,95.351
45,136,20,33,382.53,0.19776,0.025754,2,-4.1076,0.0068223,3.1856,95.351
45,137,15,56,351.15,0.18988,0.044661,0,-0.11188,0.0068223,3.1856,95.351
45,137,15,56,459.19,0.18712,0.022802,0,-0.13705,0.0068223,3.1856,95.351
45,137,15,56,335.8,0.19785,0.026377,0,-0.096713,0.0068223,3.1856,95.351
45,138,15,47,330.29,0.22222,0.010935,0,-0.083326,0.0068223,3.1856,95.351
45,138,15,47,464.84,0.22951,0.021944,0,-0.13318,0.0068223,3.1856,95.351
45,138,15,47,310.13,0.23192,0.011243,0,-0.092687,0.0068223,3.1856,95.351
46,139,15,42,432.37,0.27148,0.040657,0,-0.23479,0.0016873,0.50073,94.617
46,139,15,42,338.38,0.24523,0.011188,0,-0.015208,0.0016873,0.50073,94.617
46,139,15,42,332.69,0.25269,0.016051,1,-2.0913,0.0016873,0.50073,94.617
46,140,15,50,443.25,0.36243,0.024788,0,-0.085527,0.0016873,0.50073,94.617
46,140,15,50,532.21,0.3314,0.02591,0,-0.32655,0.0016873,0.50073,94.617
46,140,15,50,357.16,0.38052,0.011079,0,-0.10932,0.0016873,0.50073,94.617
46,141,15,52,360.62,0.26233,0.022907,0,-0.16037,0.0016873,0.50073,94.617
46,141,15,52,348.97,0.28095,0.011382,0,-0.052388,0.0016873,0.50073,94.617
46,141,15,52,355.82,0.32064,0.02799,0,-0.10874,0.0016873,0.50073,94.617
47,142,10,30,362.79,0.23003,0.026952,0,-0.20661,-0.0010845,1.7951,75.664
47,142,10,30,324.17,0.23948,0.032759,0,-0.046543,-0.0010845,1.7951,75.664
47,142,10,30,323.5,0.24829,0.0075722,0,-0.098185,-0.0010845,1.7951,75.664
47,143,20,42,296.07,0.17306,0.023721,1,-2.0802,-0.0010845,1.7951,75.664
47,143,20,42,338.28,0.15069,0.020655,2,-4.1241,-0.0010845,1.7951,75.664
47,143,20,42,298.03,0.18483,0.030393,1,-2.0884,-0.0010845,1.7951,75.664
47,144,10,54,470.81,0.42324,0.010754,0,-0.30638,-0.0010845,1.7951,75.664
47,144,10,54,462.09,0.4687,0.014284,0,-0.024881,-0.0010845,1.7951,75.664
47,144,10,54,405.91,0.52341,0.01398,0,-0.13377,-0.0010845,1.7951,75.664
48,145,15,48,443.22,0.22786,0.021614,0,-0.18924,-0.0092854,0.43467,107.37
48,145,15,48,367.32,0.20661,0.019261,0,-0.17212,-0.0092854,0.43467,107.37
48,145,15,48,342.4,0.21465,0.016908,0,-0.096125,-0.0092854,0.43467,107.37
48,146,20,54,410.55,0.27077,0.019377,0,-0.062219,-0.0092854,0.43467,107.37
48,146,20,54,445.45,0.28214,0.029907,0,-0.14343,-0.0092854,0.43467,107.37
48,146,20,54,380.33,0.2772,0.01587,0,-0.10797,-0.0092854,0.43467,107.37
48,147,10,60,489.32,0.41198,0.010592,0,-0.1618,-0.0092854,0.43467,107.37
48,147,10,60,488.12,0.45052,0.0087151,0,-0.074012,-0.0092854,0.43467,107.37
48,147,10,60,473.33,0.41654,0.0067294,0,-0.13301,-0.0092854,0.43467,107.37
49,148,10,49,417.68,0.24521,0.012076,0,-0.062895,-0.0071409,1.7172,63.998
49,148,10,49,355.73,0.25595,0.0051612,0,-0.078343,-0.0071409,1.7172,63.998
49,148,10,49,377.69,0.28157,0.0061164,0,-0.10412,-0.0071409,1.7172,63.998
49,149,10,32,307.31,0.22383,0.0038999,0,-0.043275,-0.0071409,1.7172,63.998
49,149,10,32,343.14,0.21652,0.049341,0,-0.077748,-0.0071409,1.7172,63.998
49,149,10,32,299.33,0.21623,0.010438,0,-0.08271,-0.0071409,1.7172,63.998
49,150,15,30,286.24,0.14534,0.023187,0,-0.071016,-0.0071409,1.7172,63.998
49,150,15,30,259.97,0.13289,0.043604,2,-4.0901,-0.0071409,1.7172,63.998
49,150,15,30,272.27,0.13665,0.026933,1,-2.078,-0.0071409,1.7172,63.998
50,151,20,45,277.12,0.16845,0.020715,0,-0.069322,0.0022841,1.6884,99.411
50,151,20,45,408.24,0.1881,0.017574,0,-0.084533,0.0022841,1.6884,99.411
50,151,20,45,334.61,0.21612,0.032503,0,-0.096839,0.0022841,1.6884,99.411
50,152,20,36,286.51,0.11909,0.0074452,2,-4.0944,0.0022841,1.6884,99.411
50,152,20,36,285.31,0.14569,0.017801,0,-0.068028,0.0022841,1.6884,99.411
50,152,20,36,300.1,0.15733,0.022282,1,-2.0831,0.0022841,1.6884,99.411
50,153,20,58,442.44,0.25854,0.03408,0,-0.17141,0.0022841,1.6884,99.411
50,153,20,58,331.7,0.2337,0.021321,0,-0.032157,0.0022841,1.6884,99.411
50,153,20,58,355.85,0.26226,0.018776,0,-0.10527,0.0022841,1.6884,99.411
51,154,10,48,395.79,0.26184,0.023762,0,-0.11224,0.0022467,0.32741,73.427
51,154,10,48,435.68,0.27361,0.0066144,0,-0.029654,0.0022467,0.32741,73.427
51,154,10,48,349.53,0.31786,0.0085829,0,-0.10344,0.0022467,0.32741,73.427
51,155,10,39,454.25,0.32005,0.02275,0,-0.026588,0.0022467,0.32741,73.427
51,155,10,39,485.91,0.28539,0.020952,0,-0.22846,0.0022467,0.32741,73.427
51,155,10,39,333.96,0.30887,0.027909,0,-0.094241,0.0022467,0.32741,73.427
51,156,20,34,376.08,0.18983,0.033068,0,-0.043249,0.0022467,0.32741,73.427
51,156,20,34,322.9,0.1774,0.026507,0,-0.051611,0.0022467,0.32741,73.427
51,156,20,34,308.45,0.15657,0.016676,0,-0.087979,0.0022467,0.32741,73.427
52,157,10,38,348.32,0.21497,0.01921,0,-0.15394,-0.0043978,0.21872,107.09
52,157,10,38,344.28,0.20467,0.048777,0,-0.10128,-0.0043978,0.21872,107.09
52,157,10,38,324.63,0.22193,0.025949,0,-0.098261,-0.0043978,0.21872,107.09
52,158,15,60,488.83,0.34086,0.025927,0,-0.33383,-0.0043978,0.21872,107.09
52,158,15,60,478.26,0.38475,0.02696,0,-0.076269,-0.0043978,0.21872,107.09
52,158,15,60,367.09,0.35031,0.017652,0,-0.10705,-0.0043978,0.21872,107.09
52,159,20,55,382.69,0.25668,0.0094763,0,-0.07327,-0.0043978,0.21872,107.09
52,159,20,55,331.82,0.24526,0.01319,0,-0.054777,-0.0043978,0.21872,107.09
52,159,20,55,325.71,0.24102,0.032307,0,-0.092202,-0.0043978,0.21872,107.09
53,160,10,47,405.2,0.22933,0.012794,0,-0.19517,-0.001271,0.10202,79.669
53,160,10,47,435.92,0.20218,0.014956,0,-0.11605,-0.001271,0.10202,79.669
53,160,10,47,360.32,0.24582,0.011364,0,-0.10424,-0.001271,0.10202,79.669
53,161,20,44,367.05,0.19807,0.013175,0,-0.15033,-0.001271,0.10202,79.669
53,161,20,44,316.14,0.18513,0.018527,0,-0.064981,-0.001271,0.10202,79.669
53,161,20,44,301.46,0.20162,0.020942,0,-0.086297,-0.001271,0.10202,79.669
53,162,15,32,284.74,0.24421,0.015159,0,-0.082776,-0.001271,0.10202,79.669
53,162,15,32,352.37,0.27115,0.012587,0,-0.032909,-0.001271,0.10202,79.669
53,162,15,32,301.69,0.24446,0.043374,0,-0.088947,-0.001271,0.10202,79.669
54,163,15,55,304.85,0.21588,0.036562,0,-0.039132,-0.00041955,6.0427,89.091
54,163,15,55,399.82,0.1952,0.036919,0,-0.1751,-0.00041955,6.0427,89.091
54,163,15,55,305.97,0.21905,0.037562,0,-0.085063,-0.00041955,6.0427,89.091
54,164,15,32,335.41,0.22148,0.01411,1,-2.1285,-0.00041955,6.0427,89.091
54,164,15,32,362.16,0.26815,0.013767,3,-6.1089,-0.00041955,6.0427,89.091
54,164,15,32,362.83,0.27437,0.016851,2,-4.1041,-0.00041955,6.0427,89.091
54,165,15,44,322.8,0.22958,0.035241,0,-0.082094,-0.00041955,6.0427,89.091
54,165,15,44,500.59,0.2646,0.024618,0,-0.21223,-0.00041955,6.0427,89.091
54,165,15,44,364.44,0.25555,0.014963,0,-0.10696,-0.00041955,6.0427,89.091
55,166,20,52,431.22,0.20544,0.020011,0,-0.2021,-0.008148,1.3042,81.757
55,166,20,52,304.54,0.19073,0.0079282,0,-0.011973,-0.008148,1.3042,81.757
55,166,20,52,299.33,0.21391,0.010631,0,-0.087542,-0.008148,1.3042,81.757
55,167,20,33,317.26,0.16511,0.04218,1,-2.0772,-0.008148,1.3042,81.757
55,167,20,33,337.96,0.19764,0.016697,1,-2.0819,-0.008148,1.3042,81.757
55,167,20,33,285.76,0.17846,0.015441,1,-2.0807,-0.008148,1.3042,81.757
55,168,15,38,373.01,0.19488,0.018402,0,-0.15732,-0.008148,1.3042,81.757
55,168,15,38,301.11,0.19302,0.025794,0,-0.057475,-0.008148,1.3042,81.757
55,168,15,38,335.96,0.21292,0.017329,0,-0.096972,-0.008148,1.3042,81.757
56,169,20,44,371.33,0.23306,0.026553,2,-4.0962,-0.002828,9.6785,88.979
56,169,20,44,301.59,0.20028,0.014927,1,-2.0368,-0.002828,9.6785,88.979
56,169,20,44,309.98,0.20942,0.015128,0,-0.092322,-0.002828,9.6785,88.979
56,170,20,54,454.94,0.20812,0.01123,0,-0.19882,-0.002828,9.6785,88.979
56,170,20,54,296.41,0.18816,0.022921,0,-0.11859,-0.002828,9.6785,88.979
56,170,20,54,340.05,0.24193,0.024969,0,-0.095744,-0.002828,9.6785,88.979
56,171,20,33,337.27,0.12978,0.035132,2,-4.1262,-0.002828,9.6785,88.979
56,171,20,33,277.35,0.14047,0.021899,3,-6.0531,-0.002828,9.6785,88.979
56,171,20,33,265.7,0.14444,0.022234,2,-4.0773,-0.002828,9.6785,88.979
57,172,15,35,317.52,0.17591,0.021938,0,-0.12305,-0.0014564,3.6035,78.985
57,172,15,35,391.9,0.14883,0.021611,0,-0.14053,-0.0014564,3.6035,78.985
57,172,15,35,283.86,0.16655,0.016051,0,-0.080253,-0.0014564,3.6035,78.985
57,173,20,32,293.09,0.14497,0.0095739,1,-2.0491,-0.0014564,3.6035,78.985
57,173,20,32,261.08,0.13157,0.015583,2,-4.0861,-0.0014564,3.6035,78.985
57,173,20,32,263.71,0.13723,0.0048143,2,-4.0697,-0.0014564,3.6035,78.985
57,174,15,58,488.88,0.35086,0.015398,0,-0.33263,-0.0014564,3.6035,78.985
57,174,15,58,425.53,0.32328,0.016369,0,-0.18121,-0.0014564,3.6035,78.985
57,174,15,58,373.48,0.38882,0.016882,0,-0.12031,-0.0014564,3.6035,78.985
58,175,20,47,432.47,0.23121,0.011731,0,-0.17786,-0.0032203,0.37837,103.31
58,175,20,47,338.58,0.23209,0.014191,0,-0.0665,-0.0032203,0.37837,103.31
58,175,20,47,314.78,0.22529,0.01335,0,-0.088858,-0.0032203,0.37837,103.31
58,176,10,58,465.4,0.32718,0.016607,0,-0.026448,-0.0032203,0.37837,103.31
58,176,10,58,531.83,0.3355,0.011483,0,-0.29267,-0.0032203,0.37837,103.31
58,176,10,58,438.26,0.34763,0.0063514,0,-0.12104,-0.0032203,0.37837,103.31
58,177,20,45,369.14,0.23087,0.012147,0,-0.093713,-0.0032203,0.37837,103.31
58,177,20,45,334.72,0.22667,0.019103,1,-2.0937,-0.0032203,0.37837,103.31
58,177,20,45,293.36,0.2389,0.016748,0,-0.091039,-0.0032203,0.37837,103.31
59,178,15,53,326.59,0.18359,0.017894,0,-0.088253,-0.015973,0.146,108.92
59,178,15,53,350.62,0.19695,0.019466,0,-0.10364,-0.015973,0.146,108.92
59,178,15,53,319.77,0.17313,0.017286,0,-0.090743,-0.015973,0.146,108.92
59,179,20,58,498.16,0.30135,0.014201,0,-0.27402,-0.015973,0.146,108.92
59,179,20,58,370.69,0.31329,0.028404,0,-0.15863,-0.015973,0.146,108.92
59,179,20,58,341.97,0.29074,0.028798,0,-0.096195,-0.015973,0.146,108.92
59,180,10,47,399.26,0.27147,0.013817,0,-0.04295,-0.015973,0.146,108.92
59,180,10,47,354.01,0.2797,0.0093873,0,-0.075339,-0.015973,0.146,108.92
59,180,10,47,339.42,0.28931,0.0071307,0,-0.10369,-0.015973,0.146,108.92
60,181,20,54,312.04,0.19122,0.021511,0,-0.086571,-0.012293,2.1295,108.75
60,181,20,54,297.91,0.14996,0.01387,0,-0.10901,-0.012293,2.1295,108.75
60,181,20,54,280.6,0.19663,0.024381,0,-0.079577,-0.012293,2.1295,108.75
60,182,20,35,343.15,0.20161,0.013347,1,-2.0223,-0.012293,2.1295,108.75
60,182,20,35,301.32,0.17823,0.033331,2,-4.0778,-0.012293,2.1295,108.75
60,182,20,35,320.78,0.20316,0.014714,1,-2.0874,-0.012293,2.1295,108.75
60,183,20,59,329.07,0.25115,0.016288,0,-0.065164,-0.012293,2.1295,108.75
60,183,20,59,347.39,0.25712,0.025931,0,-0.11284,-0.012293,2.1295,108.75
60,183,20,59,407.52,0.26425,0.024323,0,-0.11404,-0.012293,2.1295,108.75
61,184,15,30,302.82,0.16704,0.014786,0,-0.10659,-0.016508,0.42128,64.111
61,184,15,30,321.04,0.16144,0.024299,0,-0.14476,-0.016508,0.42128,64.111
61,184,15,30,292.72,0.18083,0.015167,1,-2.084,-0.016508,0.42128,64.111
61,185,10,36,453.5,0.37653,0.022926,0,-0.21963,-0.016508,0.42128,64.111
61,185,10,36,380.38,0.40553,0.013754,0,-0.10696,-0.016508,0.42128,64.111
61,185,10,36,362.56,0.37909,0.01108,0,-0.11177,-0.016508,0.42128,64.111
61,186,10,46,377.11,0.27738,0.016704,0,-0.018482,-0.016508,0.42128,64.111
61,186,10,46,434.24,0.25591,0.010122,0,-0.061716,-0.016508,0.42128,64.111
61,186,10,46,365.32,0.28128,0.0092057,0,-0.1047,-0.016508,0.42128,64.111
62,187,15,37,291.07,0.21373,0.0091499,0,-0.058679,-0.008556,4.3763,67.812
62,187,15,37,307.42,0.20186,0.0088336,1,-2.0803,-0.008556,4.3763,67.812
62,187,15,37,281.8,0.19799,0.012405,0,-0.08466,-0.008556,4.3763,67.812
62,188,15,32,287.49,0.19966,0.023847,2,-4.0745,-0.008556,4.3763,67.812
62,188,15,32,312.87,0.18546,0.022312,2,-4.0837,-0.008556,4.3763,67.812
62,188,15,32,312.15,0.2202,0.017729,2,-4.0923,-0.008556,4.3763,67.812
62,189,15,45,347.12,0.26928,0.022027,0,-0.076563,-0.008556,4.3763,67.812
62,189,15,45,346.67,0.26243,0.019264,0,-0.094094,-0.008556,4.3763,67.812
62,189,15,45,393.03,0.3192,0.016653,0,-0.1243,-0.008556,4.3763,67.812
63,190,10,46,485.24,0.2885,0.022957,0,-0.15632,0.0040877,0.28552,101.62
63,190,10,46,377.98,0.30691,0.012981,0,-0.12873,0.0040877,0.28552,101.62
63,190,10,46,342.85,0.34071,0.014281,0,-0.096707,0.0040877,0.28552,101.62
63,191,10,60,423.92,0.32271,0.023146,0,-0.080843,0.0040877,0.28552,101.62
63,191,10,60,395.25,0.3357,0.030432,0,-0.1189,0.0040877,0.28552,101.62
63,191,10,60,377.22,0.32562,0.025948,0,-0.10837,0.0040877,0.28552,101.62
63,192,20,50,413.18,0.21678,0.01849,0,-0.21077,0.0040877,0.28552,101.62
63,192,20,50,360.38,0.21676,0.019077,0,-0.10777,0.0040877,0.28552,101.62
63,192,20,50,363.92,0.24613,0.025001,0,-0.11241,0.0040877,0.28552,101.62
64,193,15,45,368.59,0.21097,0.011386,0,-0.13082,-0.012852,0.5324,89.474
64,193,15,45,370.28,0.17714,0.013818,0,-0.15549,-0.012852,0.5324,89.474
64,193,15,45,320.88,0.21371,0.021067,0,-0.091678,-0.012852,0.5324,89.474
64,194,20,56,344.77,0.18536,0.02742,1,-2.1227,-0.012852,0.5324,89.474
64,194,20,56,392.02,0.17242,0.020133,0,-0.15158,-0.012852,0.5324,89.474
64,194,20,56,387.67,0.21058,0.0073106,0,-0.10704,-0.012852,0.5324,89.474
64,195,10,31,275.69,0.15267,0.013759,0,-0.077319,-0.012852,0.5324,89.474
64,195,10,31,322.05,0.18658,0.0098943,0,-0.059638,-0.012852,0.5324,89.474
64,195,10,31,341.08,0.19196,0.013225,0,-0.096097,-0.012852,0.5324,89.474
65,196,10,57,419.23,0.34577,0.014109,0,-0.12658,0.0057285,0.16575,114.3
65,196,10,57,374.22,0.30005,0.016922,0,-0.066191,0.0057285,0.16575,114.3
65,196,10,57,434.4,0.33578,0.01146,0,-0.12275,0.0057285,0.16575,114.3
65,197,20,58,418.55,0.33515,0.023976,0,-0.10299,0.0057285,0.16575,114.3
65,197,20,58,356.81,0.26897,0.016596,0,-0.040933,0.0057285,0.16575,114.3
65,197,20,58,394.5,0.35083,0.02793,0,-0.11398,0.0057285,0.16575,114.3
65,198,15,54,492.89,0.29336,0.0087148,0,-0.23571,0.0057285,0.16575,114.3
65,198,15,54,449.83,0.30106,0.0075047,0,-0.20822,0.0057285,0.16575,114.3
65,198,15,54,372.54,0.31227,0.0278,0,-0.11001,0.0057285,0.16575,114.3
66,199,15,50,315.56,0.25565,0.018493,0,-0.06631,-0.0030678,0.096255,89.831
66,199,15,50,357.43,0.30169,0.017028,0,-0.1852,-0.0030678,0.096255,89.831
66,199,15,50,317.93,0.33705,0.024261,0,-0.091452,-0.0030678,0.096255,89.831
66,200,10,50,490.53,0.43541,0.0080402,0,-0.045177,-0.0030678,0.096255,89.831
66,200,10,50,429.92,0.43949,0.015566,0,-0.16306,-0.0030678,0.096255,89.831
66,200,10,50,392.18,0.44676,0.012126,0,-0.11396,-0.0030678,0.096255,89.831
66,201,10,60,464.64,0.38818,0.0053967,0,-0.042235,-0.0030678,0.096255,89.831
66,201,10,60,591.08,0.38579,0.00412,0,-0.32082,-0.0030678,0.096255,89.831
66,201,10,60,420.66,0.42272,0.0077841,0,-0.11664,-0.0030678,0.096255,89.831
67,202,10,40,370.74,0.36311,0.0074492,0,-0.18231,0.0025828,0.058579,85.25
67,202,10,40,370.53,0.39005,0.014325,0,-0.09683,0.0025828,0.058579,85.25
67,202,10,40,409.96,0.41243,0.011795,0,-0.1236,0.0025828,0.058579,85.25
67,203,10,54,545.63,0.27376,0.010614,0,-0.26506,0.0025828,0.058579,85.25
67,203,10,54,400.04,0.26626,0.010943,0,-0.17732,0.0025828,0.058579,85.25
67,203,10,54,377.56,0.29196,0.01785,0,-0.11686,0.0025828,0.058579,85.25
67,204,20,46,380.26,0.26469,0.027397,0,-0.23218,0.0025828,0.058579,85.25
67,204,20,46,342.18,0.30217,0.034971,0,-0.059426,0.0025828,0.058579,85.25
67,204,20,46,325.82,0.3155,0.023129,0,-0.094357,0.0025828,0.058579,85.25
68,205,15,58,334.32,0.20444,0.022285,0,-0.10214,-0.0037629,0.01636,94.606
68,205,15,58,351.16,0.19542,0.019783,0,-0.1281,-0.0037629,0.01636,94.606
68,205,15,58,340.05,0.19809,0.015321,0,-0.099807,-0.0037629,0.01636,94.606
68,206,15,56,456.54,0.25785,0.013599,0,-0.25564,-0.0037629,0.01636,94.606
68,206,15,56,419.03,0.26589,0.0053042,0,-0.095922,-0.0037629,0.01636,94.606
68,206,15,56,347.44,0.26543,0.0066012,0,-0.10105,-0.0037629,0.01636,94.606
68,207,10,38,473.06,0.29185,0.014795,0,-0.28235,-0.0037629,0.01636,94.606
68,207,10,38,468.39,0.30265,0.005159,0,-0.1744,-0.0037629,0.01636,94.606
68,207,10,38,363.91,0.3439,0.009539,0,-0.11113,-0.0037629,0.01636,94.606
69,208,20,59,312.49,0.2417,0.042854,0,-0.089939,-0.0022375,0.0035063,105.84
69,208,20,59,360.07,0.2171,0.020884,0,-0.098956,-0.0022375,0.0035063,105.84
69,208,20,59,327.39,0.20163,0.035963,0,-0.091725,-0.0022375,0.0035063,105.84
69,209,20,38,284.71,0.13265,0.012682,0,-0.086417,-0.0022375,0.0035063,105.84
69,209,20,38,310.66,0.16888,0.016989,0,-0.036255,-0.0022375,0.0035063,105.84
69,209,20,38,327.33,0.18781,0.020304,0,-0.092595,-0.0022375,0.0035063,105.84
69,210,10,52,395.58,0.21233,0.026037,0,-0.026653,-0.0022375,0.0035063,105.84
69,210,10,52,381.92,0.21823,0.018778,0,-0.044175,-0.0022375,0.0035063,105.84
69,210,10,52,339.71,0.2289,0.029758,0,-0.099019,-0.0022375,0.0035063,105.84
70,211,10,43,354.45,0.22268,0.021206,0,-0.094033,-0.012306,0.022408,83.613
70,211,10,43,399.22,0.20657,0.003398,0,-0.19724,-0.012306,0.022408,83.613
70,211,10,43,329.82,0.23766,0.0053778,0,-0.093865,-0.012306,0.022408,83.613
70,212,10,47,318.72,0.17516,0.023588,0,-0.096282,-0.012306,0.022408,83.613
70,212,10,47,330.03,0.17015,0.0159,0,-0.11685,-0.012306,0.022408,83.613
70,212,10,47,336.96,0.18726,0.014959,0,-0.091962,-0.012306,0.022408,83.613
70,213,10,50,406.76,0.24104,0.014042,0,-0.18582,-0.012306,0.022408,83.613
70,213,10,50,420.14,0.25979,0.010562,0,-0.038588,-0.012306,0.022408,83.613
70,213,10,50,396.58,0.30347,0.010993,0,-0.11212,-0.012306,0.022408,83.613
71,214,10,32,385.15,0.25423,0.035615,0,-0.10776,0.0018078,0.034194,100.28
71,214,10,32,434.85,0.27213,0.021697,0,-0.14417,0.0018078,0.034194,100.28
71,214,10,32,369.44,0.30509,0.019784,0,-0.10388,0.0018078,0.034194,100.28
71,215,20,58,404.08,0.29357,0.01861,0,-0.14641,0.0018078,0.034194,100.28
71,215,20,58,350.19,0.31986,0.02341,0,-0.12151,0.0018078,0.034194,100.28
71,215,20,58,344.88,0.28911,0.01577,0,-0.10636,0.0018078,0.034194,100.28
71,216,20,58,473.77,0.31693,0.013774,0,-0.098213,0.0018078,0.034194,100.28
71,216,20,58,378.45,0.31377,0.019306,0,-0.049669,0.0018078,0.034194,100.28
71,216,20,58,431.18,0.33215,0.016313,0,-0.11821,0.0018078,0.034194,100.28
72,217,20,56,394,0.21623,0.020953,0,-0.12685,-0.0062215,0.028592,109.46
72,217,20,56,438.25,0.15666,0.014568,0,-0.1096,-0.0062215,0.028592,109.46
72,217,20,56,318.29,0.23045,0.017954,0,-0.093761,-0.0062215,0.028592,109.46
72,218,15,60,340.33,0.32348,0.011819,0,-0.084504,-0.0062215,0.028592,109.46
72,218,15,60,384.94,0.28707,0.021335,0,-0.19906,-0.0062215,0.028592,109.46
72,218,15,60,341.19,0.30618,0.01266,0,-0.10403,-0.0062215,0.028592,109.46
72,219,10,51,425.57,0.48314,0.0042351,0,-0.17231,-0.0062215,0.028592,109.46
72,219,10,51,403.15,0.44166,0.0034475,0,-0.19625,-0.0062215,0.028592,109.46
72,219,10,51,431.8,0.45135,0.0049208,0,-0.13841,-0.0062215,0.028592,109.46
73,220,20,57,301.86,0.16972,0.02752,0,-0.067359,-0.0059519,1.4717,102.42
73,220,20,57,303.78,0.1611,0.017528,0,-0.07797,-0.0059519,1.4717,102.42
73,220,20,57,301.81,0.17376,0.031385,1,-2.0845,-0.0059519,1.4717,102.42
73,221,15,44,359.31,0.28329,0.027152,0,-0.14617,-0.0059519,1.4717,102.42
73,221,15,44,382.71,0.30173,0.017115,0,-0.089089,-0.0059519,1.4717,102.42
73,221,15,44,323.59,0.26573,0.022915,0,-0.097007,-0.0059519,1.4717,102.42
73,222,15,41,332.81,0.26346,0.0089778,1,-2.1452,-0.0059519,1.4717,102.42
73,222,15,41,403.8,0.24428,0.0381,0,-0.16275,-0.0059519,1.4717,102.42
73,222,15,41,325.94,0.25428,0.03567,1,-2.0914,-0.0059519,1.4717,102.42
74,223,15,57,384.58,0.28084,0.018279,0,-0.095353,0.000251,1.3452,103.96
74,223,15,57,443.51,0.27401,0.025984,0,-0.19288,0.000251,1.3452,103.96
74,223,15,57,386.88,0.29985,0.014153,0,-0.11577,0.000251,1.3452,103.96
74,224,20,46,361.67,0.20061,0.019115,0,-0.13008,0.000251,1.3452,103.96
74,224,20,46,338.47,0.21843,0.039558,0,-0.18067,0.000251,1.3452,103.96
74,224,20,46,321.45,0.21495,0.025426,0,-0.090654,0.000251,1.3452,103.96
74,225,20,48,298.58,0.1863,0.017261,1,-2.0666,0.000251,1.3452,103.96
74,225,20,48,338.95,0.22643,0.027443,1,-2.0609,0.000251,1.3452,103.96
74,225,20,48,291.64,0.21103,0.019066,1,-2.0863,0.000251,1.3452,103.96
75,226,20,50,344.26,0.25851,0.027405,0,-0.038031,-0.005994,0.006914,96.9
75,226,20,50,343.38,0.27719,0.017789,0,-0.095047,-0.005994,0.006914,96.9
75,226,20,50,320.84,0.26252,0.029401,0,-0.095015,-0.005994,0.006914,96.9
75,227,15,45,436.16,0.42104,0.015702,0,-0.14074,-0.005994,0.006914,96.9
75,227,15,45,460.94,0.41638,0.02705,0,-0.20535,-0.005994,0.006914,96.9
75,227,15,45,384.95,0.44303,0.024831,0,-0.11876,-0.005994,0.006914,96.9
75,228,15,50,355.43,0.26733,0.013585,0,-0.061428,-0.005994,0.006914,96.9
75,228,15,50,367.18,0.2581,0.040016,0,-0.15545,-0.005994,0.006914,96.9
75,228,15,50,324.91,0.27602,0.022538,0,-0.093704,-0.005994,0.006914,96.9
76,229,15,57,428.13,0.30582,0.016855,0,-0.050192,-0.011057,0.38796,81.718
76,229,15,57,384.95,0.31782,0.016299,0,-0.10135,-0.011057,0.38796,81.718
76,229,15,57,355.53,0.32532,0.021631,0,-0.1042,-0.011057,0.38796,81.718
76,230,15,30,338.05,0.31308,0.026286,0,-0.05375,-0.011057,0.38796,81.718
76,230,15,30,363.78,0.29621,0.017543,0,-0.096981,-0.011057,0.38796,81.718
76,230,15,30,303.88,0.27665,0.023898,1,-2.0837,-0.011057,0.38796,81.718
76,231,10,46,375.88,0.27048,0.0097739,0,-0.034059,-0.011057,0.38796,81.718
76,231,10,46,409.15,0.24868,0.029482,0,-0.053254,-0.011057,0.38796,81.718
76,231,10,46,362.86,0.24184,0.020613,0,-0.10777,-0.011057,0.38796,81.718
77,232,15,47,419.43,0.34591,0.022829,0,-0.24045,-0.0085428,0.046265,87.061
77,232,15,47,396.55,0.37343,0.027922,0,-0.043387,-0.0085428,0.046265,87.061
77,232,15,47,399.59,0.384,0.01969,0,-0.1194,-0.0085428,0.046265,87.061
77,233,10,32,358.42,0.21931,0.0074775,0,-0.17623,-0.0085428,0.046265,87.061
77,233,10,32,334.73,0.2163,0.021802,0,-0.11146,-0.0085428,0.046265,87.061
77,233,10,32,367.46,0.25589,0.013305,0,-0.10829,-0.0085428,0.046265,87.061
77,234,15,54,365.98,0.27653,0.0072221,0,-0.11972,-0.0085428,0.046265,87.061
77,234,15,54,354.05,0.24604,0.0059393,0,-0.17152,-0.0085428,0.046265,87.061
77,234,15,54,340.32,0.26981,0.0090354,0,-0.093016,-0.0085428,0.046265,87.061
78,235,20,45,500.1,0.33729,0.021376,0,-0.022122,0.010215,0.37673,102.02
78,235,20,45,397.76,0.30298,0.025346,0,-0.070624,0.010215,0.37673,102.02
78,235,20,45,365.59,0.33149,0.032803,0,-0.10378,0.010215,0.37673,102.02
78,236,15,55,409.39,0.47701,0.021656,0,-0.097512,0.010215,0.37673,102.02
78,236,15,55,478.72,0.47482,0.015442,0,-0.073747,0.010215,0.37673,102.02
78,236,15,55,431.58,0.50252,0.021318,0,-0.13846,0.010215,0.37673,102.02
78,237,20,44,341.68,0.22607,0.025044,1,-2.1128,0.010215,0.37673,102.02
78,237,20,44,287.44,0.20572,0.015312,0,-0.056345,0.010215,0.37673,102.02
78,237,20,44,379.68,0.24367,0.022372,0,-0.11116,0.010215,0.37673,102.02
79,238,15,42,383.1,0.20445,0.027478,0,-0.12383,0.0072694,15.097,80.659
79,238,15,42,359.04,0.20146,0.015215,0,-0.16573,0.0072694,15.097,80.659
79,238,15,42,311.99,0.1968,0.02501,0,-0.091811,0.0072694,15.097,80.659
79,239,20,30,409.3,0.19188,0.022307,4,-8.1856,0.0072694,15.097,80.659
79,239,20,30,350.86,0.19469,0.02041,2,-4.1913,0.0072694,15.097,80.659
79,239,20,30,296.76,0.18512,0.024574,4,-8.0868,0.0072694,15.097,80.659
79,240,20,50,299.38,0.17135,0.027208,0,-0.082563,0.0072694,15.097,80.659
79,240,20,50,305.65,0.15457,0.039405,0,-0.085326,0.0072694,15.097,80.659
79,240,20,50,298.89,0.14511,0.020259,0,-0.084922,0.0072694,15.097,80.659
80,241,15,36,375.64,0.13858,0.011018,0,-0.12756,-0.0014933,3.6618,73.576
80,241,15,36,278.22,0.14836,0.020591,0,-0.042499,-0.0014933,3.6618,73.576
80,241,15,36,294.89,0.14114,0.019993,1,-2.0788,-0.0014933,3.6618,73.576
80,242,20,32,287.52,0.14741,0.015607,1,-2.0381,-0.0014933,3.6618,73.576
80,242,20,32,308.59,0.14179,0.021786,2,-4.1169,-0.0014933,3.6618,73.576
80,242,20,32,255.26,0.14891,0.011927,2,-4.0713,-0.0014933,3.6618,73.576
80,243,20,44,352.98,0.19659,0.018517,0,-0.018657,-0.0014933,3.6618,73.576
80,243,20,44,335.03,0.20594,0.02067,0,-0.090513,-0.0014933,3.6618,73.576
80,243,20,44,297.58,0.22269,0.012355,0,-0.086822,-0.0014933,3.6618,73.576
81,244,20,32,282.52,0.10782,0.018343,1,-2.0769,-0.0036238,6.6428,72.67
81,244,20,32,274.21,0.10525,0.027243,2,-4.0948,-0.0036238,6.6428,72.67
81,244,20,32,265.82,0.10674,0.016798,2,-4.073,-0.0036238,6.6428,72.67
81,245,20,42,370.98,0.31461,0.023824,1,-2.1885,-0.0036238,6.6428,72.67
81,245,20,42,371.51,0.31168,0.031076,1,-2.1738,-0.0036238,6.6428,72.67
81,245,20,42,358.54,0.33207,0.033939,2,-4.1144,-0.0036238,6.6428,72.67
81,246,20,37,336.13,0.1688,0.0083307,2,-4.1513,-0.0036238,6.6428,72.67
81,246,20,37,316,0.24528,0.027906,0,-0.093081,-0.0036238,6.6428,72.67
81,246,20,37,345.5,0.24583,0.015611,1,-2.1065,-0.0036238,6.6428,72.67
82,247,10,53,426.98,0.35461,0.0081657,0,-0.048073,-0.0028851,0.22735,104.5
82,247,10,53,562.55,0.31134,0.0087909,0,-0.31115,-0.0028851,0.22735,104.5
82,247,10,53,421.61,0.39849,0.0063684,0,-0.1301,-0.0028851,0.22735,104.5
82,248,15,50,357.12,0.2957,0.017959,0,-0.14661,-0.0028851,0.22735,104.5
82,248,15,50,359.54,0.25669,0.027087,0,-0.18572,-0.0028851,0.22735,104.5
82,248,15,50,373.86,0.3157,0.021679,0,-0.11225,-0.0028851,0.22735,104.5
82,249,20,59,323.4,0.18195,0.016348,0,-0.064051,-0.0028851,0.22735,104.5
82,249,20,59,357.19,0.18422,0.018022,0,-0.0728,-0.0028851,0.22735,104.5
82,249,20,59,298.26,0.1872,0.041633,0,-0.086836,-0.0028851,0.22735,104.5
83,250,15,36,317.18,0.20039,0.0092905,2,-4.0305,0.00021774,1.9534,76.242
83,250,15,36,341.68,0.18079,0.004831,1,-2.0623,0.00021774,1.9534,76.242
83,250,15,36,324.73,0.22983,0.021083,1,-2.0892,0.00021774,1.9534,76.242
83,251,10,47,454.13,0.40263,0.0055804,0,-0.0062995,0.00021774,1.9534,76.242
83,251,10,47,441.53,0.38085,0.008224,0,-0.025062,0.00021774,1.9534,76.242
83,251,10,47,409.04,0.42418,0.003947,0,-0.12728,0.00021774,1.9534,76.242
83,252,20,47,350.44,0.13758,0.013318,0,-0.13126,0.00021774,1.9534,76.242
83,252,20,47,303.56,0.13451,0.013765,0,-0.072535,0.00021774,1.9534,76.242
83,252,20,47,276.79,0.16952,0.021947,0,-0.080799,0.00021774,1.9534,76.242
84,253,15,37,312.39,0.13219,0.033815,0,-0.11792,-0.0055333,0.72021,83.404
84,253,15,37,306.12,0.14406,0.012963,1,-2.1144,-0.0055333,0.72021,83.404
84,253,15,37,291.71,0.1491,0.018701,1,-2.0843,-0.0055333,0.72021,83.404
84,254,10,43,336.85,0.32043,0.033621,0,-0.075636,-0.0055333,0.72021,83.404
84,254,10,43,477.89,0.31683,0.031966,0,-0.11588,-0.0055333,0.72021,83.404
84,254,10,43,360.45,0.36305,0.010465,0,-0.10379,-0.0055333,0.72021,83.404
84,255,10,55,468.17,0.2901,0.025284,0,-0.1533,-0.0055333,0.72021,83.404
84,255,10,55,371.73,0.32633,0.032714,0,-0.1223,-0.0055333,0.72021,83.404
84,255,10,55,383.59,0.3088,0.018939,0,-0.10998,-0.0055333,0.72021,83.404
85,256,15,52,317.84,0.23675,0.019347,0,-0.081766,0.0026373,0.54295,100.42
85,256,15,52,379.12,0.22649,0.018659,0,-0.1117,0.0026373,0.54295,100.42
85,256,15,52,323.69,0.22743,0.014709,0,-0.092957,0.0026373,0.54295,100.42
85,257,20,53,316.19,0.18775,0.030356,0,-0.044106,0.0026373,0.54295,100.42
85,257,20,53,373.77,0.19323,0.021487,0,-0.14001,0.0026373,0.54295,100.42
85,257,20,53,302.69,0.19254,0.012035,0,-0.08441,0.0026373,0.54295,100.42
85,258,15,40,395.29,0.27241,0.020222,0,-0.033564,0.0026373,0.54295,100.42
85,258,15,40,354.6,0.25664,0.02057,0,-0.21117,0.0026373,0.54295,100.42
85,258,15,40,333.96,0.29098,0.016462,0,-0.098621,0.0026373,0.54295,100.42
86,259,10,48,423.79,0.25492,0.012764,0,-0.079767,-0.0069936,0.64929,95.841
86,259,10,48,409.81,0.26109,0.0089826,0,-0.16003,-0.0069936,0.64929,95.841
86,259,10,48,338.14,0.30528,0.021153,0,-0.10177,-0.0069936,0.64929,95.841
86,260,20,58,361.57,0.22112,0.012124,0,-0.12721,-0.0069936,0.64929,95.841
86,260,20,58,365.77,0.20645,0.0090405,1,-2.1184,-0.0069936,0.64929,95.841
86,260,20,58,325.73,0.19308,0.011761,0,-0.090801,-0.0069936,0.64929,95.841
86,261,15,40,276.64,0.14948,0.0075806,0,-0.0087384,-0.0069936,0.64929,95.841
86,261,15,40,280.14,0.14997,0.011336,0,-0.017539,-0.0069936,0.64929,95.841
86,261,15,40,252.11,0.13939,0.0082864,0,-0.06944,-0.0069936,0.64929,95.841
87,262,20,56,309.27,0.20574,0.0049085,0,-0.078737,-0.0028034,0.39241,91.87
87,262,20,56,351.65,0.21004,0.01647,0,-0.049049,-0.0028034,0.39241,91.87
87,262,20,56,289.6,0.21251,0.0088574,0,-0.086722,-0.0028034,0.39241,91.87
87,263,20,40,327.73,0.16455,0.021509,0,-0.048676,-0.0028034,0.39241,91.87
87,263,20,40,300.44,0.15269,0.025563,0,-0.078469,-0.0028034,0.39241,91.87
87,263,20,40,285.61,0.152,0.02659,0,-0.077369,-0.0028034,0.39241,91.87
87,264,10,41,378.42,0.35127,0.005144,0,-0.055679,-0.0028034,0.39241,91.87
87,264,10,41,524.25,0.32076,0.0067277,0,-0.27292,-0.0028034,0.39241,91.87
87,264,10,41,367.34,0.40403,0.013127,0,-0.11224,-0.0028034,0.39241,91.87
88,265,20,39,350.62,0.17395,0.027706,1,-2.1199,0.00010414,0.47708,78.913
88,265,20,39,282.06,0.1617,0.01715,0,-0.058918,0.00010414,0.47708,78.913
88,265,20,39,332.98,0.18576,0.0094913,0,-0.094306,0.00010414,0.47708,78.913
88,266,15,36,317.37,0.3066,0.018334,0,-0.15535,0.00010414,0.47708,78.913
88,266,15,36,354.92,0.2962,0.019917,0,-0.21391,0.00010414,0.47708,78.913
88,266,15,36,334.6,0.35078,0.020963,0,-0.10276,0.00010414,0.47708,78.913
88,267,15,47,430.49,0.32765,0.015139,0,-0.18032,0.00010414,0.47708,78.913
88,267,15,47,408.97,0.34965,0.028021,0,-0.061352,0.00010414,0.47708,78.913
88,267,15,47,357.66,0.3395,0.017002,0,-0.10696,0.00010414,0.47708,78.913
89,268,20,59,426.48,0.26968,0.031073,0,-0.25192,-0.0093634,0.64948,95.868
89,268,20,59,349.15,0.28659,0.02732,0,-0.07424,-0.0093634,0.64948,95.868
89,268,20,59,355.68,0.32099,0.018109,0,-0.11029,-0.0093634,0.64948,95.868
89,269,20,39,322.56,0.13862,0.030527,1,-2.0617,-0.0093634,0.64948,95.868
89,269,20,39,294.09,0.15644,0.027724,1,-2.065,-0.0093634,0.64948,95.868
89,269,20,39,267.91,0.15404,0.021601,0,-0.076657,-0.0093634,0.64948,95.868
89,270,15,42,395.55,0.32285,0.017701,0,-0.18003,-0.0093634,0.64948,95.868
89,270,15,42,400.89,0.29106,0.028873,0,-0.24709,-0.0093634,0.64948,95.868
89,270,15,42,320.59,0.29787,0.028937,0,-0.095937,-0.0093634,0.64948,95.868
90,271,20,54,355.81,0.22037,0.013912,0,-0.17896,0.0062302,0.15329,86.189
90,271,20,54,358.75,0.24365,0.014267,0,-0.17607,0.0062302,0.15329,86.189
90,271,20,54,325.4,0.2416,0.011787,0,-0.089948,0.0062302,0.15329,86.189
90,272,10,43,301.6,0.16846,0.0060042,0,-0.082524,0.0062302,0.15329,86.189
90,272,10,43,332.52,0.15747,0.0099966,0,-0.058368,0.0062302,0.15329,86.189
90,272,10,43,311.4,0.16458,0.0026599,0,-0.084932,0.0062302,0.15329,86.189
90,273,10,35,343.97,0.19384,0.025797,0,-0.079058,0.0062302,0.15329,86.189
90,273,10,35,372.04,0.23585,0.026505,0,-0.18088,0.0062302,0.15329,86.189
90,273,10,35,343.25,0.22525,0.026607,0,-0.09936,0.0062302,0.15329,86.189
91,274,15,60,449.58,0.24953,0.016446,0,-0.23064,-0.01141,0.042776,117.21
91,274,15,60,409.94,0.28373,0.013215,0,-0.02663,-0.01141,0.042776,117.21
91,274,15,60,396.47,0.29513,0.014381,0,-0.11192,-0.01141,0.042776,117.21
91,275,10,58,525.63,0.3111,0.016053,0,-0.28521,-0.01141,0.042776,117.21
91,275,10,58,365.05,0.34612,0.013821,0,-0.11517,-0.01141,0.042776,117.21
91,275,10,58,370.08,0.36625,0.010465,0,-0.10825,-0.01141,0.042776,117.21
91,276,15,55,333.87,0.24602,0.0083541,0,-0.10316,-0.01141,0.042776,117.21
91,276,15,55,383.76,0.2315,0.018133,0,-0.027432,-0.01141,0.042776,117.21
91,276,15,55,342.22,0.24091,0.003887,0,-0.095048,-0.01141,0.042776,117.21
92,277,10,45,484.98,0.27775,0.021282,0,-0.23856,-0.0011746,0.40024,79.848
92,277,10,45,457.78,0.3125,0.029976,0,-0.30519,-0.0011746,0.40024,79.848
92,277,10,45,360.56,0.32082,0.042136,0,-0.10169,-0.0011746,0.40024,79.848
92,278,15,51,393.75,0.26918,0.019976,0,-0.023848,-0.0011746,0.40024,79.848
92,278,15,51,398.93,0.26147,0.01246,0,-0.032346,-0.0011746,0.40024,79.848
92,278,15,51,355.65,0.28718,0.015276,0,-0.10211,-0.0011746,0.40024,79.848
92,279,15,31,292.01,0.24567,0.0072421,0,-0.06609,-0.0011746,0.40024,79.848
92,279,15,31,396.99,0.2049,0.0089195,1,-2.1998,-0.0011746,0.40024,79.848
92,279,15,31,291.3,0.24426,0.010351,0,-0.090547,-0.0011746,0.40024,79.848
93,280,15,60,454.36,0.37642,0.019921,0,-0.053441,-0.0053191,0.0088641,100.35
93,280,15,60,511.61,0.37407,0.014431,0,-0.3588,-0.0053191,0.0088641,100.35
93,280,15,60,387.21,0.4194,0.013346,0,-0.12348,-0.0053191,0.0088641,100.35
93,281,15,43,295.88,0.20943,0.0091187,0,-0.045584,-0.0053191,0.0088641,100.35
93,281,15,43,386.26,0.21266,0.0071075,0,-0.071778,-0.0053191,0.0088641,100.35
93,281,15,43,352.61,0.25449,0.011081,0,-0.10282,-0.0053191,0.0088641,100.35
93,282,20,49,444.95,0.25331,0.018192,0,-0.15107,-0.0053191,0.0088641,100.35
93,282,20,49,386.77,0.27852,0.019028,0,-0.15546,-0.0053191,0.0088641,100.35
93,282,20,49,361.16,0.25448,0.026444,0,-0.10976,-0.0053191,0.0088641,100.35
94,283,10,53,375.86,0.32066,0.011861,0,-0.081396,0.0031674,8.1375,78.818
94,283,10,53,489.36,0.29914,0.014783,0,-0.12846,0.0031674,8.1375,78.818
94,283,10,53,418.81,0.31664,0.014726,0,-0.12319,0.0031674,8.1375,78.818
94,284,10,49,356.29,0.17609,0.011707,0,-0.068518,0.0031674,8.1375,78.818
94,284,10,49,322.37,0.19269,0.017424,0,-0.12374,0.0031674,8.1375,78.818
94,284,10,49,289.71,0.20087,0.0066552,0,-0.085807,0.0031674,8.1375,78.818
94,285,20,31,290.58,0.099937,0.035906,3,-6.082,0.0031674,8.1375,78.818
94,285,20,31,300.24,0.11072,0.024661,1,-2.0547,0.0031674,8.1375,78.818
94,285,20,31,280.62,0.11069,0.020528,3,-6.0749,0.0031674,8.1375,78.818
95,286,10,43,492.57,0.3729,0.0076332,0,-0.25782,0.0001224,0.0058996,87.761
95,286,10,43,415.39,0.38561,0.004999,0,-0.24634,0.0001224,0.0058996,87.761
95,286,10,43,381.69,0.40821,0.0076,0,-0.12419,0.0001224,0.0058996,87.761
95,287,20,56,410.23,0.21954,0.0093909,0,-0.1948,0.0001224,0.0058996,87.761
95,287,20,56,304.17,0.23049,0.014682,0,-0.14773,0.0001224,0.0058996,87.761
95,287,20,56,332.82,0.26873,0.020386,0,-0.1014,0.0001224,0.0058996,87.761
95,288,10,52,467.62,0.3781,0.0046477,0,-0.169,0.0001224,0.0058996,87.761
95,288,10,52,433.53,0.34216,0.0021684,0,-0.0074668,0.0001224,0.0058996,87.761
95,288,10,52,395.77,0.35897,0.0078561,0,-0.11845,0.0001224,0.0058996,87.761
96,289,15,56,325.59,0.22195,0.031986,0,-0.038015,-0.0055658,0.0021026,82.541
96,289,15,56,376.6,0.25111,0.019388,0,-0.15764,-0.0055658,0.0021026,82.541
96,289,15,56,376.48,0.25568,0.025289,0,-0.11113,-0.0055658,0.0021026,82.541
96,290,10,42,297.46,0.18993,0.016613,0,-0.063356,-0.0055658,0.0021026,82.541
96,290,10,42,319.97,0.18703,0.015006,0,-0.094609,-0.0055658,0.0021026,82.541
96,290,10,42,317.91,0.19552,0.020224,0,-0.092798,-0.0055658,0.0021026,82.541
96,291,10,35,396.29,0.28064,0.032921,0,-0.17167,-0.0055658,0.0021026,82.541
96,291,10,35,403.58,0.25764,0.012029,0,-0.22002,-0.0055658,0.0021026,82.541
96,291,10,35,334.53,0.30397,0.0041691,0,-0.10216,-0.0055658,0.0021026,82.541
97,292,20,52,313.93,0.20227,0.01978,0,-0.054185,-0.0065795,0.4164,96.813
97,292,20,52,361.18,0.21062,0.011825,1,-2.1225,-0.0065795,0.4164,96.813
97,292,20,52,328.07,0.228,0.022821,0,-0.093725,-0.0065795,0.4164,96.813
97,293,10,51,448.12,0.28913,0.028414,0,-0.25528,-0.0065795,0.4164,96.813
97,293,10,51,447.46,0.27896,0.024145,0,-0.21844,-0.0065795,0.4164,96.813
97,293,10,51,348,0.30433,0.013622,0,-0.1095,-0.0065795,0.4164,96.813
97,294,10,50,442.57,0.3441,0.01843,0,-0.2788,-0.0065795,0.4164,96.813
97,294,10,50,522.5,0.36403,0.0097305,0,-0.33787,-0.0065795,0.4164,96.813
97,294,10,50,409.95,0.33769,0.019133,0,-0.12069,-0.0065795,0.4164,96.813
98,295,10,34,436.6,0.25459,0.012705,0,-0.24898,-0.0071804,0.0005073,61.591
98,295,10,34,460.98,0.24595,0.0057408,0,-0.22539,-0.0071804,0.0005073,61.591
98,295,10,34,346.2,0.2783,0.040518,0,-0.094084,-0.0071804,0.0005073,61.591
98,296,10,50,518.49,0.31529,0.012113,0,-0.28451,-0.0071804,0.0005073,61.591
98,296,10,50,441.44,0.36321,0.016437,0,-0.2699,-0.0071804,0.0005073,61.591
98,296,10,50,372.8,0.36265,0.021334,0,-0.10878,-0.0071804,0.0005073,61.591
98,297,10,32,338.64,0.33758,0.0097048,0,-0.070465,-0.0071804,0.0005073,61.591
98,297,10,32,360.31,0.32147,0.0013825,0,-0.060972,-0.0071804,0.0005073,61.591
98,297,10,32,351.28,0.3094,0.011955,0,-0.098657,-0.0071804,0.0005073,61.591
99,298,15,46,435.36,0.26477,0.018504,0,-0.23438,-0.025445,0.39991,94.808
99,298,15,46,312.97,0.26297,0.02043,0,-0.0649,-0.025445,0.39991,94.808
99,298,15,46,319.11,0.26937,0.015076,0,-0.099993,-0.025445,0.39991,94.808
99,299,20,52,340.38,0.22759,0.021247,0,-0.17525,-0.025445,0.39991,94.808
99,299,20,52,369.36,0.21613,0.020709,1,-2.1554,-0.025445,0.39991,94.808
99,299,20,52,324.09,0.24734,0.019071,0,-0.093126,-0.025445,0.39991,94.808
99,300,10,50,525.78,0.3054,0.012234,0,-0.084675,-0.025445,0.39991,94.808
99,300,10,50,522.87,0.27457,0.012284,0,-0.25484,-0.025445,0.39991,94.808
99,300,10,50,354.01,0.3098,0.021291,0,-0.10484,-0.025445,0.39991,94.808
100,301,10,42,371.67,0.26176,0.021834,0,-0.077387,-0.0060999,0.013195,86.473
100,301,10,42,358.41,0.26462,0.014312,0,-0.055301,-0.0060999,0.013195,86.473
100,301,10,42,288.24,0.23331,0.027933,0,-0.07959,-0.0060999,0.013195,86.473
100,302,20,53,385.19,0.19333,0.015011,0,-0.068357,-0.0060999,0.013195,86.473
100,302,20,53,444.1,0.16812,0.0046181,0,-0.058044,-0.0060999,0.013195,86.473
100,302,20,53,306.93,0.20413,0.013844,0,-0.08897,-0.0060999,0.013195,86.473
100,303,15,36,361.16,0.23027,0.013248,0,-0.16861,-0.0060999,0.013195,86.473
100,303,15,36,334.02,0.25829,0.015177,0,-0.065175,-0.0060999,0.013195,86.473
100,303,15,36,368.54,0.29769,0.019147,0,-0.11576,-0.0060999,0.013195,86.473
101,304,20,47,321.8,0.27233,0.019827,0,-0.073826,-0.012088,1.1092,82.361
101,304,20,47,320.69,0.24218,0.015065,0,-0.08905,-0.012088,1.1092,82.361
101,304,20,47,332.96,0.2655,0.024316,0,-0.10424,-0.012088,1.1092,82.361
101,305,10,52,432.58,0.61862,0.017044,0,-0.14294,-0.012088,1.1092,82.361
101,305,10,52,461.73,0.57809,0.020758,0,-0.13088,-0.012088,1.1092,82.361
101,305,10,52,457.04,0.62921,0.018661,0,-0.13066,-0.012088,1.1092,82.361
101,306,20,31,264.92,0.16598,0.02072,1,-2.0992,-0.012088,1.1092,82.361
101,306,20,31,317.83,0.14223,0.027529,1,-2.1301,-0.012088,1.1092,82.361
101,306,20,31,268.59,0.17275,0.023603,1,-2.077,-0.012088,1.1092,82.361
102,307,20,49,385.13,0.21419,0.016122,0,-0.18269,-0.0055803,1.0995,91.187
102,307,20,49,325.81,0.18616,0.014943,0,-0.019361,-0.0055803,1.0995,91.187
102,307,20,49,308.75,0.2175,0.015302,0,-0.089831,-0.0055803,1.0995,91.187
102,308,15,51,357.84,0.25703,0.011164,0,-0.014161,-0.0055803,1.0995,91.187
102,308,15,51,392.27,0.24507,0.009278,0,-0.15873,-0.0055803,1.0995,91.187
102,308,15,51,341.62,0.26049,0.023933,0,-0.10081,-0.0055803,1.0995,91.187
102,309,15,37,336.12,0.16541,0.014972,1,-2.028,-0.0055803,1.0995,91.187
102,309,15,37,324.15,0.15554,0.0065043,1,-2.0419,-0.0055803,1.0995,91.187
102,309,15,37,287,0.16156,0.018618,1,-2.0804,-0.0055803,1.0995,91.187
103,310,10,46,463.55,0.3191,0.0046604,0,-0.2237,-0.020303,0.03144,63.781
103,310,10,46,336.52,0.36719,0.01348,0,-0.11423,-0.020303,0.03144,63.781
103,310,10,46,362.92,0.32885,0.013127,0,-0.10982,-0.020303,0.03144,63.781
103,311,15,34,347.29,0.23642,0.018572,0,-0.036091,-0.020303,0.03144,63.781
103,311,15,34,424.93,0.28773,0.020773,0,-0.19063,-0.020303,0.03144,63.781
103,311,15,34,333.63,0.27623,0.024839,0,-0.095215,-0.020303,0.03144,63.781
103,312,10,47,379.87,0.2801,0.0040886,0,-0.038886,-0.020303,0.03144,63.781
103,312,10,47,326.87,0.29953,0.0057369,0,-0.069379,-0.020303,0.03144,63.781
103,312,10,47,337.85,0.29002,0.0031762,0,-0.10464,-0.020303,0.03144,63.781
104,313,10,49,403.27,0.22587,0.024838,0,-0.12774,0.016327,0.091442,103.61
104,313,10,49,376.97,0.19895,0.011596,0,-0.17828,0.016327,0.091442,103.61
104,313,10,49,388.75,0.23133,0.01108,0,-0.11598,0.016327,0.091442,103.61
104,314,15,58,362.75,0.16786,0.023171,0,-0.13019,0.016327,0.091442,103.61
104,314,15,58,326.57,0.1801,0.0065334,0,-0.11534,0.016327,0.091442,103.61
104,314,15,58,315.3,0.1836,0.015662,0,-0.090988,0.016327,0.091442,103.61
104,315,15,54,350.32,0.26512,0.0086038,0,-0.09112,0.016327,0.091442,103.61
104,315,15,54,333.83,0.28156,0.012603,0,-0.083854,0.016327,0.091442,103.61
104,315,15,54,332.29,0.26214,0.018757,0,-0.10206,0.016327,0.091442,103.61
105,316,10,60,421.74,0.1695,0.0082457,0,-0.13911,-0.011029,0.07908,103.48
105,316,10,60,379.61,0.17893,0.023654,0,-0.06684,-0.011029,0.07908,103.48
105,316,10,60,334.19,0.19498,0.012113,0,-0.094204,-0.011029,0.07908,103.48
105,317,10,58,395.21,0.27086,0.0066302,0,-0.14707,-0.011029,0.07908,103.48
105,317,10,58,484.1,0.23095,0.0066626,0,-0.2254,-0.011029,0.07908,103.48
105,317,10,58,365.05,0.28132,0.0045644,0,-0.10952,-0.011029,0.07908,103.48
105,318,10,59,416.5,0.25508,0.023233,0,-0.188,-0.011029,0.07908,103.48
105,318,10,59,358.87,0.24822,0.01292,0,-0.095653,-0.011029,0.07908,103.48
105,318,10,59,338.66,0.246,0.011838,0,-0.10061,-0.011029,0.07908,103.48
106,319,20,36,386.12,0.28909,0.034984,1,-2.2365,0.0072438,2.6799,83.186
106,319,20,36,416.02,0.32071,0.0072644,1,-2.1866,0.0072438,2.6799,83.186
106,319,20,36,331.64,0.34166,0.018662,2,-4.0911,0.0072438,2.6799,83.186
106,320,10,55,445.95,0.3483,0.01875,0,-0.084728,0.0072438,2.6799,83.186
106,320,10,55,406.44,0.34359,0.01535,0,-0.053407,0.0072438,2.6799,83.186
106,320,10,55,402.88,0.34579,0.01562,0,-0.12399,0.0072438,2.6799,83.186
106,321,15,50,319.92,0.19264,0.015455,0,-0.13544,0.0072438,2.6799,83.186
106,321,15,50,449.34,0.18765,0.0072471,0,-0.17316,0.0072438,2.6799,83.186
106,321,15,50,301.88,0.16966,0.0080115,1,-2.0847,0.0072438,2.6799,83.186
107,322,10,39,397.81,0.29647,0.012959,0,-0.071044,0.0014098,0.086864,68.169
107,322,10,39,349.08,0.2819,0.01415,0,-0.12654,0.0014098,0.086864,68.169
107,322,10,39,357.01,0.29937,0.013994,0,-0.10983,0.0014098,0.086864,68.169
107,323,20,38,352.06,0.20993,0.012833,0,-0.11592,0.0014098,0.086864,68.169
107,323,20,38,326.23,0.17939,0.027233,0,-0.03914,0.0014098,0.086864,68.169
107,323,20,38,360.68,0.21458,0.012843,0,-0.09806,0.0014098,0.086864,68.169
107,324,15,37,315.23,0.14707,0.021305,0,-0.11588,0.0014098,0.086864,68.169
107,324,15,37,285.99,0.12321,0.011332,0,-0.075856,0.0014098,0.086864,68.169
107,324,15,37,296.36,0.16557,0.031323,0,-0.083812,0.0014098,0.086864,68.169
108,325,10,44,412.68,0.24524,0.026407,0,-0.12897,0.0009396,0.077895,73.692
108,325,10,44,376.1,0.19796,0.032879,0,-0.15996,0.0009396,0.077895,73.692
108,325,10,44,323.37,0.24556,0.035918,0,-0.097421,0.0009396,0.077895,73.692
108,326,10,31,444.45,0.34217,0.011085,0,-0.25162,0.0009396,0.077895,73.692
108,326,10,31,319.37,0.35859,0.013797,0,-0.096573,0.0009396,0.077895,73.692
108,326,10,31,383,0.35291,0.020676,0,-0.12073,0.0009396,0.077895,73.692
108,327,15,49,344.9,0.12192,0.0097859,0,-0.12,0.0009396,0.077895,73.692
108,327,15,49,304.06,0.14029,0.0096746,0,-0.070977,0.0009396,0.077895,73.692
108,327,15,49,287.82,0.14343,0.012714,0,-0.080877,0.0009396,0.077895,73.692
109,328,10,58,382.88,0.32352,0.023793,0,-0.05831,-0.0012466,7.6797,85.689
109,328,10,58,504.17,0.30463,0.03363,0,-0.1533,-0.0012466,7.6797,85.689
109,328,10,58,488.98,0.32623,0.032549,0,-0.13805,-0.0012466,7.6797,85.689
109,329,20,37,268.87,0.2488,0.012652,3,-6.0775,-0.0012466,7.6797,85.689
109,329,20,37,302.06,0.2533,0.028033,3,-6.1263,-0.0012466,7.6797,85.689
109,329,20,37,314.07,0.27557,0.016882,1,-2.0933,-0.0012466,7.6797,85.689
109,330,15,60,480.18,0.36836,0.006809,0,-0.022305,-0.0012466,7.6797,85.689
109,330,15,60,420.65,0.34567,0.01096,0,-0.056023,-0.0012466,7.6797,85.689
109,330,15,60,369.26,0.37734,0.0069585,0,-0.11286,-0.0012466,7.6797,85.689
110,331,10,40,499.86,0.48929,0.008135,0,-0.37755,-0.020545,0.028961,73.009
110,331,10,40,454.91,0.42927,0.0088237,0,-0.13944,-0.020545,0.028961,73.009
110,331,10,40,371.82,0.50335,0.0076427,0,-0.1142,-0.020545,0.028961,73.009
110,332,15,34,431.11,0.28795,0.016525,0,-0.22515,-0.020545,0.028961,73.009
110,332,15,34,344.55,0.3038,0.016212,0,-0.072806,-0.020545,0.028961,73.009
110,332,15,34,372.36,0.29167,0.012614,0,-0.10729,-0.020545,0.028961,73.009
110,333,10,58,432.67,0.24322,0.023138,0,-0.064205,-0.020545,0.028961,73.009
110,333,10,58,351.71,0.2354,0.021203,0,-0.097811,-0.020545,0.028961,73.009
110,333,10,58,318.29,0.22489,0.014942,0,-0.090571,-0.020545,0.028961,73.009
111,334,15,43,371.85,0.2052,0.027225,0,-0.20063,0.002304,0.046659,85.131
111,334,15,43,293.73,0.2279,0.011394,0,-0.13318,0.002304,0.046659,85.131
111,334,15,43,276.22,0.21753,0.011186,0,-0.079893,0.002304,0.046659,85.131
111,335,10,40,478.6,0.26883,0.03136,0,-0.25313,0.002304,0.046659,85.131
111,335,10,40,323.04,0.30991,0.013485,0,-0.11919,0.002304,0.046659,85.131
111,335,10,40,319.03,0.30115,0.014887,0,-0.09604,0.002304,0.046659,85.131
111,336,15,59,346.91,0.26823,0.012251,0,-0.099788,0.002304,0.046659,85.131
111,336,15,59,430.2,0.28897,0.013156,0,-0.11105,0.002304,0.046659,85.131
111,336,15,59,375.87,0.30404,0.011958,0,-0.10543,0.002304,0.046659,85.131
112,337,10,30,335.76,0.37589,0.0088587,0,-0.092109,-0.0069528,0.035476,68.148
112,337,10,30,445.77,0.3228,0.008066,0,-0.2836,-0.0069528,0.035476,68.148
112,337,10,30,417.9,0.3988,0.017874,0,-0.1256,-0.0069528,0.035476,68.148
112,338,15,53,442.28,0.20526,0.019493,0,-0.17065,-0.0069528,0.035476,68.148
112,338,15,53,401.98,0.18833,0.0097322,0,-0.16923,-0.0069528,0.035476,68.148
112,338,15,53,328.75,0.21388,0.036996,0,-0.093324,-0.0069528,0.035476,68.148
112,339,10,39,314.38,0.23765,0.0059679,0,-0.10008,-0.0069528,0.035476,68.148
112,339,10,39,429.74,0.22482,0.0081782,0,-0.093054,-0.0069528,0.035476,68.148
112,339,10,39,328.24,0.24035,0.0082618,0,-0.093733,-0.0069528,0.035476,68.148
113,340,10,55,405.1,0.27616,0.011288,0,-0.01992,0.0061767,1.8777,91.929
113,340,10,55,409.77,0.28297,0.013085,0,-0.071453,0.0061767,1.8777,91.929
113,340,10,55,367.05,0.29158,0.014956,0,-0.10482,0.0061767,1.8777,91.929
113,341,20,48,359.32,0.18703,0.011946,1,-2.0966,0.0061767,1.8777,91.929
113,341,20,48,361.19,0.15279,0.006613,1,-2.0795,0.0061767,1.8777,91.929
113,341,20,48,289.19,0.19038,0.021039,1,-2.0823,0.0061767,1.8777,91.929
113,342,20,48,381.72,0.26647,0.021599,1,-2.1023,0.0061767,1.8777,91.929
113,342,20,48,379.35,0.23744,0.015761,1,-2.163,0.0061767,1.8777,91.929
113,342,20,48,321.15,0.25484,0.026852,0,-0.089785,0.0061767,1.8777,91.929
114,343,10,54,413.64,0.44904,0.01069,0,-0.053123,-0.010841,0.0062015,81.063
114,343,10,54,449.59,0.47089,0.011239,0,-0.072973,-0.010841,0.0062015,81.063
114,343,10,54,370.21,0.48815,0.012274,0,-0.10718,-0.010841,0.0062015,81.063
114,344,10,51,338.09,0.22984,0.014815,0,-0.042901,-0.010841,0.0062015,81.063
114,344,10,51,410.51,0.21007,0.015128,0,-0.13641,-0.010841,0.0062015,81.063
114,344,10,51,382.99,0.24458,0.02342,0,-0.10757,-0.010841,0.0062015,81.063
114,345,10,50,392.76,0.33515,0.013625,0,-0.051529,-0.010841,0.0062015,81.063
114,345,10,50,408.08,0.3138,0.0068081,0,-0.12163,-0.010841,0.0062015,81.063
114,345,10,50,356.43,0.34476,0.008322,0,-0.10695,-0.010841,0.0062015,81.063
115,346,15,37,314.28,0.24507,0.019696,0,-0.089097,-0.018953,0.025087,66.383
115,346,15,37,378.1,0.26705,0.016742,0,-0.067705,-0.018953,0.025087,66.383
115,346,15,37,339.13,0.28116,0.018434,0,-0.099891,-0.018953,0.025087,66.383
115,347,20,38,318.76,0.11963,0.015077,0,-0.10253,-0.018953,0.025087,66.383
115,347,20,38,318.56,0.11204,0.017822,0,-0.10271,-0.018953,0.025087,66.383
115,347,20,38,274.4,0.12682,0.033888,0,-0.076834,-0.018953,0.025087,66.383
115,348,10,36,403.73,0.36206,0.010961,0,-0.04605,-0.018953,0.025087,66.383
115,348,10,36,467.5,0.32839,0.010771,0,-0.26982,-0.018953,0.025087,66.383
115,348,10,36,325.5,0.33073,0.010701,0,-0.093627,-0.018953,0.025087,66.383
116,349,20,41,350.89,0.14212,0.010705,0,-0.13945,-0.022687,0.014479,93.717
116,349,20,41,337.18,0.15013,0.030019,0,-0.11665,-0.022687,0.014479,93.717
116,349,20,41,300.83,0.16801,0.02355,0,-0.086019,-0.022687,0.014479,93.717
116,350,15,57,438.24,0.31467,0.010081,0,-0.063005,-0.022687,0.014479,93.717
116,350,15,57,444.87,0.29902,0.018808,0,-0.13904,-0.022687,0.014479,93.717
116,350,15,57,362.9,0.32394,0.017768,0,-0.12002,-0.022687,0.014479,93.717
116,351,15,50,344.47,0.3209,0.00918,0,-0.1047,-0.022687,0.014479,93.717
116,351,15,50,470.35,0.29509,0.010857,0,-0.2444,-0.022687,0.014479,93.717
116,351,15,50,329.08,0.31244,0.0081211,0,-0.098627,-0.022687,0.014479,93.717
117,352,10,38,393.33,0.23317,0.016144,0,-0.16834,-0.002654,2.4662,79.068
117,352,10,38,348.16,0.22187,0.0084439,0,-0.056628,-0.002654,2.4662,79.068
117,352,10,38,330.7,0.28409,0.0098159,0,-0.096459,-0.002654,2.4662,79.068
117,353,10,54,486.83,0.47384,0.0028011,0,-0.019286,-0.002654,2.4662,79.068
117,353,10,54,502.75,0.47377,0.0053236,0,-0.28445,-0.002654,2.4662,79.068
117,353,10,54,438.95,0.5002,0.00529,0,-0.1452,-0.002654,2.4662,79.068
117,354,20,49,407.56,0.16274,0.021677,1,-2.0766,-0.002654,2.4662,79.068
117,354,20,49,385.64,0.15426,0.0096789,2,-4.1073,-0.002654,2.4662,79.068
117,354,20,49,288.91,0.16713,0.014599,1,-2.0854,-0.002654,2.4662,79.068
118,355,15,36,321.46,0.15167,0.024344,0,-0.074593,0.0016298,0.020422,66.882
118,355,15,36,314.42,0.16499,0.021827,0,-0.10517,0.0016298,0.020422,66.882
118,355,15,36,287.2,0.18079,0.035739,0,-0.084073,0.0016298,0.020422,66.882
118,356,10,38,446.25,0.35203,0.018816,0,-0.04857,0.0016298,0.020422,66.882
118,356,10,38,410.86,0.35649,0.0056684,0,-0.076575,0.0016298,0.020422,66.882
118,356,10,38,354.19,0.4286,0.0064868,0,-0.10411,0.0016298,0.020422,66.882
118,357,15,38,354.78,0.19856,0.012881,0,-0.16013,0.0016298,0.020422,66.882
118,357,15,38,368.62,0.19562,0.0086495,0,-0.15708,0.0016298,0.020422,66.882
118,357,15,38,304.35,0.22566,0.0064907,0,-0.088223,0.0016298,0.020422,66.882
119,358,20,48,290.91,0.23453,0.015556,0,-0.075026,0.007105,0.40684,101.79
119,358,20,48,345.82,0.21729,0.02375,0,-0.16758,0.007105,0.40684,101.79
119,358,20,48,324.31,0.23207,0.016437,0,-0.090319,0.007105,0.40684,101.79
119,359,15,43,329.89,0.26587,0.018196,0,-0.032598,0.007105,0.40684,101.79
119,359,15,43,400.07,0.25591,0.024575,0,-0.12815,0.007105,0.40684,101.79
119,359,15,43,320.27,0.26563,0.016307,0,-0.088404,0.007105,0.40684,101.79
119,360,20,58,423.46,0.2673,0.022394,0,-0.16768,0.007105,0.40684,101.79
119,360,20,58,409.05,0.2769,0.026788,1,-2.1479,0.007105,0.40684,101.79
119,360,20,58,343.83,0.28469,0.017804,0,-0.1021,0.007105,0.40684,101.79
120,361,20,41,361.95,0.23367,0.022593,0,-0.089558,0.000824,2.8727,81.456
120,361,20,41,409.71,0.22904,0.014066,0,-0.15432,0.000824,2.8727,81.456
120,361,20,41,403.92,0.26121,0.023831,1,-2.119,0.000824,2.8727,81.456
120,362,20,34,311.14,0.22052,0.026223,1,-2.0881,0.000824,2.8727,81.456
120,362,20,34,298.08,0.1875,0.039851,2,-4.073,0.000824,2.8727,81.456
120,362,20,34,293.72,0.2278,0.020991,1,-2.0816,0.000824,2.8727,81.456
120,363,10,59,414.09,0.26199,0.0062858,0,-0.073855,0.000824,2.8727,81.456
120,363,10,59,347.2,0.27386,0.0066052,0,-0.056019,0.000824,2.8727,81.456
120,363,10,59,390.78,0.23731,0.0030859,0,-0.11526,0.000824,2.8727,81.456
121,364,15,31,321.14,0.14603,0.021448,0,-0.028365,-0.0034632,0.37358,63.414
121,364,15,31,376.32,0.1671,0.022444,1,-2.1646,-0.0034632,0.37358,63.414
121,364,15,31,300.34,0.16389,0.012944,0,-0.083286,-0.0034632,0.37358,63.414
121,365,10,53,391.37,0.33732,0.0078491,0,-0.10619,-0.0034632,0.37358,63.414
121,365,10,53,440.79,0.3032,0.0042475,0,-0.078349,-0.0034632,0.37358,63.414
121,365,10,53,364.77,0.31678,0.010491,0,-0.098856,-0.0034632,0.37358,63.414
121,366,10,34,360.41,0.21887,0.052331,0,-0.18739,-0.0034632,0.37358,63.414
121,366,10,34,423.24,0.21631,0.0053179,0,-0.1855,-0.0034632,0.37358,63.414
121,366,10,34,301.94,0.2298,0.046075,0,-0.086216,-0.0034632,0.37358,63.414
122,367,20,41,364.45,0.19841,0.02618,0,-0.03801,-0.0048347,0.066445,95.048
122,367,20,41,388.33,0.19622,0.0091418,0,-0.041406,-0.0048347,0.066445,95.048
122,367,20,41,336.26,0.20745,0.020418,0,-0.094815,-0.0048347,0.066445,95.048
122,368,20,40,355.12,0.20806,0.014075,0,-0.15075,-0.0048347,0.066445,95.048
122,368,20,40,392.48,0.18427,0.016023,0,-0.1765,-0.0048347,0.066445,95.048
122,368,20,40,326.37,0.23476,0.016335,0,-0.096473,-0.0048347,0.066445,95.048
122,369,20,54,453.53,0.36349,0.021757,0,-0.066074,-0.0048347,0.066445,95.048
122,369,20,54,513.28,0.40169,0.019215,0,-0.027496,-0.0048347,0.066445,95.048
122,369,20,54,376,0.38239,0.02081,0,-0.12279,-0.0048347,0.066445,95.048
123,370,15,55,541.87,0.34079,0.010505,0,-0.32873,-0.0069868,4.8686,87.482
123,370,15,55,443.48,0.37121,0.014251,0,-0.1336,-0.0069868,4.8686,87.482
123,370,15,55,415.33,0.37138,0.0054032,0,-0.1199,-0.0069868,4.8686,87.482
123,371,20,40,378.24,0.25029,0.021519,2,-4.1507,-0.0069868,4.8686,87.482
123,371,20,40,385.81,0.23146,0.0085227,2,-4.047,-0.0069868,4.8686,87.482
123,371,20,40,322.71,0.23138,0.015054,2,-4.0903,-0.0069868,4.8686,87.482
123,372,15,51,382.99,0.32856,0.012052,0,-0.052927,-0.0069868,4.8686,87.482
123,372,15,51,397.51,0.35154,0.010875,0,-0.092019,-0.0069868,4.8686,87.482
123,372,15,51,334.21,0.3366,0.015398,0,-0.10488,-0.0069868,4.8686,87.482
124,373,15,59,351.28,0.17115,0.021402,0,-0.042399,-0.013378,0.99673,98.893
124,373,15,59,342.65,0.18743,0.01089,0,-0.10448,-0.013378,0.99673,98.893
124,373,15,59,313,0.17108,0.031399,0,-0.088549,-0.013378,0.99673,98.893
124,374,20,33,360.52,0.17543,0.016584,1,-2.1424,-0.013378,0.99673,98.893
124,374,20,33,361.67,0.21115,0.013043,1,-2.0991,-0.013378,0.99673,98.893
124,374,20,33,367.74,0.17976,0.032702,1,-2.1052,-0.013378,0.99673,98.893
124,375,10,58,368.86,0.23348,0.0076955,0,-0.061617,-0.013378,0.99673,98.893
124,375,10,58,436.39,0.19986,0.0093104,0,-0.15002,-0.013378,0.99673,98.893
124,375,10,58,354.71,0.20662,0.011599,0,-0.10237,-0.013378,0.99673,98.893
125,376,15,44,330.84,0.23094,0.010396,0,-0.049906,-0.014437,0.41455,87.625
125,376,15,44,307.77,0.22835,0.023978,0,-0.082181,-0.014437,0.41455,87.625
125,376,15,44,300.34,0.22414,0.031287,0,-0.086154,-0.014437,0.41455,87.625
125,377,20,39,286.08,0.18578,0.01437,1,-2.0337,-0.014437,0.41455,87.625
125,377,20,39,392.86,0.17865,0.016544,0,-0.1365,-0.014437,0.41455,87.625
125,377,20,39,304.11,0.20113,0.019281,0,-0.087152,-0.014437,0.41455,87.625
125,378,15,47,308.83,0.25079,0.017633,0,-0.042325,-0.014437,0.41455,87.625
125,378,15,47,457.5,0.26774,0.035658,0,-0.22947,-0.014437,0.41455,87.625
125,378,15,47,317.84,0.26621,0.022426,0,-0.091278,-0.014437,0.41455,87.625
126,379,20,49,303.25,0.16089,0.027497,1,-2.0303,-0.011842,0.42128,94.673
126,379,20,49,346.47,0.17767,0.020924,0,-0.14459,-0.011842,0.42128,94.673
126,379,20,49,328.75,0.18574,0.026416,0,-0.091585,-0.011842,0.42128,94.673
126,380,15,36,301.47,0.17364,0.025083,0,-0.026285,-0.011842,0.42128,94.673
126,380,15,36,389.2,0.19227,0.02878,0,-0.033705,-0.011842,0.42128,94.673
126,380,15,36,321.66,0.20751,0.022369,0,-0.089996,-0.011842,0.42128,94.673
126,381,20,55,428.52,0.27923,0.0075863,0,-0.16707,-0.011842,0.42128,94.673
126,381,20,55,403.13,0.2569,0.011304,0,-0.041703,-0.011842,0.42128,94.673
126,381,20,55,357.76,0.27247,0.010149,0,-0.10142,-0.011842,0.42128,94.673
127,382,10,38,344.95,0.22107,0.0044432,0,-0.039703,0.00034388,0.14948,59.036
127,382,10,38,439.02,0.22706,0.015066,0,-0.21012,0.00034388,0.14948,59.036
127,382,10,38,316.7,0.24917,0.04285,0,-0.090448,0.00034388,0.14948,59.036
127,383,10,31,408.33,0.21708,0.0054379,0,-0.18342,0.00034388,0.14948,59.036
127,383,10,31,330.78,0.21882,0.0068596,0,-0.036498,0.00034388,0.14948,59.036
127,383,10,31,342.66,0.21143,0.01434,0,-0.10055,0.00034388,0.14948,59.036
127,384,10,43,349.55,0.27681,0.0098841,0,-0.060603,0.00034388,0.14948,59.036
127,384,10,43,313.99,0.30182,0.011825,0,-0.09131,0.00034388,0.14948,59.036
127,384,10,43,334.97,0.24705,0.018868,0,-0.10748,0.00034388,0.14948,59.036
128,385,20,40,323.29,0.21481,0.029872,0,-0.044062,-0.0028165,0.72263,76.368
128,385,20,40,397.45,0.18339,0.054388,1,-2.1684,-0.0028165,0.72263,76.368
128,385,20,40,371.28,0.23111,0.030966,1,-2.1043,-0.0028165,0.72263,76.368
128,386,15,37,346.67,0.20429,0.0067449,0,-0.022631,-0.0028165,0.72263,76.368
128,386,15,37,331.79,0.21014,0.019785,0,-0.069895,-0.0028165,0.72263,76.368
128,386,15,37,314.99,0.22721,0.021456,0,-0.092139,-0.0028165,0.72263,76.368
128,387,15,41,340.06,0.16854,0.015246,0,-0.10816,-0.0028165,0.72263,76.368
128,387,15,41,328.97,0.15654,0.015833,0,-0.078645,-0.0028165,0.72263,76.368
128,387,15,41,295.86,0.16849,0.03242,0,-0.082571,-0.0028165,0.72263,76.368
129,388,15,35,363.17,0.28194,0.013423,0,-0.11845,-0.010588,0.1217,68.844
129,388,15,35,354.79,0.27089,0.0076975,0,-0.03128,-0.010588,0.1217,68.844
129,388,15,35,369.7,0.28008,0.015212,0,-0.10921,-0.010588,0.1217,68.844
129,389,10,30,284.35,0.16858,0.0058139,0,-0.074161,-0.010588,0.1217,68.844
129,389,10,30,354.69,0.20293,0.023975,0,-0.060426,-0.010588,0.1217,68.844
129,389,10,30,357.15,0.20616,0.025914,0,-0.099099,-0.010588,0.1217,68.844
129,390,15,49,477.3,0.2494,0.011286,0,-0.24822,-0.010588,0.1217,68.844
129,390,15,49,316.1,0.2695,0.017027,0,-0.088273,-0.010588,0.1217,68.844
129,390,15,49,393.77,0.2831,0.010249,0,-0.11558,-0.010588,0.1217,68.844
130,391,10,30,319.8,0.1992,0.051449,1,-2.0617,0.0048556,2.418,70.333
130,391,10,30,310.03,0.20227,0.014152,0,-0.038811,0.0048556,2.418,70.333
130,391,10,30,268.92,0.16985,0.014215,1,-2.0794,0.0048556,2.418,70.333
130,392,20,37,251.31,0.15573,0.036196,1,-2.0709,0.0048556,2.418,70.333
130,392,20,37,330.43,0.1573,0.027078,1,-2.0928,0.0048556,2.418,70.333
130,392,20,37,272.49,0.15354,0.0076722,1,-2.0798,0.0048556,2.418,70.333
130,393,20,41,291.87,0.16782,0.017699,1,-2.0342,0.0048556,2.418,70.333
130,393,20,41,402.45,0.17366,0.022911,1,-2.1603,0.0048556,2.418,70.333
130,393,20,41,293.12,0.19806,0.015644,1,-2.0781,0.0048556,2.418,70.333
131,394,10,54,506.35,0.31932,0.014363,0,-0.24547,-0.0037474,0.3644,83.248
131,394,10,54,481.62,0.35302,0.015342,0,-0.15294,-0.0037474,0.3644,83.248
131,394,10,54,414.57,0.35554,0.024792,0,-0.1255,-0.0037474,0.3644,83.248
131,395,15,32,308.6,0.15194,0.007521,0,-0.044013,-0.0037474,0.3644,83.248
131,395,15,32,344.45,0.15753,0.018916,1,-2.1425,-0.0037474,0.3644,83.248
131,395,15,32,280.65,0.16302,0.018748,0,-0.079607,-0.0037474,0.3644,83.248
131,396,15,41,360.98,0.19285,0.0172,0,-0.10019,-0.0037474,0.3644,83.248
131,396,15,41,357.24,0.24876,0.024639,0,-0.10286,-0.0037474,0.3644,83.248
131,396,15,41,357.77,0.25195,0.0099738,0,-0.099941,-0.0037474,0.3644,83.248
132,397,20,43,357.37,0.24882,0.016365,0,-0.088876,0.0036455,1.032,107.22
132,397,20,43,297.72,0.26256,0.012684,0,-0.077673,0.0036455,1.032,107.22
132,397,20,43,299.08,0.25057,0.0060875,1,-2.0902,0.0036455,1.032,107.22
132,398,20,54,339.22,0.22249,0.014252,0,-0.11593,0.0036455,1.032,107.22
132,398,20,54,331.11,0.23458,0.020187,0,-0.11953,0.0036455,1.032,107.22
132,398,20,54,338.15,0.22976,0.039911,0,-0.093794,0.0036455,1.032,107.22
132,399,20,51,315.77,0.18597,0.027084,1,-2.0456,0.0036455,1.032,107.22
132,399,20,51,304.5,0.18984,0.011998,1,-2.116,0.0036455,1.032,107.22
132,399,20,51,282.38,0.17802,0.0098297,0,-0.079934,0.0036455,1.032,107.22
133,400,20,36,358.58,0.22721,0.014699,1,-2.0958,-0.0018499,1.0069,79.489
133,400,20,36,379.63,0.27503,0.026148,0,-0.10458,-0.0018499,1.0069,79.489
133,400,20,36,332.27,0.24956,0.015029,1,-2.1021,-0.0018499,1.0069,79.489
133,401,15,51,390.51,0.25468,0.025342,0,-0.083273,-0.0018499,1.0069,79.489
133,401,15,51,327.67,0.23696,0.017107,0,-0.13441,-0.0018499,1.0069,79.489
133,401,15,51,399.32,0.26824,0.017985,0,-0.11685,-0.0018499,1.0069,79.489
133,402,20,38,395.84,0.1858,0.0093373,0,-0.16426,-0.0018499,1.0069,79.489
133,402,20,38,450.13,0.1885,0.014035,0,-0.18702,-0.0018499,1.0069,79.489
133,402,20,38,290.83,0.20004,0.016226,1,-2.0807,-0.0018499,1.0069,79.489
134,403,15,35,311.8,0.31289,0.033552,0,-0.064895,-0.0014485,0.40579,83.558
134,403,15,35,382.49,0.32645,0.040376,0,-0.1384,-0.0014485,0.40579,83.558
134,403,15,35,336.77,0.30584,0.034032,0,-0.10263,-0.0014485,0.40579,83.558
134,404,20,39,380.21,0.21746,0.018607,0,-0.13524,-0.0014485,0.40579,83.558
134,404,20,39,400.65,0.22187,0.015592,0,-0.1387,-0.0014485,0.40579,83.558
134,404,20,39,313.4,0.22281,0.017606,1,-2.0891,-0.0014485,0.40579,83.558
134,405,15,57,584.7,0.37697,0.013087,0,-0.3499,-0.0014485,0.40579,83.558
134,405,15,57,473.52,0.40095,0.026718,0,-0.24644,-0.0014485,0.40579,83.558
134,405,15,57,389.77,0.42753,0.012222,0,-0.12143,-0.0014485,0.40579,83.558
135,406,20,32,308.38,0.20284,0.033335,2,-4.1065,0.0024934,2.0097,68.279
135,406,20,32,285.69,0.18418,0.013866,1,-2.1129,0.0024934,2.0097,68.279
135,406,20,32,306.81,0.22114,0.022922,0,-0.086982,0.0024934,2.0097,68.279
135,407,10,34,385.98,0.24184,0.014557,0,-0.10374,0.0024934,2.0097,68.279
135,407,10,34,302.36,0.26518,0.0057661,0,-0.090667,0.0024934,2.0097,68.279
135,407,10,34,319.01,0.25996,0.013547,0,-0.088449,0.0024934,2.0097,68.279
135,408,15,48,455.36,0.15394,0.018813,1,-2.1445,0.0024934,2.0097,68.279
135,408,15,48,415.01,0.18957,0.024709,0,-0.13981,0.0024934,2.0097,68.279
135,408,15,48,293.04,0.20139,0.02453,0,-0.083134,0.0024934,2.0097,68.279
136,409,10,39,306.97,0.20738,0.014709,0,-0.065201,-0.00045504,0.19416,70.043
136,409,10,39,312.31,0.19206,0.01754,0,-0.055683,-0.00045504,0.19416,70.043
136,409,10,39,298.05,0.20404,0.011849,0,-0.091036,-0.00045504,0.19416,70.043
136,410,15,44,279.53,0.21501,0.0078747,0,-0.077557,-0.00045504,0.19416,70.043
136,410,15,44,374.61,0.22681,0.021441,0,-0.15377,-0.00045504,0.19416,70.043
136,410,15,44,336.45,0.24259,0.019865,0,-0.093567,-0.00045504,0.19416,70.043
136,411,10,33,367.23,0.31081,0.014687,0,-0.14231,-0.00045504,0.19416,70.043
136,411,10,33,354.45,0.36308,0.019363,0,-0.10545,-0.00045504,0.19416,70.043
136,411,10,33,337.66,0.31986,0.0084577,0,-0.098503,-0.00045504,0.19416,70.043
137,412,20,51,308.97,0.20034,0.037925,0,-0.081124,-0.0029807,0.20895,86.56
137,412,20,51,323.86,0.17935,0.016512,0,-0.0995,-0.0029807,0.20895,86.56
137,412,20,51,272.58,0.19406,0.014125,0,-0.080352,-0.0029807,0.20895,86.56
137,413,10,31,385.25,0.27804,0.018376,0,-0.031203,-0.0029807,0.20895,86.56
137,413,10,31,419.43,0.26268,0.019848,0,-0.23084,-0.0029807,0.20895,86.56
137,413,10,31,324,0.24883,0.018883,0,-0.090092,-0.0029807,0.20895,86.56
137,414,20,43,356.94,0.21596,0.0083176,0,-0.1864,-0.0029807,0.20895,86.56
137,414,20,43,347.1,0.21232,0.030441,0,-0.1701,-0.0029807,0.20895,86.56
137,414,20,43,288.96,0.23875,0.015457,0,-0.087288,-0.0029807,0.20895,86.56
138,415,15,53,330.72,0.2677,0.011244,0,-0.156,-0.00052245,0.13293,83.484
138,415,15,53,443.32,0.29418,0.013622,0,-0.029267,-0.00052245,0.13293,83.484
138,415,15,53,355.05,0.31776,0.039627,0,-0.10976,-0.00052245,0.13293,83.484
138,416,15,30,342.18,0.23417,0.010671,0,-0.062908,-0.00052245,0.13293,83.484
138,416,15,30,357.56,0.21209,0.0096615,0,-0.057477,-0.00052245,0.13293,83.484
138,416,15,30,334.2,0.23793,0.02429,0,-0.094835,-0.00052245,0.13293,83.484
138,417,10,59,518.09,0.3566,0.016423,0,-0.2263,-0.00052245,0.13293,83.484
138,417,10,59,546.8,0.34398,0.015843,0,-0.30626,-0.00052245,0.13293,83.484
138,417,10,59,415.02,0.38539,0.014402,0,-0.12202,-0.00052245,0.13293,83.484
139,418,15,39,373.96,0.15823,0.011973,0,-0.054855,-0.00013337,0.36728,106.82
139,418,15,39,370.61,0.14213,0.0087185,1,-2.1245,-0.00013337,0.36728,106.82
139,418,15,39,309.1,0.15135,0.0040615,0,-0.086656,-0.00013337,0.36728,106.82
139,419,20,60,340.36,0.24787,0.013679,0,-0.043258,-0.00013337,0.36728,106.82
139,419,20,60,357.12,0.24552,0.019556,0,-0.066987,-0.00013337,0.36728,106.82
139,419,20,60,382.84,0.2656,0.012772,0,-0.10533,-0.00013337,0.36728,106.82
139,420,15,54,347.45,0.2176,0.012569,0,-0.12729,-0.00013337,0.36728,106.82
139,420,15,54,363.19,0.20306,0.0077675,0,-0.076861,-0.00013337,0.36728,106.82
139,420,15,54,354.82,0.24015,0.014343,0,-0.09903,-0.00013337,0.36728,106.82
140,421,10,35,408.03,0.36787,0.0095657,0,-0.020587,-0.011306,0.43579,81.409
140,421,10,35,353.74,0.35234,0.011917,1,-2.1359,-0.011306,0.43579,81.409
140,421,10,35,359.58,0.32128,0.0092544,0,-0.1016,-0.011306,0.43579,81.409
140,422,10,49,333.85,0.21915,0.014827,0,-0.13069,-0.011306,0.43579,81.409
140,422,10,49,382.15,0.21596,0.024853,0,-0.065724,-0.011306,0.43579,81.409
140,422,10,49,322.38,0.2253,0.0091418,0,-0.091603,-0.011306,0.43579,81.409
140,423,15,48,353.55,0.21162,0.011342,0,-0.019236,-0.011306,0.43579,81.409
140,423,15,48,354.97,0.18679,0.014443,0,-0.12242,-0.011306,0.43579,81.409
140,423,15,48,319.59,0.20595,0.022691,0,-0.087999,-0.011306,0.43579,81.409
141,424,10,53,346.5,0.20726,0.029559,0,-0.099277,0.0044402,0.048438,79.458
141,424,10,53,437.64,0.18488,0.029397,0,-0.16384,0.0044402,0.048438,79.458
141,424,10,53,310.07,0.19468,0.015781,0,-0.087934,0.0044402,0.048438,79.458
141,425,10,32,455.54,0.32239,0.017943,0,-0.24017,0.0044402,0.048438,79.458
141,425,10,32,408.4,0.37521,0.003554,0,-0.16474,0.0044402,0.048438,79.458
141,425,10,32,354.55,0.37044,0.026315,0,-0.099285,0.0044402,0.048438,79.458
141,426,10,46,446.76,0.25689,0.018713,0,-0.20321,0.0044402,0.048438,79.458
141,426,10,46,369.19,0.30298,0.010199,0,-0.13652,0.0044402,0.048438,79.458
141,426,10,46,345.31,0.32841,0.0076946,0,-0.10465,0.0044402,0.048438,79.458
142,427,20,46,311.87,0.20362,0.024595,2,-4.1237,-0.0080962,2.3554,85.292
142,427,20,46,340,0.22841,0.01982,1,-2.0911,-0.0080962,2.3554,85.292
142,427,20,46,362.32,0.2437,0.012668,1,-2.0982,-0.0080962,2.3554,85.292
142,428,10,49,419.31,0.29927,0.01087,0,-0.066749,-0.0080962,2.3554,85.292
142,428,10,49,481.46,0.26993,0.010214,0,-0.268,-0.0080962,2.3554,85.292
142,428,10,49,406.86,0.3521,0.015269,0,-0.11209,-0.0080962,2.3554,85.292
142,429,10,47,401.79,0.38003,0.026372,0,-0.15714,-0.0080962,2.3554,85.292
142,429,10,47,374.61,0.38696,0.018175,0,-0.13053,-0.0080962,2.3554,85.292
142,429,10,47,386.76,0.40716,0.015177,0,-0.11591,-0.0080962,2.3554,85.292
143,430,10,53,335.74,0.26307,0.027679,0,-0.089668,-0.0052497,0.35774,84.87
143,430,10,53,377,0.23863,0.011326,0,-0.14123,-0.0052497,0.35774,84.87
143,430,10,53,351.29,0.26449,0.018492,0,-0.099288,-0.0052497,0.35774,84.87
143,431,20,31,367.61,0.20848,0.015145,0,-0.10083,-0.0052497,0.35774,84.87
143,431,20,31,339.15,0.21907,0.0081709,0,-0.12671,-0.0052497,0.35774,84.87
143,431,20,31,360.46,0.22938,0.0094709,0,-0.10827,-0.0052497,0.35774,84.87
143,432,20,50,316.56,0.22509,0.023675,0,-0.09018,-0.0052497,0.35774,84.87
143,432,20,50,422.04,0.21415,0.012337,1,-2.2079,-0.0052497,0.35774,84.87
143,432,20,50,316.4,0.25533,0.017955,0,-0.091436,-0.0052497,0.35774,84.87
144,433,10,41,402.78,0.36542,0.0094364,0,-0.037011,-0.014829,0.016537,78.145
144,433,10,41,395.13,0.37919,0.012171,0,-0.14471,-0.014829,0.016537,78.145
144,433,10,41,358.36,0.41559,0.0099651,0,-0.11541,-0.014829,0.016537,78.145
144,434,20,37,312.79,0.17756,0.0067773,0,-0.083487,-0.014829,0.016537,78.145
144,434,20,37,300.77,0.1614,0.0095744,0,-0.028103,-0.014829,0.016537,78.145
144,434,20,37,312.8,0.18478,0.0079351,0,-0.090584,-0.014829,0.016537,78.145
144,435,15,53,399.95,0.19367,0.013848,0,-0.16475,-0.014829,0.016537,78.145
144,435,15,53,341.64,0.20703,0.010181,0,-0.073426,-0.014829,0.016537,78.145
144,435,15,53,339.31,0.22315,0.021716,0,-0.099616,-0.014829,0.016537,78.145
145,436,20,37,343.47,0.1672,0.031096,0,-0.062981,0.0037147,0.011732,85.132
145,436,20,37,377.36,0.15908,0.018198,0,-0.14917,0.0037147,0.011732,85.132
145,436,20,37,271.86,0.17731,0.025531,0,-0.076019,0.0037147,0.011732,85.132
145,437,15,37,369.59,0.26083,0.021302,0,-0.098127,0.0037147,0.011732,85.132
145,437,15,37,375.81,0.27252,0.014746,0,-0.048742,0.0037147,0.011732,85.132
145,437,15,37,350.72,0.27318,0.012923,0,-0.097971,0.0037147,0.011732,85.132
145,438,20,56,414.08,0.27732,0.013425,0,-0.16443,0.0037147,0.011732,85.132
145,438,20,56,379.5,0.27438,0.014611,0,-0.034162,0.0037147,0.011732,85.132
145,438,20,56,352.69,0.26456,0.013263,0,-0.10101,0.0037147,0.011732,85.132
146,439,15,60,451.59,0.23698,0.014617,0,-0.21755,-0.011217,0.007248,94.65
146,439,15,60,335.67,0.2423,0.023492,0,-0.11826,-0.011217,0.007248,94.65
146,439,15,60,360.09,0.25975,0.022799,0,-0.10939,-0.011217,0.007248,94.65
146,440,10,60,463.87,0.33942,0.015694,0,-0.21018,-0.011217,0.007248,94.65
146,440,10,60,384.02,0.35805,0.010187,0,-0.11305,-0.011217,0.007248,94.65
146,440,10,60,363.87,0.33478,0.013021,0,-0.10527,-0.011217,0.007248,94.65
146,441,15,36,349.54,0.20639,0.022731,0,-0.12357,-0.011217,0.007248,94.65
146,441,15,36,317.93,0.19609,0.019672,0,-0.14064,-0.011217,0.007248,94.65
146,441,15,36,347.33,0.22271,0.01366,0,-0.096981,-0.011217,0.007248,94.65
147,442,15,43,367.07,0.23783,0.011267,0,-0.21013,0.0041906,0.012201,83.623
147,442,15,43,386.64,0.28392,0.023807,0,-0.15768,0.0041906,0.012201,83.623
147,442,15,43,303.24,0.28332,0.029844,0,-0.093916,0.0041906,0.012201,83.623
147,443,10,32,363.56,0.32834,0.017385,0,-0.018062,0.0041906,0.012201,83.623
147,443,10,32,535.85,0.30083,0.015087,0,-0.29383,0.0041906,0.012201,83.623
147,443,10,32,320.47,0.30529,0.0062096,0,-0.090144,0.0041906,0.012201,83.623
147,444,20,55,325.63,0.17185,0.0057741,0,-0.13514,0.0041906,0.012201,83.623
147,444,20,55,351.4,0.15526,0.0064579,0,-0.13227,0.0041906,0.012201,83.623
147,444,20,55,305.78,0.18995,0.010067,0,-0.087294,0.0041906,0.012201,83.623
148,445,10,46,441.57,0.37448,0.013383,0,-0.10401,0.0026573,0.007032,88.354
148,445,10,46,426.05,0.40613,0.019414,0,-0.12756,0.0026573,0.007032,88.354
148,445,10,46,355.63,0.41278,0.01269,0,-0.10243,0.0026573,0.007032,88.354
148,446,10,52,419.09,0.32326,0.03468,0,-0.21911,0.0026573,0.007032,88.354
148,446,10,52,383.3,0.33275,0.020999,0,-0.067803,0.0026573,0.007032,88.354
148,446,10,52,385.18,0.36526,0.029659,0,-0.11312,0.0026573,0.007032,88.354
148,447,15,49,371.9,0.21125,0.026354,0,-0.079462,0.0026573,0.007032,88.354
148,447,15,49,319.53,0.23852,0.016231,0,-0.13416,0.0026573,0.007032,88.354
148,447,15,49,327.64,0.25176,0.024831,0,-0.099118,0.0026573,0.007032,88.354
149,448,20,31,261.32,0.14849,0.018387,3,-6.1046,-9.4377e-05,12.922,84.922
149,448,20,31,300.15,0.17452,0.036881,3,-6.088,-9.4377e-05,12.922,84.922
149,448,20,31,277.19,0.14425,0.031488,3,-6.0765,-9.4377e-05,12.922,84.922
149,449,20,57,451.16,0.29075,0.0061889,0,-0.14114,-9.4377e-05,12.922,84.922
149,449,20,57,394.1,0.30888,0.010209,1,-2.0278,-9.4377e-05,12.922,84.922
149,449,20,57,378.71,0.30882,0.013814,1,-2.1062,-9.4377e-05,12.922,84.922
149,450,10,45,329.1,0.19738,0.0066905,0,-0.11317,-9.4377e-05,12.922,84.922
149,450,10,45,418.56,0.19039,0.011371,0,-0.1807,-9.4377e-05,12.922,84.922
149,450,10,45,327.88,0.2062,0.012816,0,-0.096388,-9.4377e-05,12.922,84.922
150,451,20,42,379.9,0.30801,0.021208,0,-0.1782,-0.0039736,6.1784,84.093
150,451,20,42,427.17,0.29345,0.020679,0,-0.1126,-0.0039736,6.1784,84.093
150,451,20,42,368.94,0.32477,0.047404,0,-0.11015,-0.0039736,6.1784,84.093
150,452,15,59,382.75,0.27687,0.034355,0,-0.066876,-0.0039736,6.1784,84.093
150,452,15,59,386,0.23349,0.036969,0,-0.15946,-0.0039736,6.1784,84.093
150,452,15,59,327.95,0.25466,0.022146,0,-0.10351,-0.0039736,6.1784,84.093
150,453,20,35,364.44,0.21779,0.0090577,1,-2.1883,-0.0039736,6.1784,84.093
150,453,20,35,347.38,0.2144,0.016726,2,-4.156,-0.0039736,6.1784,84.093
150,453,20,35,295.13,0.21933,0.014118,3,-6.0887,-0.0039736,6.1784,84.093
151,454,15,33,387.28,0.3157,0.054812,0,-0.22828,0.00081656,2.4939,71.207
151,454,15,33,349.7,0.32926,0.049009,0,-0.080061,0.00081656,2.4939,71.207
151,454,15,33,344.35,0.36233,0.031061,0,-0.11372,0.00081656,2.4939,71.207
151,455,20,42,309.17,0.13527,0.012236,1,-2.042,0.00081656,2.4939,71.207
151,455,20,42,296.6,0.13587,0.014457,2,-4.0466,0.00081656,2.4939,71.207
151,455,20,42,283.73,0.15022,0.016063,1,-2.0832,0.00081656,2.4939,71.207
151,456,15,44,356.33,0.30929,0.014494,0,-0.061536,0.00081656,2.4939,71.207
151,456,15,44,347.97,0.32774,0.014914,0,-0.11635,0.00081656,2.4939,71.207
151,456,15,44,319.13,0.35531,0.020487,0,-0.092161,0.00081656,2.4939,71.207
152,457,10,41,387.01,0.46591,0.012821,0,-0.10592,-0.005228,0.009037,86.687
152,457,10,41,413.03,0.39543,0.010619,0,-0.014453,-0.005228,0.009037,86.687
152,457,10,41,366.39,0.44596,0.0074631,0,-0.10538,-0.005228,0.009037,86.687
152,458,10,49,418.47,0.38775,0.011241,0,-0.17538,-0.005228,0.009037,86.687
152,458,10,49,353.75,0.34503,0.015021,0,-0.058994,-0.005228,0.009037,86.687
152,458,10,49,337.38,0.36775,0.0083629,0,-0.11483,-0.005228,0.009037,86.687
152,459,15,57,457.32,0.31718,0.029156,0,-0.18736,-0.005228,0.009037,86.687
152,459,15,57,425.97,0.30798,0.028391,0,-0.066102,-0.005228,0.009037,86.687
152,459,15,57,392.82,0.30563,0.023032,0,-0.1217,-0.005228,0.009037,86.687
153,460,10,30,494.33,0.30441,0.016791,0,-0.23808,-0.0055408,0.044618,93.016
153,460,10,30,298.61,0.29292,0.0074794,0,-0.10187,-0.0055408,0.044618,93.016
153,460,10,30,324.94,0.29558,0.016512,0,-0.095995,-0.0055408,0.044618,93.016
153,461,20,56,479.42,0.26156,0.028033,0,-0.25568,-0.0055408,0.044618,93.016
153,461,20,56,423.69,0.2753,0.019563,0,-0.027748,-0.0055408,0.044618,93.016
153,461,20,56,376.34,0.26717,0.027235,0,-0.11038,-0.0055408,0.044618,93.016
153,462,15,57,369.3,0.21581,0.027243,0,-0.11995,-0.0055408,0.044618,93.016
153,462,15,57,341.02,0.22684,0.015649,0,-0.12321,-0.0055408,0.044618,93.016
153,462,15,57,329.89,0.25154,0.019339,0,-0.10213,-0.0055408,0.044618,93.016
154,463,20,58,377.96,0.24931,0.026348,0,-0.063795,0.0045201,0.041786,102.18
154,463,20,58,413.54,0.2184,0.032123,0,-0.15021,0.0045201,0.041786,102.18
154,463,20,58,337.53,0.24819,0.020907,0,-0.090813,0.0045201,0.041786,102.18
154,464,10,47,465.87,0.32769,0.031125,0,-0.041374,0.0045201,0.041786,102.18
154,464,10,47,429.83,0.35725,0.019491,0,-0.13272,0.0045201,0.041786,102.18
154,464,10,47,382.65,0.38041,0.033473,0,-0.11761,0.0045201,0.041786,102.18
154,465,10,57,413.23,0.34431,0.004394,0,-0.12441,0.0045201,0.041786,102.18
154,465,10,57,547.08,0.32741,0.0065086,0,-0.27044,0.0045201,0.041786,102.18
154,465,10,57,397.68,0.35725,0.0043191,0,-0.119,0.0045201,0.041786,102.18
155,466,15,35,363.55,0.22136,0.0080725,0,-0.064845,-0.0010503,0.04566,71.502
155,466,15,35,310.17,0.20424,0.010052,0,-0.0383,-0.0010503,0.04566,71.502
155,466,15,35,309,0.24131,0.012044,0,-0.091146,-0.0010503,0.04566,71.502
155,467,10,46,472.37,0.33846,0.0074749,0,-0.29623,-0.0010503,0.04566,71.502
155,467,10,46,468.39,0.31588,0.01417,0,-0.22415,-0.0010503,0.04566,71.502
155,467,10,46,383.55,0.40618,0.014484,0,-0.12293,-0.0010503,0.04566,71.502
155,468,10,54,451.24,0.23818,0.0096862,0,-0.20103,-0.0010503,0.04566,71.502
155,468,10,54,360.59,0.25686,0.0070711,0,-0.086188,-0.0010503,0.04566,71.502
155,468,10,54,357.22,0.2362,0.0046607,0,-0.094274,-0.0010503,0.04566,71.502
156,469,10,45,448,0.33774,0.013972,0,-0.24471,-0.0093814,0.03574,73.736
156,469,10,45,365.29,0.36237,0.018656,0,-0.13537,-0.0093814,0.03574,73.736
156,469,10,45,334.98,0.34898,0.021203,0,-0.10404,-0.0093814,0.03574,73.736
156,470,20,44,294.38,0.2499,0.021544,0,-0.077628,-0.0093814,0.03574,73.736
156,470,20,44,381.26,0.20905,0.030151,0,-0.16119,-0.0093814,0.03574,73.736
156,470,20,44,358.88,0.23529,0.0094163,0,-0.097014,-0.0093814,0.03574,73.736
156,471,10,42,395.76,0.23733,0.020184,0,-0.090131,-0.0093814,0.03574,73.736
156,471,10,42,416.06,0.24611,0.012199,0,-0.13489,-0.0093814,0.03574,73.736
156,471,10,42,308.26,0.2426,0.012893,0,-0.091649,-0.0093814,0.03574,73.736
157,472,10,46,393.55,0.23469,0.020474,0,-0.19498,-0.010458,0.0093247,85.461
157,472,10,46,366.73,0.24919,0.017745,0,-0.029493,-0.010458,0.0093247,85.461
157,472,10,46,334.74,0.24887,0.01981,0,-0.09885,-0.010458,0.0093247,85.461
157,473,10,53,433.67,0.3866,0.011978,0,-0.065324,-0.010458,0.0093247,85.461
157,473,10,53,540.18,0.34289,0.0097263,0,-0.28834,-0.010458,0.0093247,85.461
157,473,10,53,424.82,0.34612,0.010486,0,-0.13104,-0.010458,0.0093247,85.461
157,474,10,54,553.88,0.52886,0.01569,0,-0.37902,-0.010458,0.0093247,85.461
157,474,10,54,451.16,0.52705,0.038921,0,-0.12074,-0.010458,0.0093247,85.461
157,474,10,54,451.94,0.59667,0.027555,0,-0.14054,-0.010458,0.0093247,85.461
158,475,15,31,298.89,0.20111,0.0089433,0,-0.088004,-0.012498,1.9114,69.365
158,475,15,31,317.59,0.22709,0.018715,0,-0.02974,-0.012498,1.9114,69.365
158,475,15,31,306.8,0.23626,0.020605,0,-0.093583,-0.012498,1.9114,69.365
158,476,20,31,256.31,0.11512,0.020748,2,-4.0889,-0.012498,1.9114,69.365
158,476,20,31,307.31,0.12815,0.019145,1,-2.1175,-0.012498,1.9114,69.365
158,476,20,31,276.16,0.12683,0.012062,0,-0.072621,-0.012498,1.9114,69.365
158,477,15,56,440.1,0.3517,0.022342,0,-0.13309,-0.012498,1.9114,69.365
158,477,15,56,474.04,0.31071,0.0040882,0,-0.15814,-0.012498,1.9114,69.365
158,477,15,56,350.39,0.334,0.0136,0,-0.11025,-0.012498,1.9114,69.365
159,478,10,43,464.96,0.52534,0.0028497,0,-0.18679,-0.020421,0.03516,84.505
159,478,10,43,495.69,0.52644,0.0044895,0,-0.41417,-0.020421,0.03516,84.505
159,478,10,43,423.35,0.61437,0.0039374,0,-0.1412,-0.020421,0.03516,84.505
159,479,20,38,348.42,0.17061,0.028174,0,-0.13535,-0.020421,0.03516,84.505
159,479,20,38,355.24,0.19783,0.014459,0,-0.16419,-0.020421,0.03516,84.505
159,479,20,38,334.81,0.19821,0.014586,0,-0.098285,-0.020421,0.03516,84.505
159,480,20,52,311.42,0.15084,0.021149,0,-0.063014,-0.020421,0.03516,84.505
159,480,20,52,353.92,0.14113,0.0096765,0,-0.10261,-0.020421,0.03516,84.505
159,480,20,52,286.41,0.14538,0.0095056,0,-0.079248,-0.020421,0.03516,84.505
160,481,15,56,430.16,0.41607,0.0078509,0,-0.11702,0.00037732,0.0046207,67.788
160,481,15,56,437.2,0.46555,0.011715,0,-0.2451,0.00037732,0.0046207,67.788
160,481,15,56,350.46,0.43454,0.011424,0,-0.10472,0.00037732,0.0046207,67.788
160,482,10,52,413.88,0.2879,0.012073,0,-0.14735,0.00037732,0.0046207,67.788
160,482,10,52,425.86,0.34317,0.027418,0,-0.21853,0.00037732,0.0046207,67.788
160,482,10,52,406.62,0.34423,0.015102,0,-0.11956,0.00037732,0.0046207,67.788
160,483,10,33,375.27,0.36909,0.017902,0,-0.15619,0.00037732,0.0046207,67.788
160,483,10,33,345.05,0.35329,0.0089881,0,-0.0090551,0.00037732,0.0046207,67.788
160,483,10,33,331.49,0.38338,0.0040306,0,-0.099037,0.00037732,0.0046207,67.788
161,484,20,31,381.37,0.28751,0.024414,1,-2.059,-0.008053,0.82877,77.389
161,484,20,31,361.03,0.26056,0.011357,0,-0.10381,-0.008053,0.82877,77.389
161,484,20,31,406.86,0.26859,0.018126,1,-2.1209,-0.008053,0.82877,77.389
161,485,20,46,422.06,0.25275,0.027555,0,-0.19662,-0.008053,0.82877,77.389
161,485,20,46,432.22,0.23771,0.018249,0,-0.1649,-0.008053,0.82877,77.389
161,485,20,46,372.05,0.2661,0.013015,0,-0.10595,-0.008053,0.82877,77.389
161,486,15,54,481.19,0.33168,0.0035939,0,-0.1429,-0.008053,0.82877,77.389
161,486,15,54,507.57,0.38605,0.01381,0,-0.299,-0.008053,0.82877,77.389
161,486,15,54,396.84,0.37409,0.007504,0,-0.11805,-0.008053,0.82877,77.389
162,487,15,46,356.09,0.34869,0.025212,0,-0.11465,0.0037918,0.031389,74.259
162,487,15,46,411.91,0.32267,0.009467,0,-0.17006,0.0037918,0.031389,74.259
162,487,15,46,344.52,0.3328,0.014901,0,-0.11213,0.0037918,0.031389,74.259
162,488,20,30,330.03,0.12926,0.036262,0,-0.12387,0.0037918,0.031389,74.259
162,488,20,30,307.58,0.11378,0.0098549,0,-0.077446,0.0037918,0.031389,74.259
162,488,20,30,288,0.14293,0.014418,0,-0.079997,0.0037918,0.031389,74.259
162,489,20,49,345.42,0.24298,0.013818,0,-0.093079,0.0037918,0.031389,74.259
162,489,20,49,361.53,0.2425,0.0148,0,-0.10172,0.0037918,0.031389,74.259
162,489,20,49,383.52,0.27518,0.016056,0,-0.10806,0.0037918,0.031389,74.259
163,490,15,39,337.93,0.18663,0.0063339,0,-0.084906,-0.022541,0.40668,89.355
163,490,15,39,338.98,0.15751,0.01146,0,-0.052185,-0.022541,0.40668,89.355
163,490,15,39,322.54,0.15394,0.010371,1,-2.0831,-0.022541,0.40668,89.355
163,491,15,53,476.58,0.21637,0.048893,0,-0.20738,-0.022541,0.40668,89.355
163,491,15,53,442.54,0.21995,0.015,0,-0.11501,-0.022541,0.40668,89.355
163,491,15,53,363.27,0.2329,0.023743,0,-0.096379,-0.022541,0.40668,89.355
163,492,20,48,285.28,0.13505,0.018396,0,-0.040782,-0.022541,0.40668,89.355
163,492,20,48,276.01,0.1337,0.021682,0,-0.086836,-0.022541,0.40668,89.355
163,492,20,48,307.67,0.13985,0.0127,0,-0.083687,-0.022541,0.40668,89.355
164,493,20,56,450.54,0.30707,0.024799,0,-0.092134,-0.010856,0.020117,98.7
164,493,20,56,388.89,0.31325,0.022081,0,-0.10575,-0.010856,0.020117,98.7
164,493,20,56,359.08,0.3036,0.030029,0,-0.112,-0.010856,0.020117,98.7
164,494,15,57,388.5,0.25358,0.0080205,0,-0.076406,-0.010856,0.020117,98.7
164,494,15,57,401.3,0.2484,0.0064938,0,-0.12588,-0.010856,0.020117,98.7
164,494,15,57,353.18,0.2796,0.0095918,0,-0.096912,-0.010856,0.020117,98.7
164,495,10,49,330.8,0.22143,0.019795,0,-0.07149,-0.010856,0.020117,98.7
164,495,10,49,363.31,0.2147,0.019427,0,-0.095985,-0.010856,0.020117,98.7
164,495,10,49,347.86,0.22103,0.036558,0,-0.10359,-0.010856,0.020117,98.7
165,496,10,58,474.66,0.36311,0.023695,0,-0.078774,-0.0087995,0.015626,75.123
165,496,10,58,514.95,0.30403,0.015267,0,-0.21072,-0.0087995,0.015626,75.123
165,496,10,58,388.17,0.34412,0.01128,0,-0.11338,-0.0087995,0.015626,75.123
165,497,10,44,370.75,0.39555,0.0099472,0,-0.074568,-0.0087995,0.015626,75.123
165,497,10,44,329.74,0.36559,0.012507,0,-0.087601,-0.0087995,0.015626,75.123
165,497,10,44,346.93,0.35196,0.031231,0,-0.10287,-0.0087995,0.015626,75.123
165,498,15,54,446.79,0.29675,0.017262,0,-0.068917,-0.0087995,0.015626,75.123
165,498,15,54,391.79,0.27762,0.021055,0,-0.1696,-0.0087995,0.015626,75.123
165,498,15,54,361.74,0.29615,0.023973,0,-0.11119,-0.0087995,0.015626,75.123
166,499,20,59,417.67,0.18085,0.023055,0,-0.10958,3.941e-05,0.028851,111.92
166,499,20,59,331.51,0.18684,0.010776,0,-0.099105,3.941e-05,0.028851,111.92
166,499,20,59,318.88,0.21822,0.013627,0,-0.087713,3.941e-05,0.028851,111.92
166,500,15,47,414.9,0.26238,0.01306,0,-0.22769,3.941e-05,0.028851,111.92
166,500,15,47,478.65,0.26842,0.014973,0,-0.20728,3.941e-05,0.028851,111.92
166,500,15,47,415.35,0.28474,0.010794,0,-0.1156,3.941e-05,0.028851,111.92
166,501,20,60,287.12,0.15673,0.018046,0,-0.078433,3.941e-05,0.028851,111.92
166,501,20,60,294.95,0.16246,0.0081705,0,-0.047439,3.941e-05,0.028851,111.92
166,501,20,60,308.92,0.16619,0.021135,0,-0.083896,3.941e-05,0.028851,111.92
167,502,10,34,424.71,0.33907,0.0037398,0,-0.2616,-0.015,5.9174,50.333
167,502,10,34,435.92,0.31995,0.0066069,0,-0.28871,-0.015,5.9174,50.333
167,502,10,34,394.65,0.40157,0.007192,0,-0.11748,-0.015,5.9174,50.333
167,503,10,42,349.65,0.21729,0.023385,0,-0.10782,-0.015,5.9174,50.333
167,503,10,42,315.38,0.2351,0.012432,0,-0.087174,-0.015,5.9174,50.333
167,503,10,42,312.52,0.23175,0.018347,0,-0.093078,-0.015,5.9174,50.333
167,504,20,30,291.54,0.1469,0.035413,1,-2.0525,-0.015,5.9174,50.333
167,504,20,30,247.63,0.15173,0.024676,3,-6.0727,-0.015,5.9174,50.333
167,504,20,30,287.61,0.15908,0.040249,2,-4.079,-0.015,5.9174,50.333
168,505,20,56,314.41,0.19588,0.028401,0,-0.11006,-0.0047775,0.0098934,77.526
168,505,20,56,314.51,0.19212,0.027761,0,-0.1035,-0.0047775,0.0098934,77.526
168,505,20,56,324.55,0.20748,0.020755,0,-0.093738,-0.0047775,0.0098934,77.526
168,506,15,39,344.11,0.231,0.011858,0,-0.042145,-0.0047775,0.0098934,77.526
168,506,15,39,336.43,0.21818,0.0094966,0,-0.027577,-0.0047775,0.0098934,77.526
168,506,15,39,441.29,0.23934,0.015982,0,-0.12195,-0.0047775,0.0098934,77.526
168,507,20,38,429.25,0.20601,0.016552,0,-0.186,-0.0047775,0.0098934,77.526
168,507,20,38,367.17,0.2252,0.01953,0,-0.11409,-0.0047775,0.0098934,77.526
168,507,20,38,351.43,0.23031,0.016993,0,-0.094391,-0.0047775,0.0098934,77.526
169,508,15,56,525.51,0.3486,0.025693,0,-0.26068,-0.00091709,0.76295,75.464
169,508,15,56,445.27,0.35177,0.031723,0,-0.15336,-0.00091709,0.76295,75.464
169,508,15,56,436.61,0.40699,0.02904,0,-0.13456,-0.00091709,0.76295,75.464
169,509,20,41,289.83,0.14751,0.011674,1,-2.0917,-0.00091709,0.76295,75.464
169,509,20,41,348.55,0.16981,0.023703,0,-0.11663,-0.00091709,0.76295,75.464
169,509,20,41,246.52,0.14609,0.019242,1,-2.0694,-0.00091709,0.76295,75.464
169,510,10,47,427.74,0.30414,0.015952,0,-0.21719,-0.00091709,0.76295,75.464
169,510,10,47,339.98,0.30445,0.020437,0,-0.12207,-0.00091709,0.76295,75.464
169,510,10,47,399.73,0.30549,0.013309,0,-0.11382,-0.00091709,0.76295,75.464
170,511,20,59,277.59,0.17418,0.0078777,0,-0.10012,0.0004064,0.38884,80.967
170,511,20,59,352.07,0.184,0.013719,0,-0.12948,0.0004064,0.38884,80.967
170,511,20,59,333.18,0.18257,0.015358,0,-0.0966,0.0004064,0.38884,80.967
170,512,15,35,301.12,0.18798,0.0097825,0,-0.089467,0.0004064,0.38884,80.967
170,512,15,35,293.18,0.22541,0.0078273,1,-2.1199,0.0004064,0.38884,80.967
170,512,15,35,292.27,0.2283,0.016781,0,-0.086974,0.0004064,0.38884,80.967
170,513,20,41,344.85,0.26752,0.011142,0,-0.11285,0.0004064,0.38884,80.967
170,513,20,41,449.65,0.24914,0.0096414,0,-0.21426,0.0004064,0.38884,80.967
170,513,20,41,290.09,0.22824,0.01535,0,-0.0874,0.0004064,0.38884,80.967
171,514,20,50,439.07,0.22218,0.0063036,0,-0.20308,0.0013903,0.013356,65.738
171,514,20,50,390.79,0.2419,0.013347,0,-0.043569,0.0013903,0.013356,65.738
171,514,20,50,380.71,0.24637,0.010319,0,-0.10459,0.0013903,0.013356,65.738
171,515,10,50,408.83,0.22823,0.010126,0,-0.12855,0.0013903,0.013356,65.738
171,515,10,50,471.28,0.20997,0.0070112,0,-0.2092,0.0013903,0.013356,65.738
171,515,10,50,349.72,0.2498,0.0073652,0,-0.10469,0.0013903,0.013356,65.738
171,516,10,32,445.39,0.29763,0.015697,0,-0.15796,0.0013903,0.013356,65.738
171,516,10,32,385.79,0.2993,0.012412,0,-0.064246,0.0013903,0.013356,65.738
171,516,10,32,311.41,0.31101,0.043514,0,-0.098783,0.0013903,0.013356,65.738
172,517,15,54,432.95,0.28553,0.025245,0,-0.22636,-0.0090568,2.4043,64.876
172,517,15,54,397.37,0.30395,0.033311,0,-0.15888,-0.0090568,2.4043,64.876
172,517,15,54,369.77,0.33253,0.017595,0,-0.10853,-0.0090568,2.4043,64.876
172,518,10,36,419.59,0.14755,0.0030421,0,-0.13843,-0.0090568,2.4043,64.876
172,518,10,36,341.41,0.16765,0.0034518,0,-0.096886,-0.0090568,2.4043,64.876
172,518,10,36,287.79,0.16013,0.010029,0,-0.075915,-0.0090568,2.4043,64.876
172,519,20,35,318.97,0.16747,0.0087553,2,-4.1098,-0.0090568,2.4043,64.876
172,519,20,35,402.08,0.1849,0.011088,1,-2.0821,-0.0090568,2.4043,64.876
172,519,20,35,353.61,0.1851,0.0050075,1,-2.097,-0.0090568,2.4043,64.876
173,520,10,38,476.88,0.35833,0.0042166,0,-0.17411,0.00096463,1.0798,55.595
173,520,10,38,430.38,0.3392,0.0048448,0,-0.15419,0.00096463,1.0798,55.595
173,520,10,38,480.89,0.42689,0.0050567,0,-0.13639,0.00096463,1.0798,55.595
173,521,10,54,526.89,0.24677,0.013115,0,-0.22925,0.00096463,1.0798,55.595
173,521,10,54,366.32,0.23386,0.0097534,0,-0.12737,0.00096463,1.0798,55.595
173,521,10,54,357.03,0.27259,0.016283,0,-0.099562,0.00096463,1.0798,55.595
173,522,15,30,312.79,0.21042,0.012426,1,-2.0616,0.00096463,1.0798,55.595
173,522,15,30,334.81,0.20309,0.018121,1,-2.0996,0.00096463,1.0798,55.595
173,522,15,30,409.82,0.24078,0.014042,1,-2.1156,0.00096463,1.0798,55.595
174,523,10,30,328.78,0.27626,0.018675,0,-0.12499,-0.0053666,0.079536,64.073
174,523,10,30,340.38,0.28076,0.02979,0,-0.060172,-0.0053666,0.079536,64.073
174,523,10,30,308.24,0.31051,0.022896,0,-0.086991,-0.0053666,0.079536,64.073
174,524,10,33,403.47,0.38699,0.04007,0,-0.084442,-0.0053666,0.079536,64.073
174,524,10,33,406.78,0.40059,0.026261,0,-0.13504,-0.0053666,0.079536,64.073
174,524,10,33,343.38,0.38926,0.030574,0,-0.11863,-0.0053666,0.079536,64.073
174,525,20,53,352.48,0.20398,0.019277,0,-0.081704,-0.0053666,0.079536,64.073
174,525,20,53,292.61,0.19664,0.02525,0,-0.087671,-0.0053666,0.079536,64.073
174,525,20,53,321.78,0.20475,0.019194,0,-0.087008,-0.0053666,0.079536,64.073
175,526,15,40,314.82,0.19202,0.020887,0,-0.1359,-0.0063983,0.075267,75.779
175,526,15,40,313.37,0.19438,0.021848,0,-0.053892,-0.0063983,0.075267,75.779
175,526,15,40,315.18,0.19563,0.018386,0,-0.086561,-0.0063983,0.075267,75.779
175,527,20,45,350.06,0.1804,0.0099389,0,-0.042583,-0.0063983,0.075267,75.779
175,527,20,45,286.36,0.20181,0.011331,0,-0.068909,-0.0063983,0.075267,75.779
175,527,20,45,284.07,0.18317,0.010792,0,-0.08196,-0.0063983,0.075267,75.779
175,528,10,57,486.24,0.65282,0.0050141,0,-0.22921,-0.0063983,0.075267,75.779
175,528,10,57,547.87,0.60292,0.0056326,0,-0.25976,-0.0063983,0.075267,75.779
175,528,10,57,422.19,0.70002,0.0081281,0,-0.13706,-0.0063983,0.075267,75.779
176,529,10,33,314.87,0.26163,0.0088385,0,-0.12554,-0.024578,0.10067,63.443
176,529,10,33,324.51,0.25216,0.015226,0,-0.032011,-0.024578,0.10067,63.443
176,529,10,33,288.16,0.24161,0.015127,0,-0.082606,-0.024578,0.10067,63.443
176,530,10,49,475.24,0.44159,0.014665,0,-0.27876,-0.024578,0.10067,63.443
176,530,10,49,579.14,0.40616,0.010607,0,-0.40162,-0.024578,0.10067,63.443
176,530,10,49,396.16,0.44896,0.011714,0,-0.12429,-0.024578,0.10067,63.443
176,531,15,55,342.28,0.20768,0.012545,0,-0.054599,-0.024578,0.10067,63.443
176,531,15,55,323.69,0.22181,0.028493,0,-0.1104,-0.024578,0.10067,63.443
176,531,15,55,319,0.22236,0.013088,0,-0.088052,-0.024578,0.10067,63.443
177,532,20,35,305.01,0.15994,0.018128,0,-0.068613,-0.0041931,0.39096,82.177
177,532,20,35,280.99,0.15243,0.020253,1,-2.0234,-0.0041931,0.39096,82.177
177,532,20,35,245.25,0.15266,0.015949,0,-0.072744,-0.0041931,0.39096,82.177
177,533,15,47,484.74,0.36111,0.029637,0,-0.27901,-0.0041931,0.39096,82.177
177,533,15,47,538.38,0.38986,0.054426,0,-0.22476,-0.0041931,0.39096,82.177
177,533,15,47,369.3,0.40009,0.022256,0,-0.11273,-0.0041931,0.39096,82.177
177,534,20,45,393.31,0.20607,0.015092,0,-0.16403,-0.0041931,0.39096,82.177
177,534,20,45,298.81,0.20033,0.02058,0,-0.041197,-0.0041931,0.39096,82.177
177,534,20,45,302.38,0.21169,0.018145,0,-0.083831,-0.0041931,0.39096,82.177
178,535,10,60,560.2,0.36189,0.0093686,0,-0.11572,-0.0054982,0.35439,60.229
178,535,10,60,468.67,0.38052,0.014973,0,-0.10256,-0.0054982,0.35439,60.229
178,535,10,60,431.72,0.40698,0.012335,0,-0.1312,-0.0054982,0.35439,60.229
178,536,20,36,306.04,0.22783,0.025462,1,-2.1335,-0.0054982,0.35439,60.229
178,536,20,36,322.87,0.23389,0.0043373,0,-0.07987,-0.0054982,0.35439,60.229
178,536,20,36,306.76,0.22824,0.029211,0,-0.087792,-0.0054982,0.35439,60.229
178,537,10,41,408.92,0.39066,0.0089683,0,-0.099126,-0.0054982,0.35439,60.229
178,537,10,41,409.46,0.38619,0.0089237,0,-0.1151,-0.0054982,0.35439,60.229
178,537,10,41,351.04,0.42739,0.018775,0,-0.1032,-0.0054982,0.35439,60.229
179,538,10,46,417.44,0.29251,0.030765,0,-0.056754,0.0022069,0.065755,53.541
179,538,10,46,370.43,0.27764,0.022586,0,-0.11661,0.0022069,0.065755,53.541
179,538,10,46,378.95,0.30779,0.024862,0,-0.108,0.0022069,0.065755,53.541
179,539,10,30,310.23,0.23507,0.0085224,0,-0.01318,0.0022069,0.065755,53.541
179,539,10,30,422.13,0.24666,0.011713,0,-0.18457,0.0022069,0.065755,53.541
179,539,10,30,345.06,0.27366,0.0039253,0,-0.097174,0.0022069,0.065755,53.541
179,540,10,38,283.82,0.22178,0.0017786,0,-0.055946,0.0022069,0.065755,53.541
179,540,10,38,300.12,0.20841,0.0088198,0,-0.054934,0.0022069,0.065755,53.541
179,540,10,38,286.24,0.21298,0.0059522,0,-0.079576,0.0022069,0.065755,53.541
180,541,15,52,274.3,0.14486,0.016768,0,-0.079123,0.0018691,0.094978,99.928
180,541,15,52,429.01,0.14044,0.042256,0,-0.14001,0.0018691,0.094978,99.928
180,541,15,52,300.02,0.15289,0.020359,0,-0.082424,0.0018691,0.094978,99.928
180,542,20,60,316.2,0.20409,0.033965,0,-0.11273,0.0018691,0.094978,99.928
180,542,20,60,387.22,0.19712,0.029424,0,-0.11697,0.0018691,0.094978,99.928
180,542,20,60,327.75,0.21724,0.018714,0,-0.097014,0.0018691,0.094978,99.928
180,543,20,44,368.2,0.23825,0.020053,0,-0.047338,0.0018691,0.094978,99.928
180,543,20,44,363.36,0.2424,0.014983,0,-0.028061,0.0018691,0.094978,99.928
180,543,20,44,374.49,0.2621,0.015444,0,-0.10791,0.0018691,0.094978,99.928
181,544,10,40,417.76,0.21844,0.012109,0,-0.17995,-0.017358,0.031483,63.656
181,544,10,40,373.54,0.22486,0.018535,0,-0.13466,-0.017358,0.031483,63.656
181,544,10,40,309.59,0.26744,0.018374,0,-0.091144,-0.017358,0.031483,63.656
181,545,15,36,404.09,0.31794,0.031181,0,-0.19705,-0.017358,0.031483,63.656
181,545,15,36,375.8,0.3163,0.028754,0,-0.096069,-0.017358,0.031483,63.656
181,545,15,36,330.54,0.30407,0.043124,0,-0.10035,-0.017358,0.031483,63.656
181,546,10,53,481.23,0.23278,0.027293,0,-0.20817,-0.017358,0.031483,63.656
181,546,10,53,442.59,0.29441,0.032176,0,-0.13075,-0.017358,0.031483,63.656
181,546,10,53,353.73,0.28954,0.024828,0,-0.10339,-0.017358,0.031483,63.656
182,547,10,31,373.74,0.19867,0.020699,0,-0.16947,-0.0048598,0.41974,53.387
182,547,10,31,407.34,0.17859,0.019042,0,-0.14743,-0.0048598,0.41974,53.387
182,547,10,31,326.03,0.20287,0.012734,0,-0.095596,-0.0048598,0.41974,53.387
182,548,15,36,362.11,0.21385,0.034631,0,-0.14169,-0.0048598,0.41974,53.387
182,548,15,36,335.7,0.24339,0.015647,1,-2.0897,-0.0048598,0.41974,53.387
182,548,15,36,326.26,0.23087,0.010669,0,-0.093827,-0.0048598,0.41974,53.387
182,549,15,32,338.87,0.16927,0.0099055,0,-0.035836,-0.0048598,0.41974,53.387
182,549,15,32,345.97,0.18012,0.034335,0,-0.095323,-0.0048598,0.41974,53.387
182,549,15,32,296.91,0.17629,0.017725,0,-0.084971,-0.0048598,0.41974,53.387
183,550,20,39,283.92,0.15239,0.0088955,2,-4.0522,0.0063528,2.0773,70.463
183,550,20,39,298.99,0.17815,0.0047148,1,-2.0713,0.0063528,2.0773,70.463
183,550,20,39,268.77,0.17898,0.010517,0,-0.076618,0.0063528,2.0773,70.463
183,551,10,59,389.47,0.46306,0.028731,0,-0.10523,0.0063528,2.0773,70.463
183,551,10,59,448.82,0.41297,0.032082,0,-0.082069,0.0063528,2.0773,70.463
183,551,10,59,406.93,0.4818,0.014373,0,-0.12335,0.0063528,2.0773,70.463
183,552,10,33,375.42,0.33177,0.014221,0,-0.16044,0.0063528,2.0773,70.463
183,552,10,33,410,0.34004,0.019207,0,-0.13525,0.0063528,2.0773,70.463
183,552,10,33,367.27,0.4174,0.019616,0,-0.11265,0.0063528,2.0773,70.463
184,553,15,51,366.01,0.18175,0.027892,0,-0.15674,-0.018146,0.016276,84.148
184,553,15,51,311.31,0.20019,0.01705,0,-0.097207,-0.018146,0.016276,84.148
184,553,15,51,308.21,0.18589,0.022182,0,-0.090371,-0.018146,0.016276,84.148
184,554,15,60,338.61,0.20728,0.0081322,0,-0.13104,-0.018146,0.016276,84.148
184,554,15,60,362.59,0.21191,0.01011,0,-0.052974,-0.018146,0.016276,84.148
184,554,15,60,327.9,0.21872,0.0083437,0,-0.092595,-0.018146,0.016276,84.148
184,555,15,36,343.41,0.27927,0.031752,0,-0.10626,-0.018146,0.016276,84.148
184,555,15,36,362.67,0.28681,0.021196,0,-0.19788,-0.018146,0.016276,84.148
184,555,15,36,358.91,0.30645,0.013976,0,-0.112,-0.018146,0.016276,84.148
185,556,15,52,370.04,0.22191,0.040345,0,-0.072124,-0.0012639,0.0091897,90.454
185,556,15,52,323.18,0.23996,0.010982,0,-0.056778,-0.0012639,0.0091897,90.454
185,556,15,52,342.31,0.2265,0.02343,0,-0.098205,-0.0012639,0.0091897,90.454
185,557,15,55,415.91,0.2906,0.0066984,0,-0.24626,-0.0012639,0.0091897,90.454
185,557,15,55,391.05,0.32885,0.0099277,0,-0.023097,-0.0012639,0.0091897,90.454
185,557,15,55,382.25,0.34203,0.023918,0,-0.11186,-0.0012639,0.0091897,90.454
185,558,15,50,346.25,0.29123,0.015789,0,-0.073511,-0.0012639,0.0091897,90.454
185,558,15,50,445.46,0.30331,0.020684,0,-0.17866,-0.0012639,0.0091897,90.454
185,558,15,50,342.05,0.31953,0.01797,0,-0.10673,-0.0012639,0.0091897,90.454
186,559,10,55,401.66,0.28981,0.0082216,0,-0.072831,-0.012465,0.0047692,69.517
186,559,10,55,427.98,0.27223,0.0073012,0,-0.1932,-0.012465,0.0047692,69.517
186,559,10,55,380.52,0.33472,0.0052855,0,-0.11777,-0.012465,0.0047692,69.517
186,560,20,44,345.36,0.30983,0.016067,0,-0.039459,-0.012465,0.0047692,69.517
186,560,20,44,365.31,0.33788,0.030191,0,-0.05897,-0.012465,0.0047692,69.517
186,560,20,44,352.98,0.33537,0.016956,0,-0.10355,-0.012465,0.0047692,69.517
186,561,10,51,448.24,0.24314,0.011765,0,-0.060191,-0.012465,0.0047692,69.517
186,561,10,51,445.41,0.20794,0.017158,0,-0.1819,-0.012465,0.0047692,69.517
186,561,10,51,350.21,0.25237,0.0060566,0,-0.10313,-0.012465,0.0047692,69.517
