iter,seed,category,ret,E_wh,T_s,unserved,E_lamE_high,T_lamE_high,E_lamT_high,T_lamT_high,pg_loss,v_loss,entropy,kl,energy_check_err
0,42,1,-0.42643,536.95,832.83,0,533.24,830.56,539.5,834.39,-0.0090648,0.012127,1.0533,0.0089601,6.1035e-05
1,43,1,-0.5146,634.45,963.63,0,637.39,976.38,631.31,950.06,-0.0086254,0.014802,1.3405,0.010159,0.00012207
2,44,2,-0.41027,782.19,1130.8,0,781.12,1126.7,783.47,1135.8,-4.5172e-05,0.0072096,1.6862,0.0042617,0.00012207
3,45,1,-0.50523,607.03,922.97,0,604.16,924.64,610.72,920.84,-0.0060262,0.0037281,1.2346,0.0065647,0.00012207
4,46,1,-0.45049,571.96,849.34,0,568.58,860.97,574.94,839.08,-0.015437,0.0034512,1.2415,0.0071723,6.1035e-05
5,47,2,-0.36789,717,1018.5,0,724.78,1037.5,708.72,998.41,-0.0083317,0.0024415,1.5962,0.0081663,0.00012207
6,48,3,-0.30413,797.59,1090.4,0,806.67,1112.7,788.51,1068.1,-0.0094877,0.0015503,1.8807,0.01234,0.00018311
7,49,1,-0.43595,530.88,780.65,0,533.08,780.85,527.44,780.35,-0.012797,0.0036745,0.90502,0.024393,6.1035e-05
8,50,1,-0.48658,601.73,861.88,0,599.23,852.35,604.08,870.84,-0.0058604,0.0025603,1.1965,0.017277,0.00012207
9,51,1,-0.31913,411.18,569.46,0,415.57,582.09,407.3,558.32,-0.016885,0.001928,0.79277,0.008497,6.1035e-05
10,52,1,-0.49346,625.52,867.17,0,620.36,864.06,631.01,870.49,-0.011826,0.0025726,1.3032,0.012171,6.1035e-05
11,53,3,-0.28939,760.69,993.09,0,761.09,989.33,760.3,996.85,-0.0041785,0.0015117,1.668,0.015422,0.00018311
12,54,3,-0.27323,722.09,953.07,0,726.08,970.26,718.99,939.7,-0.0090536,0.00088608,1.5046,0.011804,0.00018311
13,55,0,-0.72718,405.88,582.42,0.078125,408.75,590.12,403.65,576.43,-0.018428,0.078151,0.59855,0.0040015,6.1035e-05
14,56,2,-0.3034,593.41,779.76,0,604.57,793.48,580.77,764.19,0.0033311,0.0075475,1.2904,0.016385,0.00012207
15,57,1,-0.2848,370.02,487.14,0,368.41,483,371.54,491.04,-0.022102,0.0073671,0.21839,0.025931,6.1035e-05
16,58,2,-0.32898,653.29,849.33,0,647.85,840.59,659.08,858.63,-0.0049148,0.00099371,0.84728,0.0097136,0.00012207
17,59,0,-0.69268,391.48,574.46,0.0625,388.44,587.09,394.53,561.83,-0.0077836,0.076644,0.23818,0.0074417,3.0518e-05
18,60,1,-0.39137,511.77,675.53,0,509.55,689.66,514.28,659.52,0.0034266,0.017799,0.51064,0.040449,0.00012207
19,61,3,-0.25146,683.66,834.76,0,680.09,840.3,687.23,829.22,-0.0025736,0.0040438,1.163,0.015195,0.00012207
20,62,3,-0.2559,681.59,855.94,0,673.69,852.29,695.68,862.45,-0.0012043,0.00079648,1.4308,0.018892,0.00012207
21,63,2,-0.25969,529.93,674.31,0,534.14,684.71,526.65,666.23,-0.0018641,0.00077414,0.84925,0.011304,6.1035e-05
22,64,0,-1.5286,426.19,585.63,0.84375,428.35,593.51,424.03,577.75,-0.019637,0.85842,0.39637,0.028369,3.0518e-05
23,65,1,-0.45508,606.09,767.31,0,611.27,769.79,601.22,764.99,0.0048902,0.17922,0.70583,0.025885,0.00012207
24,66,1,-0.32867,426.84,537.49,0,419.86,539.85,436.41,534.24,-0.0033834,0.019281,0.49156,0.0077182,6.1035e-05
25,67,0,-0.67746,395.5,559.31,0.015625,396.86,561.91,393.64,555.75,-0.017056,0.047303,0.18566,0.010063,6.1035e-05
26,68,2,-0.25946,518.68,652.47,0,515.65,652.78,523.12,652.01,0.0006629,0.016047,0.84948,0.022256,6.1035e-05
27,69,0,-0.7123,381.67,564.9,0.078125,382.4,571.03,380.74,557.02,-0.036674,0.091925,0.11958,0.015192,6.1035e-05
28,70,3,-0.19747,537.48,646.72,0,545.84,664.82,528.01,626.2,-0.0015593,0.012845,0.71184,0.013174,0.00012207
29,71,2,-0.25524,507.57,655.12,0,503.38,656.91,511.5,653.43,-0.0086452,0.0026094,0.59756,0.017455,0.00012207
30,72,1,-0.31696,398.94,523.97,0,396.91,519.15,401.91,531.01,0.0010567,0.001836,0.32849,0.034678,6.1035e-05
31,73,2,-0.28126,548.19,715.36,0,559.95,726.34,530.99,699.31,0.0025492,0.0014135,0.47541,0.02705,6.1035e-05
32,74,3,-0.22093,599.07,719.88,0,604.37,726,593.44,713.36,-0.0058234,0.00045368,0.69636,0.027935,0.00012207
33,75,3,-0.18526,512.07,613.42,0,512.4,622.03,511.76,605.34,-0.004478,0.00038653,0.66339,0.015412,0.00012207
34,76,1,-0.38864,500.85,658.4,0,502.68,666.5,498.91,649.79,-0.005627,0.0025163,0.16124,0.030034,6.1035e-05
35,77,1,-0.3003,400.42,527.91,0,394.71,519.24,405.15,535.09,-0.0077208,0.0015784,-0.0111,-0.00059241,6.1035e-05
36,78,2,-0.25896,532.74,681.15,0,534.23,696.5,531.79,671.3,-0.0096604,0.00088847,0.41728,0.033109,0.00012207
37,79,0,-0.62144,377.84,555.66,0,376.45,566.83,379.32,543.78,-0.016837,0.013894,-0.090884,0.029919,3.0518e-05
38,80,3,-0.16679,473.72,568.24,0,469.67,555.56,476.49,576.92,0.0020488,0.0077525,0.39201,0.029584,9.1553e-05
39,81,1,-0.38847,512.04,660.05,0,521.62,689.32,501.85,628.9,0.0032284,0.0016797,-0.043406,0.073466,6.1035e-05
40,82,3,-0.18348,516.03,586.1,0,514.31,585.69,517.86,586.54,0.010661,0.0011379,0.43073,0.021015,0.00012207
41,83,1,-0.35394,471.23,605.27,0,461.88,606.51,479.48,604.18,0.0018594,0.0021422,0.29124,0.022791,9.1553e-05
42,84,3,-0.17473,488.17,566.38,0,485.18,573.84,490.98,559.38,-0.0044421,0.0012849,0.24697,0.015317,0.00012207
43,85,0,-0.793,427.12,585.22,0.09375,426.61,589.36,427.71,580.53,-0.01255,0.10973,-0.18743,0.025396,6.1035e-05
44,86,1,-0.40111,537.05,675.33,0,532.09,674.99,541.43,675.63,-0.012253,0.011678,0.059569,0.037073,0.00012207
45,87,3,-0.19238,545.65,626.73,0,553.6,633.75,539.06,620.93,0.0033767,0.0037752,0.25543,0.032108,0.00012207
46,88,1,-0.37672,509.86,627.17,0,502.81,627.13,516.49,627.21,-0.0038951,0.0015009,0.13326,0.032678,0.00012207
47,89,1,-0.30055,399.51,499.95,0,401.55,512.45,397.46,487.45,-0.0034756,0.0016398,-0.064212,0.022477,6.1035e-05
48,90,1,-0.32102,415.75,525.16,0,413.81,526.05,418.25,524.02,-0.017328,0.0010106,-0.30767,0.059201,6.1035e-05
49,91,1,-0.28084,373.59,457.67,0,370.62,466.15,376.56,449.19,-0.020938,0.0005894,-0.3627,0.027716,3.0518e-05
50,92,2,-0.2172,440.86,548.94,0,444.75,550.79,436.97,547.09,0.0038972,0.0014463,-0.14061,0.11542,6.1035e-05
51,93,2,-0.27996,580.63,695.4,0,575.85,699.39,586.04,690.89,0.014351,0.00051328,-0.001667,0.055259,6.1035e-05
52,94,0,-0.46414,311.67,400.18,0,307.09,414.31,314.8,390.5,-0.018831,0.0057343,-0.57472,0.020885,3.0518e-05
53,95,3,-0.1809,515.97,579.75,0,515.18,593.36,516.72,566.96,0.00067099,0.0017892,0.086993,0.023873,0.00012207
54,96,3,-0.19038,536.18,600.12,0,535.7,598.37,536.66,601.87,0.013508,0.00049821,0.14856,0.043231,0.00012207
55,97,1,-0.3938,522.51,649.22,0,519.43,646.82,526,651.95,-0.0072134,0.0039131,-0.081957,0.051037,6.1035e-05
56,98,1,-0.24289,346.21,410.59,0,337.7,415.72,350.67,407.91,-0.016665,0.0027003,-0.30539,0.021131,6.1035e-05
57,99,1,-0.27148,358.25,442.62,0,358.63,460.29,357.79,421.29,-0.0029941,0.0010649,-0.38906,0.010191,6.1035e-05
58,100,3,-0.1892,560.82,613.61,0,545.04,606.22,571.61,618.67,0.011483,0.00069414,0.10093,0.033157,0.00012207
59,101,3,-0.19479,575.74,622.5,0,572.83,633.34,578.01,614.07,0.0035002,0.00033664,0.16593,0.046459,0.00012207
60,102,3,-0.16893,474.55,544.64,0,474.22,547.34,474.89,541.94,-0.0042116,0.00018578,0.080987,0.043721,6.1035e-05
61,103,2,-0.26476,547.88,617.92,0,540.67,611.94,555.56,624.29,0.0052378,0.00080652,0.17948,0.034664,0.00012207
62,104,3,-0.17026,499.62,546.9,0,502.14,569.63,497.66,529.21,-0.012896,0.00017347,0.081776,0.034607,0.00012207
63,105,1,-0.26191,338.24,416.24,0,336.23,427.88,340.99,400.3,-0.013426,0.00091196,-0.15276,0.015165,3.0518e-05
64,106,2,-0.23167,494.93,571.03,0,491.24,582.89,498.19,560.56,-0.01274,0.00058764,-0.10142,0.031539,6.1035e-05
65,107,0,-0.61073,381.65,509.03,0,371.9,525.18,395,486.91,0.017948,0.035861,-0.42869,0.019621,6.1035e-05
66,108,1,-0.26398,387.84,465.32,0,364.49,486.26,400.08,454.36,-0.012623,0.010927,-0.44192,0.062773,6.1035e-05
67,109,2,-0.2723,580.62,654.27,0,570.38,643.39,590.24,664.5,-0.00088538,0.0021679,-0.0062411,0.063424,0.00018311
68,110,0,-0.5747,378.53,499.35,0,372.44,531.63,383.57,472.6,-0.023678,0.010785,-0.32621,0.033482,6.1035e-05
69,111,1,-0.32809,443.64,512.62,0,433.53,526.76,454.4,497.56,-0.015646,0.0042442,-0.29939,0.036457,9.1553e-05
70,112,1,-0.37574,541,626.35,0,532.76,661.51,547.83,597.21,-0.0048717,0.0034551,-0.033315,0.038871,0.00012207
71,113,2,-0.24183,513.09,597.53,0,495.07,587.11,530.01,607.32,-0.012065,0.0050901,0.033674,0.081251,9.1553e-05
72,114,3,-0.23161,675.75,709,0,677.06,723.02,674.27,693.11,-0.0034514,0.00081912,0.41159,0.028264,0.00018311
73,115,0,-0.90466,431.78,528.12,0.3125,420.54,578,437.26,503.77,-0.019619,0.25506,-0.53996,0.026763,6.1035e-05
74,116,1,-0.40469,551.4,648.17,0,534.7,668.23,571.57,623.96,-0.013551,0.021527,-0.033571,0.027149,6.1035e-05
75,117,0,-1.2046,428.82,558.08,0.51562,432.22,594.62,424.18,508,-0.030388,0.33506,-0.31594,0.063723,6.1035e-05
76,118,1,-0.33154,468.75,566.17,0,460.02,605.69,476.46,531.31,-0.0052179,0.051939,0.0014535,0.015431,6.1035e-05
77,119,2,-0.27348,589.35,683.55,0,581.53,696.61,601.55,663.18,-0.003589,0.0071048,0.1364,0.020448,0.00012207
78,120,3,-0.18733,544.92,605.66,0,536.45,616.91,553.39,594.42,-0.0059152,0.0012751,0.18693,0.019096,0.00012207
79,121,1,-0.2566,350.39,421.36,0,333.64,438.98,366.13,404.81,-0.02019,0.0020095,-0.28475,0.087117,6.1035e-05
80,122,3,-0.19368,544.96,617.85,0,534.56,629.24,559.22,602.23,0.0097864,0.0011021,0.26888,0.061582,0.00012207
81,123,2,-0.27474,590.11,671.72,0,587.22,684.47,592.82,659.73,0.00060852,0.00074058,0.20792,0.035064,0.00012207
82,124,2,-0.28978,633.94,716.49,0,642.09,752.24,627.19,686.87,-0.0092965,0.00046578,0.1326,0.025906,0.00012207
83,125,1,-0.45967,616,767.55,0,608.92,792.15,624.54,737.87,-0.010396,0.0049777,0.37501,0.025448,0.00012207
84,126,2,-0.28093,596.19,712.68,0,595.63,731.46,596.78,692.69,-0.0083576,0.001423,0.45239,0.030948,0.00012207
85,127,1,-0.30294,405.91,515.27,0,398.36,560.79,413.95,466.81,-0.025504,0.00099765,0.055152,0.061106,6.1035e-05
86,128,2,-0.29923,637.66,753.7,0,626.25,778.31,647.72,731.98,-0.0065755,0.00087714,0.34779,0.013323,0.00012207
87,129,3,-0.21472,624.84,700.23,0,622.33,717.42,628.06,678.12,-0.0090178,0.00032536,0.49048,0.03469,0.00018311
88,130,2,-0.28393,601.86,693.72,0,600.51,724.1,603.31,661.38,0.0029431,0.00043877,0.21262,0.034657,0.00018311
89,131,3,-0.20813,599.58,679.16,0,591.89,711.06,605.57,654.36,-0.0034107,0.00024026,0.45408,0.033618,0.00012207
90,132,3,-0.18034,527.3,584.72,0,519.22,597.95,532.83,575.68,-0.0097431,0.00022348,0.20979,0.030469,9.1553e-05
91,133,2,-0.21924,473.79,536.27,0,469.07,554.3,477.95,520.37,-0.0097176,0.00033077,0.035931,0.032885,9.1553e-05
92,134,0,-0.4646,304.19,386.58,0,305.95,420.18,302.31,350.82,-0.027961,0.0056092,-0.47205,0.12632,3.0518e-05
93,135,3,-0.2039,569.73,669.78,0,559.28,683.24,582.34,653.55,0.0043107,0.00064818,0.20535,0.035242,0.00012207
94,136,0,-0.58312,381.36,487.45,0,375.77,541.17,386.61,436.99,0.0011233,0.0067188,-0.43603,0.02026,6.1035e-05
95,137,0,-0.73957,424.74,510.67,0.15625,405.62,571.71,436.21,474.05,-0.0069223,0.097692,-0.46141,0.021567,6.1035e-05
96,138,0,-0.51313,343.33,436.65,0,334.05,471.78,353.85,396.83,-0.010826,0.021361,-0.82271,0.0093674,6.1035e-05
97,139,3,-0.21702,640.7,686.48,0,633.75,700.1,647.65,672.87,-0.0080625,0.0027658,0.23174,0.031553,0.00012207
98,140,0,-0.62912,415.01,523.41,0,405.1,556.99,424.92,489.82,-0.011696,0.013962,-0.65862,0.014538,3.0518e-05
99,141,2,-0.26092,561.15,633.78,0,556.2,646.19,567.12,618.79,-0.010102,0.0069307,-0.039057,0.012254,0.00012207
100,142,1,-0.337,461.3,543.88,0,439.64,575.16,485.85,508.43,-0.0048229,0.0016775,-0.33304,0.023666,6.1035e-05
101,143,1,-0.34501,482.79,562.81,0,471.44,577.32,495.65,546.36,-0.012058,0.0013815,-0.092981,0.063613,9.1553e-05
102,144,2,-0.23663,516.34,587.42,0,505.25,608.36,527.44,566.48,-0.0089199,0.0014899,-0.13406,0.034262,0.00012207
103,145,1,-0.30241,415.23,496.77,0,397.8,543.07,433.78,447.49,-0.011031,0.0011778,-0.49045,0.034799,6.1035e-05
104,146,0,-0.63457,415.33,523.69,0.015625,402.39,576.62,428.27,470.77,-0.0093735,0.015126,-0.99705,0.031856,6.1035e-05
105,147,2,-0.24035,516.84,551.99,0,510.74,564.14,524.2,537.32,-0.010057,0.0040958,-0.54876,0.033598,0.00012207
106,148,1,-0.39521,559.77,648.96,0,544.62,665.88,573.13,634.04,-0.014635,0.0025958,-0.44928,0.043774,6.1035e-05
107,149,3,-0.19445,573.7,597.34,0,565.4,602.31,586.66,589.6,0.013032,0.00090477,-0.20529,0.039797,0.00012207
108,150,1,-0.21389,319.1,357.08,0,307.11,396.56,327.85,328.27,-0.00074198,0.0014164,-0.58704,0.025714,6.1035e-05
109,151,2,-0.25065,548.45,620.77,0,541.18,648.47,555.72,593.06,-0.022011,0.00039444,-0.3064,0.10915,0.00012207
110,152,1,-0.3039,426.52,486.51,0,412.39,540.12,440.65,432.9,-0.0070207,0.0015672,-0.73745,0.028116,6.1035e-05
111,153,3,-0.1817,544.33,583.73,0,536.52,601.07,552.13,566.39,0.0089259,0.0010226,-0.19992,0.028682,0.00012207
112,154,3,-0.20003,567.75,621.99,0,559,635.27,583.35,598.3,-0.0084721,0.00028222,-0.11418,0.023969,0.00012207
113,155,1,-0.318,440.19,529.15,0,419.24,594.59,461.15,463.72,-0.002547,0.0021645,-0.45693,0.015561,6.1035e-05
114,156,0,-0.73425,438.13,538.53,0.09375,429.22,593.15,446.5,487.22,-0.021127,0.074602,-0.92433,0.046185,6.1035e-05
115,157,3,-0.20952,618.93,666.42,0,606.71,685.7,633.69,643.14,-0.005256,0.0060834,0.041235,0.015963,0.00012207
116,158,0,-0.52708,347.55,446.01,0,338.62,495.36,355.43,402.46,-0.020886,0.0057346,-0.92304,0.07664,6.1035e-05
117,159,0,-0.53295,355.49,444.12,0,343.34,496.65,368.43,388.21,-0.012494,0.0031159,-0.95095,0.012389,6.1035e-05
118,160,2,-0.27152,608.57,648.26,0,597.59,659.96,618.89,637.28,0.0031583,0.0021339,-0.098398,0.052292,0.00012207
119,161,1,-0.31998,459.53,530.54,0,435.97,579.93,483.08,481.15,-0.010504,0.0015295,-0.52724,0.032807,6.1035e-05
120,162,2,-0.23322,509.85,569.76,0,489.3,576.44,536.27,561.17,-0.017822,0.0016256,-0.26745,0.12765,0.00012207
121,163,3,-0.20107,592.88,638.96,0,562.59,644.77,627.21,632.37,-0.0091585,0.00032493,0.078313,0.034198,0.00012207
122,164,0,-0.97285,434.42,558.4,0.32812,417.49,651.63,450.33,470.82,-0.017819,0.2495,-0.65789,0.020876,6.1035e-05
123,165,2,-0.19224,437.35,482.14,0,416.22,490.32,455.99,474.93,-0.011772,0.060834,-0.069764,0.058735,6.1035e-05
124,166,1,-0.2431,347.73,402.66,0,322.27,436.5,373.19,368.82,-0.0081824,0.0009065,-0.70115,0.010974,6.1035e-05
125,167,3,-0.17533,519.51,557.03,0,518.4,574.6,520.95,534.43,-0.0024361,0.00057611,-0.0011328,0.017544,0.00012207
126,168,0,-1.3844,448.5,574.4,0.70312,447.86,651.1,449.24,487.47,-0.064202,0.51238,-0.93878,0.010352,3.0518e-05
127,169,2,-0.27924,635.13,693.81,0,628.5,730.47,640.63,663.44,0.0012711,0.040885,0.0035595,0.030337,0.00012207
128,170,2,-0.22906,497.41,557.11,0,508.56,597.24,484.77,511.62,-0.0043107,0.0039052,-0.18994,0.01949,6.1035e-05
129,171,3,-0.20285,595.69,651.33,0,591.23,669.23,601.8,626.81,-0.0044483,0.00051656,0.21356,0.020708,0.00012207
130,172,1,-0.40605,573.11,658.02,0,565.6,680.87,584.09,624.61,-0.012621,0.0040713,-0.19978,0.040547,6.1035e-05
131,173,3,-0.2035,616.38,656.62,0,616.45,688,616.3,627.15,0.0018016,0.0013411,0.26401,0.033426,0.00012207
132,174,3,-0.2097,627.38,683.41,0,605.62,706.29,646.58,663.23,-0.0029172,0.00074285,0.18736,0.017586,0.00012207
133,175,1,-0.29097,391.83,476.28,0,368.08,509.1,424.37,431.31,-0.017659,0.0011712,-0.59099,0.070536,6.1035e-05
134,176,0,-0.53627,357.14,472.41,0,344.98,544.25,369.3,400.57,-0.010031,0.02734,-0.92839,0.03265,6.1035e-05
135,177,0,-0.46827,303.64,403.36,0,289.85,446.21,316.6,363.11,-0.024859,0.0074178,-0.74629,0.055894,3.0518e-05
136,178,0,-0.86669,435.12,552.19,0.20312,426.93,622.16,444.41,472.88,-0.024292,0.13055,-0.51494,0.02592,6.1035e-05
137,179,0,-0.57921,369.77,482.34,0,362.92,529.72,378.59,421.41,-0.015204,0.01344,-0.59729,0.047438,6.1035e-05
138,180,3,-0.19759,588.72,645.54,0,581.58,677.23,595.43,615.77,0.0071239,0.0011439,-0.023877,0.028384,0.00012207
139,181,1,-0.3994,553.27,647.96,0,537.87,663.89,571.85,628.73,-0.0014507,0.0047245,-0.4512,0.065768,9.1553e-05
140,182,1,-0.34933,488.34,583.69,0,475.83,658.43,502.52,498.99,-0.0098353,0.0018961,-0.56331,0.027221,0.00012207
141,183,0,-0.66569,411.38,523.62,0.015625,400.16,571.66,430.07,443.55,-0.016512,0.015116,-0.76731,0.028473,6.1035e-05
142,184,1,-0.27913,391.11,454.43,0,374.62,499.43,407.6,409.42,-0.021781,0.0017983,-0.70016,0.04415,6.1035e-05
143,185,2,-0.22363,480.52,550.94,0,459.92,557.39,512.64,540.87,-0.0068808,0.0018322,-0.24727,0.02942,9.1553e-05
144,186,1,-0.36683,514.14,597.8,0,490.17,658.22,538.11,537.37,-0.0095028,0.0044175,-0.41898,0.031836,6.1035e-05
145,187,1,-0.24029,363.27,401.88,0,346.5,452.24,372.68,373.64,-0.0086362,0.001093,-0.81327,0.079802,6.1035e-05
146,188,2,-0.24338,533.75,614.89,0,517.14,628.41,549.36,602.18,-0.0046012,0.001446,-0.13906,0.049685,0.00012207
147,189,0,-0.59236,410.51,497.43,0.03125,398.6,600.4,416.75,443.5,-0.022616,0.026032,-1.1184,0.21995,6.1035e-05
148,190,2,-0.20396,445.82,526.83,0,430.68,555.86,460.96,497.8,-0.010558,0.0038119,-0.28843,0.043462,9.1553e-05
149,191,0,-0.62899,421.21,519.73,0.046875,388.16,574.9,446.92,476.83,-0.0036358,0.032258,-1.0817,0.031032,3.0518e-05
150,192,0,-0.50726,358.96,435.27,0,349.87,496.27,364.79,396.16,-0.015233,0.011572,-0.9732,0.030087,6.1035e-05
151,193,2,-0.24163,538.49,600.61,0,514.47,617.66,556.01,588.18,-0.0059298,0.0014626,-0.29659,0.033128,0.00012207
152,194,3,-0.19252,559.6,604.99,0,555.79,621.27,565.15,581.2,0.0015362,0.00045834,-0.20381,0.022685,0.00012207
153,195,2,-0.24872,532.76,598.91,0,517.3,622.91,550.29,571.71,-0.0017423,0.00036688,-0.35398,0.028099,0.00012207
154,196,0,-0.58408,421.82,505.47,0,408.88,563.95,430.12,467.97,-0.013226,0.0031711,-1.0158,0.11404,6.1035e-05
155,197,0,-0.87714,429.63,536.17,0.21875,417.53,595.44,444.24,464.63,-0.023731,0.1647,-0.99044,0.048761,6.1035e-05
156,198,1,-0.35686,514.05,591.95,0,498.96,614.55,529.14,569.35,-0.01331,0.0056877,-0.54623,0.018367,0.00012207
157,199,0,-0.6608,436.67,543.63,0,419.63,595.92,455.97,484.37,-0.0093914,0.020926,-1.1765,0.011088,6.1035e-05
158,200,0,-0.70072,421.35,537.6,0.03125,406.02,575.59,445.26,478.34,-0.010333,0.024248,-1.004,0.015186,6.1035e-05
159,201,3,-0.19181,558.65,607.58,0,539.92,611.5,581.24,602.85,0.0013818,0.0016426,-0.27483,0.021137,0.00012207
160,202,0,-0.58492,392.59,471.81,0,385.46,509.43,400.69,429.17,-0.019766,0.002175,-0.8734,0.046528,6.1035e-05
161,203,3,-0.19747,609.47,621.36,0,590.54,637.94,622.43,610.02,-0.0063831,0.00023945,-0.25136,0.028044,0.00012207
162,204,3,-0.19082,572.46,599.92,0,566.35,626.07,577.85,576.85,-0.0021538,0.00035236,-0.18295,0.035859,0.00012207
163,205,1,-0.36423,496.6,597.01,0,475.09,636.2,524.27,546.62,-0.0060044,0.0030565,-0.6367,0.011657,0.00012207
164,206,1,-0.32448,454.65,537.34,0,443.63,568.26,467.94,500.03,-0.0046481,0.0018309,-0.65577,0.019788,6.1035e-05
165,207,2,-0.21808,485,538.5,0,475.76,556.53,493.16,522.59,0.0069409,0.0018137,-0.51939,0.035814,9.1553e-05
166,208,1,-0.38167,542.2,616.24,0,537.61,660.96,546.52,574.23,-0.0077089,0.0022369,-0.39593,0.024368,0.00012207
167,209,0,-0.61383,394.29,506.02,0,383.66,543.09,408.85,455.23,-0.012052,0.0015687,-0.97433,0.027937,6.1035e-05
168,210,3,-0.21126,635.22,644.86,0,616.06,656.52,656.94,631.65,-0.0049995,0.00084404,-0.19672,0.039479,0.00012207
169,211,0,-0.96034,435.83,555.09,0.29688,434.48,614.89,437.26,491.44,-0.013127,0.18927,-0.83763,0.02954,6.1035e-05
170,212,1,-0.27823,411.91,477.77,0,388.76,526.61,431.1,437.3,-0.013163,0.014107,-0.87609,0.034398,6.1035e-05
171,213,1,-0.29936,423.8,495.11,0,406.33,536.7,442.4,450.83,-0.0065563,0.0023766,-0.91604,0.026785,6.1035e-05
172,214,1,-0.39693,563.88,653.73,0,549.72,691.09,578.04,616.37,-0.011434,0.0016762,-0.66289,0.037687,0.00012207
173,215,1,-0.32588,460.12,541.18,0,446.98,566.81,474.11,513.9,-0.010086,0.00099328,-0.53765,0.043679,6.1035e-05
174,216,0,-0.55593,365.11,453.64,0,352.03,494.33,378.19,412.94,-0.014984,0.029184,-0.93372,0.010749,3.0518e-05
175,217,3,-0.20408,605.84,620.9,0,596.31,637.45,617.33,600.93,-0.0045942,0.00056195,-0.05672,0.050985,0.00012207
176,218,2,-0.21041,476,524.7,0,465.98,541.82,483.79,511.39,-0.0027217,0.00038404,-0.31621,0.015274,9.1553e-05
177,219,2,-0.20789,466.25,521.15,0,455.71,544.41,474.44,503.06,-0.016096,0.00036059,-0.61859,0.042489,0.00012207
178,220,3,-0.19144,580.01,594.34,0,574.45,613.88,585.23,575.98,-0.0079512,0.00021061,-0.17448,0.026695,0.00012207
179,221,0,-0.61603,399.3,504.4,0,385.15,550.25,417.5,445.45,-0.013902,0.0097961,-0.68952,0.024825,6.1035e-05
180,222,1,-0.30195,429.97,497.84,0,410.73,554.63,448.05,444.5,-0.003682,0.00067899,-0.77255,0.019174,6.1035e-05
181,223,1,-0.28235,399.01,468.94,0,383.08,517.75,414.95,420.13,-0.026334,0.00061589,-0.80179,0.021608,6.1035e-05
182,224,1,-0.37163,524.07,621.15,0,514.99,674.93,533.15,567.38,-0.0024273,0.001705,-0.78809,0.023268,9.1553e-05
183,225,0,-0.57712,384.56,475.04,0,366.45,517.47,401.57,435.18,-0.026281,0.0065598,-0.96823,0.034621,6.1035e-05
184,226,3,-0.18794,551.84,592.78,0,538.53,615.99,568.94,562.95,-0.0022804,0.00055199,-0.38206,0.015943,0.00012207
185,227,0,-0.52447,359.4,454.62,0,341.62,509.03,375.09,406.62,-0.015882,0.0026557,-1.0171,0.028675,6.1035e-05
186,228,0,-0.558,386.64,481.36,0,369.07,552.62,402.14,418.49,-0.018831,0.0016852,-1.0973,0.043913,3.0518e-05
187,229,2,-0.22926,509.69,555.54,0,499.19,588.8,520.19,522.27,-0.0082427,0.0012114,-0.8802,0.052071,6.1035e-05
188,230,0,-0.67276,422.72,546.37,0.046875,404.54,619.9,440.9,472.83,-0.019741,0.034794,-0.97481,0.050964,3.0518e-05
189,231,3,-0.20355,580.19,646.76,0,571.8,674.69,593.27,603.18,-0.010957,0.0015685,-0.040731,0.050998,0.00012207
190,232,1,-0.24652,373.35,426.53,0,354.75,479.39,386.93,387.96,-0.012042,0.001732,-0.94998,0.034774,6.1035e-05
191,233,0,-0.61422,403.83,496.71,0.015625,391.95,548.29,417.28,438.26,-0.022655,0.015628,-1.1369,0.061473,3.0518e-05
192,234,1,-0.29611,405.32,478.07,0,391.29,517.4,422.25,430.6,-0.0083308,0.001053,-0.70103,0.0097447,6.1035e-05
193,235,1,-0.26658,382.19,473.16,0,356.55,532.31,407.84,414.01,-0.026145,0.00035589,-0.91107,0.066294,6.1035e-05
194,236,0,-0.4601,311.09,393.37,0,300.14,438.89,321.37,350.61,-0.015236,0.0028197,-0.73097,0.089155,3.0518e-05
195,237,1,-0.24907,367.59,431.2,0,353.48,498.4,378.57,378.93,-0.0056061,0.00054175,-1.0024,0.03779,6.1035e-05
196,238,2,-0.24677,566.5,628.07,0,548.43,651.2,577.35,614.2,-0.006916,0.0010231,-0.34659,0.016252,0.00012207
197,239,3,-0.18464,552.92,593.59,0,532.07,616.49,572.5,572.07,-0.0042342,0.00025403,-0.22255,0.037318,0.00012207
198,240,3,-0.20032,634.17,658.3,0,617.7,680.15,646.19,642.35,-0.0066123,0.00027239,-0.15472,0.027303,0.00018311
199,241,1,-0.25376,375.14,432.55,0,356.33,490.6,392.82,378.02,-0.019888,0.00047004,-0.90137,0.0356,6.1035e-05
200,242,2,-0.25373,581.38,637.27,0,566.09,655.51,590.56,626.33,-0.0015067,0.00050757,-0.57384,0.029217,0.00018311
201,243,2,-0.2507,539.78,627.26,0,532.58,654.23,552.62,579.2,-0.0096696,0.00043967,-0.46436,0.060811,0.00012207
202,244,3,-0.19422,579.79,640.24,0,565.2,668.37,593.5,613.81,-0.01003,0.0002807,-0.21187,0.026781,0.00012207
203,245,0,-0.62508,406.05,494.04,0.03125,384.67,540.39,427.43,447.68,-0.018576,0.020965,-1.1524,0.002223,6.1035e-05
204,246,0,-0.7161,442.56,565.86,0.046875,425.12,635.12,460.01,496.6,-0.012911,0.033978,-1.1144,0.031227,6.1035e-05
0,42,1,-0.42643,536.95,832.83,0,533.24,830.56,539.5,834.39,-0.0090648,0.012127,1.0533,0.0089601,6.1035e-05
1,43,1,-0.5146,634.45,963.63,0,637.39,976.38,631.31,950.06,-0.0086254,0.014802,1.3405,0.010159,0.00012207
2,44,2,-0.41027,782.19,1130.8,0,781.12,1126.7,783.47,1135.8,-4.5172e-05,0.0072096,1.6862,0.0042617,0.00012207
3,45,1,-0.50523,607.03,922.97,0,604.16,924.64,610.72,920.84,-0.0060262,0.0037281,1.2346,0.0065647,0.00012207
4,46,1,-0.45049,571.96,849.34,0,568.58,860.97,574.94,839.08,-0.015437,0.0034512,1.2415,0.0071723,6.1035e-05
5,47,2,-0.36789,717,1018.5,0,724.78,1037.5,708.72,998.41,-0.0083317,0.0024415,1.5962,0.0081663,0.00012207
6,48,3,-0.30413,797.59,1090.4,0,806.67,1112.7,788.51,1068.1,-0.0094877,0.0015503,1.8807,0.01234,0.00018311
7,49,1,-0.43595,530.88,780.65,0,533.08,780.85,527.44,780.35,-0.012797,0.0036745,0.90502,0.024393,6.1035e-05
8,50,1,-0.48658,601.73,861.88,0,599.23,852.35,604.08,870.84,-0.0058604,0.0025603,1.1965,0.017277,0.00012207
9,51,1,-0.31913,411.18,569.46,0,415.57,582.09,407.3,558.32,-0.016885,0.001928,0.79277,0.008497,6.1035e-05
10,52,1,-0.49346,625.52,867.17,0,620.36,864.06,631.01,870.49,-0.011826,0.0025726,1.3032,0.012171,6.1035e-05
11,53,3,-0.28939,760.69,993.09,0,761.09,989.33,760.3,996.85,-0.0041785,0.0015117,1.668,0.015422,0.00018311
0,42,1,-0.42643,536.95,832.83,0,533.24,830.56,539.5,834.39,-0.0090648,0.012127,1.0533,0.0089601,6.1035e-05
1,43,1,-0.5146,634.45,963.63,0,637.39,976.38,631.31,950.06,-0.0086254,0.014802,1.3405,0.010159,0.00012207
2,44,2,-0.41027,782.19,1130.8,0,781.12,1126.7,783.47,1135.8,-4.5172e-05,0.0072096,1.6862,0.0042617,0.00012207
3,45,1,-0.50523,607.03,922.97,0,604.16,924.64,610.72,920.84,-0.0060262,0.0037281,1.2346,0.0065647,0.00012207
4,46,1,-0.45049,571.96,849.34,0,568.58,860.97,574.94,839.08,-0.015437,0.0034512,1.2415,0.0071723,6.1035e-05
5,47,2,-0.36789,717,1018.5,0,724.78,1037.5,708.72,998.41,-0.0083317,0.0024415,1.5962,0.0081663,0.00012207
6,48,3,-0.30413,797.59,1090.4,0,806.67,1112.7,788.51,1068.1,-0.0094877,0.0015503,1.8807,0.01234,0.00018311
7,49,1,-0.43595,530.88,780.65,0,533.08,780.85,527.44,780.35,-0.012797,0.0036745,0.90502,0.024393,6.1035e-05
8,50,1,-0.48658,601.73,861.88,0,599.23,852.35,604.08,870.84,-0.0058604,0.0025603,1.1965,0.017277,0.00012207
9,51,1,-0.31913,411.18,569.46,0,415.57,582.09,407.3,558.32,-0.016885,0.001928,0.79277,0.008497,6.1035e-05
10,52,1,-0.49346,625.52,867.17,0,620.36,864.06,631.01,870.49,-0.011826,0.0025726,1.3032,0.012171,6.1035e-05
11,53,3,-0.28939,760.69,993.09,0,761.09,989.33,760.3,996.85,-0.0041785,0.0015117,1.668,0.015422,0.00018311
12,54,3,-0.27323,722.09,953.07,0,726.08,970.26,718.99,939.7,-0.0090536,0.00088608,1.5046,0.011804,0.00018311
13,55,0,-0.72718,405.88,582.42,0.078125,408.75,590.12,403.65,576.43,-0.018428,0.078151,0.59855,0.0040015,6.1035e-05
14,56,2,-0.3034,593.41,779.76,0,604.57,793.48,580.77,764.19,0.0033311,0.0075475,1.2904,0.016385,0.00012207
15,57,1,-0.2848,370.02,487.14,0,368.41,483,371.54,491.04,-0.022102,0.0073671,0.21839,0.025931,6.1035e-05
16,58,2,-0.32898,653.29,849.33,0,647.85,840.59,659.08,858.63,-0.0049148,0.00099371,0.84728,0.0097136,0.00012207
17,59,0,-0.69268,391.48,574.46,0.0625,388.44,587.09,394.53,561.83,-0.0077836,0.076644,0.23818,0.0074417,3.0518e-05
18,60,1,-0.39137,511.77,675.53,0,509.55,689.66,514.28,659.52,0.0034266,0.017799,0.51064,0.040449,0.00012207
19,61,3,-0.25146,683.66,834.76,0,680.09,840.3,687.23,829.22,-0.0025736,0.0040438,1.163,0.015195,0.00012207
20,62,3,-0.2559,681.59,855.94,0,673.69,852.29,695.68,862.45,-0.0012043,0.00079648,1.4308,0.018892,0.00012207
21,63,2,-0.25969,529.93,674.31,0,534.14,684.71,526.65,666.23,-0.0018641,0.00077414,0.84925,0.011304,6.1035e-05
22,64,0,-1.5286,426.19,585.63,0.84375,428.35,593.51,424.03,577.75,-0.019637,0.85842,0.39637,0.028369,3.0518e-05
23,65,1,-0.45508,606.09,767.31,0,611.27,769.79,601.22,764.99,0.0048902,0.17922,0.70583,0.025885,0.00012207
24,66,1,-0.32867,426.84,537.49,0,419.86,539.85,436.41,534.24,-0.0033834,0.019281,0.49156,0.0077182,6.1035e-05
25,67,0,-0.67746,395.5,559.31,0.015625,396.86,561.91,393.64,555.75,-0.017056,0.047303,0.18566,0.010063,6.1035e-05
26,68,2,-0.25946,518.68,652.47,0,515.65,652.78,523.12,652.01,0.0006629,0.016047,0.84948,0.022256,6.1035e-05
27,69,0,-0.7123,381.67,564.9,0.078125,382.4,571.03,380.74,557.02,-0.036674,0.091925,0.11958,0.015192,6.1035e-05
28,70,3,-0.19747,537.48,646.72,0,545.84,664.82,528.01,626.2,-0.0015593,0.012845,0.71184,0.013174,0.00012207
29,71,2,-0.25524,507.57,655.12,0,503.38,656.91,511.5,653.43,-0.0086452,0.0026094,0.59756,0.017455,0.00012207
30,72,1,-0.31696,398.94,523.97,0,396.91,519.15,401.91,531.01,0.0010567,0.001836,0.32849,0.034678,6.1035e-05
31,73,2,-0.28126,548.19,715.36,0,559.95,726.34,530.99,699.31,0.0025492,0.0014135,0.47541,0.02705,6.1035e-05
32,74,3,-0.22093,599.07,719.88,0,604.37,726,593.44,713.36,-0.0058234,0.00045368,0.69636,0.027935,0.00012207
33,75,3,-0.18526,512.07,613.42,0,512.4,622.03,511.76,605.34,-0.004478,0.00038653,0.66339,0.015412,0.00012207
34,76,1,-0.38864,500.85,658.4,0,502.68,666.5,498.91,649.79,-0.005627,0.0025163,0.16124,0.030034,6.1035e-05
35,77,1,-0.3003,400.42,527.91,0,394.71,519.24,405.15,535.09,-0.0077208,0.0015784,-0.0111,-0.00059241,6.1035e-05
36,78,2,-0.25896,532.74,681.15,0,534.23,696.5,531.79,671.3,-0.0096604,0.00088847,0.41728,0.033109,0.00012207
37,79,0,-0.62144,377.84,555.66,0,376.45,566.83,379.32,543.78,-0.016837,0.013894,-0.090884,0.029919,3.0518e-05
38,80,3,-0.16679,473.72,568.24,0,469.67,555.56,476.49,576.92,0.0020488,0.0077525,0.39201,0.029584,9.1553e-05
39,81,1,-0.38847,512.04,660.05,0,521.62,689.32,501.85,628.9,0.0032284,0.0016797,-0.043406,0.073466,6.1035e-05
40,82,3,-0.18348,516.03,586.1,0,514.31,585.69,517.86,586.54,0.010661,0.0011379,0.43073,0.021015,0.00012207
41,83,1,-0.35394,471.23,605.27,0,461.88,606.51,479.48,604.18,0.0018594,0.0021422,0.29124,0.022791,9.1553e-05
42,84,3,-0.17473,488.17,566.38,0,485.18,573.84,490.98,559.38,-0.0044421,0.0012849,0.24697,0.015317,0.00012207
43,85,0,-0.793,427.12,585.22,0.09375,426.61,589.36,427.71,580.53,-0.01255,0.10973,-0.18743,0.025396,6.1035e-05
44,86,1,-0.40111,537.05,675.33,0,532.09,674.99,541.43,675.63,-0.012253,0.011678,0.059569,0.037073,0.00012207
45,87,3,-0.19238,545.65,626.73,0,553.6,633.75,539.06,620.93,0.0033767,0.0037752,0.25543,0.032108,0.00012207
46,88,1,-0.37672,509.86,627.17,0,502.81,627.13,516.49,627.21,-0.0038951,0.0015009,0.13326,0.032678,0.00012207
47,89,1,-0.30055,399.51,499.95,0,401.55,512.45,397.46,487.45,-0.0034756,0.0016398,-0.064212,0.022477,6.1035e-05
48,90,1,-0.32102,415.75,525.16,0,413.81,526.05,418.25,524.02,-0.017328,0.0010106,-0.30767,0.059201,6.1035e-05
49,91,1,-0.28084,373.59,457.67,0,370.62,466.15,376.56,449.19,-0.020938,0.0005894,-0.3627,0.027716,3.0518e-05
50,92,2,-0.2172,440.86,548.94,0,444.75,550.79,436.97,547.09,0.0038972,0.0014463,-0.14061,0.11542,6.1035e-05
51,93,2,-0.27996,580.63,695.4,0,575.85,699.39,586.04,690.89,0.014351,0.00051328,-0.001667,0.055259,6.1035e-05
52,94,0,-0.46414,311.67,400.18,0,307.09,414.31,314.8,390.5,-0.018831,0.0057343,-0.57472,0.020885,3.0518e-05
53,95,3,-0.1809,515.97,579.75,0,515.18,593.36,516.72,566.96,0.00067099,0.0017892,0.086993,0.023873,0.00012207
54,96,3,-0.19038,536.18,600.12,0,535.7,598.37,536.66,601.87,0.013508,0.00049821,0.14856,0.043231,0.00012207
55,97,1,-0.3938,522.51,649.22,0,519.43,646.82,526,651.95,-0.0072134,0.0039131,-0.081957,0.051037,6.1035e-05
56,98,1,-0.24289,346.21,410.59,0,337.7,415.72,350.67,407.91,-0.016665,0.0027003,-0.30539,0.021131,6.1035e-05
57,99,1,-0.27148,358.25,442.62,0,358.63,460.29,357.79,421.29,-0.0029941,0.0010649,-0.38906,0.010191,6.1035e-05
58,100,3,-0.1892,560.82,613.61,0,545.04,606.22,571.61,618.67,0.011483,0.00069414,0.10093,0.033157,0.00012207
59,101,3,-0.19479,575.74,622.5,0,572.83,633.34,578.01,614.07,0.0035002,0.00033664,0.16593,0.046459,0.00012207
60,102,3,-0.16893,474.55,544.64,0,474.22,547.34,474.89,541.94,-0.0042116,0.00018578,0.080987,0.043721,6.1035e-05
61,103,2,-0.26476,547.88,617.92,0,540.67,611.94,555.56,624.29,0.0052378,0.00080652,0.17948,0.034664,0.00012207
62,104,3,-0.17026,499.62,546.9,0,502.14,569.63,497.66,529.21,-0.012896,0.00017347,0.081776,0.034607,0.00012207
63,105,1,-0.26191,338.24,416.24,0,336.23,427.88,340.99,400.3,-0.013426,0.00091196,-0.15276,0.015165,3.0518e-05
64,106,2,-0.23167,494.93,571.03,0,491.24,582.89,498.19,560.56,-0.01274,0.00058764,-0.10142,0.031539,6.1035e-05
65,107,0,-0.61073,381.65,509.03,0,371.9,525.18,395,486.91,0.017948,0.035861,-0.42869,0.019621,6.1035e-05
66,108,1,-0.26398,387.84,465.32,0,364.49,486.26,400.08,454.36,-0.012623,0.010927,-0.44192,0.062773,6.1035e-05
67,109,2,-0.2723,580.62,654.27,0,570.38,643.39,590.24,664.5,-0.00088538,0.0021679,-0.0062411,0.063424,0.00018311
68,110,0,-0.5747,378.53,499.35,0,372.44,531.63,383.57,472.6,-0.023678,0.010785,-0.32621,0.033482,6.1035e-05
69,111,1,-0.32809,443.64,512.62,0,433.53,526.76,454.4,497.56,-0.015646,0.0042442,-0.29939,0.036457,9.1553e-05
70,112,1,-0.37574,541,626.35,0,532.76,661.51,547.83,597.21,-0.0048717,0.0034551,-0.033315,0.038871,0.00012207
71,113,2,-0.24183,513.09,597.53,0,495.07,587.11,530.01,607.32,-0.012065,0.0050901,0.033674,0.081251,9.1553e-05
72,114,3,-0.23161,675.75,709,0,677.06,723.02,674.27,693.11,-0.0034514,0.00081912,0.41159,0.028264,0.00018311
73,115,0,-0.90466,431.78,528.12,0.3125,420.54,578,437.26,503.77,-0.019619,0.25506,-0.53996,0.026763,6.1035e-05
74,116,1,-0.40469,551.4,648.17,0,534.7,668.23,571.57,623.96,-0.013551,0.021527,-0.033571,0.027149,6.1035e-05
75,117,0,-1.2046,428.82,558.08,0.51562,432.22,594.62,424.18,508,-0.030388,0.33506,-0.31594,0.063723,6.1035e-05
76,118,1,-0.33154,468.75,566.17,0,460.02,605.69,476.46,531.31,-0.0052179,0.051939,0.0014535,0.015431,6.1035e-05
77,119,2,-0.27348,589.35,683.55,0,581.53,696.61,601.55,663.18,-0.003589,0.0071048,0.1364,0.020448,0.00012207
78,120,3,-0.18733,544.92,605.66,0,536.45,616.91,553.39,594.42,-0.0059152,0.0012751,0.18693,0.019096,0.00012207
79,121,1,-0.2566,350.39,421.36,0,333.64,438.98,366.13,404.81,-0.02019,0.0020095,-0.28475,0.087117,6.1035e-05
80,122,3,-0.19368,544.96,617.85,0,534.56,629.24,559.22,602.23,0.0097864,0.0011021,0.26888,0.061582,0.00012207
81,123,2,-0.27474,590.11,671.72,0,587.22,684.47,592.82,659.73,0.00060852,0.00074058,0.20792,0.035064,0.00012207
82,124,2,-0.28978,633.94,716.49,0,642.09,752.24,627.19,686.87,-0.0092965,0.00046578,0.1326,0.025906,0.00012207
83,125,1,-0.45967,616,767.55,0,608.92,792.15,624.54,737.87,-0.010396,0.0049777,0.37501,0.025448,0.00012207
84,126,2,-0.28093,596.19,712.68,0,595.63,731.46,596.78,692.69,-0.0083576,0.001423,0.45239,0.030948,0.00012207
85,127,1,-0.30294,405.91,515.27,0,398.36,560.79,413.95,466.81,-0.025504,0.00099765,0.055152,0.061106,6.1035e-05
86,128,2,-0.29923,637.66,753.7,0,626.25,778.31,647.72,731.98,-0.0065755,0.00087714,0.34779,0.013323,0.00012207
87,129,3,-0.21472,624.84,700.23,0,622.33,717.42,628.06,678.12,-0.0090178,0.00032536,0.49048,0.03469,0.00018311
88,130,2,-0.28393,601.86,693.72,0,600.51,724.1,603.31,661.38,0.0029431,0.00043877,0.21262,0.034657,0.00018311
89,131,3,-0.20813,599.58,679.16,0,591.89,711.06,605.57,654.36,-0.0034107,0.00024026,0.45408,0.033618,0.00012207
90,132,3,-0.18034,527.3,584.72,0,519.22,597.95,532.83,575.68,-0.0097431,0.00022348,0.20979,0.030469,9.1553e-05
91,133,2,-0.21924,473.79,536.27,0,469.07,554.3,477.95,520.37,-0.0097176,0.00033077,0.035931,0.032885,9.1553e-05
92,134,0,-0.4646,304.19,386.58,0,305.95,420.18,302.31,350.82,-0.027961,0.0056092,-0.47205,0.12632,3.0518e-05
93,135,3,-0.2039,569.73,669.78,0,559.28,683.24,582.34,653.55,0.0043107,0.00064818,0.20535,0.035242,0.00012207
94,136,0,-0.58312,381.36,487.45,0,375.77,541.17,386.61,436.99,0.0011233,0.0067188,-0.43603,0.02026,6.1035e-05
95,137,0,-0.73957,424.74,510.67,0.15625,405.62,571.71,436.21,474.05,-0.0069223,0.097692,-0.46141,0.021567,6.1035e-05
96,138,0,-0.51313,343.33,436.65,0,334.05,471.78,353.85,396.83,-0.010826,0.021361,-0.82271,0.0093674,6.1035e-05
97,139,3,-0.21702,640.7,686.48,0,633.75,700.1,647.65,672.87,-0.0080625,0.0027658,0.23174,0.031553,0.00012207
98,140,0,-0.62912,415.01,523.41,0,405.1,556.99,424.92,489.82,-0.011696,0.013962,-0.65862,0.014538,3.0518e-05
99,141,2,-0.26092,561.15,633.78,0,556.2,646.19,567.12,618.79,-0.010102,0.0069307,-0.039057,0.012254,0.00012207
100,142,1,-0.337,461.3,543.88,0,439.64,575.16,485.85,508.43,-0.0048229,0.0016775,-0.33304,0.023666,6.1035e-05
101,143,1,-0.34501,482.79,562.81,0,471.44,577.32,495.65,546.36,-0.012058,0.0013815,-0.092981,0.063613,9.1553e-05
102,144,2,-0.23663,516.34,587.42,0,505.25,608.36,527.44,566.48,-0.0089199,0.0014899,-0.13406,0.034262,0.00012207
103,145,1,-0.30241,415.23,496.77,0,397.8,543.07,433.78,447.49,-0.011031,0.0011778,-0.49045,0.034799,6.1035e-05
104,146,0,-0.63457,415.33,523.69,0.015625,402.39,576.62,428.27,470.77,-0.0093735,0.015126,-0.99705,0.031856,6.1035e-05
105,147,2,-0.24035,516.84,551.99,0,510.74,564.14,524.2,537.32,-0.010057,0.0040958,-0.54876,0.033598,0.00012207
106,148,1,-0.39521,559.77,648.96,0,544.62,665.88,573.13,634.04,-0.014635,0.0025958,-0.44928,0.043774,6.1035e-05
107,149,3,-0.19445,573.7,597.34,0,565.4,602.31,586.66,589.6,0.013032,0.00090477,-0.20529,0.039797,0.00012207
108,150,1,-0.21389,319.1,357.08,0,307.11,396.56,327.85,328.27,-0.00074198,0.0014164,-0.58704,0.025714,6.1035e-05
109,151,2,-0.25065,548.45,620.77,0,541.18,648.47,555.72,593.06,-0.022011,0.00039444,-0.3064,0.10915,0.00012207
110,152,1,-0.3039,426.52,486.51,0,412.39,540.12,440.65,432.9,-0.0070207,0.0015672,-0.73745,0.028116,6.1035e-05
111,153,3,-0.1817,544.33,583.73,0,536.52,601.07,552.13,566.39,0.0089259,0.0010226,-0.19992,0.028682,0.00012207
112,154,3,-0.20003,567.75,621.99,0,559,635.27,583.35,598.3,-0.0084721,0.00028222,-0.11418,0.023969,0.00012207
113,155,1,-0.318,440.19,529.15,0,419.24,594.59,461.15,463.72,-0.002547,0.0021645,-0.45693,0.015561,6.1035e-05
114,156,0,-0.73425,438.13,538.53,0.09375,429.22,593.15,446.5,487.22,-0.021127,0.074602,-0.92433,0.046185,6.1035e-05
115,157,3,-0.20952,618.93,666.42,0,606.71,685.7,633.69,643.14,-0.005256,0.0060834,0.041235,0.015963,0.00012207
116,158,0,-0.52708,347.55,446.01,0,338.62,495.36,355.43,402.46,-0.020886,0.0057346,-0.92304,0.07664,6.1035e-05
117,159,0,-0.53295,355.49,444.12,0,343.34,496.65,368.43,388.21,-0.012494,0.0031159,-0.95095,0.012389,6.1035e-05
118,160,2,-0.27152,608.57,648.26,0,597.59,659.96,618.89,637.28,0.0031583,0.0021339,-0.098398,0.052292,0.00012207
119,161,1,-0.31998,459.53,530.54,0,435.97,579.93,483.08,481.15,-0.010504,0.0015295,-0.52724,0.032807,6.1035e-05
120,162,2,-0.23322,509.85,569.76,0,489.3,576.44,536.27,561.17,-0.017822,0.0016256,-0.26745,0.12765,0.00012207
121,163,3,-0.20107,592.88,638.96,0,562.59,644.77,627.21,632.37,-0.0091585,0.00032493,0.078313,0.034198,0.00012207
122,164,0,-0.97285,434.42,558.4,0.32812,417.49,651.63,450.33,470.82,-0.017819,0.2495,-0.65789,0.020876,6.1035e-05
123,165,2,-0.19224,437.35,482.14,0,416.22,490.32,455.99,474.93,-0.011772,0.060834,-0.069764,0.058735,6.1035e-05
124,166,1,-0.2431,347.73,402.66,0,322.27,436.5,373.19,368.82,-0.0081824,0.0009065,-0.70115,0.010974,6.1035e-05
125,167,3,-0.17533,519.51,557.03,0,518.4,574.6,520.95,534.43,-0.0024361,0.00057611,-0.0011328,0.017544,0.00012207
126,168,0,-1.3844,448.5,574.4,0.70312,447.86,651.1,449.24,487.47,-0.064202,0.51238,-0.93878,0.010352,3.0518e-05
127,169,2,-0.27924,635.13,693.81,0,628.5,730.47,640.63,663.44,0.0012711,0.040885,0.0035595,0.030337,0.00012207
128,170,2,-0.22906,497.41,557.11,0,508.56,597.24,484.77,511.62,-0.0043107,0.0039052,-0.18994,0.01949,6.1035e-05
129,171,3,-0.20285,595.69,651.33,0,591.23,669.23,601.8,626.81,-0.0044483,0.00051656,0.21356,0.020708,0.00012207
130,172,1,-0.40605,573.11,658.02,0,565.6,680.87,584.09,624.61,-0.012621,0.0040713,-0.19978,0.040547,6.1035e-05
131,173,3,-0.2035,616.38,656.62,0,616.45,688,616.3,627.15,0.0018016,0.0013411,0.26401,0.033426,0.00012207
132,174,3,-0.2097,627.38,683.41,0,605.62,706.29,646.58,663.23,-0.0029172,0.00074285,0.18736,0.017586,0.00012207
133,175,1,-0.29097,391.83,476.28,0,368.08,509.1,424.37,431.31,-0.017659,0.0011712,-0.59099,0.070536,6.1035e-05
134,176,0,-0.53627,357.14,472.41,0,344.98,544.25,369.3,400.57,-0.010031,0.02734,-0.92839,0.03265,6.1035e-05
135,177,0,-0.46827,303.64,403.36,0,289.85,446.21,316.6,363.11,-0.024859,0.0074178,-0.74629,0.055894,3.0518e-05
136,178,0,-0.86669,435.12,552.19,0.20312,426.93,622.16,444.41,472.88,-0.024292,0.13055,-0.51494,0.02592,6.1035e-05
137,179,0,-0.57921,369.77,482.34,0,362.92,529.72,378.59,421.41,-0.015204,0.01344,-0.59729,0.047438,6.1035e-05
138,180,3,-0.19759,588.72,645.54,0,581.58,677.23,595.43,615.77,0.0071239,0.0011439,-0.023877,0.028384,0.00012207
139,181,1,-0.3994,553.27,647.96,0,537.87,663.89,571.85,628.73,-0.0014507,0.0047245,-0.4512,0.065768,9.1553e-05
140,182,1,-0.34933,488.34,583.69,0,475.83,658.43,502.52,498.99,-0.0098353,0.0018961,-0.56331,0.027221,0.00012207
141,183,0,-0.66569,411.38,523.62,0.015625,400.16,571.66,430.07,443.55,-0.016512,0.015116,-0.76731,0.028473,6.1035e-05
142,184,1,-0.27913,391.11,454.43,0,374.62,499.43,407.6,409.42,-0.021781,0.0017983,-0.70016,0.04415,6.1035e-05
143,185,2,-0.22363,480.52,550.94,0,459.92,557.39,512.64,540.87,-0.0068808,0.0018322,-0.24727,0.02942,9.1553e-05
144,186,1,-0.36683,514.14,597.8,0,490.17,658.22,538.11,537.37,-0.0095028,0.0044175,-0.41898,0.031836,6.1035e-05
145,187,1,-0.24029,363.27,401.88,0,346.5,452.24,372.68,373.64,-0.0086362,0.001093,-0.81327,0.079802,6.1035e-05
146,188,2,-0.24338,533.75,614.89,0,517.14,628.41,549.36,602.18,-0.0046012,0.001446,-0.13906,0.049685,0.00012207
147,189,0,-0.59236,410.51,497.43,0.03125,398.6,600.4,416.75,443.5,-0.022616,0.026032,-1.1184,0.21995,6.1035e-05
148,190,2,-0.20396,445.82,526.83,0,430.68,555.86,460.96,497.8,-0.010558,0.0038119,-0.28843,0.043462,9.1553e-05
149,191,0,-0.62899,421.21,519.73,0.046875,388.16,574.9,446.92,476.83,-0.0036358,0.032258,-1.0817,0.031032,3.0518e-05
150,192,0,-0.50726,358.96,435.27,0,349.87,496.27,364.79,396.16,-0.015233,0.011572,-0.9732,0.030087,6.1035e-05
151,193,2,-0.24163,538.49,600.61,0,514.47,617.66,556.01,588.18,-0.0059298,0.0014626,-0.29659,0.033128,0.00012207
152,194,3,-0.19252,559.6,604.99,0,555.79,621.27,565.15,581.2,0.0015362,0.00045834,-0.20381,0.022685,0.00012207
153,195,2,-0.24872,532.76,598.91,0,517.3,622.91,550.29,571.71,-0.0017423,0.00036688,-0.35398,0.028099,0.00012207
154,196,0,-0.58408,421.82,505.47,0,408.88,563.95,430.12,467.97,-0.013226,0.0031711,-1.0158,0.11404,6.1035e-05
155,197,0,-0.87714,429.63,536.17,0.21875,417.53,595.44,444.24,464.63,-0.023731,0.1647,-0.99044,0.048761,6.1035e-05
156,198,1,-0.35686,514.05,591.95,0,498.96,614.55,529.14,569.35,-0.01331,0.0056877,-0.54623,0.018367,0.00012207
157,199,0,-0.6608,436.67,543.63,0,419.63,595.92,455.97,484.37,-0.0093914,0.020926,-1.1765,0.011088,6.1035e-05
158,200,0,-0.70072,421.35,537.6,0.03125,406.02,575.59,445.26,478.34,-0.010333,0.024248,-1.004,0.015186,6.1035e-05
159,201,3,-0.19181,558.65,607.58,0,539.92,611.5,581.24,602.85,0.0013818,0.0016426,-0.27483,0.021137,0.00012207
160,202,0,-0.58492,392.59,471.81,0,385.46,509.43,400.69,429.17,-0.019766,0.002175,-0.8734,0.046528,6.1035e-05
161,203,3,-0.19747,609.47,621.36,0,590.54,637.94,622.43,610.02,-0.0063831,0.00023945,-0.25136,0.028044,0.00012207
162,204,3,-0.19082,572.46,599.92,0,566.35,626.07,577.85,576.85,-0.0021538,0.00035236,-0.18295,0.035859,0.00012207
163,205,1,-0.36423,496.6,597.01,0,475.09,636.2,524.27,546.62,-0.0060044,0.0030565,-0.6367,0.011657,0.00012207
164,206,1,-0.32448,454.65,537.34,0,443.63,568.26,467.94,500.03,-0.0046481,0.0018309,-0.65577,0.019788,6.1035e-05
165,207,2,-0.21808,485,538.5,0,475.76,556.53,493.16,522.59,0.0069409,0.0018137,-0.51939,0.035814,9.1553e-05
166,208,1,-0.38167,542.2,616.24,0,537.61,660.96,546.52,574.23,-0.0077089,0.0022369,-0.39593,0.024368,0.00012207
167,209,0,-0.61383,394.29,506.02,0,383.66,543.09,408.85,455.23,-0.012052,0.0015687,-0.97433,0.027937,6.1035e-05
168,210,3,-0.21126,635.22,644.86,0,616.06,656.52,656.94,631.65,-0.0049995,0.00084404,-0.19672,0.039479,0.00012207
169,211,0,-0.96034,435.83,555.09,0.29688,434.48,614.89,437.26,491.44,-0.013127,0.18927,-0.83763,0.02954,6.1035e-05
170,212,1,-0.27823,411.91,477.77,0,388.76,526.61,431.1,437.3,-0.013163,0.014107,-0.87609,0.034398,6.1035e-05
171,213,1,-0.29936,423.8,495.11,0,406.33,536.7,442.4,450.83,-0.0065563,0.0023766,-0.91604,0.026785,6.1035e-05
172,214,1,-0.39693,563.88,653.73,0,549.72,691.09,578.04,616.37,-0.011434,0.0016762,-0.66289,0.037687,0.00012207
173,215,1,-0.32588,460.12,541.18,0,446.98,566.81,474.11,513.9,-0.010086,0.00099328,-0.53765,0.043679,6.1035e-05
174,216,0,-0.55593,365.11,453.64,0,352.03,494.33,378.19,412.94,-0.014984,0.029184,-0.93372,0.010749,3.0518e-05
175,217,3,-0.20408,605.84,620.9,0,596.31,637.45,617.33,600.93,-0.0045942,0.00056195,-0.05672,0.050985,0.00012207
176,218,2,-0.21041,476,524.7,0,465.98,541.82,483.79,511.39,-0.0027217,0.00038404,-0.31621,0.015274,9.1553e-05
177,219,2,-0.20789,466.25,521.15,0,455.71,544.41,474.44,503.06,-0.016096,0.00036059,-0.61859,0.042489,0.00012207
178,220,3,-0.19144,580.01,594.34,0,574.45,613.88,585.23,575.98,-0.0079512,0.00021061,-0.17448,0.026695,0.00012207
179,221,0,-0.61603,399.3,504.4,0,385.15,550.25,417.5,445.45,-0.013902,0.0097961,-0.68952,0.024825,6.1035e-05
180,222,1,-0.30195,429.97,497.84,0,410.73,554.63,448.05,444.5,-0.003682,0.00067899,-0.77255,0.019174,6.1035e-05
181,223,1,-0.28235,399.01,468.94,0,383.08,517.75,414.95,420.13,-0.026334,0.00061589,-0.80179,0.021608,6.1035e-05
182,224,1,-0.37163,524.07,621.15,0,514.99,674.93,533.15,567.38,-0.0024273,0.001705,-0.78809,0.023268,9.1553e-05
183,225,0,-0.57712,384.56,475.04,0,366.45,517.47,401.57,435.18,-0.026281,0.0065598,-0.96823,0.034621,6.1035e-05
184,226,3,-0.18794,551.84,592.78,0,538.53,615.99,568.94,562.95,-0.0022804,0.00055199,-0.38206,0.015943,0.00012207
185,227,0,-0.52447,359.4,454.62,0,341.62,509.03,375.09,406.62,-0.015882,0.0026557,-1.0171,0.028675,6.1035e-05
186,228,0,-0.558,386.64,481.36,0,369.07,552.62,402.14,418.49,-0.018831,0.0016852,-1.0973,0.043913,3.0518e-05
187,229,2,-0.22926,509.69,555.54,0,499.19,588.8,520.19,522.27,-0.0082427,0.0012114,-0.8802,0.052071,6.1035e-05
188,230,0,-0.67276,422.72,546.37,0.046875,404.54,619.9,440.9,472.83,-0.019741,0.034794,-0.97481,0.050964,3.0518e-05
189,231,3,-0.20355,580.19,646.76,0,571.8,674.69,593.27,603.18,-0.010957,0.0015685,-0.040731,0.050998,0.00012207
190,232,1,-0.24652,373.35,426.53,0,354.75,479.39,386.93,387.96,-0.012042,0.001732,-0.94998,0.034774,6.1035e-05
191,233,0,-0.61422,403.83,496.71,0.015625,391.95,548.29,417.28,438.26,-0.022655,0.015628,-1.1369,0.061473,3.0518e-05
192,234,1,-0.29611,405.32,478.07,0,391.29,517.4,422.25,430.6,-0.0083308,0.001053,-0.70103,0.0097447,6.1035e-05
193,235,1,-0.26658,382.19,473.16,0,356.55,532.31,407.84,414.01,-0.026145,0.00035589,-0.91107,0.066294,6.1035e-05
194,236,0,-0.4601,311.09,393.37,0,300.14,438.89,321.37,350.61,-0.015236,0.0028197,-0.73097,0.089155,3.0518e-05
195,237,1,-0.24907,367.59,431.2,0,353.48,498.4,378.57,378.93,-0.0056061,0.00054175,-1.0024,0.03779,6.1035e-05
196,238,2,-0.24677,566.5,628.07,0,548.43,651.2,577.35,614.2,-0.006916,0.0010231,-0.34659,0.016252,0.00012207
197,239,3,-0.18464,552.92,593.59,0,532.07,616.49,572.5,572.07,-0.0042342,0.00025403,-0.22255,0.037318,0.00012207
198,240,3,-0.20032,634.17,658.3,0,617.7,680.15,646.19,642.35,-0.0066123,0.00027239,-0.15472,0.027303,0.00018311
199,241,1,-0.25376,375.14,432.55,0,356.33,490.6,392.82,378.02,-0.019888,0.00047004,-0.90137,0.0356,6.1035e-05
200,242,2,-0.25373,581.38,637.27,0,566.09,655.51,590.56,626.33,-0.0015067,0.00050757,-0.57384,0.029217,0.00018311
201,243,2,-0.2507,539.78,627.26,0,532.58,654.23,552.62,579.2,-0.0096696,0.00043967,-0.46436,0.060811,0.00012207
202,244,3,-0.19422,579.79,640.24,0,565.2,668.37,593.5,613.81,-0.01003,0.0002807,-0.21187,0.026781,0.00012207
203,245,0,-0.62508,406.05,494.04,0.03125,384.67,540.39,427.43,447.68,-0.018576,0.020965,-1.1524,0.002223,6.1035e-05
204,246,0,-0.7161,442.56,565.86,0.046875,425.12,635.12,460.01,496.6,-0.012911,0.033978,-1.1144,0.031227,6.1035e-05
205,247,0,-0.61276,392.16,508.81,0,383.21,563.47,404.41,433.92,-0.020067,0.0061154,-1.1503,0.26098,3.0518e-05
206,248,1,-0.25852,370.56,443.22,0,349.77,491.08,390.08,398.26,-0.0050934,0.00086615,-0.888,0.059521,3.0518e-05
207,249,1,-0.28623,393.42,481.19,0,383.6,507.48,404.54,451.39,-0.0079331,0.00084948,-0.79504,0.024266,6.1035e-05
208,250,3,-0.20822,626.62,695.81,0,599.7,733.53,647.56,666.47,0.0023804,0.00061282,-0.18958,0.030718,0.00012207
209,251,1,-0.33649,490.68,581.24,0,448.37,650.2,523.58,527.59,-0.0054,0.0021175,-0.98891,0.058129,0.00012207
210,252,0,-0.66412,405.71,566.95,0,392.13,631.92,426.89,465.6,-0.0064796,0.0017276,-1.1947,0.032117,6.1035e-05
211,253,0,-0.49534,352.59,421.85,0,336.64,482.14,362.16,385.68,-0.014488,0.0068362,-1.3477,0.031769,6.1035e-05
212,254,2,-0.23107,504.8,583.6,0,490.5,611.76,516.64,560.27,0.007583,0.0016068,-0.71739,0.040073,0.00012207
213,255,0,-0.52173,372.33,446.95,0,360.95,508.25,381.18,399.28,-0.03688,0.0038015,-1.1188,0.098346,9.1553e-05
214,256,2,-0.22334,506.42,566.19,0,484.44,595.85,520.51,547.18,-0.012366,0.00091665,-0.55848,0.044664,0.00012207
215,257,2,-0.23088,506.12,581.13,0,478.55,589.67,552.06,566.89,-0.0097533,0.00050556,-0.61709,0.040401,9.1553e-05
216,258,1,-0.34675,499.12,578.12,0,449.31,607.92,555.57,544.34,-0.015527,0.0023463,-0.90673,0.059584,6.1035e-05
217,259,1,-0.32596,477.11,563.94,0,445.96,585.37,501.34,547.27,-0.017219,0.0012218,-0.80917,0.059202,9.1553e-05
218,260,0,-0.45659,309.05,386.57,0,294.86,434.41,318.76,353.83,-0.020666,0.001852,-1.278,0.02777,6.1035e-05
219,261,3,-0.159,478.55,545.27,0,460.1,566.59,495.87,525.24,-0.007629,0.00035523,-0.34878,0.21704,6.1035e-05
220,262,1,-0.38269,541.94,652.24,0,528.12,677.53,552.69,632.58,-0.019276,0.0048811,-0.55154,0.13928,0.00012207
221,263,3,-0.22551,675.31,747.76,0,649.65,775.24,704.39,716.62,0.0023093,0.0010469,-0.38574,0.055922,0.00018311
222,264,2,-0.26484,574.62,677.13,0,546.2,700.11,606.83,651.07,-0.0077567,0.00079884,-0.32969,0.033558,6.1035e-05
223,265,1,-0.28288,402.98,474.81,0,378.34,536.01,426.13,417.32,-0.015556,0.00087294,-0.92014,0.07312,6.1035e-05
224,266,0,-0.62804,425.66,510.83,0.015625,404.42,575.16,444.41,454.07,-0.0030043,0.013034,-1.1994,0.0019943,6.1035e-05
225,267,1,-0.38457,571.87,665.16,0,553.18,700.63,584.67,640.9,-0.004452,0.0019684,-0.7808,0.024383,0.00012207
226,268,0,-0.55865,398.75,480.97,0,377.26,556.08,414.43,426.16,-0.01108,0.0041406,-1.2929,0.027515,6.1035e-05
227,269,3,-0.19781,581.78,632.32,0,560.97,640.73,610.29,620.81,0.0036081,0.00027878,-0.69068,0.037745,0.00012207
228,270,0,-0.59622,400.94,505.4,0,375.89,573.95,427.61,432.43,-0.0067408,0.003237,-1.0462,0.042512,6.1035e-05
229,271,0,-0.54896,349.15,447.17,0,341.03,499.27,360.27,375.79,-0.026441,0.0028828,-1.2612,0.090769,6.1035e-05
230,272,2,-0.25984,575.17,649.3,0,533.24,650.3,614.57,648.36,-0.0039074,0.0004382,-0.83241,0.024338,0.00012207
231,273,3,-0.1859,550.38,612.12,0,520.47,626.53,582.21,596.78,-0.0043018,0.00021702,-0.75852,0.04626,0.00012207
232,274,0,-0.6548,422.28,526.34,0.046875,404.06,603.75,439.4,453.63,-0.020053,0.032708,-1.3754,0.064235,3.0518e-05
233,275,0,-0.49061,337.21,415.15,0,324.57,461.51,350.67,365.81,-0.015843,0.010858,-0.8793,0.019574,3.0518e-05
234,276,2,-0.22641,500.75,550.36,0,475.99,570.34,528.81,527.72,-0.0078227,0.00026027,-0.67945,0.034346,9.1553e-05
235,277,2,-0.22754,497.94,540.03,0,482.1,554.46,519.65,520.25,-0.0081408,0.00023196,-0.62823,0.047425,0.00012207
236,278,3,-0.19552,595.37,632.19,0,577.12,670.55,609.56,602.35,-0.0014826,0.00012898,-0.73726,0.047803,0.00012207
237,279,0,-0.57666,377.32,463.53,0,362.85,512.89,394.77,403.97,-0.021036,0.0051452,-1.0132,0.022399,6.1035e-05
238,280,2,-0.23205,525.16,575.6,0,496.64,599.42,551.96,553.22,0.0063972,0.0007179,-0.75007,0.040295,0.00012207
239,281,0,-0.63314,406.97,499.93,0,393.83,545.08,424.99,438.06,-0.021647,0.004003,-1.0501,0.050222,6.1035e-05
240,282,0,-0.62118,397.21,496.14,0,381.92,546.95,418.18,426.51,-0.027926,0.0010989,-1.088,0.16694,6.1035e-05
241,283,3,-0.19107,600.65,625.64,0,571.01,637.23,623.7,616.63,-0.0022547,0.00028483,-0.77288,0.043936,0.00018311
242,284,3,-0.17684,532.4,545.96,0,506.67,556.84,558.12,535.07,-0.019507,0.00027828,-0.70056,0.049495,0.00012207
243,285,3,-0.18654,560.31,586.51,0,536.74,600.88,578.64,575.34,-0.010713,0.00017106,-0.60811,0.026223,0.00018311
244,286,2,-0.2403,525.33,620.43,0,517.38,654.44,531.91,592.26,-0.011253,0.00040518,-0.67126,0.022124,0.00012207
245,287,0,-0.55947,397.25,492.99,0,372.07,571.18,418.11,428.2,-0.018623,0.0016435,-1.2165,0.033677,6.1035e-05
246,288,2,-0.22858,504.05,586.8,0,495.38,597.21,515.19,573.42,-0.013112,0.00043765,-0.81418,0.032166,6.1035e-05
247,289,0,-0.56207,394.73,482,0,371.82,539.37,416.24,428.11,-0.023589,0.00057427,-1.2377,0.044947,6.1035e-05
248,290,3,-0.16094,481.02,534.03,0,467.41,560.72,496.46,503.77,-0.01239,0.00019887,-0.9208,0.046304,6.1035e-05
249,291,2,-0.23571,519.72,596.24,0,505.04,597.96,537.44,594.16,-0.0050965,0.00032337,-0.85483,0.028355,9.1553e-05
250,292,0,-0.50393,339.43,433.18,0,322.89,493.85,357.05,368.59,-0.024384,0.00063138,-1.0149,0.025628,3.0518e-05
251,293,2,-0.20796,469.6,518.69,0,448.32,541.53,490.89,495.86,-0.015406,0.00032426,-0.96268,0.064394,9.1553e-05
252,294,2,-0.22022,504.58,552.4,0,494.27,570.03,513.13,537.79,-0.0042145,0.00017795,-0.93598,0.027339,9.1553e-05
253,295,1,-0.28813,431.73,513.42,0,410.08,615.77,448.57,433.81,-0.02235,0.0010903,-1.146,0.032412,6.1035e-05
254,296,1,-0.33661,461.42,561.24,0,444.42,637.5,483.27,463.19,-0.0058472,0.00059949,-1.029,0.059755,6.1035e-05
255,297,3,-0.21127,604.61,681.75,0,591.59,705.29,626.31,642.52,-0.0092142,0.00035726,-0.88057,0.031583,0.00012207
256,298,2,-0.27909,618.27,710.68,0,596.86,724.66,642.54,694.83,-0.010884,0.00046926,-0.8637,0.050684,0.00012207
257,299,3,-0.16737,534.01,559.49,0,506.07,579.14,554.39,545.14,-0.012248,0.00035707,-0.86154,0.028241,9.1553e-05
258,300,1,-0.37739,546.44,651.16,0,513.26,664.42,589.09,634.12,-0.02837,0.0028338,-1.17,0.072971,6.1035e-05
259,301,0,-0.52241,365.65,435.48,0,335.62,483.68,393.86,390.2,-0.016339,0.0034131,-1.4377,0.010903,6.1035e-05
260,302,3,-0.18213,560.9,585.48,0,526.36,589.03,589.53,582.55,-0.003267,0.00040689,-0.64806,0.03275,9.1553e-05
261,303,0,-0.5596,378.56,476.86,0,355.46,538.25,401.66,415.47,-0.035667,0.0025803,-0.92904,0.1211,6.1035e-05
262,304,1,-0.30399,435.54,530.38,0,415.74,565.36,454.13,497.51,-0.017833,0.00065501,-1.073,0.028906,6.1035e-05
263,305,0,-0.5512,372.79,473.82,0,351.29,550.07,394.29,397.57,-0.024388,0.001376,-1.3595,0.06577,6.1035e-05
264,306,0,-0.55619,381.96,486.89,0,359.32,544.07,409.29,417.89,-0.013604,0.0015546,-1.3067,0.013419,3.0518e-05
265,307,1,-0.36781,528.15,618.42,0,500.17,737.39,552.85,513.45,-0.017761,0.0012549,-1.1455,0.043841,6.1035e-05
266,308,3,-0.17062,511.78,533.42,0,494.56,548.49,532.55,515.24,0.0038592,0.0014792,-0.95467,0.027762,0.00012207
267,309,3,-0.19415,564.02,616.32,0,546.96,634.75,585.96,592.62,0.0017981,0.00018341,-0.89574,0.045926,0.00018311
268,310,1,-0.35722,503.67,617.69,0,488.33,667.35,519.99,564.84,-0.0027851,0.0014743,-1.2069,0.039478,6.1035e-05
269,311,0,-0.61432,420.61,534.22,0,394.23,615.13,450.5,442.52,-0.021821,0.0026467,-1.4821,0.011597,6.1035e-05
270,312,3,-0.17118,516.09,544.13,0,508.88,557.53,524.8,527.94,-0.00025943,0.0017601,-1.0013,0.023838,0.00012207
271,313,0,-0.76554,419.33,517.69,0.17188,398.51,624.9,436.59,428.86,-0.043404,0.099918,-1.4269,0.020066,6.1035e-05
272,314,3,-0.18198,566.02,602.43,0,545.55,623.57,586.48,581.29,-0.0079019,0.005067,-0.90016,0.020287,0.00012207
273,315,1,-0.42322,614.96,733.72,0,585.68,774.47,642.46,695.43,-0.0094446,0.0017567,-1.0495,0.022063,0.00012207
274,316,2,-0.24393,545.17,637.42,0,518.1,655.46,572.24,619.38,-0.012093,0.00085798,-0.895,0.018919,6.1035e-05
275,317,3,-0.19108,557.42,600.48,0,544.83,631.64,574.66,557.78,-0.0040862,0.00032749,-0.82637,0.014903,0.00012207
276,318,3,-0.19627,570.59,644.07,0,552.39,671.21,595.53,606.88,-0.0026511,0.00014464,-0.89192,0.029305,0.00012207
277,319,2,-0.2526,552.71,625.23,0,553.79,653.28,551.48,593.44,-0.013019,0.00032134,-0.85677,0.062179,0.00012207
278,320,1,-0.2806,403.15,480.04,0,374.77,544.03,433.36,411.93,-0.012515,0.0010314,-1.4887,0.066653,6.1035e-05
279,321,1,-0.24373,369.65,417.13,0,341.38,472.4,394.58,368.36,-0.012616,0.00035952,-1.5924,0.011709,6.1035e-05
280,322,1,-0.27141,389.59,444.51,0,368.71,506.65,411.82,378.38,-0.016063,0.00038353,-1.4519,0.021313,6.1035e-05
281,323,1,-0.3941,546.66,661.44,0,536.59,705.28,558.82,608.54,-0.023158,0.0021605,-1.3175,0.052807,6.1035e-05
282,324,3,-0.16176,473.48,510.71,0,465.89,532.07,482.07,486.51,0.0048329,0.000608,-0.61623,0.10742,6.1035e-05
283,325,2,-0.22554,515.81,561.02,0,482.45,583.27,538.64,545.79,-0.015435,0.00033452,-1.1796,0.05249,0.00012207
284,326,0,-0.55614,393.44,462.47,0,374.94,521.84,408.77,413.27,-0.010018,0.0036768,-1.163,0.022605,6.1035e-05
285,327,2,-0.25945,565.4,635.25,0,545.15,651.78,588.34,616.52,-0.0021348,0.0014476,-1.0506,0.019744,0.00012207
286,328,2,-0.22659,501.98,561.38,0,494.83,570.72,509.6,551.42,-0.01179,0.00029003,-1.0286,0.028219,6.1035e-05
287,329,0,-0.54966,373.31,451.65,0,354.36,504.02,392.27,399.28,-0.0073916,0.0016813,-1.4332,0.01944,6.1035e-05
288,330,0,-0.52115,368.03,446.53,0,336.8,510.6,389.4,402.69,-0.0057698,0.00091329,-1.4224,0.019237,6.1035e-05
289,331,0,-0.48941,339.01,417.19,0,322.5,486.71,352.69,359.58,-0.026752,0.0012018,-1.1123,0.059716,6.1035e-05
290,332,1,-0.2816,417.9,477.96,0,412.48,587.15,421.84,398.27,-0.015814,0.0015362,-1.3277,0.037171,6.1035e-05
291,333,1,-0.30027,421.16,502.84,0,404.72,578.33,442.29,405.79,-0.006015,0.00078747,-1.235,0.010857,6.1035e-05
292,334,2,-0.23681,533.65,594.81,0,518,611.95,546.61,580.61,-0.018239,0.00061005,-0.89588,0.035413,6.1035e-05
293,335,0,-0.51976,363.31,441.36,0,330.28,489.22,389,404.13,-0.0055571,0.00076089,-1.2883,0.037322,3.0518e-05
294,336,1,-0.30226,441.66,503.53,0,416.17,578,464.14,437.83,-0.038537,0.00054291,-1.3238,0.080619,6.1035e-05
295,337,0,-0.59726,413.58,487.26,0.015625,372.92,539.78,447.27,443.74,-0.018048,0.010889,-1.2234,0.03568,6.1035e-05
296,338,3,-0.16528,505.36,525.74,0,502.42,550.6,507.66,506.4,-0.00085347,0.0010606,-1.0818,0.027017,9.1553e-05
297,339,1,-0.2379,341.48,388.48,0,321.09,435.22,364.6,335.51,-0.028893,0.00067646,-1.4753,0.039003,6.1035e-05
298,340,1,-0.32354,484.03,558.12,0,478.55,675.14,488.58,461.15,-0.015568,0.0029127,-1.571,0.01769,9.1553e-05
299,341,0,-0.48895,332.34,408.85,0,313.22,455.3,352.69,359.41,-0.0079704,0.0026218,-1.5653,0.0072499,3.0518e-05
300,342,0,-0.542,370.45,462.97,0,345.49,520.85,398.74,397.38,-0.045245,0.002145,-1.2881,0.038828,3.0518e-05
301,343,0,-0.45195,307.09,377.34,0,293.17,425.29,321.9,326.29,-0.012136,0.0019401,-1.3643,0.060566,6.1035e-05
302,344,3,-0.18519,570.02,595.08,0,572.4,655.6,568.28,550.91,-0.0055465,0.00072608,-0.92535,0.044186,0.00018311
303,345,2,-0.2484,557.62,606.21,0,537.27,633.99,572.47,585.94,-0.009602,0.00046342,-1.0328,0.044344,0.00012207
304,346,2,-0.23376,513.41,579.07,0,481.61,591.83,547.27,565.48,-0.0083172,0.00024186,-0.88645,0.028734,9.1553e-05
305,347,0,-0.67707,413.97,485.79,0.09375,392.53,550.92,434.11,424.61,-0.009112,0.074831,-1.413,0.07646,6.1035e-05
306,348,1,-0.34372,492.87,567.29,0,482.56,653.71,501.97,491.02,-0.0069979,0.0024841,-1.219,0.042185,6.1035e-05
307,349,0,-0.55935,399.1,484.24,0,375.13,559.1,418.96,422.22,-0.0072858,0.0045018,-1.5261,0.0083633,6.1035e-05
308,350,2,-0.21421,478.17,541.41,0,447.06,565.26,511.27,516.01,0.0023477,0.00081431,-1.1738,0.025313,0.00012207
309,351,0,-0.54042,380.94,463.5,0,362.67,538.87,398.1,392.7,0.0036709,0.0021531,-1.5377,0.035508,6.1035e-05
310,352,0,-0.66212,417.42,531.98,0.046875,393.55,609.3,438.48,463.75,-0.024795,0.02812,-1.5142,0.04573,6.1035e-05
311,353,0,-1.0314,428.02,531.57,0.42188,432.27,652.03,424.72,437.88,-0.021943,0.14872,-1.3517,0.034802,6.1035e-05
312,354,3,-0.16991,492.64,559.3,0,466.4,578.6,526.39,534.49,-0.010774,0.019216,-0.90858,0.035283,0.00012207
313,355,3,-0.16508,495.46,555.43,0,477.68,567.64,515.62,541.59,-0.010256,0.0023437,-0.94978,0.013667,0.00012207
314,356,2,-0.21514,474.87,556.36,0,436.94,548.5,523.63,566.48,-0.015621,0.00066737,-0.73755,0.030401,6.1035e-05
315,357,0,-0.53314,361.91,453.86,0,337.19,509.28,385.13,401.8,-0.017322,0.0090039,-1.1827,0.021524,6.1035e-05
316,358,3,-0.16641,509.88,574.22,0,480.36,583.06,531.42,567.76,-0.0063583,0.0011088,-0.75093,0.041307,0.00012207
317,359,2,-0.19338,436.66,482.88,0,414.05,491.89,454.24,475.87,-0.0097953,0.00054894,-0.95114,0.044855,9.1553e-05
318,360,2,-0.25069,560.5,644.23,0,539.94,661.55,581.06,626.92,-0.010928,0.0004655,-0.95664,0.045837,0.00012207
319,361,1,-0.35507,520.8,633.03,0,499.99,662.14,536.99,610.39,-0.023713,0.0012517,-1.1604,0.11283,6.1035e-05
320,362,1,-0.19837,293.86,341.53,0,274.58,387.82,311.97,298.04,-0.011368,0.0036142,-1.2048,0.01294,3.0518e-05
321,363,2,-0.22982,525.77,571.4,0,499.92,574.84,544.63,568.9,-0.011037,0.00065291,-1.081,0.027373,9.1553e-05
322,364,2,-0.27592,588.19,667.53,0,571.37,689.94,609.82,638.72,-0.017187,0.00050416,-0.99162,0.034439,0.00012207
323,365,3,-0.17143,508.89,571.62,0,496.78,596.12,521.78,545.54,-0.0098283,0.00033252,-0.93963,0.03078,0.00018311
324,366,1,-0.25058,379.27,435.89,0,353.31,506.7,399.46,380.81,-0.006531,0.00093111,-1.4575,0.041888,9.1553e-05
325,367,1,-0.29583,408.11,482.85,0,387.31,533.2,438.51,409.26,-0.015,0.000826,-1.1445,0.034928,6.1035e-05
326,368,2,-0.26256,578.59,654.61,0,567.77,683.57,589.41,625.65,-0.0013542,0.0010844,-0.83223,0.024555,0.00012207
327,369,0,-0.58954,407.28,509.38,0.015625,391.42,621.17,419.62,422.44,-0.033405,0.015603,-1.2972,0.1148,6.1035e-05
328,370,3,-0.18713,561.84,606,0,545.74,625.88,580.09,583.47,-0.0010198,0.0020148,-0.63933,0.076403,0.00012207
329,371,0,-0.97965,432.13,560.48,0.32812,427.89,655.5,437.25,445.81,-0.019173,0.18636,-1.1399,0.076183,6.1035e-05
330,372,0,-0.55743,384.41,486.02,0,360.93,561.73,403.86,423.29,-0.018081,0.083116,-1.3224,0.05551,6.1035e-05
331,373,0,-0.56205,387.91,475.77,0,362.6,539.76,413.23,411.79,-0.0027668,0.015882,-1.3847,0.012717,3.0518e-05
332,374,0,-0.59895,374.26,510.22,0,364.84,558.15,392.24,418.73,-0.018547,0.0090011,-1.1033,0.051524,6.1035e-05
333,375,1,-0.23302,349.92,399.6,0,327.09,454.97,366.58,359.2,-0.0088848,0.0019673,-1.3397,0.01179,6.1035e-05
334,376,2,-0.2449,558.27,630.18,0,538.37,656.8,573.74,609.48,-0.010323,0.00069492,-0.87833,0.023419,0.00012207
335,377,3,-0.18582,546.29,607.18,0,530.52,641.27,563.08,570.9,-0.01028,0.00037259,-0.89016,0.017144,0.00012207
336,378,0,-0.59764,406.26,502.27,0,386.05,565.75,427.78,434.69,-0.01759,0.0034461,-1.5553,0.039395,6.1035e-05
337,379,3,-0.16694,492.05,575.43,0,488.63,620.43,495.69,527.53,-0.0096883,0.001735,-1.1428,0.034946,0.00012207
338,380,2,-0.20375,453.25,521.95,0,431.78,554.87,472.19,492.91,-0.0020846,0.00032683,-1.0786,0.055107,6.1035e-05
339,381,0,-0.57106,387.92,492.97,0,367.37,554.25,409.8,427.75,-0.0098807,0.0011333,-1.2345,0.023208,6.1035e-05
340,382,0,-0.55574,377.93,472.53,0,357.36,535.99,401.24,400.61,-0.021764,0.001357,-1.3525,0.033341,6.1035e-05
341,383,1,-0.27868,402.45,462.26,0,381.14,529.61,422.47,398.99,-0.023052,0.00035795,-1.6187,0.012304,6.1035e-05
342,384,0,-0.58038,375.25,486.18,0,356.05,552.14,394.46,420.22,-0.025448,0.00073791,-1.3782,0.01149,6.1035e-05
343,385,3,-0.17386,515.41,578.7,0,501.8,613.27,531.83,536.99,-0.019647,0.00027626,-1.0179,0.052408,0.00012207
344,386,2,-0.25602,571.88,663.09,0,558.59,707.7,582.9,626.13,-0.0068625,0.00050818,-0.99164,0.028007,0.00012207
345,387,1,-0.34699,485.9,599.45,0,470.35,652.07,503.52,539.81,-0.018908,0.0012202,-1.4362,0.029933,0.00012207
346,388,0,-0.50169,364.19,447.36,0,341.96,524.88,382.62,383.14,-0.0077979,0.0019119,-1.5785,0.010333,3.0518e-05
347,389,2,-0.23711,526.8,620.71,0,507.71,636.09,540.73,609.48,-0.0046144,0.00036693,-1.2456,0.049903,6.1035e-05
348,390,3,-0.16213,499.35,537.22,0,486.49,570.43,510,509.71,-0.013454,0.0003211,-1.3303,0.028313,6.1035e-05
349,391,1,-0.29567,420.67,509.55,0,402.39,593.16,438.95,425.95,-0.015253,0.0012133,-1.4382,0.037622,6.1035e-05
350,392,1,-0.35079,498.09,607.13,0,480.6,719.45,512.58,514.06,-0.0027376,0.0012761,-1.4053,0.026932,6.1035e-05
351,393,0,-0.61993,403.74,530.42,0,386.14,602.01,426.39,438.38,-0.017558,0.0020304,-1.4776,0.030568,6.1035e-05
352,394,2,-0.19672,441.15,510.56,0,440.96,563,441.32,464.29,-0.0079706,0.0022598,-1.3339,0.034077,9.1553e-05
353,395,1,-0.25445,367.53,433.24,0,357.5,515.17,377.55,351.3,-0.0041072,0.0011074,-1.5469,0.018834,6.1035e-05
354,396,3,-0.17904,556.98,617.23,0,557.05,664.91,556.94,588.62,-0.013629,0.00028794,-1.2338,0.027167,0.00012207
355,397,1,-0.314,427.08,550.69,0,409.81,637.18,449.28,439.5,-0.0023465,0.0014343,-1.3801,0.12376,6.1035e-05
356,398,3,-0.16065,484.5,540.88,0,483.33,575.53,485.74,504,0.0048772,0.0012964,-1.0359,0.02771,9.1553e-05
357,399,2,-0.2058,463.67,535.13,0,456.69,566.46,470.23,505.7,-0.012102,0.00024855,-1.0398,0.032127,6.1035e-05
358,400,3,-0.17714,527.17,595.44,0,524.82,634.62,529.51,556.27,-0.0053595,0.00014245,-0.95205,0.021129,0.00012207
359,401,2,-0.21747,476.31,550.44,0,461.12,581.24,498.51,505.42,-0.015381,0.00027521,-1.2549,0.016572,6.1035e-05
360,402,0,-0.80603,432.94,551.58,0.17188,408.3,651.41,454.68,463.5,-0.021537,0.13811,-1.5854,0.051001,6.1035e-05
361,403,0,-0.57445,402.08,514.73,0,396.92,648.12,406.36,404.2,-0.021094,0.022285,-1.6688,0.022349,6.1035e-05
362,404,0,-0.54853,360.12,485.45,0,342.44,554.14,381.45,402.56,-0.012921,0.0032827,-1.3485,0.052647,6.1035e-05
363,405,0,-0.5332,348.36,467.57,0,331.9,533.17,368.23,388.39,-0.017743,0.0017484,-1.3982,0.050931,6.1035e-05
364,406,2,-0.2422,538.49,640.61,0,531.77,692.42,543.71,600.32,-0.016763,0.0010404,-0.79988,0.054306,6.1035e-05
365,407,0,-0.80522,436.66,565.35,0.14062,432.01,662.58,441.31,468.13,-0.01973,0.10194,-1.3384,0.013116,6.1035e-05
366,408,3,-0.23026,681.18,770.81,0,665.88,837.08,696.47,704.53,-0.0051284,0.0042239,-0.65413,0.024039,0.00018311
367,409,2,-0.21076,466.24,564.69,0,450.75,604.17,477.55,535.89,0.0037741,0.0023998,-0.84552,0.035165,9.1553e-05
368,410,3,-0.20758,618.79,685.69,0,600.37,727.09,639.66,638.77,-0.01079,0.00048866,-0.55214,0.067829,0.00018311
369,411,2,-0.22792,489.43,581.29,0,472.69,604.87,505.15,559.14,3.1531e-05,0.00064551,-0.89025,0.030484,0.00012207
370,412,3,-0.20523,594.83,699.77,0,579.48,717.3,620.42,670.54,-0.0075861,0.00047286,-0.74944,0.028086,0.00012207
371,413,1,-0.27577,396.02,470.18,0,378.06,553.27,410.9,401.34,-0.016168,0.00055779,-1.4859,0.016965,6.1035e-05
372,414,2,-0.2584,588.41,686.47,0,561.77,706.4,604.39,674.52,-0.0046186,0.0008002,-0.89748,0.030324,0.00012207
373,415,3,-0.19066,551.94,659.36,0,530.72,683.61,577.56,630.09,-0.013826,0.00031443,-0.69027,0.057259,0.00012207
374,416,1,-0.25939,363.78,429.17,0,354.26,482.55,373.29,375.78,-0.013393,0.0003622,-1.2895,0.028726,6.1035e-05
375,417,0,-0.53064,373.14,465.61,0,350.52,533.04,391.89,409.74,-0.025368,0.0034306,-1.6337,0.06593,6.1035e-05
376,418,0,-0.53969,343.77,468.93,0,336.79,527.8,354.65,377.08,-0.035735,0.001187,-1.445,0.1276,3.0518e-05
377,419,2,-0.24129,515.49,597.28,0,507.13,618.64,526.95,568,-0.0075919,0.00068366,-0.95725,0.021582,9.1553e-05
378,420,2,-0.21032,458.37,536.07,0,444.54,558.99,476.14,506.61,-0.011277,0.00025028,-1.4174,0.039902,6.1035e-05
379,421,0,-1.048,442.87,544.83,0.40625,430.53,622.21,456.01,462.45,-0.018375,0.27241,-1.558,0.047123,6.1035e-05
380,422,2,-0.22723,505.89,579.28,0,494.92,612.83,515.57,549.68,0.0037727,0.012239,-1.2535,0.026201,0.00012207
381,423,2,-0.21603,462.06,535.89,0,449.29,569.37,478.48,492.84,-0.0046149,0.0019943,-1.3388,0.039465,6.1035e-05
382,424,3,-0.1618,479.71,528.67,0,467.68,558.89,491.02,500.27,-0.0064904,0.00059425,-1.1373,0.037723,6.1035e-05
383,425,1,-0.23881,330.99,408.61,0,316.28,449.98,347.67,361.71,-0.013692,0.0018474,-1.4207,0.024912,6.1035e-05
384,426,2,-0.19875,429.88,498.44,0,426.26,527.79,433.28,470.87,-0.008562,0.0013282,-1.221,0.019393,9.1553e-05
385,427,3,-0.15018,450.35,497.93,0,454.76,535.76,445.95,460.1,-0.013449,0.00019772,-1.2276,0.079469,0.00012207
386,428,3,-0.17659,521.53,582.86,0,519.36,617.5,523.7,548.22,-0.0079178,0.00025609,-1.0395,0.055779,6.1035e-05
387,429,1,-0.34422,491.8,584.53,0,488.84,649.32,494.25,530.85,-0.023479,0.0011592,-1.4084,0.068131,6.1035e-05
388,430,0,-0.57009,389.21,481.77,0,369.92,551.59,408.5,411.95,-0.010336,0.01412,-1.7195,0.012211,6.1035e-05
389,431,0,-0.70774,410.05,520.76,0.09375,389.32,589.96,432.13,447.1,-0.010377,0.055878,-1.7236,0.031305,6.1035e-05
390,432,1,-0.3606,510.14,595.93,0,496.32,629.22,526.82,555.74,-0.0093614,0.0016765,-1.3537,0.072717,9.1553e-05
391,433,0,-0.51713,326.03,431.06,0,312.67,473.48,345.55,369.06,-0.025564,0.015279,-1.1217,0.06817,3.0518e-05
392,434,3,-0.18628,566.81,612.47,0,558.94,639.74,572.94,591.25,-0.0014796,0.00064187,-0.90965,0.028545,0.00012207
393,435,1,-0.3408,469.19,552.87,0,449.39,607.14,493.09,487.39,0.00034458,0.0023388,-1.2917,0.020152,6.1035e-05
394,436,2,-0.24194,531.41,601.59,0,515.44,627.83,550.69,569.92,-0.0090701,0.00084008,-0.75753,0.028327,0.00012207
395,437,0,-0.57843,379.79,475.23,0,363.28,528.49,402.42,402.24,-0.019536,0.004644,-1.4187,0.029874,6.1035e-05
396,438,2,-0.25391,582.26,646.38,0,552.14,667.57,599.16,634.49,-0.015282,0.00099019,-0.96184,0.033625,0.00012207
397,439,0,-0.64697,429.2,535.76,0,419.17,604.79,441.3,452.44,-0.025318,0.0073079,-1.5752,0.027148,3.0518e-05
398,440,2,-0.23298,507.53,569.47,0,492.52,609.91,523.5,526.43,0.0052146,0.0017955,-1.0058,0.017916,6.1035e-05
399,441,1,-0.36168,513.29,612.48,0,494.98,662.44,534.05,555.87,-0.015485,0.0016492,-1.3716,0.015548,0.00012207
400,442,2,-0.27401,594.4,676.27,0,580.16,694.1,611.58,654.74,-0.014779,0.00049391,-0.98496,0.018985,0.00012207
401,443,2,-0.21014,466.94,538.7,0,451.76,565.98,483.09,509.66,-0.011262,0.00051465,-1.1218,0.023635,0.00012207
402,444,1,-0.3373,487.03,555.57,0,466.29,631.07,507.77,480.07,-0.011228,0.0016698,-1.5335,0.033807,0.00012207
403,445,3,-0.15864,464.78,519.43,0,449.09,539.94,477.79,502.44,-0.0013566,0.00082427,-0.92605,0.024096,9.1553e-05
404,446,2,-0.21681,468.56,542.46,0,460.33,564.12,477.88,517.91,-0.0075507,0.00048034,-1.0563,0.023321,9.1553e-05
405,447,0,-0.54024,377.74,465.08,0,354.46,532.19,397.02,409.48,-0.0090751,0.0019285,-1.5498,0.0092803,6.1035e-05
406,448,1,-0.35422,504.25,587.17,0,486.28,618.96,520.11,559.13,-0.00064749,0.0019631,-1.3731,0.033955,6.1035e-05
407,449,1,-0.30567,444.6,513.16,0,422.99,578.27,462.5,459.22,-0.0019633,0.0007485,-1.6732,0.012399,6.1035e-05
408,450,2,-0.20808,478.62,518.83,0,468.51,559.27,485.54,491.16,-0.013787,0.00056047,-0.88961,0.033239,9.1553e-05
409,451,3,-0.17448,518.71,558.98,0,513.51,579.79,523.9,538.16,-0.0067252,0.0003194,-1.0415,0.027204,0.00018311
410,452,0,-0.53744,381.57,450.73,0,359.07,487.68,401.42,418.12,-0.018915,0.0014151,-1.7675,0.012963,6.1035e-05
411,453,0,-0.54413,352.34,439.72,0,339.1,485.43,370.49,377.09,-0.020473,0.0028277,-1.7145,0.021998,3.0518e-05
412,454,0,-0.72056,435.54,517.87,0.09375,409.92,585.43,459.61,454.41,-0.031367,0.058965,-1.6677,0.070218,6.1035e-05
413,455,1,-0.2538,372.66,404.39,0,356.63,449.43,390.83,353.35,-0.0096066,0.0057872,-2.0339,0.02429,6.1035e-05
414,456,1,-0.29466,414.18,467.43,0,395.61,523.24,433.94,408.02,-0.014302,0.001146,-1.7236,0.050078,6.1035e-05
415,457,3,-0.18689,551.88,584.04,0,546.72,604.5,558.94,556,-0.0065206,0.00048343,-1.058,0.026393,0.00012207
416,458,2,-0.22208,498.49,536.97,0,491.81,565.75,504.38,511.57,-0.014595,0.00035798,-1.3338,0.098405,0.00012207
417,459,0,-0.70119,413.25,497.68,0.09375,401.45,549.1,430.5,422.54,-0.0419,0.049113,-1.8774,0.12076,6.1035e-05
418,460,0,-0.65154,428.45,477.22,0.078125,402.73,536.06,446.04,436.96,-0.0235,0.046401,-1.9147,0.07098,6.1035e-05
419,461,1,-0.27533,391.42,428.39,0,374.09,474.62,409.87,379.19,-0.014164,0.0013897,-1.616,0.041001,6.1035e-05
420,462,3,-0.18212,520.92,585.92,0,510.3,618.19,537.49,535.57,-0.010072,0.00030255,-1.0373,0.03033,0.00012207
421,463,2,-0.25714,578.1,624.91,0,564.35,667.96,586.91,597.32,-0.010703,0.00044904,-1.328,0.046688,0.00012207
422,464,3,-0.15523,477.97,519.21,0,471.31,559.94,482.83,489.5,-0.0070785,0.00030734,-0.97656,0.028767,9.1553e-05
423,465,0,-0.42455,277.52,343.66,0,267.29,371.7,290.68,307.61,-0.010609,0.011741,-1.5068,0.011546,3.0518e-05
424,466,0,-0.52735,373.36,419.17,0,353.5,469.09,388.8,380.34,-0.027629,0.0085636,-1.9481,0.12508,6.1035e-05
425,467,0,-0.57611,406.67,476.9,0,381.09,534.67,427.86,429.04,-0.029144,0.0038283,-2.0235,0.061272,6.1035e-05
426,468,3,-0.18043,523.9,584.32,0,514.9,607.42,535.46,554.61,0.0018255,0.00084049,-0.89416,0.02833,0.00012207
427,469,0,-0.5256,371.94,432.18,0,353.72,489.08,388.01,381.98,-0.020626,0.0029572,-1.5434,0.03528,6.1035e-05
428,470,2,-0.21442,487.91,528.26,0,469.01,551.29,504.59,507.95,-0.0078649,0.00054808,-1.1328,0.030044,9.1553e-05
429,471,2,-0.20023,465.74,488.35,0,448.13,518.12,477.04,469.26,-0.012447,0.00022896,-1.2826,0.016009,6.1035e-05
430,472,2,-0.24973,561.35,605.79,0,547.13,624.11,574.71,588.58,-0.013438,0.00043568,-1.2291,0.027829,0.00012207
431,473,1,-0.22283,343.39,371.41,0,321.43,419.68,360.47,333.87,-0.015739,0.00089293,-1.4313,0.011772,6.1035e-05
432,474,1,-0.25111,348.22,403.23,0,328.09,429.13,377.65,365.38,-0.021506,0.00026648,-1.6411,0.028812,6.1035e-05
433,475,2,-0.22283,502.62,528.33,0,496.13,554.68,508.71,503.57,-0.012759,0.00046234,-1.3027,0.030018,9.1553e-05
434,476,2,-0.22887,510.57,546.69,0,487.56,568.23,532.19,526.45,-0.018387,0.00018199,-1.1051,0.036421,6.1035e-05
435,477,0,-0.85584,433.55,514.12,0.20312,417.64,561.39,455.35,449.33,-0.020717,0.13552,-1.552,0.088783,6.1035e-05
436,478,0,-0.47458,313.81,379.05,0,304.6,416.4,324.26,336.73,-0.022968,0.042131,-1.627,0.042554,3.0518e-05
437,479,1,-0.35942,510.9,566.95,0,492.92,603.78,532.61,522.52,-0.020422,0.0046487,-1.6157,0.19226,0.00012207
438,480,3,-0.20365,619.2,622.55,0,601.7,655.9,635.64,591.21,-0.010978,0.00079408,-0.93367,0.028194,0.00018311
439,481,1,-0.33628,494.83,550.15,0,474.2,635.48,511.93,479.45,-0.008939,0.0022915,-1.6385,0.022262,6.1035e-05
440,482,2,-0.24582,530.65,587.81,0,523.47,622.3,541.85,534,-0.0071956,0.00078604,-1.0504,0.029018,0.00012207
441,483,1,-0.25797,398.34,430.73,0,375.95,480.18,411.77,401.07,-0.0224,0.00052699,-1.3581,0.028416,6.1035e-05
442,484,1,-0.23895,335.56,372.87,0,322.88,407.81,352.95,324.99,-0.010047,0.00051184,-1.576,0.0076579,6.1035e-05
443,485,2,-0.26418,575.47,617.64,0,562.37,635.23,594.6,591.92,-0.016624,0.00043225,-0.79247,0.056604,0.00012207
444,486,0,-0.55343,379.04,460.91,0,362.6,515,394.49,410.1,-0.024034,0.0051675,-1.3825,0.051143,6.1035e-05
445,487,0,-0.45513,288.8,376.65,0,280.42,417.5,301.05,316.94,-0.020756,0.0043406,-1.2809,0.028728,3.0518e-05
446,488,3,-0.21298,631.13,665.01,0,624.52,702.18,638.16,625.45,-0.0034458,0.00035458,-0.67058,0.032789,0.00018311
447,489,0,-0.48363,339.74,389.51,0,321.43,436.08,356.93,345.77,0.00064157,0.0033241,-1.5482,0.028317,6.1035e-05
448,490,3,-0.18788,580.96,602.92,0,587.16,638.96,574.76,566.88,-0.0092643,0.0002861,-0.76375,0.038163,0.00012207
449,491,1,-0.3565,505.74,562.63,0,484.19,626.91,528.68,494.21,-0.0082499,0.0027043,-1.7195,0.060424,0.00012207
450,492,2,-0.25249,557.17,620.97,0,539.14,662.04,577.61,574.43,-0.01654,0.0010494,-1.0453,0.027868,6.1035e-05
451,493,0,-0.60624,417.11,491.39,0.015625,391.02,565.45,437.41,433.79,-0.0034643,0.018234,-1.5749,0.045115,6.1035e-05
452,494,3,-0.1517,469.71,500.61,0,462.44,534.74,474.37,478.73,-0.014908,0.0022483,-0.89207,0.026256,9.1553e-05
453,495,1,-0.39174,545.49,636.9,0,538.22,676.47,556.83,575.16,-0.024165,0.0027159,-1.4793,0.044333,0.00012207
454,496,3,-0.1846,566.01,577.9,0,548.94,603.23,582.05,554.1,-0.014837,0.00080994,-0.61059,0.024162,0.00018311
455,497,3,-0.18043,526.58,581.13,0,511.63,609.03,551.51,534.61,-0.012058,0.00045984,-0.86732,0.034957,0.00012207
456,498,2,-0.21717,490.75,557.32,0,460.03,573.47,516.2,543.94,-0.014566,0.00034292,-1.1775,0.027008,6.1035e-05
457,499,2,-0.24418,553.21,621.52,0,529.61,640.73,579.95,599.76,-0.0059947,0.00026914,-1.1195,0.033778,0.00012207
458,500,1,-0.21534,311.12,350.77,0,296.68,389.83,328.54,303.64,-0.011361,0.00091156,-1.5407,0.017878,6.1035e-05
459,501,1,-0.2289,349.68,390.11,0,336.67,454.62,359.17,343.03,-0.018412,0.00044933,-1.7181,0.032506,6.1035e-05
460,502,1,-0.37997,532.25,628.15,0,504.36,644.03,575.76,603.37,-0.017738,0.0022135,-1.487,0.022343,6.1035e-05
461,503,3,-0.2,612.17,619.2,0,600.39,659.35,623.24,581.49,-0.0052911,0.00069781,-0.78599,0.032423,0.00018311
462,504,2,-0.20637,470.39,506.63,0,448.27,525.09,491.17,489.29,-0.0082306,0.00046107,-1.0837,0.031438,9.1553e-05
463,505,3,-0.19378,561.63,620.33,0,537.79,639.69,598.82,590.12,-0.0066476,0.00022171,-0.85109,0.019001,0.00012207
464,506,1,-0.37065,535.22,606.11,0,513.43,666.44,554.45,552.88,-0.018434,0.0021465,-1.7728,0.036267,0.00012207
465,507,2,-0.19971,449.23,481.25,0,449.75,516.49,448.86,455.54,-0.018773,0.001013,-1.4209,0.027702,6.1035e-05
466,508,1,-0.25906,405.17,437.28,0,386.23,526.7,417.31,379.95,-0.019419,0.00085193,-2.1485,0.057453,6.1035e-05
467,509,2,-0.21398,477.9,513.37,0,463.61,530.2,493.11,495.45,-0.0099595,0.00065654,-1.4694,0.068935,6.1035e-05
468,510,1,-0.36188,525.78,600.26,0,518.58,662.52,534.48,525.13,0.0015432,0.0024002,-1.6706,0.10739,0.00012207
469,511,3,-0.17252,525.12,546.31,0,498.17,570.63,553.81,520.43,-0.0076927,0.0013406,-0.97835,0.046347,0.00012207
470,512,0,-0.7374,424.78,506.07,0.09375,406.54,568.04,446.79,431.29,-0.034064,0.064213,-1.8075,0.14535,6.1035e-05
471,513,1,-0.29493,439.62,471.37,0,406.6,536.32,465.3,420.86,-0.010693,0.0015865,-1.9366,0.006703,6.1035e-05
472,514,2,-0.22233,500,555.06,0,485.63,585.72,513.51,526.26,-0.018773,0.00070134,-1.3754,0.024618,0.00012207
473,515,2,-0.24895,554.29,617.2,0,533.31,645.75,574,590.39,-0.001986,0.0003715,-1.2523,0.040906,0.00012207
474,516,3,-0.17839,532.8,584.87,0,513.09,618.81,549.14,556.75,-0.011154,0.0003083,-0.98634,0.039746,0.00012207
475,517,1,-0.23797,345.75,390.36,0,325.69,444.2,367.11,333.05,-0.019802,0.00042406,-1.7512,0.062608,6.1035e-05
476,518,3,-0.20729,625.21,620.01,0,611.06,645.05,644.6,585.7,-0.0050325,0.00034236,-1.1682,0.025633,0.00018311
477,519,0,-0.56723,382.92,448.41,0,365.06,490.33,404.47,397.8,-0.012038,0.0015417,-1.5477,0.0066582,6.1035e-05
478,520,2,-0.18982,423.19,482.71,0,404.43,496.95,439.74,470.15,0.0061825,0.00041235,-1.3446,0.024496,9.1553e-05
479,521,0,-0.50831,349.14,427.91,0,328.77,483.54,370.81,368.69,-0.020301,0.00073354,-1.606,0.00042008,3.0518e-05
480,522,0,-0.85447,443.92,538.06,0.20312,423.37,597.13,463.21,482.56,-0.028309,0.12666,-1.7602,0.11928,3.0518e-05
481,523,0,-0.44544,318.66,381.03,0,299.64,442.54,331.68,338.94,-0.0079505,0.053387,-1.5445,0.0074567,6.1035e-05
482,524,1,-0.35341,501.84,590.89,0,498.15,633.21,506.02,542.93,-0.022546,0.0054399,-1.6085,0.069599,6.1035e-05
483,525,3,-0.19541,593.65,622.47,0,560.57,636.53,626.72,608.41,-0.0046976,0.0015805,-1.0057,0.043876,0.00012207
484,526,2,-0.24515,549.31,600.31,0,511.09,624.77,587.54,575.86,-0.004373,0.00029456,-1.2155,0.026332,0.00012207
485,527,1,-0.28905,426.68,486.53,0,401.26,553.35,450.55,423.76,0.0017388,0.00094177,-1.519,0.021835,6.1035e-05
486,528,0,-0.45126,294.89,371.79,0,280.34,409.58,316.16,316.55,-0.020142,0.00077014,-1.5699,0.046263,3.0518e-05
487,529,2,-0.2237,490.9,566.85,0,475.05,593.21,508.87,536.97,-0.013881,0.00043116,-1.2656,0.038271,9.1553e-05
488,530,3,-0.19271,577.82,607.68,0,564.24,643.36,592.27,569.69,-0.004344,0.00028621,-0.96025,0.024129,0.00012207
489,531,2,-0.25836,564.17,641.67,0,549.53,664.31,581.84,614.34,-0.011857,0.00048828,-1.1738,0.049553,0.00018311
490,532,3,-0.19637,588.91,648.22,0,566.76,698.24,606.13,609.32,0.0088862,0.00023632,-1.0445,0.077972,0.00012207
491,533,0,-0.40281,279.63,344.07,0,266.77,396.61,287.87,310.39,-0.023679,0.0012685,-1.3333,0.018418,3.0518e-05
492,534,3,-0.18175,553.5,571.64,0,534.55,594.2,573.68,547.62,-0.010345,0.00035151,-1.2526,0.044345,0.00012207
493,535,1,-0.30687,431.71,503.45,0,410.2,567.13,457.67,426.59,0.0054047,0.0016605,-1.7755,0.031618,6.1035e-05
494,536,0,-0.45602,323.49,383.79,0,299.04,427.77,343.75,347.36,-0.02718,0.00077575,-1.9291,0.030864,6.1035e-05
495,537,0,-0.51334,368.73,446.53,0,343.8,513.95,385.8,400.4,-0.015856,0.0018977,-1.7606,0.02058,3.0518e-05
496,538,0,-0.4886,346.4,415.92,0,325.57,487.27,360.66,367.1,-0.021593,0.0033967,-1.9064,0.096395,6.1035e-05
497,539,3,-0.17721,524.33,559.32,0,517.33,593,531.78,523.46,0.00295,0.00042653,-1.1571,0.055331,0.00012207
498,540,3,-0.16767,514.69,535.09,0,487.72,557.51,535.67,517.65,-0.00074968,0.00021757,-1.0734,0.049246,0.00012207
499,541,1,-0.3682,533.03,597.22,0,521.13,645.5,547.39,538.96,-0.012128,0.0022938,-1.6372,0.050019,6.1035e-05
500,542,1,-0.33897,482.92,546.5,0,469.69,582.18,499.93,500.63,-0.0022157,0.00083372,-1.5008,0.036085,9.1553e-05
501,543,0,-1.4513,435.58,526.89,0.78125,426.76,588.86,447.65,441.97,0.052882,0.52399,-1.4219,0.064428,6.1035e-05
502,544,3,-0.1764,545.85,565.11,0,533.98,589.3,556.32,543.76,-0.0089324,0.024677,-0.96602,0.029088,0.00012207
503,545,0,-0.90011,427.32,501.09,0.29688,421.93,588.05,431.8,429.03,-0.030288,0.17181,-1.6547,0.020156,6.1035e-05
504,546,3,-0.17489,528.63,555.17,0,514.59,580.96,542.67,529.38,-0.0081548,0.001983,-0.80072,0.030817,9.1553e-05
505,547,2,-0.23065,516.53,572.36,0,509.43,598.77,523.19,547.55,-0.010246,0.00051735,-1.0024,0.025031,6.1035e-05
506,548,2,-0.21228,459.47,522.3,0,450.34,554.4,469.19,488.13,-0.013809,0.00076938,-1.1353,0.028254,6.1035e-05
507,549,2,-0.2458,564.53,601.3,0,552.4,629.88,573.38,580.45,-0.0095716,0.00035618,-1.2102,0.033438,0.00012207
508,550,2,-0.24625,567.75,600.54,0,562.52,639.15,572.36,566.48,-0.0047441,0.00032963,-1.1081,0.04564,0.00012207
509,551,1,-0.27787,416.72,458.26,0,393.54,507.69,435.92,417.3,-0.0064547,0.00045367,-1.7907,0.058463,6.1035e-05
510,552,1,-0.23828,350.32,394.14,0,332.04,447.56,365.46,349.88,-0.014087,0.0006444,-1.4776,0.01594,6.1035e-05
511,553,0,-0.55834,382.59,465.15,0,359.63,506.76,405.56,423.55,-0.013453,0.0020238,-1.5675,0.042773,6.1035e-05
512,554,3,-0.1862,555.49,555.76,0,548.82,575.29,563.04,533.63,-0.0055128,0.00078977,-0.99757,0.041362,0.00012207
513,555,3,-0.16195,496.21,513.79,0,483.82,522.78,505.24,507.23,-0.0082847,0.00022157,-1.0801,0.028156,0.00012207
514,556,2,-0.21882,486.97,537.34,0,468.06,544.14,504.74,530.96,-0.024451,0.00043268,-1.2829,0.076046,0.00012207
515,557,1,-0.30874,444.4,486.22,0,416.71,544.09,472.09,428.36,-0.01599,0.0013278,-1.8468,0.021321,6.1035e-05
516,558,1,-0.33914,481.5,537.03,0,455.97,585.06,512.32,479.07,-0.0034106,0.00067567,-1.6411,0.016931,6.1035e-05
517,559,1,-0.33659,502.49,546.86,0,486.44,573.67,514.21,527.29,-0.0090682,0.0010028,-1.5451,0.025093,9.1553e-05
518,560,3,-0.16932,537.45,533.04,0,517.53,557.11,551.08,516.57,-0.0063603,0.0008866,-0.99904,0.037084,0.00012207
519,561,2,-0.20399,459.16,493.87,0,457.06,530.52,460.79,465.37,-0.013643,0.00046927,-1.2809,0.039372,0.00012207
520,562,1,-0.25033,358.89,408.36,0,342.83,450.62,375.99,363.37,0.0028791,0.0005347,-1.3632,0.026125,6.1035e-05
521,563,2,-0.21618,480.08,520.32,0,485.85,542.38,473.94,496.83,-0.0093466,0.00037366,-1.0938,0.021284,6.1035e-05
522,564,1,-0.37863,570.19,624.92,0,549.9,654.93,585.98,601.58,0.012269,0.0010522,-1.1849,0.051316,0.00012207
523,565,2,-0.23034,515.51,545.38,0,492.38,557.12,537.23,534.36,-0.023481,0.00024742,-1.1169,0.034069,6.1035e-05
524,566,0,-0.60647,420.43,486.45,0.015625,387.85,549.41,444.2,440.5,-0.0043492,0.011033,-1.8763,0.026386,6.1035e-05
525,567,3,-0.19194,587.24,607.72,0,567.95,633.07,604.26,585.34,-0.00052827,0.00074057,-0.95491,0.028669,0.00012207
526,568,0,-0.49409,331.66,403.51,0,314.95,434.02,349.45,371.04,-0.024497,0.002883,-1.7258,0.044298,3.0518e-05
527,569,3,-0.16887,498.58,529.82,0,487.5,556.82,508.99,504.46,-0.0086303,0.0002294,-0.95413,0.047558,9.1553e-05
528,570,2,-0.23017,510.47,551.64,0,495.56,567.07,524.47,537.15,-0.0028203,0.00050346,-1.0139,0.012929,6.1035e-05
529,571,3,-0.18428,573.48,587.33,0,544.24,592.05,599.28,583.18,-0.003772,0.00017136,-0.85485,0.029993,0.00012207
530,572,2,-0.22041,501.12,557.96,0,476.51,576.97,522.83,541.19,-0.022242,0.00034661,-1.0476,0.036494,6.1035e-05
531,573,1,-0.2991,452.99,509.81,0,410.99,573.8,481.72,466.03,-0.018339,0.00096083,-1.2746,0.038264,6.1035e-05
532,574,2,-0.28127,623.15,648.85,0,610.35,662.83,635.96,634.86,-0.0076664,0.000584,-0.95808,0.023355,0.00012207
533,575,2,-0.24187,538.84,578.85,0,532.46,594.63,545.22,563.08,-0.0012197,0.000464,-0.95747,0.023504,0.00012207
534,576,0,-0.56921,397.11,460.26,0,376.71,508.83,414.01,420.01,-0.044796,0.0019712,-1.5188,0.075412,6.1035e-05
535,577,2,-0.22143,506.91,528.05,0,488.19,544.35,521.48,515.37,-0.016975,0.0012002,-0.95928,0.080538,9.1553e-05
536,578,2,-0.24258,541.24,585.63,0,511.71,581.65,581.7,591.08,-0.017869,0.00041896,-0.99129,0.044827,6.1035e-05
537,579,3,-0.19186,603.69,600.07,0,566.81,600.05,627.34,600.08,-0.0098489,0.0004088,-0.60495,0.02948,0.00018311
538,580,2,-0.21637,484.16,515.34,0,464.81,527.25,507.5,500.96,-0.014053,0.00029664,-1.0235,0.026764,0.00012207
539,581,1,-0.35722,508.77,568.19,0,494.98,599.21,526.5,528.31,-0.011372,0.0011386,-1.3157,0.041614,0.00012207
540,582,3,-0.19211,574.76,600.25,0,555.66,608.68,591.61,592.81,-0.0088877,0.00034826,-0.76938,0.039484,0.00012207
541,583,2,-0.21395,482.56,546.25,0,461.39,562.82,506.56,527.48,-0.013509,0.00033763,-0.98523,0.034603,6.1035e-05
542,584,0,-0.63863,419.12,483.69,0.046875,397.94,533.33,439.01,437.05,-0.018799,0.03122,-1.4968,0.046479,6.1035e-05
543,585,2,-0.22529,516.58,558.84,0,501.27,596.11,527.76,531.64,-0.010797,0.00050253,-0.89457,0.031465,0.00012207
544,586,0,-0.62528,392.01,468.74,0,378.81,497.49,419.03,409.87,-0.011463,0.0012704,-1.4568,0.030666,6.1035e-05
545,587,0,-0.44964,330.38,378.12,0,311.82,429.86,340.1,351.02,-0.017912,0.0026303,-1.1113,0.031437,6.1035e-05
546,588,2,-0.22559,514.14,563.44,0,494,570.51,536.96,555.42,-0.0040365,0.00081107,-0.89064,0.019341,0.00012207
547,589,2,-0.22141,493.9,556.53,0,470.03,570.5,519.31,541.66,-0.013052,0.00021076,-1.1744,0.031535,6.1035e-05
548,590,2,-0.21963,503.8,552.27,0,479.74,566.6,527.86,537.93,-0.013896,0.0001901,-1.1128,0.042576,9.1553e-05
549,591,3,-0.18391,541.52,598.46,0,518.41,607.75,571.22,586.52,0.001518,0.00028657,-0.68286,0.039404,0.00012207
550,592,2,-0.2318,504.1,555.66,0,487.57,577.17,531.64,519.81,-0.0067049,0.00035016,-1.0926,0.0099446,6.1035e-05
551,593,1,-0.31747,484.99,518.45,0,459.2,576.66,507.75,467.09,-0.011601,0.0014008,-1.3613,0.044033,6.1035e-05
552,594,0,-1.1719,450.24,539.33,0.51562,438.4,610.02,461.37,472.93,-0.014675,0.29634,-1.178,-0.0033324,6.1035e-05
553,595,0,-0.59283,415.87,481.5,0.015625,386.06,529.37,440.56,441.83,-0.0075627,0.17848,-1.3893,0.0068722,6.1035e-05
554,596,1,-0.29048,430.73,478.88,0,404.32,535.96,458.83,418.11,-0.0066296,0.01278,-1.5085,0.025245,6.1035e-05
555,597,1,-0.33192,467.66,529.48,0,440.85,589.02,498.04,461.99,-0.01564,0.0020204,-1.5353,0.014282,6.1035e-05
556,598,3,-0.17054,492.2,537.94,0,473.89,554.31,515.74,516.88,-0.0082016,0.001628,-0.84018,0.025328,9.1553e-05
557,599,1,-0.31665,483.49,536.12,0,472.23,589.2,490.71,502.1,-0.027687,0.0012174,-1.4493,0.057927,6.1035e-05
558,600,0,-0.79625,442.86,525.14,0.14062,421.61,583.58,461.6,473.57,-0.031832,0.084239,-1.2428,0.035699,6.1035e-05
559,601,1,-0.39681,544.81,637.75,0,529,661.78,567.93,602.64,-0.011555,0.0061954,-1.2593,0.035295,6.1035e-05
560,602,2,-0.24214,544.03,595.69,0,525.6,599.73,566.26,590.81,-0.015934,0.0020881,-0.92537,0.032746,0.00012207
561,603,0,-0.4496,288.31,365.66,0,276.07,385.34,305.08,338.69,-0.011475,0.018261,-1.4785,0.01854,6.1035e-05
562,604,3,-0.18373,549.56,591.99,0,523.8,594.97,575.33,589.01,-0.0035608,0.00092609,-0.71458,0.018798,0.00012207
563,605,3,-0.18765,581.2,611.5,0,546.21,619.95,606.74,605.34,-0.011431,0.00026389,-0.62129,0.018073,0.00018311
564,606,0,-0.48172,331.35,390.12,0,315.19,423.94,346.52,358.35,-0.013047,0.0057305,-1.5597,0.026445,3.0518e-05
565,607,0,-0.50894,354.26,426.79,0,339.3,474.41,369.22,379.17,-0.023315,0.0032011,-1.0936,0.049815,3.0518e-05
566,608,3,-0.16575,502.66,519.07,0,491.21,523.2,514.1,514.93,-0.02291,0.0015542,-0.76324,0.03338,9.1553e-05
567,609,1,-0.29144,466,496.6,0,428.58,570.49,486.99,455.15,-0.0029439,0.002107,-1.473,0.051095,6.1035e-05
568,610,2,-0.23382,537.99,579.3,0,513.75,589.41,559.39,570.39,-0.0097755,0.00034783,-0.87331,0.027009,0.00012207
569,611,1,-0.33345,484.54,548.26,0,461.71,572.88,503.45,527.86,0.00085598,0.0011122,-1.5014,0.03108,6.1035e-05
570,612,2,-0.23853,551.67,589.16,0,523.15,591.15,572.49,587.71,-0.011934,0.00037535,-0.97023,0.029445,0.00012207
571,613,3,-0.19116,574.09,607.82,0,545.02,611.65,601.4,604.22,-0.011746,0.00057048,-0.83113,0.030204,0.00012207
572,614,2,-0.2502,552.12,593.51,0,522.02,592.47,588.44,594.77,-0.019198,0.00043436,-1.2211,0.061546,0.00012207
573,615,1,-0.30146,416.84,476.83,0,393.42,518.85,446.94,422.8,-0.019397,0.00069934,-1.5063,0.043536,6.1035e-05
574,616,3,-0.19765,601.55,628.1,0,580.03,652.92,623.07,603.28,-0.0049209,0.00032676,-0.80596,0.018356,0.00012207
575,617,2,-0.26421,606.95,617.39,0,588.06,632.74,621.64,605.44,-0.010066,0.00040828,-1.1419,0.028793,0.00012207
576,618,1,-0.24606,361.31,393.39,0,343.42,432,379.19,354.78,-0.012995,0.00091092,-1.5407,0.010402,6.1035e-05
577,619,1,-0.30029,414.78,460.31,0,396.46,498.24,438.34,411.55,-0.029868,0.00059437,-1.5175,0.32532,6.1035e-05
578,620,2,-0.22165,500.59,527.95,0,493.81,540.83,508.29,513.36,-0.010053,0.00058406,-1.2163,0.039922,0.00012207
579,621,2,-0.24026,551.77,573.88,0,532.44,581.53,566.8,567.93,-0.0071958,0.00026593,-1.3132,0.030424,0.00012207
580,622,0,-0.54411,371.34,414.64,0,354.92,452.94,387.75,376.35,0.00025513,0.0028978,-1.8051,0.022832,6.1035e-05
581,623,1,-0.25594,374.09,409.49,0,353.53,454.41,390.09,374.56,-0.024336,0.00056591,-1.4925,0.063891,3.0518e-05
582,624,3,-0.1994,612,617.68,0,590.97,629.16,634.39,605.46,-0.01408,0.00041036,-0.80858,0.040854,0.00012207
583,625,1,-0.31164,483.02,497.38,0,452.93,538.67,504.97,467.24,-0.018538,0.00063067,-1.7618,0.025654,9.1553e-05
584,626,1,-0.35819,527.14,567.04,0,509.02,588.52,545.27,545.56,-0.026109,0.001485,-1.6743,0.10913,0.00012207
585,627,0,-0.54506,376.37,422.86,0,357.04,458.16,396.95,385.29,-0.0048152,0.0021513,-1.9382,0.0019728,6.1035e-05
586,628,2,-0.23883,539.79,556.09,0,527.89,578.91,550.97,534.65,-0.002092,0.00057163,-1.2216,0.030512,0.00012207
587,629,3,-0.15998,495.67,496.07,0,474.54,499.58,515.53,492.78,-0.013305,0.00089429,-0.93202,0.027631,6.1035e-05
588,630,2,-0.23375,526.42,549.45,0,500.5,568.54,546.59,534.6,-0.011263,0.0005682,-1.2257,0.030092,0.00012207
589,631,1,-0.34505,489.27,539.78,0,462.76,584.83,519.33,488.72,-0.011688,0.0012534,-1.6764,0.020535,6.1035e-05
590,632,3,-0.2095,660,638.3,0,639.62,660.94,672.22,624.71,-0.0070149,0.00036061,-0.82781,0.016531,0.00018311
591,633,2,-0.22377,494.51,519.97,0,479.91,536.47,513.28,498.76,-0.023023,0.00043956,-1.3149,0.033789,6.1035e-05
592,634,3,-0.17881,549.17,572.23,0,529.35,587.05,566.65,559.15,-0.0062548,0.00024808,-0.83606,0.025583,0.00012207
593,635,1,-0.32187,438.73,486.35,0,421.59,524.01,467.28,423.58,-0.013825,0.00095895,-1.5704,0.019106,6.1035e-05
594,636,3,-0.2101,629.98,646.24,0,615.88,666.73,648.1,619.9,-0.0076901,0.00026184,-0.77295,0.074251,0.00012207
595,637,0,-0.49914,329.45,391.09,0,315.31,416.3,351.52,351.76,-0.013629,0.0014349,-1.6999,0.01402,3.0518e-05
596,638,2,-0.20841,473.37,510.26,0,447.45,528.57,493.52,496.03,-0.0084801,0.00033265,-1.0224,0.03743,0.00012207
597,639,2,-0.23002,538.34,556.01,0,532.97,588.52,540.78,541.24,-0.017471,0.00036303,-1.289,0.050073,0.00012207
598,640,3,-0.17415,532.19,532.48,0,516.39,547.37,545.28,520.14,-0.0029179,0.00054119,-0.95188,0.013505,0.00012207
599,641,2,-0.21452,482.09,506.73,0,462.99,516.79,498.94,497.85,-0.0089982,0.00035269,-1.2872,0.030648,6.1035e-05
600,642,0,-0.83266,429.8,496.67,0.21875,414.3,572.03,442.64,434.23,-0.022227,0.1361,-1.8179,0.04135,6.1035e-05
601,643,0,-0.56761,395.58,442.49,0,379.01,480.56,412.16,404.42,0.0096239,0.02641,-1.709,0.023553,6.1035e-05
602,644,0,-0.55388,388.47,441.44,0,363.49,478.66,409.18,410.59,-0.012847,0.0041069,-1.4668,0.027387,6.1035e-05
603,645,1,-0.35817,527.49,570.4,0,508.91,589.8,546.07,551.01,-0.02506,0.0010088,-1.669,0.12694,6.1035e-05
604,646,3,-0.18626,563.58,573.26,0,541.19,581.75,588.97,563.63,-0.010483,0.00083006,-0.7098,0.012684,0.00012207
605,647,1,-0.32188,475.25,518.72,0,457.95,557.9,490.51,484.15,-0.00050288,0.00087626,-1.7229,0.031106,9.1553e-05
606,648,0,-0.58244,397.5,482.3,0,382.66,512.5,412.33,452.11,-0.013542,0.0057644,-1.5315,0.011326,3.0518e-05
607,649,1,-0.29393,412.45,452.51,0,390.98,489.07,443.82,399.07,-0.012464,0.003016,-1.6327,0.011979,6.1035e-05
608,650,0,-0.52811,368.92,432.08,0,349.65,481.95,387.01,385.23,-0.027163,0.0017347,-1.5914,0.035832,6.1035e-05
609,651,1,-0.27085,391.9,429.94,0,356.56,460.94,434.55,392.52,-0.009626,0.00057118,-1.8798,0.012549,6.1035e-05
610,652,1,-0.28849,456.89,474.87,0,432.31,533.08,474.83,432.4,-0.018434,0.0008572,-1.7516,0.15922,6.1035e-05
611,653,3,-0.18285,577.56,555.57,0,546.59,548.24,600.16,560.93,-0.015207,0.0010979,-1.0451,0.048647,0.00012207
612,654,3,-0.18061,516.61,568.28,0,498.24,580.35,549.35,546.76,-0.0078636,0.00029709,-0.98155,0.031651,0.00012207
613,655,0,-0.49682,359.52,412.78,0,332.77,467.04,380.32,370.58,-0.0084667,0.00092738,-1.7048,0.00092314,6.1035e-05
614,656,0,-0.47781,330.33,393.18,0,311.18,429.87,350.72,354.12,-0.013092,0.0015372,-1.5752,0.024452,3.0518e-05
615,657,3,-0.19584,598.81,617.71,0,570.69,627.15,622.1,609.9,-0.0041114,0.00027234,-0.90089,0.04332,0.00012207
616,658,3,-0.17483,538.45,536.9,0,498.58,533.13,573.63,540.24,-0.011106,0.00023227,-1.0492,0.061659,0.00012207
617,659,2,-0.24542,563.43,587.13,0,541.77,602.91,583.77,572.3,-0.0119,0.00056305,-1.2921,0.047285,0.00012207
618,660,3,-0.1664,507.8,521.37,0,475.94,527.44,548.76,513.57,-0.014363,0.00040169,-1.0203,0.071566,0.00012207
619,661,2,-0.23043,521.33,539.13,0,504.05,558.41,537.56,521.02,-0.017403,0.00044856,-1.2211,0.02234,0.00012207
620,662,2,-0.24653,558.88,597.79,0,539.6,613.69,574.85,584.6,-0.0079414,0.00026208,-1.297,0.069334,6.1035e-05
621,663,2,-0.24363,558.97,598.33,0,539.14,620.42,575.4,580.03,-0.0081572,0.00022194,-1.3069,0.045948,0.00012207
622,664,0,-0.55924,381.83,458.75,0,361.03,496.73,401.36,423.08,-0.037782,0.00087132,-1.4012,0.041297,6.1035e-05
623,665,1,-0.35038,514.12,584.73,0,494.34,609.74,536.54,556.38,-0.01161,0.00080254,-1.4359,0.057645,0.00012207
624,666,2,-0.21859,488.5,538.88,0,458.06,537.11,517.1,540.54,-0.031254,0.00046359,-1.1504,0.10253,9.1553e-05
625,667,3,-0.16231,482.47,538.13,0,457.99,554.61,505.47,522.65,-0.014812,0.0005516,-0.75191,0.026535,0.00012207
626,668,3,-0.1793,537.17,554.76,0,535.19,573.48,539.41,533.54,-0.012994,0.00025011,-0.89818,0.033421,0.00012207
627,669,3,-0.15914,477.86,520.45,0,446.23,519.57,513.71,521.45,-0.0091155,0.00023966,-1.1386,0.03635,9.1553e-05
628,670,1,-0.36646,522.95,596.43,0,507.22,626.11,544.51,555.76,-0.014137,0.0017526,-1.4661,0.063779,6.1035e-05
629,671,3,-0.16217,478.14,520.69,0,464.14,542.26,497.33,491.12,-0.016315,0.00087821,-1.0395,0.044139,9.1553e-05
630,672,3,-0.16535,505.09,527.35,0,486.58,544.61,523.6,510.09,-0.0082084,0.00029542,-1.1584,0.022778,6.1035e-05
631,673,1,-0.28478,402.4,464.23,0,383.73,521.42,423.55,399.41,-0.016002,0.00084687,-1.5979,0.026683,9.1553e-05
632,674,1,-0.25851,387.01,443.85,0,355.07,488.44,415.19,404.51,-0.012444,0.00040185,-1.6453,0.037325,6.1035e-05
633,675,3,-0.16124,488.63,507.61,0,471.15,529.57,503.12,489.41,-0.0065705,0.00019546,-1.04,0.041524,0.00012207
634,676,3,-0.16459,493.37,540.65,0,484.4,571.48,501.8,511.69,-0.017343,0.00012993,-1.0535,0.031564,9.1553e-05
635,677,1,-0.2049,297.12,334.5,0,287.67,393.76,304.94,285.39,-0.0062247,0.00060583,-1.1766,0.047291,3.0518e-05
636,678,1,-0.21771,316.61,382.26,0,301,441.14,328.75,336.46,-0.011668,0.00059343,-1.2275,0.026878,6.1035e-05
637,679,0,-0.59577,389.97,514.67,0,373.45,584.95,406.49,444.39,-0.031948,0.002967,-1.2714,0.0071044,6.1035e-05
638,680,0,-0.60836,404.45,512.51,0,389,585.04,420.9,435.29,-0.00215,0.0014196,-1.4066,0.030548,6.1035e-05
639,681,1,-0.33013,494.15,566.99,0,462.3,654.23,517.39,503.32,-0.015424,0.00092374,-1.552,0.098028,6.1035e-05
640,682,1,-0.30834,436.38,520.83,0,398.75,571.29,484.75,455.96,-0.013597,0.00062929,-1.4705,0.042757,0.00012207
641,683,1,-0.28007,417.35,485.27,0,385.35,554.74,445.58,423.98,-0.032604,0.00030963,-1.5274,0.058479,6.1035e-05
642,684,0,-0.56803,358.92,475.13,0,345.27,522.95,380.22,400.54,-0.030011,0.00090002,-1.4372,0.039334,6.1035e-05
643,685,2,-0.19698,425.36,494.71,0,414.25,526.64,437.18,460.71,-0.0081883,0.00043855,-1.1781,0.030751,6.1035e-05
644,686,1,-0.34253,517.45,583.76,0,496.25,646.55,535.01,531.73,-0.011924,0.00095989,-1.5357,0.052905,6.1035e-05
645,687,2,-0.19738,434.79,498.9,0,417.44,531.95,452.14,465.84,-0.0165,0.00031782,-1.0301,0.037239,6.1035e-05
646,688,1,-0.26406,378.76,435.02,0,357.53,497.7,398.7,376.14,-0.013172,0.00054479,-1.5197,0.069068,6.1035e-05
647,689,3,-0.17808,532.73,570.84,0,527.34,602.54,538.11,539.14,-0.019198,0.00028214,-0.99643,0.049361,0.00012207
648,690,2,-0.2119,456.69,513.98,0,440.16,539.18,479.34,479.44,-0.010887,0.00024064,-1.3972,0.022042,9.1553e-05
649,691,3,-0.18125,545.82,581.79,0,530.89,604.44,561.72,557.68,-0.018591,0.00018791,-0.93197,0.047305,0.00012207
650,692,1,-0.23087,332.4,369.94,0,311.05,420.91,353.75,318.97,-0.014938,0.00061409,-1.8721,0.010605,6.1035e-05
651,693,0,-0.55214,368.55,475.89,0,350.17,529.71,383.78,431.29,-0.0090144,0.0032044,-1.4735,0.0029516,3.0518e-05
652,694,1,-0.34879,487.72,572.64,0,473.73,604.8,508.16,525.64,-0.0082433,0.0015237,-1.6176,0.043533,6.1035e-05
653,695,2,-0.2256,505.34,557.41,0,478.62,576.03,533.78,537.58,-0.015008,0.00037397,-1.1349,0.036719,0.00012207
654,696,2,-0.20607,447.38,484.96,0,433.77,502.83,464.89,461.98,-0.0073015,0.00038614,-1.2933,0.034923,6.1035e-05
655,697,3,-0.18079,541.59,563.58,0,521.88,573.66,570.41,548.86,-0.011107,0.00020799,-0.79033,0.044079,0.00012207
656,698,1,-0.29745,431.05,473.45,0,399.85,525.07,462.24,421.84,-0.0029497,0.00049863,-1.5409,0.05172,0.00012207
657,699,1,-0.36508,545.72,594.93,0,524.06,637.49,562.56,561.84,-0.018886,0.0013999,-1.507,0.097693,6.1035e-05
658,700,2,-0.23821,535.8,575.05,0,520.64,588.48,554.1,558.84,-0.013821,0.00027453,-1.1445,0.068572,0.00012207
659,701,3,-0.18679,585.2,583.45,0,558.3,598.13,604.82,572.74,-0.006946,0.00034768,-0.8884,0.030163,0.00018311
660,702,3,-0.17569,528.68,541.92,0,493.43,537.78,576.99,547.58,-0.015369,0.00019532,-0.8913,0.035137,0.00012207
661,703,3,-0.17764,523.35,556.8,0,502.55,575.8,551.84,530.76,-0.0088352,0.00012151,-0.97055,0.030392,0.00012207
662,704,1,-0.30321,458.3,495.97,0,428.95,562.85,484.19,436.96,-0.013688,0.00063227,-1.9032,0.06131,9.1553e-05
663,705,3,-0.1711,531.98,546.7,0,506.49,556.42,559.12,536.36,-0.010571,0.00037798,-1.0142,0.016555,0.00012207
664,706,0,-0.61135,407.12,475.64,0,395.22,527.3,423.43,404.84,-0.017662,0.0035885,-1.7834,0.016237,6.1035e-05
665,707,1,-0.34691,519.66,542.9,0,497.77,569.41,540.22,518.01,-0.012637,0.00079738,-1.6787,0.034969,6.1035e-05
666,708,0,-0.65659,445.05,522.75,0,421.43,579.21,470.2,462.63,-0.019698,0.001795,-1.8634,0.047362,6.1035e-05
667,709,1,-0.31288,477.17,507.64,0,434.66,542.19,517.1,475.18,-0.014709,0.00093046,-1.6988,0.039753,6.1035e-05
668,710,0,-0.50609,352.63,408.14,0,331.34,462.05,370.27,363.47,-0.01381,0.0012825,-1.6946,0.027906,6.1035e-05
669,711,2,-0.26861,605.11,612.45,0,583.46,629.96,623.05,597.94,-0.012925,0.00063647,-1.3773,0.039757,0.00012207
670,712,1,-0.26246,353.75,396.49,0,335.52,428.32,382.19,346.83,-0.018286,0.00064169,-1.6689,0.09066,6.1035e-05
671,713,2,-0.19958,463.75,473.88,0,444.87,490.05,474.34,464.81,-0.014004,0.00021622,-1.4505,0.027346,6.1035e-05
672,714,3,-0.21133,639.47,634.49,0,612.86,642.28,673.69,624.49,-0.010587,0.00030588,-1.0509,0.017145,0.00018311
673,715,0,-0.51515,381.52,415.11,0,360.83,466.99,394.78,381.86,-0.013424,0.00081083,-1.7646,0.036037,6.1035e-05
674,716,3,-0.16616,492.11,506.81,0,472.32,525.32,516.01,484.47,0.0066102,0.00060739,-1.0554,0.035605,9.1553e-05
675,717,3,-0.17985,533.8,546.18,0,511.95,542.04,572.75,553.56,-0.0081308,0.00019645,-1.0059,0.042477,0.00018311
676,718,1,-0.31629,423.07,469.51,0,407.83,505.52,448.46,409.49,-0.010074,0.00069652,-1.609,0.088529,9.1553e-05
677,719,2,-0.21502,478.81,490.06,0,459.14,504.26,499.74,474.95,-0.010683,0.00030592,-1.3728,0.066676,9.1553e-05
678,720,3,-0.17871,556.83,557.69,0,517.92,564.8,600.92,549.64,-0.0091813,0.00023289,-0.92655,0.048136,0.00012207
679,721,3,-0.17099,516.57,550.46,0,493.04,561.74,543.24,537.69,-0.0056956,0.00014274,-0.86412,0.024962,0.00012207
680,722,1,-0.26146,394.69,403.27,0,373.15,448.63,414.92,360.66,-0.017493,0.00027486,-1.792,0.09798,6.1035e-05
681,723,3,-0.18015,534.68,537.87,0,511.38,545.64,557.98,530.09,-0.015084,0.00033418,-0.81547,0.047664,9.1553e-05
682,724,1,-0.31711,432.5,487.03,0,412.44,531.14,463.79,418.23,-0.010418,0.00086307,-1.3686,0.026478,6.1035e-05
683,725,2,-0.23369,540.22,555.85,0,504.78,574.76,569.59,540.19,-0.016337,0.00033834,-1.2009,0.030052,0.00012207
684,726,0,-0.53958,382.38,432.92,0,360,486.26,400.92,388.71,-0.0077166,0.0010083,-1.8393,0.014002,6.1035e-05
685,727,1,-0.25778,377.19,409.16,0,353.62,454.62,399.33,366.46,-0.01692,0.00076752,-1.2713,0.01621,6.1035e-05
686,728,2,-0.22137,528.36,552.76,0,500.24,581.77,550.24,530.19,-0.014021,0.00046035,-1.3292,0.047699,6.1035e-05
687,729,0,-0.72168,445.17,525.07,0.078125,420.82,595.79,466.66,462.67,-0.024554,0.052607,-1.5661,0.028856,6.1035e-05
688,730,0,-0.58907,399.38,480.63,0,376.79,533.38,424.99,420.86,0.0068459,0.0079452,-1.3862,0.017693,6.1035e-05
689,731,1,-0.2749,426.79,449.38,0,390.51,507.49,451.61,409.62,-0.0032198,0.00072393,-1.5851,0.04169,6.1035e-05
690,732,2,-0.21524,491.02,528.23,0,480.63,559.68,498.6,505.28,-0.0016446,0.00023786,-1.1633,0.032912,9.1553e-05
691,733,2,-0.23295,514.31,541.55,0,500.82,568.41,530.58,509.13,-0.014107,0.00025473,-1.1597,0.073265,6.1035e-05
692,734,3,-0.16298,504.16,523.36,0,482.7,546.4,520.86,505.45,-0.011799,0.00036689,-1.0301,0.021163,9.1553e-05
693,735,3,-0.19869,590.51,606.69,0,566.36,624.41,621.56,583.92,-0.0072906,0.00015601,-0.97889,0.027711,0.00012207
694,736,3,-0.15631,474.13,477.15,0,457.92,496.15,485.96,463.28,-0.0080519,0.00017067,-0.95665,0.026094,0.00012207
695,737,3,-0.19228,562.48,587.86,0,548.56,607.08,584.2,557.87,-0.013817,8.9755e-05,-0.89072,0.024478,0.00012207
696,738,3,-0.16005,501.89,504.48,0,492.88,518.2,509.83,492.38,-0.010821,0.00011551,-1.0829,0.026514,6.1035e-05
697,739,0,-0.52739,369.2,441.26,0,351.09,501.33,384.21,391.48,-0.020745,0.0015027,-1.5599,0.077125,6.1035e-05
698,740,0,-0.52711,368.21,438.46,0,345.15,495.43,386.15,394.14,-0.013177,0.0018744,-1.5352,0.028519,6.1035e-05
699,741,0,-1.025,439.78,532.02,0.35938,442.67,601.69,436.52,453.05,-0.0052421,0.1986,-1.5117,0.03533,6.1035e-05
700,742,0,-0.54446,392.04,452.16,0,371.2,493.92,410.43,415.32,-0.0045108,0.080771,-1.688,0.018483,6.1035e-05
701,743,0,-0.64889,444.56,525.7,0,423.55,586.32,463.09,472.21,-0.019407,0.013013,-1.5579,0.092334,6.1035e-05
702,744,0,-0.74276,414.78,487.74,0.14062,396.01,545.53,432.41,433.46,-0.02896,0.084182,-1.6938,0.10848,6.1035e-05
703,745,2,-0.21886,472.8,526.21,0,458.55,539.17,495.02,505.98,-0.014952,0.0026172,-1.3031,0.046783,9.1553e-05
704,746,2,-0.24681,583.61,607.53,0,542.05,627.4,612.04,593.93,-0.0090639,0.00035951,-1.3391,0.062082,0.00012207
705,747,2,-0.20412,461.46,483.49,0,443.64,502.94,478.19,465.21,-0.011373,0.00040859,-1.2576,0.034506,9.1553e-05
706,748,0,-0.49398,326.47,395.41,0,302.61,421.33,357.15,362.08,-0.012201,0.010557,-1.274,0.026102,3.0518e-05
707,749,0,-0.55542,414.35,464.97,0,390.48,537.4,427.74,424.34,-0.014444,0.0061313,-1.8215,0.11506,6.1035e-05
708,750,3,-0.17167,526.23,539.16,0,503.73,560.76,544.88,521.25,-0.015486,0.0012967,-0.98752,0.033081,0.00012207
709,751,2,-0.22212,500.98,552.94,0,477.34,573.77,527.79,529.33,-0.0032579,0.00039556,-1.4108,0.03682,6.1035e-05
710,752,1,-0.29598,428.99,480.36,0,397.85,532.85,460.13,427.87,-0.026482,0.00069507,-1.7567,0.060839,6.1035e-05
711,753,2,-0.25849,589.02,660.79,0,560.4,685.28,615.91,637.79,-0.0057228,0.00083787,-1.1569,0.039548,0.00012207
712,754,3,-0.19066,564.94,611.09,0,537.68,634.92,604.78,576.25,-0.0045971,0.0003724,-0.93499,0.038889,0.00018311
713,755,0,-0.50312,369.63,433.96,0,335.17,489.35,393.21,396.06,-0.038661,0.0032919,-1.913,0.073847,6.1035e-05
714,756,2,-0.23941,555.92,586.86,0,527.58,591.27,580.93,582.98,-0.017701,0.00066104,-1.6688,0.075832,0.00012207
715,757,0,-1.8259,433.25,527.73,1.1875,425.08,604.13,440.93,455.97,-0.017316,1.2323,-1.2861,0.026819,6.1035e-05
716,758,3,-0.1605,496.06,507.36,0,463.62,524.66,522.95,493.03,-0.0024932,0.020524,-1.0576,0.043305,6.1035e-05
717,759,3,-0.16546,509.83,521.47,0,484.2,533.45,532.44,510.89,-0.0057764,0.0027659,-1.0914,0.037226,0.00012207
718,760,2,-0.25518,564.14,634.28,0,559.6,670.8,571.22,577.31,-0.015252,0.00079482,-1.2537,0.081263,0.00012207
719,761,3,-0.18824,550.4,592.79,0,536.21,610.42,574.05,563.41,0.0027975,0.00039526,-0.94072,0.029151,0.00012207
720,762,2,-0.22491,511.56,537.79,0,494.7,556.67,527.39,520.06,-0.028113,0.00043116,-1.2223,0.050281,0.00012207
721,763,1,-0.38952,566.97,626.1,0,548.24,654.87,586.91,595.48,-0.0093967,0.0012888,-1.4054,0.034252,0.00012207
722,764,3,-0.18469,553.11,586.96,0,544.05,603.34,561.11,572.5,-0.011439,0.0002714,-1.1123,0.020634,0.00012207
723,765,0,-0.81169,441.34,535.15,0.15625,424.23,602.54,460.73,458.78,-0.017668,0.095411,-1.4173,0.029649,6.1035e-05
724,766,0,-0.61136,434.53,511.38,0,408.7,585.95,453.39,456.97,-0.024172,0.013858,-1.3278,0.42886,6.1035e-05
725,767,1,-0.31769,415.11,501.77,0,403.63,548.36,437.02,412.82,-0.0084634,0.0047486,-1.5492,0.047172,6.1035e-05
726,768,1,-0.39635,571.41,648.41,0,548.33,678.66,601.07,609.52,-0.0080923,0.0026297,-1.3445,0.031228,0.00012207
727,769,0,-0.62008,398.05,487.69,0.03125,377.46,549.95,419.97,421.42,-0.01395,0.03584,-1.8264,0.018289,6.1035e-05
728,770,3,-0.19674,579.43,603.08,0,559.86,616.42,604.6,585.92,-0.0058054,0.00079706,-1.1765,0.034749,0.00012207
729,771,1,-0.36333,519.29,578.96,0,505.18,614.28,535.28,538.94,-0.021172,0.0018231,-1.4918,0.05922,6.1035e-05
730,772,0,-0.6135,425.35,492.6,0.046875,394.32,566.54,443.96,448.24,-0.017105,0.037636,-1.6319,0.046035,3.0518e-05
731,773,2,-0.23324,511.94,583.36,0,503.08,623.77,521.38,540.35,0.00039487,0.00083585,-1.5569,0.040162,6.1035e-05
732,774,2,-0.21042,482.21,537,0,459.19,553.7,502.51,522.26,-0.0047327,0.00053539,-1.4874,0.019384,6.1035e-05
733,775,0,-0.58478,384.71,492.51,0,365.03,548.6,410,420.39,-0.017054,0.0035894,-1.384,0.011952,6.1035e-05
734,776,1,-0.27797,408.01,460.39,0,373.06,519.65,433.52,417.15,-0.013407,0.00097439,-1.5065,0.047125,6.1035e-05
735,777,3,-0.15435,480.74,510.82,0,442.75,517.93,503.54,506.56,-0.0051779,0.0006489,-1.2117,0.043789,9.1553e-05
736,778,3,-0.1886,555.18,593.47,0,530.08,609.32,587.44,573.09,-0.0042944,0.00020856,-1.0373,0.024248,0.00012207
737,779,1,-0.33735,500.28,561.8,0,464.08,578.97,523.48,550.79,-0.021297,0.0013973,-1.3905,0.035483,6.1035e-05
738,780,0,-0.57538,410.16,473.79,0.015625,391.83,546.15,423.54,420.98,-0.025656,0.012761,-1.5113,0.065311,6.1035e-05
739,781,3,-0.15393,459.7,504.91,0,440.62,532.24,473.62,484.97,-0.0062998,0.0010617,-1.1281,0.045869,6.1035e-05
740,782,2,-0.24368,550.55,615.21,0,521.68,648.3,581.29,579.98,-0.0045717,0.00081557,-1.4551,0.04052,0.00012207
741,783,0,-0.70585,409.83,503.65,0.09375,392.48,568.09,429.5,430.61,-0.021621,0.063596,-1.6521,0.068089,6.1035e-05
742,784,1,-0.29424,433.95,483.87,0,407.48,549.04,454.54,433.19,-0.022553,0.00207,-1.4931,0.037423,6.1035e-05
743,785,1,-0.29618,442.43,486.2,0,422.23,549.91,460.25,429.98,-0.0094719,0.00060344,-1.5086,0.053614,9.1553e-05
744,786,0,-0.49471,350.28,424.41,0,322.52,471.57,376.35,380.12,-0.0095249,0.004987,-1.5925,0.034454,6.1035e-05
745,787,0,-0.61851,409.53,513.31,0,383.32,549.36,447.83,460.63,-0.024032,0.0056407,-1.3523,0.060175,6.1035e-05
746,788,2,-0.22735,505.99,567.36,0,466.89,583.5,545.09,551.22,-0.019802,0.00029721,-1.4938,0.06065,0.00012207
747,789,3,-0.16964,514.61,554.15,0,480.4,562.41,548.81,545.89,-0.01167,0.00051809,-1.0521,0.025588,0.00018311
748,790,3,-0.18281,566.12,590.63,0,529.59,594.69,598.36,587.05,-0.013761,0.00019906,-1.2934,0.041239,0.00012207
749,791,1,-0.38735,560,636.37,0,520.29,641.94,614.43,628.74,-0.025524,0.001951,-1.6478,0.075197,0.00012207
750,792,2,-0.20407,462.86,505.92,0,443.09,528.16,478.23,488.62,0.00030344,0.00030057,-1.4519,0.054971,9.1553e-05
751,793,0,-1.1274,436.7,499.05,0.54688,416.64,576.98,450.43,445.73,-0.025474,0.26259,-1.5207,0.020794,6.1035e-05
752,794,0,-0.4452,313.79,371.19,0,291.97,412.04,335.61,330.34,-0.012205,0.18185,-1.5485,0.013198,6.1035e-05
753,795,1,-0.25748,356.49,415.25,0,341.37,469.07,373.64,354.24,-0.01503,0.016173,-1.8144,0.014835,6.1035e-05
754,796,0,-0.50182,329.89,416.53,0,314.94,455.64,347.92,369.33,-0.023278,0.0048379,-1.282,0.038339,6.1035e-05
755,797,2,-0.23432,527.67,565.12,0,523.14,588.18,532.21,542.07,-0.013256,0.001473,-1.5376,0.05809,0.00012207
756,798,0,-0.58667,418.89,503.17,0,387.85,558.47,444.6,457.36,-0.021891,0.004586,-1.8174,0.0020028,6.1035e-05
757,799,2,-0.24944,558.1,610.15,0,556.25,655.98,559.63,572.19,-0.010985,0.0010505,-1.4383,0.054857,0.00012207
758,800,3,-0.19412,582.68,639.17,0,545.39,656.45,624.95,619.58,-0.010595,0.000566,-1.0204,0.043621,0.00012207
759,801,3,-0.15972,475.62,516.56,0,455.93,531.65,499.38,498.36,-0.0027949,0.00038837,-0.9796,0.028607,9.1553e-05
760,802,2,-0.21029,447.44,512.65,0,433.8,529.85,468.7,485.81,-0.01692,0.00057688,-1.3968,0.04284,9.1553e-05
761,803,1,-0.26478,414.23,453.88,0,379.78,508.68,437.81,416.39,-0.016012,0.00065172,-1.47,0.02368,6.1035e-05
762,804,0,-0.80072,419.97,546.17,0.15625,399.49,607.62,446.29,467.17,-0.015222,0.14147,-1.536,0.042071,6.1035e-05
763,805,3,-0.19837,583.21,635.26,0,562.71,663.13,603.71,607.4,-0.012271,0.00134,-0.85965,0.032313,0.00012207
764,806,0,-0.63671,394.58,502.89,0.046875,375.61,569.65,412.39,440.18,-0.020092,0.039264,-1.3709,0.020862,6.1035e-05
765,807,3,-0.17405,534.78,563.73,0,505.36,582.72,560.74,546.97,-0.018898,0.00024933,-1.1778,0.04501,0.00012207
766,808,0,-0.49594,343.37,430.26,0,319.45,485.32,365.84,378.53,-0.0091548,0.0028164,-1.576,0.013263,3.0518e-05
767,809,1,-0.31195,435.49,511.7,0,418.62,538.44,463.61,467.13,-0.018876,0.00084654,-1.4479,0.023757,9.1553e-05
768,810,1,-0.30806,421.5,489.08,0,404.6,548.22,443.24,413.05,-0.020948,0.001129,-1.6021,0.011677,6.1035e-05
769,811,1,-0.32501,497.82,537.93,0,449.98,608.56,526.53,495.56,-0.017002,0.0012197,-1.7913,0.032554,6.1035e-05
770,812,2,-0.2508,524.27,613.87,0,516.21,629,548.43,568.48,-0.02308,0.00049449,-1.3423,0.054564,0.00012207
771,813,1,-0.28655,413.9,467.2,0,387.48,528.95,440.31,405.46,-0.0046098,0.001265,-1.6202,0.0095531,6.1035e-05
772,814,0,-0.48269,345.73,419.29,0,320.72,478.05,366.45,370.61,-0.015646,0.0032114,-1.6798,0.0089254,3.0518e-05
773,815,3,-0.18848,573.57,585.7,0,549.78,601.13,594.55,572.07,-0.011713,0.00042089,-1.2884,0.036778,0.00012207
774,816,2,-0.22148,497.84,543.68,0,481.34,571.64,513.35,517.42,-0.0096902,0.00055717,-1.4297,0.059878,9.1553e-05
775,817,1,-0.25461,393.96,421.7,0,369.49,482.91,410.71,379.81,-0.017196,0.00047759,-1.6981,0.019639,6.1035e-05
776,818,1,-0.21699,335.99,364.06,0,314.12,418.89,351.95,324.05,-0.018989,0.00090451,-1.9671,0.014782,6.1035e-05
777,819,3,-0.17992,539.91,588.44,0,514.14,613.8,569.13,559.7,-0.0090243,0.00029864,-1.3005,0.068309,0.00012207
778,820,0,-0.55925,377.94,471.25,0,352.89,527.6,404.61,411.26,-0.007703,0.0034392,-1.7813,0.013311,6.1035e-05
779,821,2,-0.23315,530.68,573.51,0,503.95,603.52,550.19,551.61,-0.0021727,0.00033974,-1.7041,0.038928,6.1035e-05
780,822,3,-0.16834,494.55,528.1,0,482.26,548.88,510.36,501.38,-0.010381,0.00042683,-1.2709,0.020894,9.1553e-05
781,823,1,-0.31221,404.03,489.02,0,389.93,524.09,435.06,411.87,-0.015256,0.00061262,-1.5139,0.038192,6.1035e-05
782,824,0,-0.55935,393.2,475,0,363.76,552.11,416.11,415.03,-0.01563,0.0018046,-1.9488,0.019612,6.1035e-05
783,825,1,-0.29938,466.75,501.79,0,447.07,593.27,479.37,443.15,-0.030168,0.00067953,-2.0505,0.072826,6.1035e-05
784,826,1,-0.32569,467.58,527.44,0,453.69,554.98,481.48,499.9,0.0025546,0.00097493,-1.8011,0.019356,6.1035e-05
785,827,0,-0.47706,309,396.12,0,291.56,441.86,334.49,329.27,-0.020251,0.0059549,-1.845,0.028497,3.0518e-05
786,828,1,-0.2854,435.55,475.93,0,409.92,553.55,455.48,415.56,-0.0041651,0.0025942,-1.9966,0.041337,6.1035e-05
787,829,3,-0.17375,524.03,544.26,0,498.91,555.65,550.76,532.12,-0.010001,0.00025814,-1.2778,0.063145,0.00012207
788,830,3,-0.16819,505.23,530.54,0,483.68,543.82,532.94,513.46,-0.0047159,0.0001733,-1.5674,0.034133,0.00012207
789,831,1,-0.3263,475.93,538.99,0,446.51,569.18,503.56,510.64,-0.028603,0.0014592,-1.7963,0.060624,6.1035e-05
790,832,1,-0.29512,421.49,483.75,0,392.9,541.72,453.89,418.06,-0.020017,0.00070415,-2.0349,0.16252,6.1035e-05
791,833,3,-0.16347,481.47,529.81,0,462.83,554.87,501.31,503.13,-0.0025842,0.00030191,-1.3794,0.031943,9.1553e-05
792,834,1,-0.34713,491.27,562.57,0,472.95,595.3,514.82,520.49,-0.015511,0.0015905,-1.705,0.039604,9.1553e-05
793,835,2,-0.21981,488.71,526.02,0,476.4,546.93,505.57,497.36,-0.012492,0.00026754,-1.957,0.068457,6.1035e-05
794,836,1,-0.29612,446.67,500.14,0,417.75,525.92,472.19,477.39,-0.021669,0.0004734,-2.0766,0.041351,6.1035e-05
795,837,3,-0.18141,556.51,562.93,0,535.87,586.25,573.6,543.6,0.00018093,0.00026061,-1.3949,0.027866,0.00012207
796,838,1,-0.31395,467.39,525.39,0,447.27,576.86,482.07,487.82,-0.017439,0.0011529,-1.7076,0.031435,6.1035e-05
797,839,0,-0.78285,430.5,542.67,0.14062,410.03,629.59,452.28,450.13,-0.01556,0.09071,-1.7106,0.050077,6.1035e-05
798,840,1,-0.21332,324.7,361.59,0,303.25,413.3,344.86,313,-0.014989,0.021118,-1.7782,0.016201,6.1035e-05
799,841,1,-0.28964,436.11,489.76,0,392.37,554.19,470.14,439.64,-0.022773,0.0020688,-2.1297,0.032537,9.1553e-05
800,842,2,-0.2311,505.04,559.99,0,494,579.21,523.44,527.95,-0.0049351,0.00036564,-1.5546,0.030254,9.1553e-05
801,843,0,-0.60291,380.38,487.63,0.015625,358.99,545.98,409.7,407.67,-0.015893,0.011498,-1.8858,0.03525,6.1035e-05
802,844,3,-0.18514,560.3,607.62,0,534.17,638.46,584.84,578.65,-0.0016163,0.00031649,-1.2572,0.037216,0.00018311
803,845,2,-0.21592,479.3,531.07,0,461.13,555.9,496.36,507.74,-0.016008,0.00034197,-1.8003,0.03388,6.1035e-05
804,846,1,-0.36141,521.95,593.81,0,494.93,637.03,554.56,541.65,-0.01675,0.0014658,-1.828,0.056577,6.1035e-05
805,847,0,-0.53074,387.18,458.63,0,359.24,543.87,405.09,403.99,-0.027805,0.0035221,-1.5884,0.032668,6.1035e-05
806,848,0,-0.55694,379.17,469.28,0,359.55,537.01,401.41,392.52,-0.022446,0.00154,-1.6781,0.044065,6.1035e-05
807,849,2,-0.23615,527.46,587.84,0,512.53,625.78,544.38,544.86,-0.015753,0.00042801,-1.6633,0.034064,0.00012207
808,850,0,-0.55522,379.78,463.76,0,356.4,527.47,406.29,391.55,-0.01444,0.00070691,-1.7056,0.00952,6.1035e-05
809,851,0,-0.39187,293.02,333.52,0,269.23,372.61,311.51,303.12,-0.013476,0.0064048,-1.7796,0.023742,3.0518e-05
810,852,1,-0.25818,374.37,426.85,0,352.67,489.11,397.47,360.56,-0.027111,0.00054592,-1.6407,0.079184,6.1035e-05
811,853,3,-0.16893,528.28,557.14,0,492.75,580.1,551.05,542.42,0.0037636,0.00023723,-1.502,0.031542,0.00012207
812,854,0,-0.493,354.77,433.1,0,322.67,498.14,383.1,375.71,-0.029146,0.0037172,-1.6694,0.053468,6.1035e-05
813,855,2,-0.21197,483.19,525.37,0,466.02,555.13,500.36,495.62,-0.014844,0.00046649,-1.6899,0.019221,6.1035e-05
814,856,1,-0.36645,527.09,605.53,0,523.33,671.12,530.62,543.91,-0.0081525,0.0013848,-1.743,0.031176,6.1035e-05
815,857,0,-0.69447,419.03,530.84,0.0625,400.22,623.94,437.83,437.74,-0.026406,0.038509,-1.4648,0.042545,6.1035e-05
816,858,3,-0.17964,542.03,566.95,0,513.52,584.8,581.08,542.49,-0.0033823,0.0042109,-0.99071,0.024404,0.00012207
817,859,2,-0.21915,494.94,535.47,0,468.68,538.43,526.63,531.89,-0.0098275,0.00049424,-1.4493,0.037824,6.1035e-05
818,860,0,-0.85709,430.9,546.57,0.21875,411.73,632.84,454.04,442.45,-0.026003,0.11868,-1.3758,0.031792,6.1035e-05
819,861,3,-0.16915,506.82,558.55,0,483.98,573.61,532.7,541.48,-0.0094284,0.0059544,-0.81628,0.034957,0.00012207
820,862,2,-0.19032,443.94,473.47,0,420.08,489.93,466.35,458,-0.01475,0.00090028,-1.1897,0.038522,6.1035e-05
821,863,3,-0.17221,522.24,560.61,0,502.85,582.66,541.63,538.56,-0.012399,0.00038917,-0.81197,0.029542,0.00012207
822,864,3,-0.1565,480.01,494.48,0,454.89,511.18,500.82,480.64,-0.0055991,0.00028777,-0.89014,0.01894,0.00012207
823,865,2,-0.26112,572.93,618.84,0,552.68,632.09,598.97,601.8,-0.026791,0.00084164,-1.1509,0.042022,0.00012207
824,866,0,-0.5142,378.52,451.34,0,345.85,504.62,403.92,409.89,-0.017719,0.010508,-1.3484,0.027072,6.1035e-05
825,867,1,-0.24938,349.88,408.19,0,332.4,451.9,373.83,348.3,-0.018133,0.00075221,-1.3723,0.039224,3.0518e-05
826,868,1,-0.2463,352.38,408.59,0,332.74,463.94,373.28,349.67,-0.018064,0.00033582,-1.3174,0.019453,6.1035e-05
827,869,0,-0.55229,383.28,483.97,0,365.52,554.38,401.04,413.56,-0.023978,0.0011494,-1.4847,0.16088,6.1035e-05
828,870,0,-0.47492,326.14,421.78,0,307.88,480.86,342.25,369.65,-0.011382,0.0025631,-1.3747,0.034265,6.1035e-05
829,871,0,-0.51654,341.8,440.06,0,326.79,489.47,363.74,367.86,-0.010579,0.00095068,-1.2674,0.01276,3.0518e-05
830,872,3,-0.16547,509.87,536.68,0,494.91,561.63,523.07,514.66,-0.0070611,0.00055672,-0.83299,0.019027,0.00012207
831,873,1,-0.28356,394.07,458.37,0,371.67,509.87,421.11,396.22,0.0016416,0.00052737,-1.2928,0.029969,6.1035e-05
832,874,2,-0.2446,560.43,613.95,0,531.67,647.41,581.41,589.53,-0.0093067,0.00089587,-1.1014,0.03396,0.00012207
833,875,2,-0.22718,485.49,541.84,0,472.53,570.02,510.23,488.04,-0.011711,0.00034288,-1.0958,0.04184,6.1035e-05
834,876,1,-0.31224,443.85,512.15,0,414.27,572.99,477.38,443.19,-0.0090388,0.00051196,-1.418,0.029103,6.1035e-05
835,877,0,-0.51286,345.67,429.52,0,328.32,485.16,365.33,366.46,-0.020213,0.0025366,-1.3374,0.19384,3.0518e-05
836,878,2,-0.21347,491.83,540.12,0,469.01,564.93,511.97,518.24,-0.015168,0.00069288,-1.2436,0.047429,6.1035e-05
837,879,3,-0.17585,524.03,567.6,0,504.54,593.12,549.09,534.77,-0.00075671,0.00040118,-0.8084,0.018677,0.00012207
838,880,1,-0.31421,464.17,524.44,0,449.94,575.08,476.72,479.76,-0.019623,0.0012799,-1.3238,0.029907,6.1035e-05
839,881,0,-0.73462,429.12,524.47,0.078125,414.68,575.81,450.24,449.43,-0.018326,0.069554,-1.6919,0.066926,6.1035e-05
840,882,1,-0.36467,523,589.66,0,503.99,617.93,550.77,548.33,-0.0047005,0.0037488,-1.4227,0.05958,6.1035e-05
841,883,1,-0.21482,335.33,360.97,0,303.98,400.58,361.31,328.15,-0.01811,0.0044704,-1.7077,0.13709,6.1035e-05
842,884,3,-0.1831,552.25,557.39,0,541.74,565.34,570.96,543.2,-0.0060858,0.00041049,-1.0715,0.022342,0.00012207
843,885,1,-0.25891,398.45,453.45,0,351.74,519.99,426.48,413.52,-0.01139,0.00056008,-1.6086,0.036025,9.1553e-05
844,886,2,-0.21129,472.19,504.97,0,457.34,517.53,493.91,486.61,-0.012355,0.00051736,-1.1644,0.031217,0.00012207
845,887,1,-0.35258,502.64,574.83,0,484.56,583.37,527.42,563.13,-0.017773,0.0010481,-1.2702,0.022734,0.00012207
846,888,1,-0.36851,559.94,606.09,0,533.93,633.37,578.92,586.19,-0.0033437,0.0012232,-1.3335,0.04081,6.1035e-05
847,889,1,-0.31498,462.7,521.8,0,438.64,557.38,482.64,492.32,-0.018838,0.0011199,-1.3866,0.018149,6.1035e-05
848,890,1,-0.25741,395.58,432.2,0,363.37,492.18,417.61,391.16,-0.02599,0.0015484,-1.6341,0.072535,9.1553e-05
849,891,2,-0.22061,490.29,520.44,0,467,530.63,516.69,508.88,-0.009705,0.00042728,-1.1764,0.038421,6.1035e-05
850,892,2,-0.21028,466.18,519.33,0,443.58,541.74,495.23,490.52,-0.017151,0.00026434,-1.1375,0.072636,9.1553e-05
851,893,1,-0.25262,345.31,385.75,0,331.22,425.9,363.43,334.12,-0.009361,0.0010368,-1.2501,0.053651,6.1035e-05
852,894,0,-0.48261,329.86,405.04,0,320.61,469.25,336.61,358.18,-0.022681,0.0014302,-1.4948,0.052813,3.0518e-05
853,895,0,-0.46856,322.2,390.22,0,305.5,438.05,337.89,345.29,-0.014558,0.0021148,-1.1507,0.1715,6.1035e-05
854,896,2,-0.21685,500.26,516.11,0,482.9,533.98,513.75,502.22,-0.0087129,0.00071165,-1.1825,0.032544,0.00012207
855,897,3,-0.16039,487.24,505.73,0,474.08,515.84,503.12,493.53,-0.032803,0.0004659,-0.91946,0.10923,9.1553e-05
856,898,3,-0.21223,671.49,671.47,0,623.48,682.38,713.85,661.84,-0.0060706,0.00019604,-0.68673,0.046148,0.00012207
857,899,1,-0.33503,484.22,543.91,0,449.33,555.08,516.99,533.42,-0.02094,0.0009672,-1.1781,0.01573,0.00012207
858,900,1,-0.30654,442.22,496.25,0,400.73,526.08,486.39,464.5,-0.02353,0.0005421,-1.376,0.12176,9.1553e-05
859,901,1,-0.28722,441.33,480.16,0,407.02,538.74,464.8,440.08,-0.021197,0.00026335,-1.5527,0.017143,6.1035e-05
860,902,2,-0.25019,570.9,598.15,0,548.76,611.91,596,582.55,0.0010822,0.0003058,-1.1899,0.021951,6.1035e-05
861,903,1,-0.24954,406.75,431.19,0,372.01,487.14,426.25,399.8,-0.0054122,0.00062117,-1.6663,0.057191,3.0518e-05
862,904,1,-0.26057,392.23,428.12,0,352.73,446.2,427.08,412.16,-0.015465,0.00035223,-1.5884,0.060817,6.1035e-05
863,905,2,-0.22879,511.84,544.06,0,501.65,572.89,522.69,513.36,-0.008422,0.0002971,-1.2934,0.047204,0.00012207
864,906,3,-0.18904,575.97,595.47,0,547.67,612.14,608.05,576.57,0.0043491,0.00029188,-0.92745,0.039761,0.00018311
865,907,1,-0.32216,478.08,533.92,0,462.38,565.33,491.08,507.9,0.00076936,0.00097366,-1.0924,0.043987,6.1035e-05
866,908,1,-0.28144,431.57,463.04,0,396.15,510.94,464.84,418.04,-0.017855,0.00070303,-1.461,0.043766,6.1035e-05
867,909,2,-0.22077,506.18,528.72,0,484.17,537.99,524.42,521.03,-0.018545,0.00034483,-1.32,0.040763,9.1553e-05
868,910,3,-0.18273,549.78,579.33,0,515.61,586.51,588.51,571.18,-0.013008,0.00041444,-0.93065,0.0246,0.00012207
869,911,0,-0.48965,339.05,417.67,0,314.8,462.43,359.14,380.59,-0.027344,0.00066431,-1.4507,0.045969,3.0518e-05
870,912,1,-0.25652,362.9,413.26,0,337.26,456.78,386.98,372.39,-0.013498,0.00075142,-1.6007,0.035389,6.1035e-05
871,913,1,-0.25885,377.85,417.12,0,356.8,462.67,398.89,371.57,-0.022696,0.00035674,-1.4837,0.043832,6.1035e-05
872,914,0,-0.5449,370.26,458.18,0,352.79,516.32,390.06,392.28,-0.020574,0.0027915,-1.6926,0.017074,6.1035e-05
873,915,1,-0.31431,462.92,495.92,0,423.27,519.59,510.79,467.36,-0.026719,0.00043717,-1.4797,0.080194,0.00012207
874,916,2,-0.22812,515.86,531.82,0,497.39,560.63,535.53,501.15,-0.014512,0.00045194,-1.404,0.024228,0.00012207
875,917,2,-0.2363,510.95,572.46,0,495.35,594.51,533.74,540.24,-0.0021704,0.00025292,-1.2895,0.032303,0.00012207
876,918,2,-0.18013,431.58,443.86,0,407.39,451.75,450.4,437.72,-0.017706,0.00028148,-1.5176,0.030963,9.1553e-05
877,919,3,-0.16018,503.89,519.57,0,478.04,551.11,520.46,499.35,-0.01512,0.00021607,-1.1952,0.052012,0.00012207
878,920,2,-0.18641,420.98,463.61,0,402.4,487.99,436.37,443.41,-0.0053115,0.00022644,-1.277,0.049194,6.1035e-05
879,921,2,-0.23025,525.47,559.72,0,510.79,603.74,537.64,523.24,-0.014449,0.00037327,-1.4751,0.027768,9.1553e-05
880,922,1,-0.23568,357.84,375.59,0,343.11,419.19,370.04,339.46,-0.017269,0.0020151,-1.6554,0.025142,6.1035e-05
881,923,1,-0.29332,441.48,468.03,0,419.29,514.2,462.32,424.65,-0.030416,0.00091321,-1.7458,0.037361,9.1553e-05
882,924,3,-0.1768,547.32,553.61,0,531.48,573.56,562.19,534.87,-0.0088325,0.00031808,-1.1876,0.032248,0.00012207
883,925,0,-0.52151,393.87,449.9,0,362.53,519.34,413.96,405.38,-0.014266,0.00058347,-1.601,0.017887,6.1035e-05
884,926,1,-0.29504,457.24,489.78,0,426.27,554.28,478.42,445.64,-0.0058911,0.0003026,-1.3007,0.058927,6.1035e-05
885,927,0,-0.61764,442.46,521.56,0,417.19,615.35,459.75,457.39,-0.016078,0.0026779,-1.6406,0.020441,6.1035e-05
886,928,3,-0.16904,519.41,534.55,0,500.15,558.32,534.39,516.07,-0.0012094,0.0003538,-1.2106,0.020621,0.00018311
887,929,0,-0.55623,399.43,475.29,0,375.62,541.58,419.17,420.37,-0.013477,0.00113,-1.6615,0.022254,6.1035e-05
888,930,0,-0.52019,359.4,433.11,0,338.26,498.98,378.05,374.99,-0.022643,0.0015634,-1.3202,0.029255,6.1035e-05
889,931,0,-0.54696,366.01,446.43,0,349.26,492.92,388.97,382.72,-0.021298,0.00072556,-1.6156,0.01026,6.1035e-05
890,932,2,-0.22664,511.7,537.82,0,493.88,550.31,537.75,519.57,-0.0015365,0.00048362,-1.5369,0.033266,9.1553e-05
891,933,2,-0.21566,521.02,537.16,0,498.05,559.94,531.47,526.81,-0.0087912,0.00022258,-1.5067,0.037157,6.1035e-05
892,934,1,-0.28065,400.97,452.22,0,379.86,497.74,428.1,393.69,-0.016727,0.0006649,-1.6932,0.088353,6.1035e-05
893,935,2,-0.21564,494.28,526.33,0,474.46,553.62,514.11,499.03,-0.0040693,0.00032477,-1.6914,0.042287,6.1035e-05
894,936,0,-0.53822,380.45,445.12,0,358.47,509.48,397.55,395.07,-0.031729,0.0013654,-1.7129,0.069557,6.1035e-05
895,937,3,-0.16979,506.87,518.74,0,491.63,536.68,524.13,498.4,-0.0046241,0.00026334,-1.3963,0.027293,0.00012207
896,938,1,-0.268,417.7,437.2,0,396.07,494.84,430.67,402.62,-0.016689,0.00043084,-1.6864,0.02483,6.1035e-05
897,939,2,-0.23718,540.84,561,0,526.45,574.67,556.15,546.44,-0.012652,0.0004478,-1.4267,0.028491,0.00012207
898,940,1,-0.28877,455.79,482.13,0,422.28,548.36,480.24,433.8,-0.017883,0.00022313,-1.5349,0.074242,6.1035e-05
899,941,2,-0.24918,554.32,586.63,0,546.31,605.11,566.82,557.79,-0.01166,0.00042266,-1.443,0.074463,6.1035e-05
900,942,2,-0.25345,581.75,591.43,0,565.96,601.66,597.55,581.2,-0.019512,0.00032515,-1.4495,0.027449,0.00012207
901,943,0,-0.53715,364.51,436.34,0,344.25,487.29,387.48,378.61,-0.023762,0.002766,-1.5551,0.0055589,6.1035e-05
902,944,3,-0.16431,510.71,523.92,0,482.63,522.19,535.48,525.46,-0.010491,0.00039582,-1.324,0.032366,0.00018311
903,945,3,-0.17694,554.03,560.84,0,534.16,567.02,570.48,555.73,-0.016809,0.00014181,-1.2359,0.05584,0.00018311
904,946,0,-0.47312,320,395.36,0,303.45,449.84,337.61,337.36,0.004341,0.001117,-1.6669,0.018188,6.1035e-05
905,947,2,-0.22542,508.54,543.11,0,495.68,562,524.06,520.31,-0.012136,0.00026388,-1.523,0.036794,0.00012207
906,948,1,-0.30048,426.72,465.19,0,413.89,516.51,441.25,407.03,0.0053703,0.00068927,-1.4196,0.033919,6.1035e-05
907,949,1,-0.27082,374.88,430.2,0,359.69,468.18,395.7,378.15,-0.012587,0.00022773,-1.2252,0.016142,6.1035e-05
908,950,2,-0.23437,518.31,551.17,0,503.46,577.19,536.23,519.77,-0.0097387,0.00031167,-1.4895,0.06973,9.1553e-05
909,951,0,-0.50611,368.29,433.84,0,350.25,498.85,380.62,389.36,-0.029674,0.0016974,-1.7157,0.041391,6.1035e-05
910,952,0,-0.63254,412.17,501.38,0.03125,385.52,577.75,435.68,434,-0.012224,0.022937,-1.7194,0.047857,6.1035e-05
911,953,0,-0.88628,451.49,507.72,0.28125,434.2,581.6,464.11,453.81,-0.025575,0.13759,-1.4777,0.021389,6.1035e-05
912,954,2,-0.22912,529.38,563.87,0,502.78,585.53,551.41,545.93,-0.011516,0.01053,-1.5574,0.045205,0.00012207
913,955,0,-0.67416,445.46,515.27,0.046875,425.29,578.6,463.26,459.4,-0.0065644,0.030152,-1.6499,0.012365,3.0518e-05
914,956,1,-0.26539,380.22,428.28,0,360.79,474.43,402.23,375.98,-0.014063,0.0040796,-1.6625,0.024592,3.0518e-05
915,957,0,-0.57518,405.73,488.44,0,384.39,547.53,424.56,436.31,-0.0066394,0.0038289,-1.6081,0.0098851,3.0518e-05
916,958,0,-1.6547,445.26,550.38,0.96875,437.98,617.8,456.6,445.22,-0.017341,0.55248,-1.3021,0.060424,6.1035e-05
917,959,1,-0.28676,401.84,469.54,0,370.72,507.41,439.4,423.83,-0.0073746,0.079337,-1.5561,0.040061,6.1035e-05
918,960,2,-0.25971,586.04,614.52,0,570.23,637.52,607.7,583,-0.018346,0.0021886,-1.4157,0.098658,0.00012207
919,961,0,-0.56585,376.43,480.29,0,361.71,536.14,394.2,412.89,-0.016782,0.098014,-1.3343,0.03152,6.1035e-05
920,962,1,-0.25008,357.99,411.79,0,345.82,455.17,369.43,371.04,-0.019927,0.010927,-1.3331,0.032591,6.1035e-05
921,963,1,-0.33309,467.52,551.94,0,444.95,588.17,490.08,515.71,-0.0060879,0.002819,-1.3112,0.053506,6.1035e-05
922,964,2,-0.22782,518.84,543.97,0,502.24,569.86,531.76,523.84,-0.0076526,0.00052154,-1.2812,0.026713,6.1035e-05
923,965,2,-0.21905,487.72,534.81,0,471.76,557.07,502.71,513.89,-0.015456,0.00058878,-1.247,0.02741,0.00012207
924,966,2,-0.21316,468.51,517.01,0,457.12,538.57,482.25,490.99,-0.0085705,0.00035332,-1.367,0.036653,9.1553e-05
925,967,3,-0.18914,569.85,600.29,0,546.94,623.51,594.23,575.57,-0.012257,0.00017797,-1.0502,0.087106,0.00012207
926,968,3,-0.16735,514.87,524.74,0,495.07,547.38,533.48,503.46,-0.011953,0.00016858,-1.1052,0.053724,6.1035e-05
927,969,0,-0.52111,357.53,433.83,0,341.89,487.16,373.16,380.51,-0.011786,0.0032789,-1.4664,0.016406,6.1035e-05
928,970,3,-0.19859,616.5,622.1,0,582.96,644.72,646.1,602.14,-0.012891,0.0001444,-0.99757,0.029173,0.00012207
929,971,3,-0.17487,510.41,545.73,0,495.11,553.24,534.28,534.02,-0.006037,0.00012035,-0.95955,0.040473,0.00012207
930,972,0,-0.45862,330.4,387.87,0,309.44,425.78,350.1,352.25,-0.033983,0.0027432,-1.6762,0.071797,6.1035e-05
931,973,3,-0.15556,468.31,509.78,0,447.92,519.07,486.3,501.58,0.00089368,0.00022785,-0.80725,0.025902,6.1035e-05
932,974,0,-0.53271,373.66,444.59,0,354.51,494.69,394.05,391.25,0.0010793,0.0047662,-1.5832,0.00045934,3.0518e-05
933,975,3,-0.15373,458.03,486.85,0,441.69,508.08,477.76,461.22,-0.0021789,0.00091289,-0.90572,0.045367,0.00012207
934,976,2,-0.23337,531.87,569.27,0,507.41,576.18,554.85,562.78,-0.01687,0.00041624,-1.1369,0.04738,6.1035e-05
935,977,2,-0.19736,427.26,474.79,0,421.16,497.47,436.78,439.4,-0.011207,0.00015349,-1.2229,0.046124,6.1035e-05
936,978,3,-0.19796,605.27,602,0,578.75,614.55,635.32,587.77,-0.010484,0.00019764,-1.051,0.028367,0.00018311
937,979,1,-0.24699,348.94,404.81,0,334.57,448.84,366.27,351.67,-0.025739,0.00082171,-1.2762,0.034298,3.0518e-05
938,980,2,-0.20854,497.01,526.96,0,462.15,557.63,522.45,504.58,-0.0092447,0.0003245,-1.2276,0.031432,0.00012207
939,981,2,-0.23408,525.17,566.77,0,511.33,586.46,541.88,543,-0.018182,0.00025013,-1.1701,0.041793,9.1553e-05
940,982,0,-0.52142,337.59,434.37,0,324.32,466.24,357,387.8,-0.012592,0.0027196,-1.3367,0.029271,3.0518e-05
941,983,0,-0.68047,435.55,535.64,0.03125,419.25,600.24,449.93,478.64,-0.016657,0.023677,-1.2756,0.018412,6.1035e-05
942,984,3,-0.17183,503.2,553.6,0,481.68,566.79,529.17,537.69,-0.022411,0.00098416,-0.89322,0.057239,0.00012207
943,985,2,-0.21152,484.29,521.82,0,456.79,534.16,507.08,511.6,-0.0091591,0.00039319,-1.1103,0.03371,9.1553e-05
944,986,0,-0.57074,385.71,490.29,0,364.92,550.43,410.8,417.71,-0.01549,0.004291,-1.3618,0.010279,6.1035e-05
945,987,0,-0.5549,379.68,455.58,0,366.71,519.64,391.14,399.06,-0.0093081,0.0029961,-1.4004,0.01537,3.0518e-05
946,988,0,-0.5341,385.08,464.24,0,358.11,526.52,404.76,418.8,-0.017834,0.00084534,-1.7286,0.014036,3.0518e-05
947,989,1,-0.2345,342.64,379.85,0,323.98,439,358.11,330.84,-0.01994,0.00032002,-1.3836,0.0468,6.1035e-05
948,990,0,-0.5883,422.32,504.91,0,397.19,574.47,443.15,447.27,-0.030732,0.0025753,-1.6475,0.030969,6.1035e-05
949,991,2,-0.22124,487.19,561.83,0,466.33,584.08,508.05,539.58,-0.0010085,0.00036248,-1.2889,0.041333,6.1035e-05
950,992,2,-0.24808,549.16,611.83,0,540.37,649.76,558.53,571.46,-0.0088298,0.0003446,-1.292,0.066446,6.1035e-05
951,993,0,-0.57687,387.73,479.63,0,372.77,538.6,405.78,408.45,-0.013234,0.0035285,-1.7215,0.062133,6.1035e-05
952,994,1,-0.21696,341.39,373.84,0,307.42,410.66,367.8,345.21,-0.014814,0.00049093,-1.7087,0.018149,6.1035e-05
953,995,1,-0.29368,424.39,477.79,0,398.45,525.88,448.76,432.61,-0.016747,0.00094858,-1.5268,0.032663,6.1035e-05
954,996,0,-0.68271,434.63,520.98,0.046875,416.98,592.58,453.42,444.75,-0.02395,0.028711,-1.5869,0.036118,6.1035e-05
955,997,0,-0.60422,392.06,496.18,0,371.41,548.16,418.61,429.35,-0.019684,0.0047778,-1.6158,0.062705,6.1035e-05
956,998,1,-0.31703,462.45,514.61,0,452.06,540.92,472.84,488.3,-0.0063604,0.00093164,-1.5118,0.027791,9.1553e-05
957,999,3,-0.17812,542.3,558.98,0,541.91,599.78,542.62,525.17,-0.0096179,0.00052316,-1.0223,0.041687,0.00012207
958,1000,1,-0.26032,356.67,421.59,0,343.21,473.22,372.91,359.28,-0.0094686,0.00058641,-1.6516,0.052926,3.0518e-05
959,1001,0,-0.52146,361.82,425.03,0,343.65,475.89,379.99,374.16,-0.0099426,0.0012065,-1.644,0.01856,3.0518e-05
960,1002,3,-0.17481,531.81,583.07,0,504.26,611.21,554.64,559.75,-0.0094316,0.00023252,-1.3123,0.03329,0.00012207
961,1003,3,-0.18131,538,569.75,0,514.88,584.56,564.2,552.96,-0.017276,0.00012121,-1.2171,0.03059,0.00012207
962,1004,1,-0.27981,422.07,468.44,0,400.37,544.47,437.9,412.95,-0.021064,0.0010403,-1.4715,0.050383,6.1035e-05
963,1005,2,-0.22265,488.07,548.89,0,476.36,579.77,501.34,513.89,-0.019492,0.00026516,-1.3047,0.053611,9.1553e-05
964,1006,2,-0.2433,539.39,604.18,0,523.49,644.98,554.33,565.85,-0.0096969,0.00039659,-1.4355,0.028659,6.1035e-05
965,1007,1,-0.24748,346.19,392.33,0,330.45,431.21,366.43,342.34,-0.017366,0.00061758,-1.844,0.0079145,6.1035e-05
966,1008,0,-0.52559,363.97,450.3,0,342.09,499.11,388.78,394.98,-0.0096683,0.0012077,-1.8358,0.040465,6.1035e-05
967,1009,0,-0.77635,440.41,531.7,0.15625,422.62,613.67,456.1,459.38,-0.006696,0.10933,-1.7661,0.021219,6.1035e-05
968,1010,0,-0.6575,435.28,507.52,0.03125,419.07,565.71,451.49,449.33,-0.016562,0.031657,-1.656,0.02445,6.1035e-05
969,1011,3,-0.15579,489.49,503.81,0,469.7,530.29,502.18,486.84,-0.0043758,0.0037074,-1.3186,0.035559,0.00012207
970,1012,3,-0.16835,518.96,553.51,0,487.17,586.69,540.72,530.81,-0.010759,0.00050809,-1.2812,0.035881,0.00012207
971,1013,3,-0.182,535.79,572.59,0,522.83,601.81,552.47,535.03,-0.011553,0.00033632,-0.90893,0.041358,0.00012207
972,1014,2,-0.19482,432.02,477.86,0,419.22,501.15,446.52,451.48,-0.021355,0.00043372,-1.4977,0.037779,9.1553e-05
973,1015,1,-0.38787,546.14,618.02,0,533.64,652.7,564.4,567.34,-0.012656,0.0016577,-1.393,0.012182,6.1035e-05
974,1016,2,-0.20579,451.42,515.86,0,442.46,544.02,461.58,483.94,-0.0089825,0.00055436,-1.0937,0.02848,9.1553e-05
975,1017,0,-0.64267,402.09,520.61,0,395.35,581.19,411.94,432.07,-0.033315,0.0017935,-1.1742,0.20787,6.1035e-05
976,1018,1,-0.22301,330.71,356.62,0,316.26,403.86,341.95,319.87,-0.0196,0.0018238,-1.8781,0.061347,6.1035e-05
977,1019,2,-0.27674,622.97,675.49,0,610.66,715.09,634.53,638.29,-0.0040423,0.0019273,-1.2304,0.032578,0.00012207
978,1020,3,-0.20755,638.76,646.91,0,607.63,673.34,667.99,622.07,-0.011822,0.00038485,-0.92818,0.03657,0.00012207
979,1021,2,-0.22148,491.46,562.49,0,476.46,608.21,503.88,524.6,-0.018063,0.00016855,-1.2302,0.03256,0.00012207
980,1022,0,-0.55645,373.61,441.9,0,355.17,486.19,394.51,391.7,-0.016164,0.0031689,-1.3451,0.007729,6.1035e-05
981,1023,1,-0.23467,337.97,388.07,0,324.06,441.32,352.77,331.38,-0.00099914,0.00050755,-1.6082,0.05568,6.1035e-05
982,1024,2,-0.21542,488.68,531.71,0,480.56,562.03,495.84,504.96,-0.019707,0.00044908,-1.0936,0.038989,0.00012207
983,1025,2,-0.26409,582.8,655.08,0,571.34,674.55,599.53,626.63,-0.0054415,0.00050795,-1.0517,0.011774,0.00012207
984,1026,2,-0.26351,578.09,663.18,0,569.23,685.03,588.8,636.81,-0.010738,0.00030338,-0.96675,0.034526,0.00012207
985,1027,0,-0.55335,359.24,440,0,346.74,484.24,376.38,379.38,-0.014656,0.0015898,-1.5145,0.0341,6.1035e-05
986,1028,3,-0.17977,539.6,590.45,0,525.12,623.29,553.19,559.61,-0.0078513,0.00029984,-0.99364,0.052846,0.00012207
987,1029,3,-0.20001,603.07,652.35,0,593.01,697.35,613.14,607.35,-0.011516,0.00016297,-0.98671,0.027162,0.00018311
988,1030,0,-0.40221,305.15,348.21,0,286.77,397.21,315.45,320.72,-0.031351,0.0012421,-1.8883,0.045888,3.0518e-05
989,1031,3,-0.16982,500.79,564.27,0,495.91,591.04,506.69,531.96,-0.0093567,0.00011864,-1.0195,0.031223,0.00012207
990,1032,3,-0.18641,580.83,609.09,0,548.13,634.46,613.53,583.72,-0.016876,0.0001185,-1.0108,0.048702,0.00012207
991,1033,0,-0.6581,425.1,514.49,0.015625,407.64,556.66,450.62,452.86,-0.020091,0.014626,-1.683,0.045406,6.1035e-05
992,1034,1,-0.33011,476,550.04,0,445.91,611.42,510.11,480.47,0.00042457,0.00070845,-1.5218,0.042717,6.1035e-05
993,1035,3,-0.19261,581.37,618.06,0,564.94,650.92,596.8,587.19,-0.0048073,0.00040181,-1.0592,0.017506,0.00012207
994,1036,3,-0.16929,516.02,561.44,0,503.26,594.89,528.01,530.02,-0.013839,0.00031625,-0.96559,0.082201,0.00012207
995,1037,0,-0.63405,433.46,528.97,0,408.79,595.63,456.64,466.35,-0.029414,0.00053008,-1.8324,0.046145,3.0518e-05
996,1038,1,-0.24415,352.67,393.36,0,333.29,437.2,376.06,340.46,-0.025713,0.00044899,-1.8249,0.080386,6.1035e-05
997,1039,2,-0.25285,565.92,648.62,0,548.23,700.69,581.52,602.69,-0.0020308,0.001134,-1.4712,0.051528,0.00012207
998,1040,1,-0.33158,478.59,551.1,0,462.02,574.62,497.37,524.46,-0.0043163,0.0010739,-1.5266,0.043295,9.1553e-05
999,1041,3,-0.17189,509.63,587.18,0,487.33,625.8,529.31,553.1,0.0025199,0.00032197,-1.172,0.047222,0.00012207
1000,1042,0,-0.76957,437.31,536.02,0.14062,412.93,607.62,457.51,476.69,-0.012156,0.096251,-1.734,0.016756,3.0518e-05
1001,1043,1,-0.30929,443.06,522.68,0,422.45,587.1,466.41,449.68,-0.021688,0.01014,-1.5551,0.066053,9.1553e-05
1002,1044,2,-0.22035,494.22,576.15,0,480.93,636.74,502.73,537.31,-0.0013257,0.00053727,-1.395,0.040717,6.1035e-05
1003,1045,0,-0.732,412.34,502.2,0.125,394.76,561.01,428.85,446.96,-0.037068,0.076252,-1.4082,0.049342,6.1035e-05
1004,1046,3,-0.1552,452.64,521.05,0,447.01,554.81,458.64,485.11,-0.0039843,0.0014441,-1.18,0.047993,9.1553e-05
1005,1047,3,-0.16803,485.3,544.77,0,472.2,566.33,501.1,518.74,-0.01407,0.00036353,-1.1743,0.045382,0.00012207
1006,1048,1,-0.35363,509.17,601.18,0,494.41,641.71,523.03,563.11,-0.0084217,0.0011632,-1.4986,0.031446,6.1035e-05
1007,1049,3,-0.17186,523.09,565.87,0,512.87,595.93,529.64,546.61,-0.017249,0.00020642,-0.86544,0.033006,0.00012207
1008,1050,3,-0.16999,505.73,559.47,0,501.42,603.79,510.04,515.15,-0.00842,0.00021719,-1.0875,0.056019,0.00012207
1009,1051,3,-0.15769,453.03,525.48,0,455.62,565.44,449.9,477.25,-0.013413,0.00020189,-1.0879,0.028997,9.1553e-05
1010,1052,0,-0.53094,356.48,437.89,0,336.67,478.75,380.38,388.57,-0.023706,0.0088233,-1.6241,0.024742,6.1035e-05
1011,1053,3,-0.19671,575.28,634.01,0,584.37,679.63,564.3,578.95,-0.0079386,0.00072745,-0.84604,0.025473,0.00018311
1012,1054,1,-0.2608,403.6,431.27,0,379.35,481.95,421.3,394.29,-0.021416,0.00060961,-1.6155,0.052771,6.1035e-05
1013,1055,1,-0.31081,441.31,506.14,0,427.71,569.34,455.79,438.85,-0.028186,0.0014072,-1.3531,0.071175,6.1035e-05
1014,1056,2,-0.23352,503.49,579.7,0,506.91,616.63,499.35,535.12,-0.0049014,0.00053381,-1.0766,0.030121,0.00012207
1015,1057,0,-0.62622,412.28,495.19,0.03125,398.69,564.09,424.28,434.4,-0.036457,0.021381,-1.6558,0.041838,6.1035e-05
1016,1058,0,-0.496,373.14,412.57,0,356.81,458.25,385.85,377.05,-0.015235,0.0022412,-1.859,0.027559,6.1035e-05
1017,1059,2,-0.19329,436.09,490.58,0,426.34,539.55,445.26,444.57,-0.015088,0.0023394,-1.2387,0.013795,9.1553e-05
1018,1060,3,-0.19067,584.08,613.27,0,561,641.31,603.19,590.04,-0.0063671,0.00061721,-0.84158,0.049477,0.00018311
1019,1061,0,-0.55148,369.38,443.55,0,358.9,481.12,382.85,395.25,-0.019887,0.001571,-1.5095,0.028327,6.1035e-05
1020,1062,2,-0.18977,416.31,488.6,0,407.18,518.86,424.89,460.17,-0.009308,0.00032926,-1.1265,0.030316,6.1035e-05
1021,1063,3,-0.18079,518.83,570.83,0,508.46,583.67,541.64,542.57,-0.0041384,0.00028067,-0.57618,0.044389,6.1035e-05
1022,1064,1,-0.26282,373.48,434.14,0,356.41,483.25,388.53,390.81,-0.031308,0.00042916,-1.3825,0.076694,6.1035e-05
1023,1065,1,-0.26043,378.6,419.85,0,363.54,460.34,392.75,381.8,-0.022658,0.00023942,-1.4211,0.023159,6.1035e-05
1024,1066,1,-0.34137,498.7,566.7,0,484.15,600.86,511.54,536.57,-0.028096,0.0021587,-1.1332,0.04998,9.1553e-05
1025,1067,2,-0.2146,465.48,511.78,0,454.31,526.46,478.96,494.07,-0.012155,0.00029054,-1.2103,0.028691,9.1553e-05
1026,1068,2,-0.21518,482.01,530.05,0,464.89,550.23,497.12,512.24,-0.013138,0.00019774,-1.1194,0.051481,0.00012207
1027,1069,0,-0.63191,429.5,501.1,0,414.62,550.84,447.46,441.06,-0.011091,0.0014159,-1.5645,0.043574,3.0518e-05
1028,1070,1,-0.38308,558.4,639.45,0,561.7,691.65,556.14,603.74,0.0012571,0.0015341,-1.4196,0.037319,0.00012207
1029,1071,3,-0.17226,522.39,558.05,0,514.27,586.46,530.5,529.65,-0.00011646,0.00058939,-0.81378,0.041644,0.00012207
1030,1072,2,-0.22971,498.91,575.84,0,490.07,623.05,509.59,518.86,-0.0041869,0.0004281,-1.0243,0.0488,0.00012207
1031,1073,1,-0.26132,402.03,440.91,0,374.65,504.89,423.33,391.15,-0.030506,0.00091695,-1.5382,0.058621,6.1035e-05
1032,1074,0,-0.61916,406.54,488.22,0.015625,396.01,541.73,419.24,423.64,-0.028381,0.012374,-1.3253,0.027374,6.1035e-05
1033,1075,3,-0.15583,475.6,515.7,0,465.5,555.72,483.97,482.54,-0.015327,0.0006024,-0.82371,0.036079,0.00012207
1034,1076,0,-0.67009,439.85,519.79,0.046875,422.41,582.81,455.24,464.18,-0.025864,0.027532,-1.4947,0.030395,6.1035e-05
1035,1077,3,-0.17126,500.44,561.88,0,498.97,605.97,502.09,511.9,-0.014279,0.00046858,-0.68491,0.080529,9.1553e-05
1036,1078,3,-0.18485,539.22,593.47,0,531.48,616.37,550.54,560.01,-0.01285,0.00015156,-0.48584,0.079856,0.00012207
1037,1079,3,-0.1914,602.41,632.72,0,587.51,682.15,611.35,603.06,-0.016877,0.00020773,-0.65627,0.045825,0.00012207
1038,1080,0,-0.58867,396.01,470.42,0,385.84,529.85,406.19,411,-0.0032687,0.0027593,-1.3313,0.29299,6.1035e-05
1039,1081,3,-0.18971,581.67,613.18,0,567.87,649.38,594.63,579.16,-0.0075266,0.00031568,-0.49846,0.042097,0.00012207
1040,1082,3,-0.15959,476.56,513.57,0,465.62,531.74,486.84,496.5,-0.018998,0.00019036,-0.55757,0.054704,9.1553e-05
1041,1083,0,-0.62846,408.33,522.83,0.015625,383.93,575.1,437.78,459.75,-0.014512,0.010965,-1.1462,0.02481,6.1035e-05
1042,1084,2,-0.23461,522.34,601.49,0,517.21,659.96,526.58,553.04,-0.023363,0.00055134,-0.83519,0.02671,0.00012207
1043,1085,2,-0.2105,461.55,529.72,0,446.74,544.42,475.47,515.92,-0.010564,0.00024629,-0.62329,0.033202,6.1035e-05
1044,1086,2,-0.25058,530.76,645.49,0,526.73,664.91,535.33,623.49,-0.010977,0.00036879,-0.44525,0.03733,0.00012207
1045,1087,2,-0.22909,498.73,574.58,0,485.72,601.21,511.75,547.96,-0.017044,0.00025648,-0.67565,0.031258,9.1553e-05
1046,1088,0,-0.55988,372.19,449.58,0,361.15,488.19,381.94,415.51,-0.024841,0.0052708,-1.1843,0.026004,3.0518e-05
1047,1089,3,-0.17576,546.6,596.77,0,533.35,636.4,556.9,565.94,-0.013353,0.00025319,-0.3983,0.041192,0.00012207
1048,1090,3,-0.15557,450.21,525.64,0,441.55,550.72,459.43,498.94,-0.012193,0.00027474,-0.39277,0.018958,9.1553e-05
1049,1091,1,-0.35562,513.96,593.06,0,496.83,625.75,529.09,564.2,-0.015999,0.00163,-0.87968,0.06936,6.1035e-05
1050,1092,1,-0.31547,450.5,526.73,0,439.88,559.17,461.81,492.19,-0.020102,0.00070854,-0.84458,0.03335,6.1035e-05
1051,1093,3,-0.17463,542.48,570.54,0,510.38,575.27,570.8,566.37,-0.012006,0.00032142,-0.57557,0.041553,0.00012207
1052,1094,1,-0.32381,460.83,535.85,0,448.57,565.46,477.63,495.26,-0.018581,0.00071204,-0.90755,0.037248,9.1553e-05
1053,1095,1,-0.35971,519.41,619.37,0,494.28,658.29,541.58,585.02,-0.018534,0.00095498,-0.83597,0.063306,6.1035e-05
1054,1096,2,-0.26049,568.38,648.35,0,551,679.41,592.2,605.77,-0.015885,0.00032152,-0.70494,0.045197,0.00012207
1055,1097,2,-0.20251,455.58,508.89,0,426.3,518.9,488.75,497.55,-0.021698,0.00034586,-0.87703,0.056955,9.1553e-05
1056,1098,2,-0.211,488.8,542.71,0,463.41,571.57,506.17,522.97,-0.022029,0.00040581,-0.94149,0.032568,6.1035e-05
1057,1099,0,-0.75004,443.12,592.2,0.0625,430.95,662.66,457.8,507.17,-0.015135,0.055779,-1.1495,0.067274,6.1035e-05
1058,1100,0,-0.62363,395.92,497,0.015625,377.8,546.06,419.21,433.92,-0.014097,0.013384,-1.2309,0.1114,3.0518e-05
1059,1101,3,-0.16246,480.87,520.93,0,482.1,552.52,479.57,487.3,-0.014089,0.00053601,-0.78882,0.04092,6.1035e-05
1060,1102,0,-0.55868,392.52,494.33,0,369.62,565.55,408.19,445.6,-0.024598,0.0013614,-1.4458,0.052854,6.1035e-05
1061,1103,3,-0.16337,501.86,556,0,480.05,587.11,523.67,524.88,-0.015744,0.00022916,-0.89583,0.033706,0.00012207
1062,1104,1,-0.28601,397.94,465.62,0,374.18,497.21,428.49,425.01,-0.02673,0.0012955,-1.3006,0.023845,6.1035e-05
1063,1105,0,-0.65466,421.26,540.64,0.046875,399.59,614.33,441.61,471.42,-0.013903,0.032108,-1.4844,0.040966,6.1035e-05
1064,1106,3,-0.18217,553.01,588.24,0,536.75,617.89,568.28,560.38,-0.0098698,0.00065749,-0.58163,0.050407,0.00012207
1065,1107,0,-0.59969,407.68,486.57,0,387.82,530.1,431.64,434.04,-0.014548,0.0034336,-1.5829,0.044253,3.0518e-05
1066,1108,1,-0.36156,500.67,565.88,0,488.14,576.61,521.55,548,-0.0060228,0.0010198,-1.0412,0.028425,9.1553e-05
1067,1109,3,-0.16834,513.94,547.34,0,509.7,587.84,517.03,517.79,-0.020872,0.00034667,-0.53698,0.045831,9.1553e-05
1068,1110,2,-0.2587,563.74,646.02,0,564.1,696.86,563.3,584.66,-0.012416,0.00064214,-0.58563,0.038598,0.00012207
1069,1111,1,-0.36998,524.64,609.29,0,511.72,650.08,536.77,570.96,-0.026882,0.00080241,-0.99124,0.085178,0.00012207
1070,1112,0,-0.50398,330.8,413.79,0,317.03,462.21,345.46,362.25,-0.045515,0.0053416,-1.4036,0.074031,3.0518e-05
1071,1113,3,-0.16858,502.28,548.04,0,473.66,555.38,532.74,540.21,-0.0088619,0.00026248,-0.58858,0.05477,0.00012207
1072,1114,1,-0.28949,396.13,445.76,0,398.12,495.37,393.73,385.88,-0.012578,0.0030864,-1.4418,0.14891,6.1035e-05
1073,1115,0,-1.3792,445.57,603.27,0.67188,442.5,683.41,449.53,500.23,-0.034916,0.46354,-1.1313,0.088657,6.1035e-05
1074,1116,3,-0.18075,550,600.93,0,530.69,629.27,565.02,578.89,-0.00084322,0.010993,-0.48075,0.047471,0.00012207
1075,1117,3,-0.16503,513.7,560.22,0,489.86,584.4,528.99,544.72,-0.009944,0.0014045,-0.48245,0.064638,0.00012207
1076,1118,2,-0.2373,531.58,614.07,0,517.04,640.62,543.63,592.08,-0.018904,0.00094818,-0.69253,0.038032,0.00012207
1077,1119,2,-0.22323,487.23,576.17,0,468.5,610.72,507.17,539.38,-0.016874,0.00025155,-0.9358,0.054191,6.1035e-05
1078,1120,0,-0.55307,347.56,483.97,0,331.02,525.4,377.04,410.1,-0.02222,0.042949,-1.6032,0.019711,3.0518e-05
1079,1121,0,-0.46163,330.99,409.08,0,307.06,456.2,349.6,372.44,-0.020469,0.0091807,-1.6181,0.024524,3.0518e-05
1080,1122,1,-0.32762,459.31,545.01,0,432.53,609.64,482.94,487.98,-0.018081,0.0082314,-1.168,0.043021,6.1035e-05
1081,1123,3,-0.18804,552.67,630.15,0,529.51,652.58,578.91,604.73,-0.020283,0.00056366,-0.51685,0.057603,0.00012207
1082,1124,2,-0.21457,482.42,568.89,0,453.05,612.57,506.76,532.7,-0.011734,0.00025886,-1.1089,0.08294,6.1035e-05
1083,1125,1,-0.32451,478.29,569.02,0,439.38,649.8,510.54,502.09,-0.015769,0.00072854,-1.1198,0.018023,9.1553e-05
1084,1126,2,-0.20773,463.48,557.98,0,437.48,634.04,483.7,498.83,-0.019703,0.00045419,-0.97606,0.036312,6.1035e-05
1085,1127,1,-0.34978,494.91,604.67,0,491.18,641.5,498.64,567.84,-0.012424,0.0010659,-1.0306,0.046574,6.1035e-05
1086,1128,1,-0.35153,514.33,608.53,0,494.36,649.91,534.3,567.15,-0.021777,0.00069649,-0.97898,0.050729,6.1035e-05
1087,1129,1,-0.28784,437.81,494.32,0,386.31,526.39,483.26,466.03,-0.0092794,0.0010018,-1.2877,0.039858,6.1035e-05
1088,1130,3,-0.17382,533.98,591.95,0,507.49,641.34,553.31,555.91,-0.022353,0.0002854,-0.72112,0.035881,9.1553e-05
1089,1131,1,-0.28062,391.27,456.26,0,376.66,507.83,410.06,389.96,-0.0073998,0.00080056,-1.0252,0.013059,6.1035e-05
1090,1132,0,-0.58656,367.09,492.57,0,351.89,527.69,394.19,429.98,-0.027932,0.0055501,-0.82471,0.042685,6.1035e-05
1091,1133,3,-0.16545,476.04,545.64,0,464.42,564.74,493.01,517.73,-0.011293,0.00037988,-0.45057,0.053948,0.00012207
1092,1134,2,-0.22103,504.75,580.05,0,480.3,615.93,523.77,552.14,-0.019383,0.0003936,-0.95007,0.039152,0.00012207
1093,1135,1,-0.22564,310.88,368.87,0,296.63,403.69,323.45,338.15,-0.017596,0.0011519,-1.0703,0.007842,6.1035e-05
1094,1136,0,-0.4551,288.74,398.94,0,276.27,437.23,305.83,346.47,-0.024217,0.0062755,-1.4308,0.064787,3.0518e-05
1095,1137,0,-0.57861,388.42,497.77,0,370.71,567.54,407.28,423.5,-0.0086847,0.015251,-1.1781,0.0077703,6.1035e-05
1096,1138,3,-0.19447,582.27,644.89,0,553.89,663.49,610.65,626.29,-0.012951,0.00032353,-0.41386,0.025887,0.00012207
1097,1139,2,-0.21634,481.73,558.38,0,480.22,604.44,482.98,520.22,-0.005467,0.0004918,-0.83643,0.020506,6.1035e-05
1098,1140,1,-0.30299,439.01,518.39,0,407.56,579.07,465.07,468.12,-0.029846,0.00058925,-1.3684,0.10339,9.1553e-05
1099,1141,3,-0.17432,498.11,542.32,0,480.87,557.4,525.01,518.78,-0.0062352,0.00031226,-0.79812,0.038821,9.1553e-05
1100,1142,3,-0.16434,488.95,536.12,0,461.39,538.21,518.29,533.9,-0.013329,0.00014762,-0.88266,0.025732,0.00012207
1101,1143,1,-0.34291,474.82,556.77,0,443.33,614.1,510.51,491.8,-0.014633,0.00103,-0.97136,0.045153,6.1035e-05
1102,1144,2,-0.24476,554.9,623.51,0,540.82,679.49,565.85,579.96,-0.016748,0.00043331,-0.87225,0.056314,6.1035e-05
1103,1145,2,-0.22851,490.74,559.82,0,463.49,598.32,521.63,516.18,-0.0089403,0.00023926,-0.99438,0.037465,9.1553e-05
1104,1146,2,-0.24802,548.67,623.81,0,525.86,641.35,570.1,607.33,-0.015727,0.00035053,-0.76451,0.037542,6.1035e-05
1105,1147,0,-0.75794,433.84,565,0.10938,422.59,665.49,445.08,464.51,-0.025178,0.10303,-1.4678,0.058301,3.0518e-05
1106,1148,1,-0.31308,450.47,512.22,0,419.63,564.51,483.3,456.56,-0.012437,0.0019258,-1.2939,0.036563,9.1553e-05
1107,1149,2,-0.21614,468,558.87,0,456.22,599.33,481.35,513.02,-0.0097464,0.00065085,-0.92025,0.016033,9.1553e-05
1108,1150,3,-0.16212,480.56,519.8,0,467.52,540.05,493.61,499.55,-0.014851,0.00022818,-0.79367,0.038564,0.00015259
1109,1151,1,-0.24343,343.37,419.52,0,333.75,497.93,352.4,345.86,-0.0082432,0.0016239,-1.4096,0.015263,3.0518e-05
1110,1152,0,-0.49229,338.3,434.64,0,319.38,500.1,356.07,373.14,-0.02631,0.0042112,-1.5849,0.013718,3.0518e-05
1111,1153,3,-0.18397,549.35,602.75,0,531.21,640.49,568.65,562.58,-0.013525,0.00065997,-0.70955,0.054979,0.00012207
1112,1154,2,-0.24165,533.06,620.63,0,522.87,671.78,542.63,572.59,-0.015764,0.00092545,-1.0915,0.067829,0.00012207
1113,1155,1,-0.30184,443.83,513.78,0,420.11,588.45,462.28,455.7,-0.0076414,0.00062799,-1.204,0.027314,6.1035e-05
1114,1156,1,-0.31666,456.02,530.71,0,449.59,583.48,462.46,477.93,-0.019647,0.00072804,-1.192,0.044407,6.1035e-05
1115,1157,0,-0.5227,392.23,472.87,0,357.96,574.96,408.97,423.01,-0.024265,0.0013724,-1.5061,0.016762,6.1035e-05
1116,1158,3,-0.16652,506.2,581.56,0,474.37,615.41,526.61,559.86,-0.012193,0.0002801,-0.64463,0.051322,0.00012207
1117,1159,3,-0.16167,475.42,545.3,0,455.87,576.39,496.23,512.21,-0.020806,0.00019165,-0.55752,0.058667,9.1553e-05
1118,1160,0,-0.54416,380.86,468.99,0,361.8,553.18,394.77,407.56,-0.02992,0.0021541,-1.37,0.048016,6.1035e-05
1119,1161,0,-0.58953,394.85,506.11,0,375.38,570.14,414.32,442.08,-0.011274,0.0021526,-1.2234,0.022501,6.1035e-05
1120,1162,1,-0.27209,380.31,459.37,0,370.79,538.13,391.8,364.33,-0.021458,0.0010342,-1.2264,0.01598,3.0518e-05
1121,1163,3,-0.15748,456.4,539.05,0,444.96,574.84,468.59,500.95,-0.015703,0.00031905,-0.40166,0.049182,9.1553e-05
1122,1164,1,-0.35909,526.64,621.4,0,509.25,668.43,541.04,582.44,-0.010466,0.0019919,-1.0082,0.034036,6.1035e-05
1123,1165,1,-0.38456,547.81,648.83,0,534.18,693.1,566.48,588.17,-0.012862,0.0012082,-0.9442,0.024878,6.1035e-05
1124,1166,3,-0.17974,570.59,592.45,0,538.11,607.03,594.3,581.81,-0.015391,0.00051349,-0.51861,0.056825,0.00012207
1125,1167,2,-0.24579,561.97,609.5,0,539.17,633.91,579.71,590.52,-0.025004,0.00043285,-0.56646,0.17759,0.00012207
1126,1168,0,-0.69385,412.6,545.15,0.09375,387.08,633.59,435.11,467.11,-0.019526,0.067613,-1.1068,0.022327,6.1035e-05
1127,1169,0,-0.60593,385.74,502.54,0.015625,362.63,551.56,411.94,446.99,-0.011553,0.014344,-1.1055,0.051302,3.0518e-05
1128,1170,3,-0.19692,607.75,660.8,0,578.59,710.12,629.03,624.81,-0.00055579,0.00022351,-0.33102,0.044677,0.00012207
1129,1171,3,-0.19642,598.22,638.75,0,577.52,667.67,616.48,613.23,-0.019374,0.00025274,-0.32094,0.034217,0.00012207
1130,1172,1,-0.30991,472.98,534.47,0,457.01,631.63,486.2,453.96,-0.016201,0.0016393,-1.2591,0.035798,6.1035e-05
1131,1173,2,-0.20872,442.34,512.96,0,434,543.2,455.35,465.77,-0.020213,0.00061341,-1.0425,0.047621,6.1035e-05
1132,1174,0,-0.62901,424.94,508.97,0.0625,391.09,589.63,448.1,453.78,-0.032213,0.034792,-1.6776,0.060725,6.1035e-05
1133,1175,0,-0.49155,332.83,429.08,0,316.2,496.5,345.77,376.64,-0.018617,0.0073616,-1.3428,0.021709,6.1035e-05
1134,1176,2,-0.2673,592.08,672.81,0,590.16,713.07,593.99,632.55,-0.019248,0.00095105,-0.56146,0.042201,0.00012207
1135,1177,0,-0.63295,420.94,515.11,0.015625,404.1,585.36,437.78,444.86,-0.021606,0.012072,-1.4642,0.02717,6.1035e-05
1136,1178,3,-0.19456,565.96,626.5,0,559.89,660.7,571.3,596.34,-0.016751,0.00091936,-0.28101,0.044134,0.00012207
1137,1179,2,-0.24705,536.42,609.34,0,535.93,656.04,537.09,545.35,-0.018372,0.00049041,-0.79996,0.030307,0.00012207
1138,1180,3,-0.19774,589.81,656.72,0,571.44,702.83,605.03,618.52,-0.025464,0.00024297,-0.48432,0.049073,0.00012207
1139,1181,0,-0.62548,418.17,544.72,0,397.26,626.69,440.42,457.47,-0.012679,0.0088545,-1.3744,0.021604,6.1035e-05
1140,1182,3,-0.16649,491.73,537.82,0,484.94,565.4,500.47,502.35,-0.010667,0.00067847,-0.50939,0.034379,6.1035e-05
1141,1183,2,-0.24168,518.63,604.74,0,513.27,638.26,527.57,548.87,-0.018655,0.00027737,-0.66933,0.024695,6.1035e-05
1142,1184,3,-0.17285,525.21,580.39,0,515.81,613.38,535.21,545.26,-0.018342,0.00031632,-0.55015,0.033589,0.00012207
1143,1185,2,-0.22353,491.5,549.67,0,485.83,589.22,497.54,507.56,-0.016267,0.00033154,-0.78589,0.047139,6.1035e-05
1144,1186,0,-0.50109,342.46,429.18,0,318.46,483.11,369.65,368.06,-0.017348,0.0025741,-1.4868,0.017382,3.0518e-05
1145,1187,0,-0.54483,394.58,463.89,0,362.05,526.62,419.88,415.09,-0.013605,0.0021567,-1.3281,0.028015,3.0518e-05
1146,1188,3,-0.16687,492.73,556.44,0,476.12,587.79,507.38,528.77,-0.019331,0.00017985,-0.41538,0.051265,0.00012207
1147,1189,3,-0.18235,550.73,594.47,0,535.92,619.84,565.54,569.09,-0.02004,0.00012451,-0.47424,0.060262,0.00012207
1148,1190,2,-0.25721,564.49,643.68,0,547.35,646.6,582.73,640.57,-0.0067675,0.0006731,-0.71396,0.032408,0.00018311
1149,1191,1,-0.27674,400.41,450.47,0,380.96,513.7,418.69,391.07,-0.03685,0.0010365,-1.3141,0.050349,6.1035e-05
1150,1192,0,-0.60343,424.4,535.23,0,393.83,630.33,448.17,461.26,-0.023392,0.00070538,-1.5255,0.15077,3.0518e-05
1151,1193,3,-0.16095,496.93,523.96,0,485.81,545.39,505.05,508.33,-0.017979,0.00051233,-0.59143,0.065411,6.1035e-05
1152,1194,1,-0.30862,435.13,515.16,0,415.53,547.07,457.35,479,-0.019383,0.00068301,-1.2796,0.039257,6.1035e-05
1153,1195,3,-0.19385,555.2,654.63,0,548.86,689.46,562.39,615.16,-0.014279,0.00026275,-0.27698,0.08732,0.00012207
1154,1196,1,-0.29725,403.93,509.59,0,388.04,566.61,425.71,431.44,-0.017477,0.00058929,-0.6949,0.030796,6.1035e-05
1155,1197,1,-0.24953,369.81,438.12,0,340.35,499.55,394.21,387.21,-0.023207,0.00049345,-1.3536,0.056766,3.0518e-05
1156,1198,1,-0.21829,321.49,375.4,0,307.74,435.57,332.19,328.6,-0.01339,0.00053916,-1.1647,0.032047,6.1035e-05
1157,1199,2,-0.26396,579.34,687.79,0,561.42,723.81,595.14,656.01,-0.012383,0.0011776,-0.5793,0.18766,0.00012207
1158,1200,3,-0.17039,518.67,561.39,0,509.05,603.86,526.64,526.19,-0.017179,0.00037823,-0.295,0.035962,0.00012207
1159,1201,0,-0.49479,351.29,427.05,0,324.76,472.5,374.71,386.94,-0.017107,0.0011427,-1.3807,0.053622,3.0518e-05
1160,1202,3,-0.17043,494.65,557.89,0,479.41,576.28,513.04,535.7,-0.018678,0.00017449,-0.31676,0.056144,0.00012207
1161,1203,0,-0.47813,329.67,384.25,0,313.74,422,347.74,341.46,-0.021723,0.00041559,-1.4274,0.05593,6.1035e-05
1162,1204,1,-0.25738,360.03,423.95,0,341.39,484.32,382.52,351.08,-0.017572,0.00066774,-1.2442,0.04959,6.1035e-05
1163,1205,0,-0.76264,420.9,507.64,0.14062,398.9,562.82,445.82,445.1,-0.031021,0.093752,-1.2614,0.06114,6.1035e-05
1164,1206,1,-0.33026,483.25,546.59,0,456.82,604.42,508.07,492.27,-0.019819,0.0043384,-0.8526,0.050578,6.1035e-05
1165,1207,3,-0.1631,506.04,529.54,0,493.05,574.23,515.53,496.94,-0.0082274,0.000569,-0.4796,0.028255,6.1035e-05
1166,1208,0,-0.66847,415.56,501.27,0.0625,390.27,559.32,437.87,450.05,-0.027407,0.036349,-1.1614,0.075219,6.1035e-05
1167,1209,2,-0.22596,501.63,580.24,0,491.99,622.15,508.66,549.66,-0.019136,0.00030173,-0.56398,0.020927,0.00012207
1168,1210,3,-0.18998,567.29,624.84,0,543.16,643.68,591.43,606.01,-0.0060102,0.00017298,-0.33573,0.040335,0.00012207
1169,1211,2,-0.2249,514.53,570.92,0,501.5,623.72,523.45,534.79,-0.0048698,0.00028661,-0.62444,0.023002,6.1035e-05
1170,1212,0,-0.55039,422.38,471.71,0,397.92,541.23,436.1,432.7,-0.022942,0.0031249,-1.5246,0.03582,6.1035e-05
1171,1213,2,-0.24675,553.26,613.32,0,535.14,643.48,569.24,586.71,-0.01644,0.00073792,-0.82465,0.03425,0.00012207
1172,1214,2,-0.24327,524.99,598.05,0,506.6,617.98,543.38,578.12,-0.0089271,0.00024962,-0.64972,0.057078,0.00012207
1173,1215,1,-0.32041,455.44,532.39,0,439.81,565.53,471.08,499.25,-0.016627,0.00052305,-0.84362,0.016152,6.1035e-05
1174,1216,2,-0.21328,475.03,531.39,0,454.82,559.12,497.94,499.97,-0.020416,0.00017407,-0.76051,0.01473,6.1035e-05
1175,1217,3,-0.17365,517.85,560.8,0,502.72,585.58,532.05,537.52,-0.016603,0.00028696,-0.43903,0.02242,9.1553e-05
1176,1218,2,-0.21598,486.03,543.62,0,466.86,560.81,506.43,525.31,-0.017171,0.00027269,-1.0107,0.034398,9.1553e-05
1177,1219,0,-0.49484,366.69,414.01,0,347.47,482.13,379.01,370.34,-0.012051,0.0040732,-1.761,0.025515,6.1035e-05
1178,1220,2,-0.21932,507.6,552.79,0,472.12,591.6,531.88,526.23,0.0088016,0.00073171,-0.87059,0.067021,6.1035e-05
1179,1221,2,-0.21657,468.12,532.88,0,459,576.06,480.61,473.71,-0.023825,0.00029575,-0.85005,0.17839,9.1553e-05
1180,1222,2,-0.19974,442.24,493.68,0,435.02,532.71,450.42,449.44,-0.011146,0.00029644,-1.0115,0.064695,9.1553e-05
1181,1223,0,-0.61198,404.09,498.33,0,387.89,556.47,424.91,423.59,-0.023047,0.0018314,-1.3035,0.039748,6.1035e-05
1182,1224,3,-0.17627,552.33,588.86,0,513.87,622.05,576.99,567.58,-0.0071399,0.00029176,-0.5819,0.03214,0.00012207
1183,1225,2,-0.20141,450.49,514.67,0,436.94,550.07,464.04,479.26,-0.016044,0.00021621,-0.99846,0.040966,9.1553e-05
1184,1226,0,-0.59805,411.78,488.67,0,388.89,554.35,437.73,414.24,-0.017341,0.00077512,-1.5463,0.026318,6.1035e-05
1185,1227,0,-0.45272,318.07,384.86,0,299.04,447.12,333.84,333.28,-0.02061,0.0029159,-1.6564,0.015263,3.0518e-05
1186,1228,1,-0.34764,480.94,591.19,0,468.67,634.72,500.07,523.28,-0.014744,0.0020597,-1.3024,0.058206,6.1035e-05
1187,1229,0,-0.6516,425.55,520.11,0.03125,397.2,604.15,455.74,430.65,-0.0291,0.019552,-1.5611,0.052431,6.1035e-05
1188,1230,1,-0.30413,442.71,522.27,0,412.75,613.35,470.84,436.71,-0.006694,0.0015815,-1.4862,0.041513,6.1035e-05
1189,1231,0,-0.46359,302.55,389.19,0,289.38,434.55,319.47,330.86,-0.015831,0.0067812,-1.4952,0.02325,3.0518e-05
1190,1232,3,-0.18009,549.02,617.31,0,517.89,632.59,580.14,602.03,-0.013551,0.00039323,-0.81556,0.063975,0.00012207
1191,1233,3,-0.18121,527.08,576.69,0,514.1,599.8,544.87,545.03,-0.013741,0.0002611,-0.87796,0.057639,0.00012207
1192,1234,3,-0.20265,604.6,685.23,0,576.79,717.4,632.41,653.06,-0.012147,0.00018536,-0.51303,0.032078,0.00012207
1193,1235,0,-0.45036,300.01,402.45,0,273.15,455.45,330.45,342.38,-0.021698,0.00306,-1.5386,0.0029499,6.1035e-05
1194,1236,3,-0.16096,470.47,546.94,0,449.09,562.35,503.81,522.91,-0.0070623,0.0006202,-0.78455,0.031301,0.00015259
1195,1237,3,-0.15262,457.84,522.85,0,439.87,562.45,471.81,492.05,-0.012845,0.00020687,-0.87916,0.037474,9.1553e-05
1196,1238,0,-1.0182,443.24,542.94,0.35938,431.46,629.52,452.39,475.59,-0.028264,0.3214,-1.0257,0.048706,6.1035e-05
1197,1239,0,-0.51285,341.91,447.21,0,322.52,504.06,362.55,386.69,-0.014824,0.075229,-1.6299,0.019663,3.0518e-05
1198,1240,1,-0.27912,403.13,468.4,0,382.72,536.44,421.15,408.36,-0.01188,0.0079275,-1.3373,0.021052,6.1035e-05
1199,1241,0,-0.51837,364.6,449.42,0,339.2,516.24,385.64,394.05,-0.028268,0.0014801,-1.9071,0.030756,3.0518e-05
1200,1242,1,-0.24696,357.37,424.86,0,337.35,483.55,372.94,379.21,-0.034718,0.00056765,-1.3671,0.091667,6.1035e-05
1201,1243,3,-0.18497,558.9,599.68,0,545.35,638.51,570.86,565.42,-0.011488,0.00045463,-0.71328,0.048629,0.00012207
1202,1244,2,-0.2168,467.55,550.27,0,444.11,588.29,489.57,514.56,-0.018451,0.00035958,-0.9849,0.026691,6.1035e-05
1203,1245,0,-0.524,353.08,434.17,0,336.14,481.82,373.51,376.66,-0.030175,0.0023312,-1.2795,0.048576,6.1035e-05
1204,1246,1,-0.33903,469.37,583.08,0,462.01,621.19,476.28,547.29,-0.020193,0.0012356,-0.78158,0.049718,6.1035e-05
1205,1247,1,-0.31337,445.97,534.53,0,423.91,597.52,466.7,475.35,-0.012756,0.0010542,-0.76341,0.02445,6.1035e-05
1206,1248,0,-0.8191,443.88,547.37,0.21875,431.07,664.68,450.58,485.92,-0.025377,0.12952,-1.2642,0.017725,6.1035e-05
1207,1249,0,-0.50834,361.51,437.44,0,342,508.39,374.85,388.89,-0.02294,0.050397,-1.2597,0.015314,3.0518e-05
1208,1250,2,-0.2257,492.52,569.01,0,472.21,596.27,518.63,533.96,-0.022726,0.0012332,-0.91122,0.079117,0.00012207
1209,1251,1,-0.3034,429.16,512.94,0,414.32,578.06,441.45,458.98,-0.027274,0.00095351,-1.0601,0.13357,6.1035e-05
1210,1252,0,-0.57184,370.64,463.15,0,370.16,517.87,371.15,404.89,-0.017738,0.0036343,-0.90885,0.022063,6.1035e-05
1211,1253,0,-0.67143,421.21,551.95,0.015625,411.46,613.24,431.59,486.71,-0.023051,0.014629,-0.84137,0.065497,6.1035e-05
1212,1254,0,-0.80162,439.75,565.34,0.10938,431.24,618.44,452.18,487.75,-0.026006,0.068921,-1.0963,0.060948,6.1035e-05
1213,1255,3,-0.16029,466.74,520.92,0,468.67,556.4,465.14,491.53,0.0098933,0.0040701,-0.63168,0.052667,9.1553e-05
1214,1256,3,-0.19437,559.78,648.96,0,543.72,680.19,581.8,606.17,-0.0060265,0.00076875,-0.23857,0.040731,0.00012207
1215,1257,3,-0.16169,476.58,538.16,0,468.84,573.01,483.41,507.4,-0.0058224,0.00027717,-0.72374,0.032267,9.1553e-05
1216,1258,3,-0.17,473.3,557.93,0,471.47,585.13,476.8,505.99,-0.02125,0.00015689,-0.43768,0.033186,9.1553e-05
1217,1259,3,-0.17074,507.12,549.93,0,499.84,588.18,513.16,518.24,-0.013562,0.00019914,-0.73485,0.024221,6.1035e-05
1218,1260,1,-0.25265,340.06,411.5,0,331.79,447.33,355.85,343.11,-0.02074,0.00057091,-0.73027,0.04087,6.1035e-05
1219,1261,3,-0.1937,575.82,635.85,0,571.29,686.45,580.07,588.32,-0.016973,0.00038692,-0.50664,0.043368,0.00012207
1220,1262,0,-0.54987,372.48,477.65,0,365.67,542.5,377.14,433.28,-0.015813,0.0034177,-1.1473,0.057622,6.1035e-05
1221,1263,3,-0.17986,516.64,590.38,0,519.44,647.87,513.66,529.18,-0.01376,0.00039441,-0.64456,0.032758,0.00012207
1222,1264,3,-0.16036,468.76,538.8,0,458.03,573.52,480.92,499.45,-0.017474,0.00018003,-0.56794,0.035076,0.00012207
1223,1265,0,-0.44658,326.04,381.54,0,307.97,436.82,340.1,338.54,-0.01449,0.0038765,-1.4931,0.012184,6.1035e-05
1224,1266,3,-0.17036,497.12,578.15,0,485.31,614.95,510.49,536.45,-0.0199,0.00037569,-0.4805,0.035473,0.00018311
1225,1267,2,-0.21173,460.29,531.5,0,450.97,579.22,468.52,489.4,-0.020315,0.0005705,-0.54387,0.033413,6.1035e-05
1226,1268,0,-1.3753,447.92,544.94,0.71875,440.31,622.45,455.07,472.13,-0.023249,0.65007,-0.8245,0.034684,6.1035e-05
1227,1269,1,-0.28192,382.6,460.03,0,377.9,504.98,389.93,389.92,-0.016325,0.035102,-1.0275,0.018007,6.1035e-05
1228,1270,2,-0.24219,516.68,615.74,0,500.9,625.76,536.97,602.84,-0.011017,0.002751,-0.68568,0.062633,0.00012207
1229,1271,0,-0.72556,428.29,570.07,0.046875,419.76,630.66,439.26,492.17,-0.021369,0.05594,-0.87816,0.059467,6.1035e-05
1230,1272,0,-0.74939,434.99,562.06,0.0625,426.63,607.61,446.43,499.64,-0.026929,0.057178,-0.94549,0.066221,6.1035e-05
1231,1273,2,-0.24725,513.99,629.95,0,503.72,654.59,527.19,598.27,-0.016739,0.0018878,-0.60349,0.031366,0.00012207
1232,1274,0,-0.59767,393.48,522.34,0,384.86,585.01,402.65,455.62,-0.023505,0.015033,-1.2393,0.0078801,3.0518e-05
1233,1275,0,-0.51981,359.32,436.67,0,348.05,489.7,370.58,383.65,-0.015126,0.0078196,-1.232,0.010845,6.1035e-05
1234,1276,2,-0.23448,497.57,604.7,0,492.34,634.51,503.49,570.92,-0.025921,0.0016908,-0.89912,0.031731,0.00012207
1235,1277,2,-0.20221,450.95,520.13,0,437.75,555.49,461.88,490.84,-0.022416,0.00051554,-0.90186,0.038363,9.1553e-05
1236,1278,3,-0.16523,484.5,565.08,0,483.84,606.93,485.09,528.16,-0.017706,0.00027182,-0.18524,0.041799,0.00012207
1237,1279,2,-0.199,427.66,526.07,0,418.49,547.85,436.83,504.29,-0.027093,0.00021844,-0.88729,0.050498,6.1035e-05
1238,1280,3,-0.18987,538.98,632.87,0,527.3,655.28,556.05,600.12,-0.0179,0.00020214,-0.436,0.031323,0.00012207
1239,1281,3,-0.16478,496.94,550.65,0,479.3,587.76,509,525.25,-0.026752,0.00016257,-0.41418,0.032191,0.00012207
1240,1282,2,-0.24414,528.2,625.05,0,511.23,650.1,553.01,588.42,-0.020625,0.00045747,-0.69699,0.04319,6.1035e-05
1241,1283,0,-0.55004,364.7,491.45,0,351.28,555.32,377.31,431.44,-0.024919,0.0013071,-1.2699,0.027399,3.0518e-05
1242,1284,1,-0.3079,445.37,521.6,0,415.35,577.26,470.23,475.49,-0.018545,0.00071035,-0.96408,0.023633,6.1035e-05
1243,1285,0,-0.51835,351.28,453.1,0,332.4,528.21,366.93,390.87,-0.024209,0.0020056,-1.4038,0.0062436,6.1035e-05
1244,1286,2,-0.20703,450,534.11,0,442.64,571.91,457.35,496.3,-0.029108,0.000379,-0.79901,0.051616,6.1035e-05
1245,1287,2,-0.23536,516.26,623.87,0,496.52,656.04,533.67,595.48,-0.013634,0.00044141,-0.74677,0.039481,0.00012207
1246,1288,2,-0.20472,441.16,533.71,0,426.47,567.69,452.59,507.28,-0.019283,0.00023612,-0.95007,0.054873,6.1035e-05
1247,1289,1,-0.27666,383.48,470.55,0,360.02,511.81,413.65,417.51,-0.022173,0.00029169,-1.0885,0.040754,6.1035e-05
1248,1290,1,-0.25228,357.69,417.13,0,343.28,472.78,372.1,361.49,-0.018138,0.00065451,-1.0526,0.029341,6.1035e-05
1249,1291,3,-0.17185,501.28,586.22,0,482.75,609.21,518.69,564.62,-0.012865,0.00024812,-0.61306,0.032096,9.1553e-05
1250,1292,2,-0.20026,457.12,509.2,0,431.41,531.12,474.71,494.21,-0.016081,0.00021675,-1.011,0.035943,0.00012207
1251,1293,2,-0.22163,469.26,566.22,0,457.99,583.94,485.74,540.32,-0.012478,0.00023106,-0.85034,0.026655,6.1035e-05
1252,1294,0,-0.57985,389.89,479.97,0,371.76,533.41,406.92,429.77,-0.026197,0.0020858,-1.2091,0.030899,6.1035e-05
1253,1295,3,-0.18254,550.23,628.25,0,517.58,656.95,574.05,607.31,-0.0072969,0.00034452,-0.54173,0.047625,0.00012207
1254,1296,2,-0.2205,467.02,550.05,0,454.74,575.05,484.98,513.52,-0.018526,0.00024694,-0.90399,0.061103,9.1553e-05
1255,1297,1,-0.31052,470.01,515.6,0,446.56,581.8,488.25,464.11,-0.026606,0.00038587,-1.2961,0.052103,6.1035e-05
1256,1298,2,-0.2374,531.79,589.14,0,518.54,623,542.09,562.8,-0.016299,0.00027485,-0.91625,0.047992,0.00012207
1257,1299,3,-0.15381,459.93,524.29,0,436.33,549.84,482.09,500.3,-0.012311,0.0006497,-0.79387,0.054485,9.1553e-05
1258,1300,2,-0.22108,477.87,551.87,0,457.67,569.46,509.37,524.43,-0.021196,0.00025471,-1.0754,0.058838,0.00012207
1259,1301,0,-0.38749,277.69,341.04,0,265.26,406.44,287.35,290.17,-0.012162,0.0099783,-1.3716,0.010881,3.0518e-05
1260,1302,0,-0.60478,405.19,489.66,0,388.69,536.66,423.88,436.4,-0.01648,0.0069593,-1.4702,0.0092415,6.1035e-05
1261,1303,0,-0.54626,361.8,477.85,0,335,521.86,392.18,427.98,-0.015474,0.0020545,-1.2002,0.037806,6.1035e-05
1262,1304,3,-0.16838,500.42,542.78,0,491.29,561.99,512.17,518.09,-0.0024523,0.00050485,-0.60234,0.043091,6.1035e-05
1263,1305,1,-0.33057,477.15,558.31,0,457.07,571.06,498.53,544.73,-0.025256,0.0012865,-1.0362,0.052591,6.1035e-05
1264,1306,1,-0.31322,451.4,517.54,0,440.96,592.96,461.2,446.68,-0.017634,0.0013731,-1.1904,0.074175,6.1035e-05
1265,1307,2,-0.23384,536.91,580.8,0,520.78,605.2,547.95,564.11,-0.0087591,0.00024809,-0.94078,0.02597,0.00012207
1266,1308,2,-0.21477,504.23,533.03,0,478.38,555.5,520.81,518.62,-0.017133,0.00022244,-1.0453,0.047431,0.00012207
1267,1309,1,-0.28808,402.78,451.08,0,383.17,491.69,429.64,395.43,-0.02565,0.00055591,-1.1685,0.14059,6.1035e-05
1268,1310,1,-0.25548,377.65,425.18,0,348.79,475.37,401.57,383.6,-0.01511,0.0007631,-1.3196,0.016399,6.1035e-05
1269,1311,3,-0.15145,467.71,493.52,0,439.6,503.84,485.72,486.91,-0.017635,0.00025407,-0.86923,0.042072,0.00012207
1270,1312,0,-0.80393,429.81,550.33,0.14062,409.73,603.42,457.33,477.58,-0.0094072,0.094778,-1.3084,-0.011892,6.1035e-05
1271,1313,0,-0.70551,425.64,532.95,0.046875,409.02,575.09,449.93,471.35,-0.021135,0.032788,-1.3701,0.025278,6.1035e-05
1272,1314,2,-0.23146,505.88,568.05,0,493.13,603.28,521.27,525.53,-0.016465,0.00075805,-0.88635,0.055559,0.00012207
1273,1315,3,-0.15453,467.29,522.35,0,445.06,555.09,484.59,496.89,-0.014906,0.00057781,-0.77687,0.062977,9.1553e-05
1274,1316,1,-0.31333,440.66,522.77,0,423.88,581.95,457.44,463.59,-0.023606,0.0012185,-1.0098,0.040943,6.1035e-05
1275,1317,0,-0.47356,337.92,401.08,0,310.25,441.91,360.83,367.25,-0.018118,0.0043813,-1.2543,0.0066814,6.1035e-05
1276,1318,2,-0.24795,553.6,616.53,0,528.56,628.78,574.35,606.39,-0.013813,0.0013108,-1.0364,0.02165,0.00012207
1277,1319,0,-1.2746,444.85,547.31,0.60938,425.01,587.62,464.69,507,-0.025663,0.53444,-1.0544,0.055083,6.1035e-05
1278,1320,1,-0.32501,470.4,543.34,0,443.36,595.45,492.8,500.16,-0.012046,0.021718,-0.97005,0.041873,9.1553e-05
1279,1321,0,-0.51266,333.56,439.1,0,317.11,493.11,349.01,388.35,-0.017381,0.020657,-1.0973,0.048489,6.1035e-05
1280,1322,0,-0.62871,413.47,503.86,0,400.48,552.28,429.13,445.42,-0.017032,0.0088803,-0.79771,0.035513,6.1035e-05
1281,1323,0,-0.46956,319.41,390.42,0,304.03,434.82,334.78,346.01,-0.015702,0.0016253,-1.4457,0.018824,3.0518e-05
1282,1324,0,-0.56983,381.11,462.48,0,364.18,511.65,400.29,406.75,-0.011731,0.0018148,-1.4483,0.015875,3.0518e-05
1283,1325,0,-0.51221,363.85,445.91,0,342.41,515.12,379.49,395.4,-0.016851,0.0011711,-1.4075,0.019663,3.0518e-05
1284,1326,0,-0.56037,375.12,456.78,0,355.91,509.29,393.17,407.47,-0.013595,0.0018584,-1.4679,0.03706,6.1035e-05
1285,1327,1,-0.35246,501.28,571.07,0,488.26,603.65,514.29,538.49,-0.0043697,0.0044354,-1.0893,0.019692,0.00012207
1286,1328,1,-0.29411,436.08,479.17,0,413.21,530.9,458.95,427.45,-0.014555,0.00092342,-1.4542,0.0064869,6.1035e-05
1287,1329,3,-0.17415,528.31,552.63,0,512.43,573.49,544.18,531.77,-0.0186,0.0003321,-0.83581,0.05958,9.1553e-05
1288,1330,2,-0.19848,439.96,485.35,0,418.5,486.63,469.36,483.6,-0.0011716,0.00023172,-1.1679,0.03426,6.1035e-05
1289,1331,1,-0.35608,506.54,582.05,0,485.14,625.23,527.94,538.87,-0.011705,0.0021055,-1.2001,0.033682,0.00012207
1290,1332,2,-0.2247,499.82,525.86,0,487.11,557.6,513.35,492.08,-0.010081,0.00047986,-1.1314,0.042295,9.1553e-05
1291,1333,2,-0.23814,545.2,588.29,0,524.24,630.6,560.49,557.41,-0.018782,0.00025398,-1.0606,0.036855,6.1035e-05
1292,1334,2,-0.19073,431.87,466.73,0,410.66,480.94,453.09,452.52,-0.0098616,0.0003877,-1.4119,0.03362,6.1035e-05
1293,1335,3,-0.16176,487.7,522.14,0,471.82,551.05,504.61,491.36,-0.010907,0.00038468,-0.96233,0.017978,0.00012207
1294,1336,1,-0.34209,500.53,564.69,0,487.53,598.77,513.53,530.6,-0.022819,0.0014941,-1.2779,0.06608,0.00012207
1295,1337,3,-0.1788,543.33,574.81,0,522.72,600.66,569.84,541.57,-0.015197,0.0004944,-0.79483,0.074078,0.00012207
1296,1338,0,-0.51047,362.42,424.35,0,340.16,483.38,380.86,375.45,-0.021971,0.0041743,-1.5954,0.038055,6.1035e-05
1297,1339,1,-0.3076,453.23,486.89,0,415.68,527.38,493.2,443.79,-0.01613,0.002908,-1.4633,0.050301,6.1035e-05
1298,1340,2,-0.24354,547.8,595.7,0,538.41,623.45,560.65,557.67,-0.017071,0.00042048,-1.071,0.054677,0.00012207
1299,1341,1,-0.40723,600.09,653.11,0,594.74,700.83,605.78,602.31,-0.013261,0.0023719,-1.1318,0.040944,0.00012207
1300,1342,0,-0.74431,428.39,512.55,0.09375,413.19,572.16,446.74,440.61,-0.034873,0.051392,-1.2065,0.10692,6.1035e-05
1301,1343,2,-0.24365,550.64,582.08,0,531.43,587.88,575.33,574.61,-0.012781,0.0012856,-1.2139,0.036021,0.00012207
1302,1344,0,-0.84774,438.76,549.01,0.17188,423.91,616.21,456.68,467.9,-0.016324,0.084395,-1.5081,0.087864,6.1035e-05
1303,1345,1,-0.2775,412.62,460.44,0,385.57,507.46,441.42,410.39,-0.033821,0.0064086,-1.2418,0.033759,6.1035e-05
1304,1346,2,-0.22206,518.06,554.17,0,492.79,601.96,536.51,519.3,-0.013311,0.00080327,-1.176,0.01948,0.00012207
1305,1347,1,-0.2728,396.97,453.82,0,374.53,514.32,419.41,393.32,-0.021725,0.0010592,-1.2864,0.048838,6.1035e-05
1306,1348,2,-0.19104,467.27,480.71,0,450.76,521.59,475.91,459.29,-0.016419,0.00038488,-1.2997,0.029543,9.1553e-05
1307,1349,2,-0.19493,419.47,460.26,0,415.26,479.95,426.98,425.17,-0.020153,0.00026789,-1.2159,0.034478,6.1035e-05
1308,1350,0,-0.58025,405.36,467.72,0,387.32,516.21,423.41,419.24,-0.016513,0.0070245,-1.477,0.025892,6.1035e-05
1309,1351,2,-0.21637,476.22,552.08,0,462.58,579.03,491.67,521.55,-0.011311,0.0011885,-1.0529,0.027118,9.1553e-05
1310,1352,2,-0.2077,482.17,509.52,0,455.91,542.38,495.93,492.31,-0.012444,0.00041029,-1.1256,0.038605,6.1035e-05
1311,1353,0,-0.51931,345.05,425.34,0,330.96,472.1,363.17,365.23,-0.0044879,0.0040156,-1.0968,0.029825,6.1035e-05
1312,1354,2,-0.2215,502.51,541.83,0,495.91,581.44,509.11,502.23,-0.019541,0.00085749,-1.155,0.021132,6.1035e-05
1313,1355,3,-0.17875,536.94,576.11,0,517.55,608.57,556.33,543.64,-0.015122,0.00033312,-0.60911,0.045946,0.00012207
1314,1356,2,-0.19641,434.03,479.16,0,433.78,508.17,434.35,441.86,-0.024209,0.00017698,-1.0078,0.044396,9.1553e-05
1315,1357,0,-0.43007,314.61,371.34,0,295.75,444.7,327.51,321.14,-0.020235,0.0026654,-1.5883,0.026447,3.0518e-05
1316,1358,1,-0.26555,395.25,415.55,0,380.58,463.29,407.4,375.98,-0.023086,0.0018999,-1.3562,0.026129,6.1035e-05
1317,1359,2,-0.23619,511.01,548.23,0,502.9,573.41,522.12,513.73,-0.011347,0.00049278,-1.1161,0.024932,6.1035e-05
1318,1360,0,-0.54746,390.39,407.02,0,378.77,436.77,400.64,380.78,-0.0036203,0.0024117,-1.5244,0.04034,6.1035e-05
1319,1361,2,-0.24884,550.7,586.18,0,537.86,619.75,568.29,540.18,-0.019088,0.00054323,-0.77796,0.029009,0.00012207
1320,1362,2,-0.22091,513,521.16,0,506.46,553.09,518.09,496.34,-0.013501,0.0002507,-1.0089,0.027056,0.00012207
1321,1363,3,-0.16168,505.98,529.7,0,501.08,567.14,509.79,500.58,-0.0069813,0.00061702,-0.61619,0.051555,9.1553e-05
1322,1364,3,-0.17791,546.56,563.95,0,522.99,585.53,563.76,548.19,-0.013121,0.00019854,-0.36596,0.028587,0.00012207
1323,1365,1,-0.27328,383.63,443.61,0,363.06,487.41,410.07,387.29,-0.019513,0.00034081,-1.2657,0.06103,6.1035e-05
1324,1366,2,-0.20883,481.39,502.65,0,468.22,518.72,491.01,490.93,-0.027146,0.00024428,-1.2344,0.057505,0.00012207
1325,1367,0,-0.4338,298.11,338.95,0,292.02,375.94,304.59,299.58,-0.020832,0.0046172,-1.235,0.022313,3.0518e-05
1326,1368,3,-0.16064,513.22,527.67,0,494.13,557.52,526.28,507.25,-0.015147,0.00017756,-0.80501,0.025994,6.1035e-05
1327,1369,2,-0.22108,505.77,553.29,0,484.74,595.75,522.12,520.26,-0.023577,0.0005581,-1.0868,0.0359,9.1553e-05
1328,1370,0,-0.60441,430.58,519.29,0.015625,406.52,604.15,448.13,457.36,0.0016456,0.017261,-1.4606,0.035013,6.1035e-05
1329,1371,1,-0.26875,385.35,389.92,0,370.66,407.73,404.24,367.03,-0.0078884,0.0026865,-1.2412,0.013817,6.1035e-05
1330,1372,1,-0.33208,473.93,515.21,0,464.4,534.95,486.19,489.85,-0.0082768,0.00069709,-1.101,0.020674,9.1553e-05
1331,1373,1,-0.24842,371.38,398.54,0,347.51,433.46,392.44,367.73,-0.014095,0.0017711,-1.3062,0.020936,6.1035e-05
1332,1374,2,-0.20929,473.58,488.38,0,454.98,499.54,494.66,475.72,-0.011477,0.0002339,-1.1195,0.054525,0.00012207
1333,1375,3,-0.1835,556.55,588.91,0,541.37,615.56,570.81,563.87,-0.010147,0.00040549,-0.60604,0.027781,0.00012207
1334,1376,3,-0.17835,547.11,581.41,0,516.09,618.44,576.26,546.63,-0.0057921,0.00021541,-0.49967,0.037091,0.00012207
1335,1377,0,-0.54478,388.43,442.03,0,362.55,498.83,411.26,391.9,-0.01143,0.0014119,-1.5605,0.022974,3.0518e-05
1336,1378,1,-0.3083,439.93,492.18,0,425.95,554.19,453.07,433.93,-0.035094,0.0019698,-1.0771,0.16986,6.1035e-05
1337,1379,2,-0.24084,546.19,579.83,0,537.97,626.17,553.45,538.93,-0.0047689,0.00027128,-1.0019,0.046254,0.00012207
1338,1380,1,-0.30479,451.84,486.26,0,420.57,526.85,483.12,445.67,-0.0282,0.00043175,-1.2332,0.11435,9.1553e-05
1339,1381,0,-0.53887,395.06,433.8,0,378.11,483.58,406.65,399.74,-0.015862,0.0011964,-1.604,0.037431,6.1035e-05
1340,1382,0,-1.6472,455.52,503.46,0.98438,448.62,556.36,462.87,447.14,-0.027409,0.72504,-1.543,0.080327,3.0518e-05
1341,1383,2,-0.22058,488.6,520.55,0,484.06,540.87,493.14,500.23,0.0011885,0.027312,-1.1381,0.026591,6.1035e-05
1342,1384,1,-0.2451,362.93,396.15,0,348.17,449.99,373.7,356.87,-0.012155,0.013256,-1.3095,0.022633,6.1035e-05
1343,1385,1,-0.35506,518.25,553.25,0,509.45,593.26,526.52,515.67,-0.013203,0.0019433,-1.1001,0.033865,0.00012207
1344,1386,1,-0.29121,416.59,425.67,0,401.55,448.07,435.93,396.87,-0.018871,0.0010459,-1.3788,0.032268,6.1035e-05
1345,1387,1,-0.27969,389.68,420,0,384.03,466,396.49,364.48,-0.0033978,0.0007137,-0.99259,0.023377,6.1035e-05
1346,1388,1,-0.2719,408.8,419.54,0,387.13,446.69,430.46,392.38,-0.012207,0.00059209,-1.1383,0.0089569,6.1035e-05
1347,1389,1,-0.29871,457.52,478.46,0,431.2,526.45,479.33,438.7,-0.014552,0.00086909,-1.4579,0.054919,6.1035e-05
1348,1390,0,-0.54055,379.5,432.68,0,365.27,482.6,393.72,382.77,-0.035776,0.088256,-1.2889,0.0019376,6.1035e-05
1349,1391,2,-0.23831,518.04,536.28,0,505.61,541.06,537.44,528.82,-0.02753,0.0050448,-0.62048,0.087207,0.00012207
1350,1392,3,-0.1763,542.24,552.31,0,525.66,560.23,556.87,545.32,-0.0057884,0.00064365,-0.58449,0.037094,0.00012207
1351,1393,2,-0.24143,544.54,604.3,0,525.66,637.09,558.32,580.38,-0.0090169,0.0013136,-0.57823,0.021468,0.00012207
1352,1394,1,-0.31981,471.34,505.62,0,453.58,560.86,488.02,453.73,-0.024591,0.0025715,-1.0563,0.040409,6.1035e-05
1353,1395,0,-0.61166,392.45,441.94,0.0625,374.41,487.16,407.39,404.48,-0.015725,0.068491,-1.3358,0.021727,6.1035e-05
1354,1396,1,-0.26487,351.56,412.58,0,345.74,454.94,360.64,346.49,-0.023663,0.00095976,-0.81665,0.034252,6.1035e-05
1355,1397,0,-0.55443,382.06,462.45,0,355.52,527.38,406.98,401.45,-0.047752,0.0014059,-1.198,0.045141,6.1035e-05
1356,1398,2,-0.20845,471.27,532.27,0,453.02,562.23,490.69,500.36,-0.016879,0.00056003,-0.87601,0.033591,6.1035e-05
1357,1399,3,-0.18738,546.31,607.47,0,527.69,637.33,567.4,573.63,-0.014505,0.00036863,-0.38258,0.027808,0.00012207
1358,1400,2,-0.24949,565.61,628.52,0,555.36,661.72,576.53,593.18,-0.013752,0.00063431,-0.92277,0.025176,0.00012207
1359,1401,3,-0.17483,526.79,560.35,0,514.27,594.34,540.13,524.17,-0.007519,0.00062249,-0.53288,0.020982,0.00012207
1360,1402,0,-0.55064,380.21,463.84,0,358.93,524.75,401.48,402.94,-0.029574,0.0023052,-1.2882,0.057081,6.1035e-05
1361,1403,3,-0.17282,509.04,547.25,0,485.17,560.94,534.46,532.66,-0.012527,0.00025412,-0.5502,0.046784,0.00012207
1362,1404,3,-0.18104,561.69,628.09,0,546.24,683.54,572.96,587.62,-0.014858,0.00014908,-0.35224,0.031885,0.00012207
1363,1405,3,-0.17635,521.54,577.56,0,510.86,612.63,534.44,535.22,-0.010503,9.2334e-05,-0.37631,0.028478,0.00012207
1364,1406,3,-0.18501,547.4,609.72,0,530.78,646.57,566.24,567.97,-0.013086,0.00012208,-0.44749,0.026783,0.00012207
1365,1407,1,-0.26157,396.03,436.12,0,376.59,484.2,412.13,396.28,-0.024028,0.00057473,-1.0236,0.042168,6.1035e-05
1366,1408,0,-0.52069,354.55,429.35,0,341.77,479.85,368.15,375.6,-0.012379,0.0013566,-1.151,0.027719,6.1035e-05
1367,1409,1,-0.3275,494.38,537.16,0,459.83,611.47,518.01,486.31,-0.011976,0.0023382,-1.1726,0.0097276,6.1035e-05
1368,1410,1,-0.34473,477.83,561.5,0,469.59,583.75,489.12,531.01,-0.014628,0.0012039,-1.0635,0.032351,0.00012207
1369,1411,0,-0.62505,380.66,518.78,0,378.8,580.36,383.37,428.77,-0.025678,0.0022676,-0.59813,0.061359,3.0518e-05
1370,1412,3,-0.17277,517.11,569.55,0,511.51,606.21,523.46,528.01,-0.0044078,0.00089088,-0.68067,0.032393,0.00012207
1371,1413,3,-0.16874,505.39,558.29,0,494.22,602.04,516.55,514.54,-0.011348,0.00035508,-0.72998,0.022727,9.1553e-05
1372,1414,0,-0.46926,324.99,386.42,0,307.02,433.15,341.87,342.52,-0.017387,0.0016506,-1.4117,0.013623,3.0518e-05
1373,1415,1,-0.29595,400.84,473.23,0,393.7,534.67,410.64,389.04,-0.017696,0.0013375,-0.89624,0.023329,6.1035e-05
1374,1416,3,-0.17263,506.33,554.35,0,486.14,590.03,526.52,518.67,-0.017563,0.00025861,-0.68021,0.040496,9.1553e-05
1375,1417,3,-0.15965,472.72,530.48,0,458.11,553.08,487.34,507.89,-0.013029,0.00012512,-0.68729,0.030558,0.00012207
1376,1418,2,-0.21964,487.33,543.88,0,476.96,570.7,499.07,513.49,-0.013241,0.00042106,-0.91352,0.025952,6.1035e-05
1377,1419,2,-0.22151,492.79,534.27,0,483.54,549.41,504.69,514.8,-0.015572,0.00018761,-0.94456,0.048267,0.00012207
1378,1420,0,-0.5764,403.05,502.86,0,379.61,592.65,421.28,433.03,-0.028378,0.0035831,-1.1807,0.037273,6.1035e-05
1379,1421,3,-0.1599,487.26,521.03,0,461.55,542.12,507.26,504.63,-0.016755,0.00046641,-0.71072,0.037965,9.1553e-05
1380,1422,3,-0.17354,541.58,574.57,0,524.21,596.64,552,561.32,-0.0099287,0.00012063,-0.69165,0.025245,0.00012207
1381,1423,1,-0.27378,409.55,457.2,0,382.72,513.8,434.75,404.02,-0.030142,0.0006143,-1.1967,0.069104,6.1035e-05
1382,1424,1,-0.31359,456.16,524.37,0,427.15,589.8,487.04,454.72,-0.031195,0.0010169,-1.099,0.043845,6.1035e-05
1383,1425,2,-0.20803,449.51,507.22,0,442.54,520.99,460.4,485.75,-0.013084,0.00027105,-1.1337,0.030634,9.1553e-05
1384,1426,2,-0.21409,495.82,537.43,0,465.22,568.46,518.16,514.78,-0.011251,0.00019928,-1.1722,0.027849,6.1035e-05
1385,1427,3,-0.18067,564.86,599.89,0,545.06,648.4,580.25,562.16,-0.0084791,0.0001738,-0.63721,0.030666,0.00018311
1386,1428,3,-0.16836,491.93,557.11,0,487.03,588.55,498.63,514.03,-0.01005,0.00027283,-0.69782,0.041457,0.00012207
1387,1429,1,-0.28245,420.18,471.23,0,392.27,522.23,451.8,413.42,-0.016872,0.00042992,-1.3431,0.018292,6.1035e-05
1388,1430,3,-0.17443,513.07,558.79,0,504.28,582.44,523.67,530.25,3.2918e-05,0.0002199,-0.76339,0.026915,0.00012207
1389,1431,1,-0.25376,347.74,412.3,0,329.79,447.22,372.34,364.44,-0.017074,0.00013684,-1.452,0.041924,6.1035e-05
1390,1432,3,-0.15213,446.03,492.25,0,432.62,511.01,463.27,468.13,-0.021409,0.00029904,-0.90856,0.022541,0.00012207
1391,1433,1,-0.31127,437.29,502.39,0,420.6,557.21,460.17,427.27,-0.017516,0.0018515,-1.1919,0.0066473,6.1035e-05
1392,1434,1,-0.28829,419.35,489.77,0,400.09,563.15,441.18,406.62,-0.011861,0.000739,-1.2932,0.027552,6.1035e-05
1393,1435,3,-0.15897,500.01,535.79,0,487.73,569.48,508.42,512.73,-0.014614,0.00037982,-0.92048,0.020095,0.00012207
1394,1436,1,-0.38083,560.72,634.57,0,546.41,659.36,572.58,614.03,-0.0005132,0.0020468,-1.2029,0.020455,0.00012207
1395,1437,3,-0.16686,493.55,554.39,0,477.74,577.07,512.62,527.02,-0.013086,0.00082026,-0.81028,0.050783,9.1553e-05
1396,1438,3,-0.17262,546.95,592.36,0,527.3,631.8,557.97,570.24,-0.017919,0.00016649,-0.76761,0.026841,0.00012207
1397,1439,1,-0.29456,418.26,479.55,0,398.3,539.77,440.89,411.31,-0.0074256,0.00053907,-1.1032,0.019305,6.1035e-05
1398,1440,3,-0.1656,491.03,551.82,0,471.62,579.87,514.46,517.97,-0.01429,0.00025776,-0.82027,0.040845,9.1553e-05
1399,1441,1,-0.3086,432.34,519.1,0,416.78,611.53,446.96,432.27,-0.021257,0.00085287,-1.1348,0.041627,6.1035e-05
1400,1442,2,-0.20955,448.37,527.69,0,439.14,545.82,461.87,501.2,-0.021306,0.0002349,-1.1339,0.039696,9.1553e-05
1401,1443,0,-0.5888,396,508.87,0,375.66,576.62,416.33,441.12,-0.017697,0.0011735,-1.724,0.0099312,6.1035e-05
1402,1444,1,-0.33766,504.22,567.22,0,480.6,636.18,526.42,502.43,-0.01418,0.0011704,-1.2357,0.033868,6.1035e-05
1403,1445,1,-0.31749,455.67,533.95,0,437.12,603.28,475.42,460.14,-0.028166,0.00065838,-1.0538,0.07646,6.1035e-05
1404,1446,0,-0.6474,422.75,517.1,0.015625,412.81,584.35,432.69,449.85,-0.02218,0.012175,-1.0929,0.010547,3.0518e-05
1405,1447,2,-0.19503,429.02,483.24,0,412.11,497.42,453.74,462.51,-0.0097009,0.00077206,-1.1736,0.063656,9.1553e-05
1406,1448,1,-0.25189,339.11,405.3,0,328.22,446.85,355.03,344.58,-0.030846,0.0012267,-1.2247,0.039691,6.1035e-05
1407,1449,1,-0.28485,443.21,475.73,0,413.72,547.12,462.12,429.96,-0.021528,0.00058244,-1.4384,0.019112,6.1035e-05
1408,1450,0,-0.44854,317.49,366.34,0,301.4,404.41,334.61,325.82,-0.029978,0.0057127,-1.4791,0.0035956,3.0518e-05
1409,1451,0,-0.57839,413.69,471.94,0,389.14,541.2,431.61,421.39,-0.014356,0.0038561,-1.3469,0.011419,6.1035e-05
1410,1452,0,-0.55155,361.08,463.68,0,348.73,535.7,374.22,387.02,-0.023784,0.0027288,-1.174,0.02714,6.1035e-05
1411,1453,3,-0.17973,536.32,591.25,0,521.87,618.62,553.77,558.21,-0.0093044,0.0001488,-0.72743,0.028405,0.00012207
1412,1454,2,-0.23987,517.44,575.7,0,509.2,596.58,530.29,543.11,-0.024901,0.0003767,-0.92909,0.032646,0.00012207
1413,1455,2,-0.2152,477.92,534.86,0,473,556.16,483.5,510.71,-0.022129,0.00016709,-1.0346,0.046753,9.1553e-05
1414,1456,0,-0.57383,395.03,475.1,0,373.04,544.5,415.69,409.89,-0.0071264,0.0006896,-1.3623,0.0092348,6.1035e-05
1415,1457,0,-0.75108,439.33,515.04,0.10938,417.67,578.15,458.44,459.35,-0.020119,0.05995,-1.2937,0.035874,9.1553e-05
1416,1458,2,-0.21479,471.15,499.34,0,463.54,520.41,481.59,470.45,-0.018792,0.0015088,-0.87291,0.025781,6.1035e-05
1417,1459,0,-0.63126,432.56,529.58,0,413.06,596.15,453.32,458.71,-0.016061,0.0037553,-1.2581,0.025898,6.1035e-05
1418,1460,3,-0.15804,486.73,509.51,0,471.15,538.43,498.84,487.01,-0.018527,0.00024723,-0.62536,0.015355,0.00012207
1419,1461,2,-0.20367,456.48,504.41,0,441.16,526.76,470.88,483.41,-0.022484,0.00025899,-0.98546,0.024725,9.1553e-05
1420,1462,2,-0.24133,532.75,594.16,0,513.87,622.77,554.14,561.75,-0.015035,0.00036149,-0.90547,0.035179,0.00012207
1421,1463,1,-0.28452,420.42,471.04,0,395.8,537.83,440.82,415.71,-0.02042,0.00058676,-1.2914,0.011553,6.1035e-05
1422,1464,2,-0.24638,546.6,596.57,0,535.7,622.17,558.95,567.55,-0.017505,0.00039751,-0.91044,0.040165,0.00012207
1423,1465,3,-0.19075,573.64,607.43,0,543.79,630.5,605.43,582.88,-0.021058,0.00019918,-0.59183,0.036047,0.00012207
1424,1466,3,-0.15868,497.09,514.44,0,477.82,551.14,507.18,495.21,-0.010484,0.00027599,-0.70864,0.051647,9.1553e-05
1425,1467,2,-0.2354,515.04,581.18,0,494.01,595.13,543.85,562.06,-0.0060018,0.00040567,-0.97968,0.017576,9.1553e-05
1426,1468,1,-0.33482,502.9,569.52,0,477.82,601.94,525.03,540.92,-0.016832,0.00096082,-1.089,0.029326,6.1035e-05
1427,1469,3,-0.16074,480.67,508.63,0,468.04,523.51,496.92,489.49,-0.022182,0.00048096,-0.54621,0.043461,6.1035e-05
1428,1470,0,-0.62423,408.1,499.05,0.015625,387.36,544.04,436.52,437.4,-0.01522,0.01063,-1.5404,0.019382,6.1035e-05
1429,1471,3,-0.17421,529.74,556.31,0,509.89,575.61,552.24,534.43,-0.0088212,0.00018011,-0.67644,0.036648,0.00012207
1430,1472,1,-0.29383,431.42,457.04,0,416.5,505.21,447.29,405.75,-0.013119,0.00065652,-1.1453,0.042885,6.1035e-05
1431,1473,2,-0.21029,482.74,518.83,0,465.19,552.92,497.28,490.58,-0.010891,0.00019988,-0.93078,0.018188,9.1553e-05
1432,1474,1,-0.25734,391.09,418.11,0,364.59,462.16,414.48,379.24,-0.015693,0.00056005,-1.1295,0.034874,6.1035e-05
1433,1475,0,-0.68268,430.04,516.95,0.0625,414.14,592.07,446.97,436.98,-0.026169,0.045392,-1.2923,0.054618,6.1035e-05
1434,1476,0,-0.60712,416.36,498.7,0,403.12,559.89,430.45,433.55,-0.018661,0.0050054,-1.2742,0.017543,6.1035e-05
1435,1477,3,-0.17063,501.62,550.46,0,485.68,567.65,526.5,523.64,-0.025946,0.00031592,-0.61949,0.033806,9.1553e-05
1436,1478,0,-0.58277,409.46,481.48,0,395.59,556.43,420.95,419.38,-0.030207,0.0016421,-1.3594,0.036431,6.1035e-05
1437,1479,2,-0.22877,514.86,565.15,0,501.66,578.28,526.52,553.57,-0.021436,0.00063471,-1.0806,0.049615,0.00012207
1438,1480,2,-0.21719,480.24,543.11,0,469.28,573.53,492.66,508.64,-0.01694,0.00013849,-1.0845,0.035222,9.1553e-05
1439,1481,1,-0.3388,483.05,547.59,0,476.19,579.4,491.86,506.69,-0.028975,0.00081061,-1.1277,0.06853,6.1035e-05
1440,1482,1,-0.32812,469.89,551.72,0,452.08,590,490.07,508.32,-0.017752,0.0004408,-1.135,0.030841,9.1553e-05
1441,1483,0,-0.61536,409.61,508.85,0,389.9,567.38,433.39,438.2,-0.023636,0.0015944,-1.2562,0.032183,6.1035e-05
1442,1484,0,-0.48536,358.2,415.21,0,333.04,469.41,376.56,375.66,-0.017328,0.0015615,-1.6255,0.07208,3.0518e-05
1443,1485,1,-0.36319,516.83,604.71,0,506.7,646.88,528.31,556.92,-0.025155,0.0017645,-0.85797,0.048155,0.00012207
1444,1486,0,-0.54078,370.45,454.46,0,343.86,508.98,395.42,403.26,-0.023863,0.0020683,-1.3897,0.028144,6.1035e-05
1445,1487,1,-0.32915,487.43,561.23,0,457.77,644.02,510.49,496.84,-0.012955,0.0012931,-1.1191,0.030655,0.00012207
1446,1488,0,-0.70944,425.16,527.46,0.0625,410.45,585.32,439.87,469.6,-0.018532,0.047223,-1.5728,0.032986,6.1035e-05
1447,1489,3,-0.15527,460.28,521.84,0,454.36,565.36,465.84,480.95,-0.0037909,0.0021497,-0.68953,0.088699,9.1553e-05
1448,1490,1,-0.30024,422.61,498.81,0,401.56,560.76,446.47,428.6,-0.019368,0.00078791,-1.1827,0.05842,6.1035e-05
1449,1491,0,-0.45281,321.97,375.35,0,303.25,427.07,338.5,329.72,-0.015362,0.0075691,-1.2765,0.014987,6.1035e-05
1450,1492,1,-0.19768,299.78,319.48,0,283.28,352.61,313.45,292.03,-0.014959,0.00073509,-1.2525,0.0092088,3.0518e-05
1451,1493,0,-0.53578,362.08,442.3,0,347.77,484.18,379.36,391.75,-0.019002,0.0033659,-1.5898,0.0036336,6.1035e-05
1452,1494,2,-0.22732,493.27,591.32,0,488.56,650.32,497.99,532.32,-0.012606,0.00068175,-1.039,0.061326,9.1553e-05
1453,1495,3,-0.18171,532.57,599.39,0,514.64,631.85,551.65,564.84,-0.00022651,0.00018614,-0.73866,0.024566,0.00012207
1454,1496,1,-0.28235,384.32,453.38,0,374.9,500.74,399.01,379.5,-0.020058,0.00060542,-1.0287,0.044975,6.1035e-05
1455,1497,3,-0.17088,500.35,573.38,0,486.18,615.61,512.09,538.38,-0.017917,0.00026103,-0.61127,0.036251,0.00012207
1456,1498,3,-0.14177,425.14,492.34,0,408.17,525.95,438.33,466.2,-0.024537,0.00014112,-0.63387,0.059206,0.00012207
1457,1499,0,-0.57977,382.57,478.05,0,367.81,531.42,399.3,417.55,-0.022679,0.0018081,-1.0084,0.031593,6.1035e-05
1458,1500,2,-0.24124,542.77,635.63,0,524.76,669.26,556.78,609.47,-0.013915,0.00034945,-0.99074,0.072048,0.00012207
1459,1501,2,-0.22272,481.98,564.27,0,466.35,603.94,503.4,509.9,-0.027579,0.00024475,-0.88027,0.031305,6.1035e-05
1460,1502,2,-0.21802,509.64,572.56,0,502.51,604.78,514.85,549.06,-0.0082661,0.00028988,-0.95855,0.045211,6.1035e-05
1461,1503,0,-0.50798,322.99,418.85,0,306.44,468.64,344.28,354.83,-0.028975,0.0064131,-1.2701,0.060368,3.0518e-05
1462,1504,2,-0.21778,486.41,530.4,0,479.35,563.95,494.42,492.38,-0.022601,0.00069689,-1.0601,0.056117,6.1035e-05
1463,1505,3,-0.17959,519.85,593.25,0,512.51,630.13,529.27,545.83,-0.011966,0.00025698,-0.56032,0.034793,0.00012207
1464,1506,2,-0.23511,500.97,574.93,0,490.66,593.44,517.07,546.06,-0.014787,0.00042847,-0.881,0.033567,0.00012207
1465,1507,1,-0.23243,347.15,392.43,0,326.47,440.39,365.4,350.11,-0.030133,0.0011249,-1.0974,0.048737,6.1035e-05
1466,1508,2,-0.22576,497.22,580.62,0,470.07,598.97,524.38,562.28,-0.014797,0.00064779,-0.84327,0.0281,6.1035e-05
1467,1509,0,-0.5566,362.33,461.31,0,351.51,507.47,375.38,405.6,-0.011488,0.0064484,-1.1019,5.7063e-05,6.1035e-05
1468,1510,1,-0.28635,418.71,476.82,0,401.09,550.22,435.26,407.87,-0.026834,0.00097003,-1.241,0.056419,6.1035e-05
1469,1511,1,-0.3304,498.65,561.3,0,463.73,644.81,527.59,492.1,-0.016082,0.001255,-1.0645,0.018227,6.1035e-05
1470,1512,0,-0.58871,376.29,477.35,0,359.65,532.76,396.37,410.48,-0.017202,0.0012074,-1.1321,0.015334,6.1035e-05
1471,1513,0,-0.38849,288.87,330.57,0,267.26,389.39,302.72,292.86,-0.024694,0.007813,-1.5765,0.027135,3.0518e-05
1472,1514,1,-0.2092,307.06,345.35,0,295.2,396.63,318.2,297.17,-0.021702,0.0017035,-1.1852,0.066545,3.0518e-05
1473,1515,2,-0.23385,542.91,611.63,0,510.64,653.82,558.67,591.02,-0.012898,0.00090139,-1.262,0.020762,0.00012207
1474,1516,1,-0.25119,371.15,421.68,0,351.2,485.03,388.76,365.78,-0.027442,0.00071468,-1.2859,0.069012,6.1035e-05
1475,1517,3,-0.17009,492.14,577.32,0,472.85,615.74,516.94,527.91,-0.012796,0.00015731,-0.83341,0.031881,9.1553e-05
1476,1518,3,-0.18632,545.5,613,0,530.21,646.19,562.83,575.37,-0.011152,0.00014493,-0.74591,0.017794,0.00012207
1477,1519,2,-0.22577,520.64,570.79,0,496.74,607.93,539.23,541.91,-0.014394,0.00036991,-1.1424,0.039165,0.00012207
1478,1520,1,-0.29697,394.02,473.22,0,376.9,517.11,424.55,394.97,-0.01489,0.00053918,-1.0272,0.033885,6.1035e-05
1479,1521,3,-0.18172,558.58,631.78,0,537.15,670.64,581.39,590.41,-0.015936,0.00018784,-0.76825,0.025589,0.00012207
1480,1522,0,-0.62461,414.45,528.95,0,390.29,599.77,443.62,443.48,-0.020588,0.0076017,-1.5008,0.023949,6.1035e-05
1481,1523,3,-0.16743,516.9,561.92,0,503.35,597.31,527.44,534.39,-0.011143,0.0016622,-0.83005,0.042712,9.1553e-05
1482,1524,0,-0.59802,393.85,496.78,0,373.79,567.28,418.06,411.69,-0.023808,0.00051539,-1.5157,0.051855,6.1035e-05
1483,1525,1,-0.3596,551.63,603.38,0,509.36,692.7,584.51,533.91,-0.014038,0.00084498,-1.4905,0.026308,6.1035e-05
1484,1526,3,-0.15881,483.62,533.97,0,468.61,566.48,497.73,503.43,-0.016129,0.0010787,-0.73374,0.035556,9.1553e-05
1485,1527,0,-0.88029,434.4,509.34,0.28125,406.77,575.37,463.82,439.05,-0.028026,0.17588,-1.6826,0.029533,6.1035e-05
1486,1528,3,-0.1867,563.77,629.39,0,541.3,660.99,589.24,593.58,-0.0026194,0.011099,-0.42998,0.031604,0.00018311
1487,1529,2,-0.23792,522.84,588.7,0,507.39,625.96,540.35,546.47,-0.012139,0.00065888,-0.9431,0.031906,0.00012207
1488,1530,1,-0.23371,342.02,380.07,0,323.51,424.94,359.41,337.91,-0.012212,0.0052008,-1.0415,0.028068,6.1035e-05
1489,1531,3,-0.19734,602.89,645.96,0,588.76,686.17,614.61,612.65,-0.01323,0.0010001,-0.57726,0.014434,0.00012207
1490,1532,2,-0.2427,570.31,619.07,0,543.66,661.66,591.05,585.94,-0.0088868,0.00099212,-1.0165,0.02934,0.00012207
1491,1533,2,-0.22342,514.79,581.8,0,486.33,630.17,535.56,546.5,-0.016638,0.00031624,-1.1236,0.037448,0.00012207
1492,1534,1,-0.33701,491.45,548.07,0,476.65,603.01,505.35,496.46,-0.011842,0.0012581,-0.98712,0.024903,6.1035e-05
1493,1535,3,-0.1959,604.7,620.93,0,604.28,666.69,605.03,585.34,-0.013244,0.00020295,-0.44512,0.020813,0.00018311
1494,1536,1,-0.31108,461.55,519.29,0,447.04,577.45,473.56,471.09,-0.01948,0.00075224,-1.2208,0.039822,9.1553e-05
1495,1537,1,-0.27345,415.8,458.92,0,391.89,539.1,434.39,396.56,-0.01869,0.00048977,-1.0713,0.032014,6.1035e-05
1496,1538,3,-0.17164,503.65,549.33,0,497.98,590.77,509.68,505.21,-0.012061,0.00021458,-0.72567,0.017719,0.00012207
1497,1539,2,-0.21568,463.6,539.11,0,459.29,578.47,469.15,488.52,-0.017469,0.00037304,-1.0397,0.042851,6.1035e-05
1498,1540,2,-0.21823,495.91,536.63,0,473.47,575.13,516.99,500.46,-0.016974,0.00019257,-1.1334,0.018901,9.1553e-05
1499,1541,2,-0.21706,491.59,545.03,0,478.01,582.47,506.98,502.6,-0.021131,0.00023711,-1.0296,0.022648,9.1553e-05
