iter,seed,category,ret,E_wh,T_s,unserved,E_lamE_high,T_lamE_high,E_lamT_high,T_lamT_high,pg_loss,v_loss,entropy,kl,energy_check_err
0,123,2,-2.0561,820.7,1184.3,0,822.64,1188.5,818.2,1179,-0.0051658,0.21445,4.1747,0.010656,0.00018311
1,124,2,-1.9744,881.34,1212.8,0,875.78,1229.7,888.04,1192.3,-0.011878,0.16243,4.1569,0.015746,0.00018311
2,125,1,-2.0744,814.45,1149.2,0,795.39,1126.7,825.89,1162.7,-0.019514,0.046015,3.8728,0.016566,0.00012207
3,126,2,-1.8331,776.74,1028.6,0,787.27,1059,766.21,998.14,-0.025034,0.016501,4.1068,0.016395,0.00012207
4,127,1,-1.4628,473.2,588.4,0,475.74,599.6,468.95,569.74,-0.015338,0.030276,3.3729,0.0064512,6.1035e-05
5,128,2,-1.7131,888.67,1090.5,0,909.37,1116.5,865.22,1061.2,-0.021304,0.012693,3.9321,0.014318,0.00012207
0,123,2,-2.0561,820.7,1184.3,0,822.64,1188.5,818.2,1179,-0.0051658,0.21445,4.1747,0.010656,0.00018311
1,124,2,-1.9744,881.34,1212.8,0,875.78,1229.7,888.04,1192.3,-0.011878,0.16243,4.1569,0.015746,0.00018311
2,125,1,-2.0744,814.45,1149.2,0,795.39,1126.7,825.89,1162.7,-0.019514,0.046015,3.8728,0.016566,0.00012207
3,126,2,-1.8331,776.74,1028.6,0,787.27,1059,766.21,998.14,-0.025034,0.016501,4.1068,0.016395,0.00012207
4,127,1,-1.4628,473.2,588.4,0,475.74,599.6,468.95,569.74,-0.015338,0.030276,3.3729,0.0064512,6.1035e-05
5,128,2,-1.7131,888.67,1090.5,0,909.37,1116.5,865.22,1061.2,-0.021304,0.012693,3.9321,0.014318,0.00012207
6,129,3,-1.7868,825.59,1005.7,0,842.16,1032.2,806.81,975.66,-0.0060156,0.016179,4.0636,0.012272,0.00018311
7,130,2,-1.6595,759.12,883.94,0,759.65,903.87,758.59,864.01,-0.014076,0.0098464,3.8719,0.0062239,0.00018311
8,131,3,-1.576,784.67,864.91,0,775.89,865.46,795.96,864.21,-0.020547,0.00753,3.9954,0.018565,0.00012207
9,132,3,-1.5476,682.48,750.86,0,681.73,758.3,683.4,741.88,-0.020213,0.010631,3.7157,0.015871,0.00012207
10,133,2,-1.4261,599.62,658.83,0,592.23,661.45,605.75,656.66,-0.016185,0.011454,3.6244,0.017381,0.00012207
11,134,0,-1.1152,342.33,400.22,0,342.48,411.16,342.09,381.98,-0.029433,0.014772,2.7141,0.0098064,6.1035e-05
12,135,3,-1.433,722.37,773.48,0,739.99,802.59,710.3,753.56,-0.0018916,0.0089127,3.5433,0.019533,0.00018311
13,136,0,-1.4242,440.88,495.92,0.28125,447.48,524.66,433.86,465.33,-0.024385,0.21491,2.6539,0.033435,6.1035e-05
14,137,0,-1.6417,457.16,505.33,0.625,452.58,511.45,459.4,502.35,-0.031674,0.3239,2.641,0.023816,6.1035e-05
15,138,0,-1.1267,380.86,421.63,0,379.17,422.83,382.35,420.57,-0.025298,0.060774,2.4015,0.04282,6.1035e-05
16,139,3,-1.3721,743.77,751.77,0,752.77,763.37,731.44,735.88,-0.0087174,0.008214,3.2053,0.034008,0.00012207
17,140,0,-1.3208,449.29,510.56,0.29688,451.65,522.56,446.25,495.13,-0.026923,0.19691,2.5856,0.020822,6.1035e-05
18,141,2,-1.2896,609.04,639.33,0,618.67,655.28,601.05,626.11,-0.016861,0.01651,2.7997,0.031177,0.00012207
19,142,1,-1.1465,496.69,509.36,0,496.66,512.79,496.73,504.33,-0.025379,0.010476,2.3005,0.032172,6.1035e-05
20,143,1,-1.0947,510.8,523.53,0,501.92,525.64,518.17,521.78,-0.029068,0.0045549,2.4371,0.074036,0.00012207
21,144,2,-1.1897,552.26,550.44,0,557.64,562.11,546.88,538.76,0.0012958,0.0043481,2.5177,0.040093,0.00012207
22,145,1,-1.1837,464.8,461.73,0,459.62,457.32,470.33,466.43,-0.036152,0.0060381,2.0157,0.038215,6.1035e-05
23,146,0,-1.0007,435.76,444.79,0.046875,435.06,447.44,436.55,441.79,-0.016305,0.033297,1.7484,0.0069295,3.0518e-05
24,147,2,-1.1296,543.16,523.92,0,536.48,523.69,549.83,524.16,0.010248,0.0050766,1.9736,0.073564,0.00012207
25,148,1,-1.1098,621.08,620.7,0,608.38,610.74,634.6,631.3,-0.0042858,0.0045162,2.1206,0.047177,0.00012207
26,149,3,-1.0663,599.3,555.13,0,604.31,576.05,595.4,538.86,0.0086396,0.0031094,2.2228,0.05759,0.00012207
27,150,1,-1.0918,342.13,322.09,0,346.53,330.53,336.82,311.9,-0.016195,0.0062089,1.9401,0.026172,6.1035e-05
28,151,2,-1.1404,620.36,583.41,0,614.38,598.23,624.45,573.26,0.0010539,0.0033605,2.1885,0.099196,0.00012207
29,152,1,-1.0175,437.64,424.38,0,432.47,431.4,442.49,417.79,-0.021132,0.0029467,1.6894,0.082664,9.1553e-05
30,153,3,-1.1812,592.09,518.06,0,575.54,518.27,604.96,517.89,0.0029947,0.0063052,2.1746,0.045407,0.00012207
31,154,3,-1.157,565.39,518.51,0,568.99,531.39,562.41,507.83,-0.0012084,0.003661,2.1892,0.04548,0.00012207
32,155,1,-0.99136,464.42,463.55,0,467.01,474.86,461.99,452.93,-0.0066141,0.0030916,1.892,0.095789,9.1553e-05
33,156,0,-1.2699,458.13,463.34,0.23438,456.24,471.03,459.7,456.97,-0.010208,0.13315,1.7679,0.087377,6.1035e-05
34,157,3,-1.1444,621.28,576.3,0,622.62,582.66,619.66,568.62,0.0039805,0.010259,2.3019,0.076649,0.00012207
35,158,0,-1.0162,375.66,387.55,0,370.95,395.57,380.37,379.54,-0.023071,0.0083867,1.6978,0.048577,3.0518e-05
36,159,0,-0.99483,382.65,383.52,0,382.37,399.36,383,364.4,-0.017201,0.004794,1.7134,0.029834,6.1035e-05
37,160,2,-1.0826,606.82,576.91,0,603.09,591.2,612.28,556.04,-0.004518,0.0052436,2.2575,0.046506,0.00012207
38,161,1,-1.148,484.63,479.42,0,488.94,497.33,481.47,466.36,-0.024069,0.0047359,1.9932,0.08588,9.1553e-05
39,162,2,-1.0975,552.16,546.13,0,521.74,541.58,586.64,551.28,-0.013785,0.0050545,2.292,0.048656,6.1035e-05
40,163,3,-1.0374,578.85,543.39,0,571.5,556.39,584.22,533.91,-6.0342e-05,0.0021601,2.2626,0.031631,0.00012207
41,164,0,-1.0461,444.89,458.9,0.10938,438.29,472.7,452.38,443.27,-0.012331,0.071637,1.841,0.20573,3.0518e-05
42,165,2,-1.0072,430.26,422.61,0,422.14,428.84,440.71,414.59,-0.010746,0.0061065,2.1688,0.042349,6.1035e-05
43,166,1,-1.0154,358.77,347.71,0,351.41,359.14,366.6,335.54,-0.00097437,0.0061511,1.7037,0.029127,6.1035e-05
44,167,3,-1.1592,508.85,471.74,0,495.38,480.26,522.31,463.22,-0.0057943,0.0039367,2.2296,0.035604,0.00012207
45,168,0,-1.8178,429.17,435.92,1,428.2,459.83,430.13,412.01,-0.0011531,0.41833,1.8794,0.03089,nan
46,169,2,-1.1072,631.51,581.99,0,603.16,581.26,656.52,582.64,0.015227,0.086491,2.3705,0.080696,0.00012207
47,170,2,-1.094,486.37,462.06,0,474.82,474.87,496.57,450.76,-0.0079289,0.016488,2.0751,0.029315,0.00012207
48,171,3,-1.1141,571.22,536.55,0,540.68,541.88,601.76,531.22,0.00043647,0.0037825,2.2147,0.07127,0.00012207
49,172,1,-1.0479,570.87,560.94,0,541.01,573.25,592.66,551.96,0.000961,0.0041337,1.9944,0.037097,6.1035e-05
50,173,3,-1.1464,597.09,538.33,0,587.62,554.54,607.18,521.07,-0.0079924,0.0045922,2.1382,0.03245,0.00018311
51,174,3,-1.0998,623.38,591.01,0,610.06,616.51,639.46,560.24,0.0060257,0.0035414,2.2556,0.035838,0.00012207
52,175,1,-1.0404,417.36,416.46,0,407.06,441.23,427.03,393.2,-0.015841,0.004188,1.7979,0.034113,6.1035e-05
53,176,0,-0.91871,384.41,395.01,0,368.86,408.43,399.01,382.41,-0.0049869,0.0030643,1.5417,0.017811,6.1035e-05
54,177,0,-0.99167,330.86,336.49,0,327.61,342.22,337.05,325.55,-0.012438,0.0047603,1.7123,0.013316,6.1035e-05
55,178,0,-1.5356,445.35,460.25,0.60938,442.54,479.95,450.71,422.65,-0.037105,0.24865,1.8181,0.16519,3.0518e-05
56,179,0,-0.99508,419.05,417.89,0,407.93,435.14,428.27,403.6,-0.026856,0.10158,1.7795,0.080917,6.1035e-05
57,180,3,-1.2013,613.85,581.47,0,576.87,594.53,644.49,570.65,0.0072206,0.009857,2.0914,0.032249,0.00018311
58,181,1,-1.0675,559.65,564.11,0,535.61,573.47,590.56,552.08,-0.00024965,0.0053935,1.8434,0.058204,6.1035e-05
59,182,1,-0.90088,487.36,476.38,0,464.04,492.58,505.5,463.78,-0.021459,0.0067968,1.5386,0.047334,6.1035e-05
60,183,0,-1.0261,443.31,430.09,0.015625,439.89,451.87,446.73,408.31,-0.017749,0.029221,1.3354,0.024393,6.1035e-05
61,184,1,-0.93616,413.44,406.94,0,417.37,445.16,408.38,357.79,-0.0081937,0.019923,1.4275,0.0085366,6.1035e-05
62,185,2,-1.0575,514.14,484.17,0,504.31,503.92,528.51,455.31,0.0021162,0.0057739,1.8687,0.031014,9.1553e-05
63,186,1,-1.1291,545.5,526.02,0,528.66,544.7,567.16,501.99,-0.026202,0.0052658,1.9726,0.13318,6.1035e-05
64,187,1,-1.0795,417.65,396.86,0,367.77,380.42,467.52,413.3,-0.034654,0.006428,1.7095,0.089452,6.1035e-05
65,188,2,-1.1114,588.48,563.3,0,550.19,566.95,637.7,558.61,-0.0032844,0.0053565,2.0643,0.045848,0.00012207
66,189,0,-1.4808,429.67,442.32,0.45312,412,466.66,446.26,419.45,-0.015536,0.22927,1.517,0.091205,6.1035e-05
67,190,2,-1.0588,485.09,475.27,0,443.1,488.28,529.78,461.42,-0.0081481,0.067796,1.9387,0.032538,9.1553e-05
68,191,0,-1.3905,455.42,471.71,0.32812,448.82,506.81,460.23,446.09,-0.034586,0.13585,1.657,0.064787,6.1035e-05
69,192,0,-1.0275,375.03,384.92,0,360.85,414.03,387.54,359.25,-0.02162,0.064115,1.4012,0.034438,6.1035e-05
70,193,2,-1.0927,536.53,509.69,0,529.06,568.46,541.64,469.47,-0.0089246,0.0061638,1.7746,0.042412,6.1035e-05
71,194,3,-1.1399,584.14,564.24,0,571.55,597.78,602.55,515.22,0.022168,0.0039311,2.155,0.064221,0.00012207
72,195,2,-1.0885,564.72,542.58,0,534.47,583.7,588.25,510.6,-0.0022011,0.0037957,1.7653,0.061864,0.00012207
73,196,0,-0.95324,438.64,444.28,0,432.77,470.03,444.9,416.86,-0.021843,0.0025244,1.5224,0.06022,6.1035e-05
74,197,0,-1.2583,458.83,459.36,0.25,453.68,499.25,462.84,428.34,-0.015615,0.17439,1.4923,0.022856,6.1035e-05
75,198,1,-1.1081,519.12,535.69,0,481.78,566.86,554.2,506.4,-0.015824,0.015925,1.9671,0.072216,9.1553e-05
76,199,0,-0.99682,448.73,461.46,0.046875,436.24,487.71,462.02,433.52,-0.011606,0.038698,1.3895,0.019448,3.0518e-05
77,200,0,-1.377,446.99,467.24,0.39062,439.89,528.76,452.17,422.36,-0.023429,0.21359,1.3595,0.030228,6.1035e-05
78,201,3,-1.1177,605.5,567.34,0,601.62,624.33,608.33,525.76,0.0011292,0.02356,2.001,0.0502,0.00018311
79,202,0,-1.0018,417.44,435.84,0,405.8,472.01,429.84,397.33,-0.013272,0.023313,1.5839,0.019603,6.1035e-05
80,203,3,-1.1509,651.43,607.29,0,624.07,663.31,672.72,563.71,-0.011399,0.0040766,1.9556,0.02991,0.00018311
81,204,3,-1.1067,590.85,564.42,0,561.74,603.71,621.83,522.6,0.009799,0.0032488,2.0721,0.048926,0.00018311
82,205,1,-1.1173,550.84,555.24,0,518.42,606.28,581.3,507.29,-0.013699,0.0042541,1.6219,0.068554,0.00012207
83,206,1,-1.0143,469.91,465.45,0,458.68,518.23,478.64,424.4,-0.027239,0.0026065,1.4634,0.060209,6.1035e-05
84,207,2,-1.0601,520.04,518.23,0,495.36,573.31,541.81,469.63,-0.015319,0.0034368,1.6052,0.066252,6.1035e-05
85,208,1,-1.077,575.14,540.75,0,545.39,585.09,596.85,508.4,-0.013916,0.0027149,1.7804,0.056315,0.00012207
86,209,0,-1.004,434.01,440.04,0,417.42,467.04,450.6,413.04,-0.019426,0.0054644,1.255,0.039527,6.1035e-05
87,210,3,-1.1151,636.4,583.26,0,607.43,617.81,673.64,538.83,-0.0029306,0.0038574,1.891,0.047683,0.00018311
88,211,0,-1.8103,462.36,469.99,0.9375,464.53,545.39,460.56,407.52,-0.013397,0.45294,1.3666,0.031117,6.1035e-05
89,212,1,-1.0009,433.8,437.23,0,421.39,470.15,447.88,399.92,0.026657,0.26672,1.3955,0.10959,6.1035e-05
90,213,1,-1.0146,459.25,427.87,0,446.02,465.84,467.73,403.53,-0.011456,0.010109,1.175,0.083686,6.1035e-05
91,214,1,-1.1554,620.02,588.61,0,584.21,626.05,644.53,562.99,-0.0090015,0.0064159,1.4448,0.063763,0.00012207
92,215,1,-1.0664,514.58,513.86,0,504.35,548.02,531.64,456.92,-0.020771,0.0044181,1.6812,0.055102,6.1035e-05
93,216,0,-1.0457,413.24,411.43,0,390.11,436.38,432.41,390.75,-0.027862,0.0038407,1.1281,0.15403,3.0518e-05
94,217,3,-1.0502,612.77,546,0,598.78,605.38,624.36,496.8,-0.0019717,0.0035786,1.6533,0.047823,0.00012207
95,218,2,-0.96862,484.82,460.65,0,470.67,490.23,505.49,417.41,-0.019588,0.0030404,1.5238,0.041316,0.00012207
96,219,2,-1.025,474.83,450.08,0,453.37,482.29,499.17,413.58,-0.027671,0.0026353,1.3659,0.068142,6.1035e-05
97,220,3,-1.1136,632.13,565.11,0,596.04,592.82,668.21,537.4,-0.014887,0.0046163,2.2698,0.26062,0.00012207
98,221,0,-1.1165,435.53,450.7,0.15625,416.88,485.29,455.37,413.88,-0.016031,0.097182,1.6301,0.033737,6.1035e-05
99,222,1,-1.0395,476.37,472.79,0,423.2,482.07,532.97,462.91,-0.020137,0.0099852,1.7082,0.062739,0.00012207
100,223,1,-0.97882,435.1,423.42,0,401.8,446.99,466.39,401.27,-0.022005,0.0048224,1.4749,0.035733,6.1035e-05
101,224,1,-0.95821,553.98,550.75,0,517.59,597.99,580.54,516.28,0.0044778,0.004082,1.6346,0.052297,6.1035e-05
102,225,0,-0.96182,418.55,407.55,0,403.3,439.99,430.41,382.31,-0.017002,0.0031434,1.19,0.10119,3.0518e-05
103,226,3,-1.133,574.07,556.94,0,549.6,589.75,612.26,505.77,0.0016412,0.0060358,1.9848,0.067838,0.00012207
104,227,0,-1.05,399.78,413.14,0,378.92,447.32,415,388.19,-0.021609,0.0065684,1.2539,0.04383,6.1035e-05
105,228,0,-1.0641,430.88,449.92,0.015625,412.83,499.36,445.84,408.95,-0.0037376,0.019714,1.372,0.022977,6.1035e-05
106,229,2,-1.054,529.22,491.69,0,484.97,537.92,559.49,460.06,0.002497,0.0058508,1.2619,0.065328,0.00012207
107,230,0,-1.2472,444.84,470.73,0.1875,433.14,507.79,461.93,416.55,-0.015774,0.11108,1.5585,0.037593,3.0518e-05
108,231,3,-1.1317,580.99,552,0,542.16,598.55,613.16,513.44,0.0041775,0.0073439,1.7486,0.055206,0.00012207
109,232,1,-1.0249,394.07,381.55,0,376.63,413.68,407.65,356.56,-0.011971,0.0096671,1.3218,0.018588,6.1035e-05
110,233,0,-0.92095,427.4,441.3,0.09375,405.76,480.67,446.48,406.57,-0.025485,0.050114,1.0444,0.0875,6.1035e-05
111,234,1,-0.93902,430.4,417.13,0,415.87,437.8,451.63,386.91,-0.0083665,0.0082697,1.2672,0.021207,9.1553e-05
112,235,1,-1.0353,425.85,432.05,0,384.45,446.85,479.08,413.03,-0.0038883,0.0063259,1.3845,0.073548,9.1553e-05
113,236,0,-0.98669,328.61,334.89,0,313.76,364.65,340.92,310.23,-0.021252,0.0033168,1.2467,0.051813,3.0518e-05
114,237,1,-1.0304,384.79,376.39,0,371.84,413.31,395.52,345.81,0.00042702,0.0051596,1.1939,0.020887,6.1035e-05
115,238,2,-1.0773,567.19,543.91,0,540.9,592.46,590.39,501.07,0.031976,0.0051516,1.6422,0.11196,0.00012207
116,239,3,-1.0275,573.37,516.72,0,524.16,564.03,599.15,491.94,0.011426,0.0034756,1.5556,0.055745,0.00018311
117,240,3,-1.0203,626.57,571.69,0,588.45,622.33,662.38,524.13,0.00044065,0.0019028,1.6301,0.070168,0.00012207
118,241,1,-1.0685,403.54,376.98,0,382.97,402.84,428.36,345.77,-0.014666,0.0031404,1.2199,0.012881,6.1035e-05
119,242,2,-0.97835,603.33,554.88,0,547.59,596.32,644,524.65,0.001101,0.0021783,1.1855,0.031632,0.00012207
120,243,2,-1.0262,556.88,517.16,0,512.05,551.51,596.44,486.85,-0.016194,0.001576,1.1436,0.060693,0.00012207
121,244,3,-1.1144,565.94,531.97,0,552.48,580.82,579.4,483.13,-0.0047981,0.0025918,1.5161,0.12797,0.00012207
122,245,0,-1.1792,447.37,455.24,0.14062,431.5,499.01,461.37,416.61,-0.024378,0.076995,1.2312,0.055705,6.1035e-05
123,246,0,-1.2733,461.75,499.04,0.32812,452.24,548.88,473.97,434.96,-0.012341,0.12607,1.2151,0.0081291,3.0518e-05
124,247,0,-0.97051,411.39,412.58,0,392.33,446.9,426.21,385.88,-0.023571,0.084405,1.1471,0.055886,6.1035e-05
125,248,1,-0.95447,393.57,397.16,0,377.5,427.51,412.97,360.54,-0.025123,0.0057087,1.3135,0.039678,6.1035e-05
126,249,1,-0.93866,424.44,434.13,0,417.22,465.73,436.47,381.47,-0.024385,0.0040206,1.6324,0.032708,6.1035e-05
127,250,3,-1.1178,591.43,578.21,0,586.64,637.03,597.59,502.57,-0.0055256,0.0064302,1.7561,0.11642,0.00012207
128,251,1,-1.0533,495.46,501.1,0,467.62,535.18,531.26,457.27,-0.015084,0.0035221,1.4416,0.11372,6.1035e-05
129,252,0,-1.2847,451.73,445.54,0.29688,434.53,492.48,465.1,409.04,-0.044676,0.25285,1.1835,0.16207,6.1035e-05
130,253,0,-1.0082,389.06,374.2,0,373.4,402.42,400.5,353.6,-0.020835,0.033114,1.1212,0.062542,6.1035e-05
131,254,2,-1.0017,516.79,500.5,0,511.11,555.53,523.65,434.09,-0.01055,0.0067178,1.4438,0.030649,0.00012207
132,255,0,-1.0203,400.51,403.96,0,377.28,438.44,421,373.55,-0.023646,0.0051608,1.1943,0.040945,6.1035e-05
133,256,2,-1.032,535.68,529.11,0,517.39,576.35,562.41,460.06,-0.0096408,0.0029061,1.4834,0.050904,0.00012207
134,257,2,-1.1311,516.06,492.4,0,489.15,525.36,546.55,455.06,-0.001751,0.00314,1.2468,0.096762,6.1035e-05
135,258,1,-1.0151,502.28,495.43,0,476.61,558.7,523.55,443,-0.012985,0.0021068,1.188,0.11614,0.00012207
136,259,1,-1.0348,494.27,495.75,0,481.92,542.54,510.16,435.6,-0.016443,0.0031662,1.1976,0.062988,6.1035e-05
137,260,0,-1.0062,343.47,339.1,0,334.19,369.21,352.76,308.98,-0.022192,0.0044883,0.87048,0.08413,3.0518e-05
138,261,3,-1.1112,516.4,484.97,0,488.46,535.1,536.79,448.38,0.0021505,0.00291,1.4256,0.035113,0.00012207
139,262,1,-0.93257,551.46,550.33,0,517.94,619.7,579.24,492.86,-0.0055232,0.0040456,1.3555,0.05379,0.00012207
140,263,3,-1.1496,613.88,538.25,0,584.01,591.18,637.11,497.08,-0.003816,0.0039926,1.2577,0.042598,0.00012207
141,264,2,-1.1394,549.07,533.48,0,529.46,579.93,572.72,477.41,-0.021503,0.0034002,1.4819,0.047667,0.00012207
142,265,1,-0.97475,380.51,384.34,0,365.99,421.94,396.96,341.73,-0.010675,0.0031527,1.1687,0.040472,3.0518e-05
143,266,0,-0.99524,456.31,466.7,0.078125,445.68,502.62,471.85,414.21,-0.0087042,0.060225,1.027,0.057634,6.1035e-05
144,267,1,-1.085,574.9,556.17,0,524.71,626.51,605.01,513.97,-0.013607,0.0019413,1.0952,0.16138,0.00012207
145,268,0,-1.0862,444.09,446.7,0.015625,412.59,483.19,471.88,414.5,-0.027087,0.010087,0.98326,0.22794,3.0518e-05
146,269,3,-1.1563,621.31,585.8,0,576.09,633.45,672.57,531.8,-0.014499,0.0023557,1.5802,0.07507,0.00018311
147,270,0,-1.0668,424.89,451.35,0.078125,403.08,496.82,449.6,399.83,-0.015532,0.04784,0.93482,0.085877,6.1035e-05
148,271,0,-0.9878,369.56,385.52,0,352.98,415.46,392.28,344.5,-0.00026369,0.012294,0.8248,0.028461,6.1035e-05
149,272,2,-1.0435,608.77,581.94,0,577.59,660.97,630.11,527.87,-0.012159,0.0046761,1.276,0.093154,6.1035e-05
150,273,3,-0.99929,552.39,547.33,0,531.63,599.77,579.09,479.91,-0.013268,0.0021877,1.522,0.094944,0.00012207
151,274,0,-1.0193,451.33,466.64,0,427.73,516.52,469.68,427.84,-0.040555,0.0036219,0.88796,0.098,6.1035e-05
152,275,0,-0.98352,358.16,374.22,0,340.24,402.5,382.72,335.46,-0.025487,0.0028403,0.96646,0.026679,3.0518e-05
153,276,2,-1.0883,551.75,510.91,0,510.47,558.45,581.87,476.22,-0.009636,0.0028582,1.4126,0.056317,0.00012207
154,277,2,-1.1539,526.38,507.08,0,490.44,562.67,556.17,461.02,-0.011633,0.0035004,1.3882,0.032753,0.00012207
155,278,3,-1.0185,595.92,553.59,0,558.5,604.05,631.08,506.19,0.0047409,0.0016352,1.3669,0.040993,0.00012207
156,279,0,-1.0277,386.41,388.66,0,365.61,427.76,405.94,351.93,-0.025234,0.0017686,0.89667,0.020029,6.1035e-05
157,280,2,-1.0641,543.37,541.86,0,505.88,581.5,591.56,490.9,-0.013735,0.0038059,1.2637,0.050881,0.00012207
158,281,0,-0.90742,434.21,441.03,0.015625,416.04,488.4,450.25,399.22,-0.022295,0.015252,0.72077,0.029376,3.0518e-05
159,282,0,-0.97607,428.3,447.41,0.015625,415.2,489.51,446.26,389.71,0.0049565,0.011312,0.88906,0.21095,6.1035e-05
160,283,3,-1.0244,639.85,567.22,0,591,605.88,685.74,530.9,-0.0082599,0.0023355,1.461,0.22451,0.00018311
161,284,3,-1.1877,569.72,532.71,0,545.47,585.86,595.54,476.13,-0.017563,0.0029521,1.2972,0.045479,0.00012207
162,285,3,-1.1036,589.95,558.82,0,549.65,624.91,621.29,507.42,-0.010335,0.0017886,1.3379,0.06527,0.00012207
163,286,2,-1.0631,558.67,546.21,0,531.43,600.04,581.25,501.61,-0.0067901,0.0027461,1.1647,0.039959,0.00012207
164,287,0,-0.97238,422.87,430.39,0,403.44,465.39,444.9,390.72,-0.015786,0.0018965,0.77359,0.035446,6.1035e-05
165,288,2,-0.93364,539.89,546.53,0,513.03,607.27,566.76,485.79,-0.015773,0.0036912,1.123,0.031637,0.00012207
166,289,0,-0.92854,420.26,438.48,0,409.86,479.56,432.8,388.9,-0.025751,0.001213,0.88131,0.062497,6.1035e-05
167,290,3,-0.91429,502.95,482.17,0,477.58,520.89,529.96,440.96,-0.004682,0.00095911,1.031,0.054532,9.1553e-05
168,291,2,-0.92712,565.27,542.44,0,508.09,576.39,612.65,514.32,-0.0064189,0.0023455,1.0715,0.041243,0.00012207
169,292,0,-0.94974,360.83,382.69,0,346.32,410.54,380.7,344.53,-0.0063957,0.0040361,0.87852,0.034579,6.1035e-05
170,293,2,-1.0317,486.42,464.15,0,445.06,486.3,533.28,439.06,0.0019743,0.0020626,0.96551,0.047483,6.1035e-05
171,294,2,-1.0015,543.78,514.99,0,500.4,560.77,577.52,479.39,0.0023993,0.0019381,1.1607,0.047153,0.00012207
172,295,1,-1.0238,451.62,449.04,0,428.75,490.65,474.5,407.44,-0.015528,0.0030544,0.98672,0.061367,6.1035e-05
173,296,1,-0.9816,466.4,460.61,0,430.47,485.03,502.33,436.19,-0.0014004,0.002473,0.99307,0.055777,9.1553e-05
174,297,3,-1.1012,638.75,592.66,0,602.84,679.02,661.77,537.3,0.0012363,0.0024664,1.0772,0.06934,0.00012207
175,298,2,-1.0385,601.86,599.52,0,570.37,657.08,642.34,525.51,-0.00054451,0.0021658,1.2382,0.049215,0.00012207
176,299,3,-1.0939,542.02,510.83,0,520.99,563.54,564.41,454.71,-0.0091925,0.0022064,1.5117,0.043301,0.00012207
177,300,1,-0.92964,512.45,514.01,0,483.92,572.54,539.26,459.02,-0.025035,0.0022507,0.88453,0.096923,9.1553e-05
178,301,0,-1.0238,394.12,398.23,0,387.73,428.76,402.88,356.39,-0.041413,0.0052291,0.84634,0.12098,6.1035e-05
179,302,3,-1.1009,567.32,540.66,0,547.87,583.84,597.66,473.29,-0.010587,0.003194,1.6062,0.04959,0.00012207
180,303,0,-1.0178,389.96,384.85,0,357.94,410.32,414.87,365.04,-0.050252,0.0043397,0.70009,0.36027,3.0518e-05
181,304,1,-1.1035,515.25,532.61,0,487.06,570.27,551.48,484.19,0.0069778,0.0044492,1.2069,0.15613,0.00012207
182,305,0,-0.95037,398.27,408.69,0,375.13,445.69,417.44,378.02,-0.027373,0.0033921,0.6892,0.048254,6.1035e-05
183,306,0,-1.0548,436.61,458.24,0,411.85,476.18,466.5,436.59,-0.04036,0.008231,0.81638,0.40114,6.1035e-05
184,307,1,-1.08,569.23,546.43,0,547.49,605.21,589.65,491.22,0.0021143,0.0069076,1.3252,0.10664,0.00012207
185,308,3,-1.1041,550.57,488.58,0,514.71,538.21,578.47,449.98,-0.0074429,0.0016993,1.4748,0.066832,0.00012207
186,309,3,-1.1274,632.23,584.06,0,583.44,624.06,675.28,548.77,0.0015852,0.0016461,1.4275,0.04779,0.00012207
187,310,1,-1.1588,564.89,558.35,0,510.08,593.2,613.25,527.6,-0.029079,0.0047097,1.1808,0.064675,0.00012207
188,311,0,-1.0314,458.16,463.64,0.0625,441.99,500.14,474.32,427.14,-0.011049,0.028418,0.72366,0.014017,6.1035e-05
189,312,3,-0.97563,541.82,499.99,0,513.66,532.42,573.73,463.24,-0.013206,0.0051605,1.4719,0.031659,0.00012207
190,313,0,-1.2166,446.68,461.02,0.20312,434.02,510.2,457.85,417.63,-0.026018,0.11535,0.71106,0.11512,6.1035e-05
191,314,3,-1.0601,572.07,534.45,0,538.75,577.74,603.37,493.78,-0.002091,0.0065063,1.3637,0.073526,0.00012207
192,315,1,-0.92738,581.17,565.84,0,521.58,605.85,627.51,534.72,-0.022639,0.0068293,0.92898,0.070813,0.00012207
193,316,2,-1.108,564.81,533.14,0,531.8,575.87,590.49,499.91,-0.015247,0.0029879,1.1597,0.080141,6.1035e-05
194,317,3,-1.0025,563.37,545.45,0,528.7,577.2,607.93,504.63,-0.0051544,0.0012557,1.5055,0.043072,0.00012207
195,318,3,-1.0296,589.99,572.7,0,551.43,613.77,631.04,528.98,-0.012851,0.0014809,1.4205,0.036269,0.00012207
196,319,2,-0.98777,548.13,538.29,0,521.88,583.74,576.08,489.9,-0.0079117,0.0027065,1.1412,0.048524,0.00012207
197,320,1,-1.0325,418.42,416.57,0,402.49,448.86,436.48,379.97,-0.032779,0.0045255,0.73655,0.093278,6.1035e-05
198,321,1,-0.93932,393.2,371.51,0,372.86,404.29,408.04,347.59,-0.013819,0.0035883,0.6673,0.023204,3.0518e-05
199,322,1,-1.0066,408.64,380.51,0,388.33,411.48,423.46,357.91,-0.01923,0.0046257,0.72133,0.042331,6.1035e-05
200,323,1,-0.93431,557.44,556.38,0,531.06,585.87,604.45,503.82,-0.023274,0.0033997,0.94996,0.11259,0.00012207
201,324,3,-1.1158,502.29,460.73,0,481.14,501.8,520.96,424.5,-0.012868,0.0025001,1.3955,0.048595,0.00012207
202,325,2,-0.90037,479.26,456.66,0,457.24,502.19,499.95,413.89,0.0062433,0.0061764,0.869,0.037627,9.1553e-05
203,326,0,-0.95576,418.07,421.39,0,402.4,446.38,439.54,387.14,0.015084,0.0021999,0.83582,0.047249,3.0518e-05
204,327,2,-1.0039,594.51,533.63,0,570.2,586.9,613.42,492.2,-0.012644,0.0015719,0.98707,0.034871,0.00018311
205,328,2,-0.96623,520.74,502.32,0,494.87,543.05,550.05,456.15,-0.024262,0.0018469,1.0321,0.088485,6.1035e-05
206,329,0,-0.98793,402.23,405.24,0,381.24,445.1,419.63,372.2,-0.052682,0.0041873,0.77904,0.1459,3.0518e-05
207,330,0,-1.0233,395.35,409.3,0.015625,368.68,451.68,418.9,371.91,-0.015018,0.011564,0.73357,0.02398,3.0518e-05
208,331,0,-0.96386,352.88,365.7,0,336.28,392.92,375.64,328.41,-0.022342,0.0053198,0.90022,0.10394,3.0518e-05
209,332,1,-0.93987,422.82,426.55,0,398.69,455.32,455.87,387.12,-0.012676,0.003861,0.8843,0.044371,6.1035e-05
210,333,1,-1.0504,447.47,434.49,0,415.33,480.17,475.83,394.19,-0.025543,0.0024786,0.91493,0.05793,6.1035e-05
211,334,2,-1.0616,542.14,535.66,0,508.39,593.04,573.86,481.75,-0.011085,0.0022084,1.212,0.034483,0.00012207
212,335,0,-1.0769,411.56,416.74,0,383.54,464.52,430.72,384.05,-0.020583,0.0059154,0.97932,0.084481,6.1035e-05
213,336,1,-0.91461,449.35,438.22,0,419.83,476.61,475.39,404.35,-0.011057,0.008236,0.90874,0.036156,9.1553e-05
214,337,0,-1.1107,439.53,462.59,0.0625,421.68,502.58,461.09,414.32,-0.038341,0.048017,0.92163,0.48815,6.1035e-05
215,338,3,-1.1044,540.46,502.27,0,509.2,542.38,578.18,453.87,-0.0073156,0.0032905,1.0835,0.045256,0.00012207
216,339,1,-1.042,363.93,348.5,0,343.6,374.05,385.58,321.29,-0.0025173,0.0083207,0.869,0.020292,6.1035e-05
217,340,1,-0.96384,482.6,476.25,0,453.08,527.56,510.33,428.06,-0.01827,0.0021568,0.6719,0.048322,6.1035e-05
218,341,0,-0.98794,362.15,360.12,0,342.81,389.26,379.22,334.4,-0.017036,0.0038559,0.61296,0.060173,6.1035e-05
219,342,0,-0.97525,388.69,397.29,0,370.34,424.44,410.83,364.51,-0.023261,0.00092506,0.67694,0.081289,6.1035e-05
220,343,0,-0.99632,329.94,319.74,0,312.73,345.25,343.33,299.9,-0.03829,0.0010912,0.54784,0.052291,3.0518e-05
221,344,3,-1.2168,592.06,536.32,0,565.6,592.95,613.99,489.39,0.0012833,0.0042349,1.1647,0.088115,0.00012207
222,345,2,-1.0617,541.02,556.39,0,518.05,596.04,579.29,490.3,-0.0048132,0.0037394,1.1181,0.063311,6.1035e-05
223,346,2,-1.0675,497.82,487.2,0,489.63,547.29,505.51,430.75,-0.022619,0.0013609,0.96966,0.17599,9.1553e-05
224,347,0,-0.95445,428.72,425.2,0,405.56,455.33,450.47,396.89,-0.038592,0.0015534,0.67327,0.10916,6.1035e-05
225,348,1,-1.0352,509.14,506.86,0,479.81,549.53,538.48,464.18,-0.014474,0.0032338,0.89862,0.05733,0.00012207
226,349,0,-0.94385,420.02,412.28,0,400.7,444.51,435.04,387.21,-0.029816,0.0011948,0.58754,0.029655,6.1035e-05
227,350,2,-1.0472,467.54,443.17,0,435.62,481.01,495.71,409.78,-0.017103,0.0025704,0.82573,0.062181,0.00012207
228,351,0,-1.0283,398.69,400.13,0.0625,390.1,429.85,409.05,364.26,-0.024242,0.033399,0.80211,0.13153,3.0518e-05
229,352,0,-1.0511,446.6,458.7,0.046875,426.34,501.51,464.48,420.92,-0.015576,0.030584,0.76773,0.02954,6.1035e-05
230,353,0,-1.8227,466.17,482.17,0.92188,463.98,547.6,468.35,416.73,-0.019591,0.4316,0.7321,0.0055222,3.0518e-05
231,354,3,-1.0474,496.34,482.16,0,476.12,508.8,525.88,443.24,0.0013657,0.062959,1.259,0.038188,0.00012207
232,355,3,-1.0385,535.8,510.64,0,502.51,558.76,569.1,462.53,-0.0029603,0.010466,1.1068,0.038784,0.00012207
233,356,2,-1.0158,461.68,455.38,0,434.45,495.14,487.26,418.03,-0.006086,0.0082869,1.1172,0.033006,9.1553e-05
234,357,0,-1.0234,379.84,398.53,0,358.72,423.82,410.71,361.57,-0.025836,0.0021664,0.7423,0.03878,3.0518e-05
235,358,3,-1.0025,532.47,520.52,0,503.36,560.34,561.58,480.71,-0.0079285,0.002112,1.3314,0.050228,0.00012207
236,359,2,-0.94387,479.87,437.73,0,449.03,490.98,499.64,403.59,-0.013979,0.0047737,1.0967,0.022221,6.1035e-05
237,360,2,-1.0834,589.41,554.68,0,559.91,592.69,622.84,511.6,-0.022308,0.002093,1.1302,0.039598,0.00012207
238,361,1,-0.88987,508.92,502.9,0,476.37,545.71,537.65,465.13,-0.018143,0.0026507,1.007,0.030661,6.1035e-05
239,362,1,-0.98627,325.07,303.32,0,307.96,323.94,343.28,281.38,-0.031811,0.0025721,0.67701,0.01907,3.0518e-05
240,363,2,-0.96582,523.51,509.2,0,498.03,555.54,548.99,462.87,-0.019119,0.0014291,1.0815,0.058184,0.00012207
241,364,2,-0.97251,587.12,575.72,0,566.18,619.14,615.81,516.22,-0.015419,0.0012663,1.1702,0.033157,6.1035e-05
242,365,3,-1.0054,532.65,520.59,0,503.13,556.1,568.29,477.73,-0.018324,0.0012258,1.4375,0.043339,0.00012207
243,366,1,-0.97665,398.46,370.89,0,375.72,396.08,416.14,351.3,-0.024649,0.0036528,0.78011,0.057738,6.1035e-05
244,367,1,-1.0565,419.6,399.34,0,395.48,429.1,442.25,371.39,-0.033284,0.0021331,0.89072,0.04402,6.1035e-05
245,368,2,-0.97889,566.86,543.48,0,544.97,579.26,596.84,494.46,-0.015217,0.002225,1.238,0.039357,0.00012207
246,369,0,-0.88082,403.68,400.93,0,379.93,433.18,423.37,374.21,-0.019216,0.0017273,0.62387,0.10568,6.1035e-05
247,370,3,-1.1544,568.04,522.07,0,537.83,558.72,600.21,483.06,-0.0017305,0.0052822,1.5135,0.032227,0.00012207
248,371,0,-1.1984,446.88,461.22,0.29688,449.45,524.63,444.74,408.68,-0.018416,0.10031,0.80173,0.0099392,6.1035e-05
249,372,0,-0.88254,389.52,391.31,0,374.79,421.02,406.21,357.63,-0.0049774,0.061013,0.67312,0.010642,3.0518e-05
250,373,0,-0.96563,400.27,421.09,0,391.2,439.35,425.36,370.61,-0.0092161,0.016929,0.81749,-0.0052767,3.0518e-05
251,374,0,-0.98181,394.05,388.32,0,382.02,410.37,410.53,358.11,-0.011795,0.0046865,0.8848,0.0017803,6.1035e-05
252,375,1,-0.91074,358.95,342.4,0,344.43,369.62,371.75,318.38,-0.018803,0.0047471,0.77641,0.032905,3.0518e-05
253,376,2,-0.96089,564.73,562.3,0,531.39,611.4,596.06,516.18,0.0037716,0.0047879,1.4972,0.059653,0.00012207
254,377,3,-1.0475,585.28,547.2,0,544.91,598.88,618.73,504.37,-0.0067984,0.003821,1.5693,0.030795,0.00012207
255,378,0,-0.97436,425.57,437.98,0,405.77,475.99,446.65,397.51,-0.021621,0.0011632,0.80128,0.016804,6.1035e-05
256,379,3,-1.1403,544.56,547.64,0,525.06,620.9,562.89,478.83,-0.013317,0.0042137,1.4644,0.054185,0.00012207
257,380,2,-0.96059,461.98,457.89,0,443.69,512.87,479.16,406.23,-0.014366,0.0042475,1.1916,0.046038,6.1035e-05
258,381,0,-0.99917,430.52,442.92,0.03125,411.48,488.27,449.56,397.56,-0.027903,0.023074,1.0468,0.10867,3.0518e-05
259,382,0,-0.88571,374.86,386.76,0,363.34,406.98,395.4,350.72,-0.02649,0.0064615,0.98384,0.10844,3.0518e-05
260,383,1,-1.0669,434.67,419.69,0,416.17,456.71,452.04,384.92,-0.014701,0.010718,0.99933,0.11254,3.0518e-05
261,384,0,-1.0136,423.16,450.94,0,409.71,486.9,441.59,401.67,-0.017099,0.0078917,1.287,0.040554,6.1035e-05
262,385,3,-1.0147,532.85,512.12,0,514.22,562.85,551.48,461.39,-0.010662,0.0023596,1.5601,0.050683,0.00012207
263,386,2,-1.0394,577.64,580.49,0,549.09,638.35,606.19,522.63,-0.0054835,0.0030904,1.4511,0.043865,0.00012207
264,387,1,-1.0552,494.31,481.88,0,475.3,529.07,512.18,437.54,-0.031632,0.0015452,1.0561,0.082721,9.1553e-05
265,388,0,-0.98645,395.74,404.94,0,380.04,452.22,407.2,370.44,-0.029986,0.0024774,1.0444,0.039315,6.1035e-05
266,389,2,-0.99062,570.99,598.31,0,544.33,643.32,609.96,532.52,-0.015646,0.002345,1.4813,0.070733,0.00012207
267,390,3,-1.1096,532.69,492.78,0,501.31,531.92,560.39,458.25,-0.018705,0.0031948,1.5497,0.055242,0.00012207
268,391,1,-1.0054,447.38,437.98,0,429.64,471.33,467.48,400.18,-0.015006,0.0033748,1.1857,0.02833,6.1035e-05
269,392,1,-1.0195,523.87,518.13,0,499.67,582.7,540.43,473.95,-0.022409,0.0017108,1.2236,0.063938,6.1035e-05
270,393,0,-0.99216,445.4,438.64,0,430.89,472.31,460.84,402.79,-0.018583,0.0034269,1.0685,0.04114,6.1035e-05
271,394,2,-1.0809,447.98,432.61,0,429.72,488.29,462.18,389.3,-0.015598,0.0033542,1.2852,0.043751,9.1553e-05
272,395,1,-1.0247,363.92,351.8,0,348.06,374.36,383.06,324.57,-0.053693,0.0023067,0.95996,0.10457,6.1035e-05
273,396,3,-1.0777,601.95,609.12,0,573.62,667.42,625.42,560.81,-0.01285,0.0023613,1.8683,0.025521,0.00018311
274,397,1,-0.93361,425.67,417.63,0,402.57,451.18,443.64,391.54,-0.014754,0.0039114,1.1813,0.059653,6.1035e-05
275,398,3,-0.94105,470.2,491.25,0,446.59,535.65,493.81,446.84,-0.016262,0.0016257,1.5376,0.06133,9.1553e-05
276,399,2,-0.9347,438.71,440.08,0,410.7,478.89,461.92,407.92,-0.034137,0.0029213,1.0988,0.10309,6.1035e-05
277,400,3,-1.1079,527.01,536.32,0,501.6,578.81,554.06,491.09,-0.0025881,0.0039718,1.7017,0.15098,0.00012207
278,401,2,-1.1169,529.67,493.26,0,485.01,549.67,553.06,463.71,-0.0066387,0.0036186,1.2803,0.030188,6.1035e-05
279,402,0,-1.7211,452.12,486.78,0.76562,434.92,543.21,472.87,418.68,-0.043077,0.54589,1.1504,0.14517,6.1035e-05
280,403,0,-1.025,414.61,454.34,0,402.14,485.75,436.84,398.35,-0.0040463,0.19127,1.135,0.029292,6.1035e-05
281,404,0,-0.90415,381.53,403.78,0,361.93,455.03,397.77,361.31,-0.0098909,0.030289,1.109,0.028451,3.0518e-05
282,405,0,-1.008,388.98,390.49,0,379.05,411.72,402.6,361.39,-0.023361,0.015302,1.0986,0.097256,6.1035e-05
283,406,2,-0.99765,547.73,537.93,0,523.16,608.79,568.09,479.22,-0.0058373,0.009904,1.3816,0.047359,0.00012207
284,407,0,-0.97651,435.05,476.78,0.046875,423.87,520.46,452.5,408.63,-0.015493,0.033001,1.11,0.02141,6.1035e-05
285,408,3,-1.207,638.51,609.76,0,612.71,673.19,665.98,542.24,-0.0028638,0.0066772,1.652,0.029585,0.00012207
286,409,2,-0.90874,447.7,450.08,0,427.81,502.1,465.24,404.18,-0.013287,0.0091644,1.2318,0.031911,6.1035e-05
287,410,3,-1.0945,572.06,570.29,0,551.34,618.24,606.6,490.38,-0.0011763,0.0029173,1.6424,0.026926,0.00012207
288,411,2,-1.0462,487.94,474.53,0,470.72,511.15,507.47,433.02,-0.020588,0.0034991,1.2194,0.057729,6.1035e-05
289,412,3,-1.0397,547.07,553.56,0,523.7,581.1,594.9,497.16,-0.011352,0.0016431,1.4904,0.039546,0.00012207
290,413,1,-0.94575,429.88,418.45,0,405.87,451.08,455.44,383.71,-0.0065856,0.0052424,0.99207,0.05265,6.1035e-05
291,414,2,-0.94928,590.02,563.49,0,553.99,614.11,618.04,524.12,-0.012113,0.0013473,1.0394,0.063441,0.00012207
292,415,3,-1.0693,529.14,540.44,0,493.3,594.14,562.81,490,-0.0073138,0.0031227,1.3484,0.02803,0.00012207
293,416,1,-1,387.31,365.47,0,369.71,396.76,403.83,336.08,-0.0064871,0.00082096,0.85923,0.0098687,3.0518e-05
294,417,0,-1.0168,447.3,436.27,0,427.83,486.72,460.63,401.75,-0.037937,0.0028244,0.96172,0.25523,6.1035e-05
295,418,0,-0.99551,379.06,388.6,0,365.11,434.94,392.16,345.07,-0.020561,0.0019554,0.7307,0.047875,3.0518e-05
296,419,2,-1.0177,547.03,529.61,0,521.62,595.43,569.45,471.54,-0.016852,0.0017532,1.2056,0.050784,0.00012207
297,420,2,-0.95267,466.94,444.23,0,431.95,503.09,486.57,411.2,-0.018261,0.0017743,0.95881,0.039974,0.00012207
298,421,0,-1.5693,463.36,477.47,0.70312,456.55,550.63,468.66,420.56,-0.014261,0.34723,0.89441,0.031413,6.1035e-05
299,422,2,-0.94237,516.02,499.37,0,484.46,550.58,543.86,454.18,-0.011034,0.056749,1.0857,0.075079,9.1553e-05
300,423,2,-0.95646,505.88,474.92,0,491.09,522.64,521.62,424.11,-0.0098998,0.0080171,1.2589,0.077678,9.1553e-05
301,424,3,-1.0809,512.3,473.92,0,477.51,521.49,534.6,443.43,-0.012832,0.0029611,1.1506,0.043942,0.00012207
302,425,1,-1.0148,369.65,342.83,0,362.23,358.99,379.2,322.05,-0.021396,0.0026379,0.96243,0.038431,3.0518e-05
303,426,2,-1.0392,451.26,445.51,0,427.48,487.64,470.95,410.61,-0.014236,0.0021454,1.3512,0.034984,9.1553e-05
304,427,3,-1.0404,495.02,471.22,0,448.81,507.12,530.97,443.3,-0.0096468,0.0027434,1.4366,0.015234,0.00012207
305,428,3,-1.0685,552.52,532.61,0,510.1,581.1,577.96,503.52,0.0014007,0.0017462,1.4985,0.055932,0.00012207
306,429,1,-1.0176,554.99,547.84,0,518.81,600.62,583.13,506.8,-0.022118,0.0031256,1.2591,0.064836,0.00012207
307,430,0,-0.97831,419.17,415.89,0,403.22,451.42,434.15,382.5,-0.031569,0.0032738,0.88217,0.058254,6.1035e-05
308,431,0,-0.98933,440.1,457.93,0.015625,424.03,490.86,460.75,415.6,-0.014431,0.010493,0.80443,0.028252,3.0518e-05
309,432,1,-0.94153,526.61,509.96,0,492.05,559.45,551.84,473.84,-0.015554,0.0022494,1.07,0.068883,9.1553e-05
310,433,0,-0.97809,354.3,352.08,0,334.55,375.23,374.04,328.94,-0.026653,0.0018727,1.1163,0.064074,3.0518e-05
311,434,3,-1.0123,553.81,546.81,0,524.64,587.71,584.87,503.27,-0.019765,0.0017997,1.6208,0.04671,0.00018311
312,435,1,-1.1033,485.16,483.85,0,465.94,516.88,509.86,441.38,-0.021805,0.0022749,1.3044,0.028224,0.00012207
313,436,2,-1.0497,545.43,517.69,0,520.31,555.74,572.17,477.18,-0.026902,0.0019234,1.49,0.07659,0.00012207
314,437,0,-0.94521,393.84,400.03,0,381.39,425.36,410.91,365.33,0.001834,0.0044988,0.97096,0.080728,6.1035e-05
315,438,2,-0.95563,575.23,580.05,0,542.63,616.88,617.13,532.69,-0.024937,0.0014514,1.5034,0.059242,0.00012207
316,439,0,-0.97026,453.55,457.42,0.015625,437.2,499.41,470.95,412.72,-0.008206,0.010764,1.0761,0.1305,6.1035e-05
317,440,2,-1.1087,504.65,501.12,0,476.69,542.18,536.34,454.6,-0.022085,0.0025593,1.4072,0.031613,0.00012207
318,441,1,-0.91569,485.07,487.95,0,465.72,532.13,502.15,448.97,-0.020279,0.0044547,1.3346,0.058294,6.1035e-05
319,442,2,-1.0833,604.12,613.33,0,565.82,669.15,642.43,557.51,-0.019082,0.0032435,1.501,0.058845,0.00012207
320,443,2,-1.0214,457.08,460.82,0,434.67,499.27,480.94,419.9,-0.021144,0.001399,1.3353,0.058328,6.1035e-05
321,444,1,-1.0334,474.91,483.18,0,447.46,526.99,499.14,444.53,-0.034329,0.0023457,1.1743,0.09111,6.1035e-05
322,445,3,-1.0014,465.3,472.52,0,441.54,515.22,492.22,424.13,-0.0084183,0.0017087,1.4609,0.061889,9.1553e-05
323,446,2,-1.0398,488.29,483.63,0,456.32,529.02,522.32,435.32,-0.0092035,0.0017673,1.3056,0.05622,6.1035e-05
324,447,0,-0.99931,417.13,429.88,0,405.09,472.06,429.94,384.98,-0.019151,0.0023042,0.97211,0.051351,6.1035e-05
325,448,1,-1.0555,504.35,494.78,0,490.51,562.37,515.83,438.78,-0.021708,0.0028586,1.0846,0.058547,9.1553e-05
326,449,1,-0.99359,445.15,461.81,0,422.22,501.01,474.63,411.42,-0.027793,0.0017662,1.0617,0.075332,9.1553e-05
327,450,2,-0.88935,481.78,476.17,0,454.99,520.87,518.48,414.92,-0.018758,0.0024803,1.1719,0.049159,0.00012207
328,451,3,-1.0402,517.69,512.19,0,487.1,553.47,557.02,459.11,-0.013423,0.0025547,1.3215,0.052373,6.1035e-05
329,452,0,-0.98792,407.72,424.11,0,393.11,475.37,421.45,375.97,-0.019074,0.0019154,0.92976,0.020602,3.0518e-05
330,453,0,-0.97342,379.03,371.25,0,359.74,406.29,395.01,342.22,-0.014467,0.0045531,0.74284,0.031542,6.1035e-05
331,454,0,-1.0204,453.2,501.37,0.0625,432.41,562.92,472.74,443.55,-0.024196,0.048601,0.92635,0.081488,6.1035e-05
332,455,1,-1.0251,409.37,385.66,0,399.59,412.1,423.66,347.03,-0.0009297,0.0040785,0.99201,0.017028,6.1035e-05
333,456,1,-1.0713,448.93,458.87,0,435.57,506.23,466.09,397.98,-0.020101,0.002851,1.1127,0.058126,6.1035e-05
334,457,3,-1.0128,556.27,536.08,0,533.21,591.66,585.91,464.62,-0.0041143,0.002119,1.2831,0.035855,0.00012207
335,458,2,-0.95529,515.73,530.01,0,485.31,585.69,554.83,458.42,-0.020585,0.0024733,1.1499,0.040636,0.00012207
336,459,0,-0.94742,432.08,467.72,0.0625,410.83,522.77,456.16,405.32,-0.020685,0.03605,0.82572,0.054878,3.0518e-05
337,460,0,-1.0076,427.69,447.41,0.015625,408.01,478.3,456.45,402.26,-0.009588,0.010566,0.88556,0.031199,6.1035e-05
338,461,1,-1.0316,415.47,400.49,0,387.63,429.61,445.1,369.49,-0.02375,0.003541,1.1013,0.050497,9.1553e-05
339,462,3,-1.0892,549,536.39,0,516.86,592.52,581.14,480.25,-0.00020027,0.0029462,1.2859,0.079172,0.00012207
340,463,2,-0.95993,609.05,617.12,0,577.7,702.06,642.42,526.69,-0.0095345,0.0027503,1.1664,0.045675,0.00012207
341,464,3,-1.0889,502.2,479.24,0,466.87,530.88,535.39,430.73,-0.010872,0.0019324,1.2979,0.02571,9.1553e-05
342,465,0,-0.99891,303.69,304.8,0,291.83,333.87,314.83,277.5,-0.01641,0.0047348,0.91899,0.021375,3.0518e-05
343,466,0,-0.91043,397.27,405.04,0,383.64,443.16,414.8,356.03,-0.0163,0.0036302,0.92827,0.016608,3.0518e-05
344,467,0,-0.84256,423.8,460.51,0,411.93,515.68,438.13,393.93,-0.02111,0.0017108,0.81259,0.042632,6.1035e-05
345,468,3,-1.1155,530.17,538.4,0,498.19,593.91,564.21,479.31,0.0015912,0.0054773,1.2422,0.033921,0.00012207
346,469,0,-1.0219,382.43,396.24,0,374.54,439.12,391.36,347.64,-0.020701,0.0026962,0.86737,0.017918,3.0518e-05
347,470,2,-0.98496,486.86,474.03,0,461.7,527.61,509.06,426.75,-0.032457,0.0017583,1.0499,0.39144,6.1035e-05
348,471,2,-0.975,437.47,413.14,0,420.81,446.84,456.36,374.94,-0.01645,0.00060289,0.76734,0.016902,6.1035e-05
349,472,2,-0.95955,537.34,546.64,0,518.01,585.39,571.79,477.58,-0.016509,0.0012278,1.0208,0.053146,0.00012207
350,473,1,-1.0242,361.31,344.53,0,346.16,382.88,373.09,314.71,-0.025022,0.0017189,0.68547,0.041089,3.0518e-05
351,474,1,-1.0077,364.42,367.01,0,351.15,405.8,378.54,325.72,-0.023645,0.0014674,0.72622,0.046073,6.1035e-05
352,475,2,-0.95716,522.3,469.78,0,484.31,513.5,546.64,441.75,-0.016125,0.0014148,0.72757,0.057623,0.00012207
353,476,2,-1.0814,549.92,525.49,0,515.2,562.81,591.81,480.45,-0.0090401,0.0025342,1.0237,0.089579,0.00012207
354,477,0,-1.6871,459.82,474.12,0.70312,451.99,545.74,467.65,402.51,-0.026582,0.2732,0.71307,0.067351,6.1035e-05
355,478,0,-1.0116,342.02,352.66,0,331.25,382.12,355.87,314.78,-0.015499,0.21709,0.50172,0.061702,6.1035e-05
356,479,1,-0.98154,520.45,543.6,0,501.48,596.92,548.18,465.66,-0.015959,0.0096543,0.87791,0.060276,6.1035e-05
357,480,3,-1.06,619.64,590.74,0,584.57,666.8,652.58,519.29,-0.0050271,0.003577,1.0934,0.028139,0.00012207
358,481,1,-0.97126,497.19,484.64,0,449.86,543.11,529.57,444.63,-0.0038349,0.0060241,0.8315,0.018426,0.00012207
359,482,2,-0.95902,522.14,500.25,0,506.7,576.47,532.7,448.1,0.0026163,0.0020608,0.7732,0.043978,6.1035e-05
360,483,1,-1.01,419.12,416.31,0,409.37,468.65,428.86,363.96,-0.026031,0.0020666,0.76773,0.049487,9.1553e-05
361,484,1,-0.94744,354.31,333.06,0,341.59,376.08,363.59,301.67,-0.039993,0.0016908,0.50387,0.085942,3.0518e-05
362,485,2,-1.0586,562.42,556.19,0,532.67,606.7,600.68,491.26,-0.0026305,0.003327,1.009,0.029797,0.00012207
363,486,0,-0.98158,413.88,416.21,0,389.68,466.4,427.46,388.06,-0.024095,0.0046143,0.55339,0.045739,3.0518e-05
364,487,0,-1.0143,315.94,314.18,0,303.72,338.97,327.41,290.89,-0.034727,0.0023079,0.69344,0.080922,3.0518e-05
365,488,3,-1.1029,626.04,585.14,0,589.21,641.68,662.88,528.6,-0.011327,0.0034779,1.2418,0.084673,0.00012207
366,489,0,-1.0344,373.67,367.49,0,342.42,407.25,393.71,342,-0.022607,0.0044402,0.65975,0.19869,3.0518e-05
367,490,3,-1.0086,592.53,566.81,0,554.06,613.14,638.96,510.9,-0.010323,0.00197,1.2346,0.030181,0.00018311
368,491,1,-1.02,487.2,487.89,0,465.13,540.22,510.7,432.17,-0.016376,0.0024708,0.87711,0.041539,6.1035e-05
369,492,2,-1.0562,549.22,522.16,0,530.92,570.69,569.95,467.16,-0.0082409,0.0024429,0.82058,0.050348,6.1035e-05
370,493,0,-0.99482,439.83,432.33,0,420.91,476.18,454.54,398.22,-0.023929,0.0023684,0.53296,0.082054,6.1035e-05
371,494,3,-1.1409,499.2,477.47,0,468.61,533.54,524.55,431.01,-0.0067314,0.0028429,1.1521,0.030723,0.00012207
372,495,1,-0.98817,572.29,577.86,0,552.34,645.02,594.9,501.74,-0.0081657,0.0023395,0.95026,0.034725,0.00012207
373,496,3,-1.0845,577.78,532.04,0,536.32,574.21,619.23,489.88,-0.006148,0.0018019,1.179,0.053205,0.00018311
374,497,3,-1.1078,548.56,511.5,0,494.61,559.56,585.47,478.61,-0.0051328,0.0019171,1.0588,0.024361,0.00012207
375,498,2,-0.97177,527.23,524.21,0,489.95,580.26,562.26,471.56,-0.021462,0.0024334,0.99991,0.067591,6.1035e-05
376,499,2,-1.033,569.79,586.39,0,539.53,637.19,614.01,512.16,-0.019577,0.0017328,1.044,0.078495,0.00012207
377,500,1,-1.0085,333.01,310.04,0,316.03,343.22,345.39,285.82,-0.0076666,0.0019652,0.68562,0.031273,6.1035e-05
378,501,1,-0.8904,361.56,359.45,0,346.89,391.36,379.25,320.94,-0.029444,0.0024553,0.67148,0.10911,3.0518e-05
379,502,1,-1.0527,528.96,536.83,0,514.29,605.82,543.63,467.83,-0.0068953,0.0043595,0.90941,0.026734,6.1035e-05
380,503,3,-1.0264,620.05,583.65,0,592.5,629.05,657.8,521.45,-0.0063308,0.0020064,1.2025,0.10191,0.00012207
381,504,2,-0.98874,475.76,458.83,0,458.11,509.27,493.41,408.39,-0.013068,0.0017255,0.85191,0.041843,6.1035e-05
382,505,3,-1.0893,616.8,589.59,0,565.39,631.6,668.21,547.58,-0.0011121,0.0022395,1.4187,0.023201,0.00012207
383,506,1,-1.0514,550.5,546.62,0,519.31,597.63,583.69,492.32,-0.016821,0.0034255,0.85952,0.022045,0.00012207
384,507,2,-1.0897,485.5,457.77,0,461.29,503.33,506.86,417.56,-0.0038226,0.0028296,0.85404,0.055506,6.1035e-05
385,508,1,-0.9652,418.82,397.31,0,397,437.66,438.08,361.7,-0.0068833,0.0045102,0.64176,0.0082245,3.0518e-05
386,509,2,-1.0023,493.84,469.08,0,467.5,506.25,520.17,431.92,-0.018915,0.0014739,0.94662,0.067738,0.00012207
387,510,1,-1.0409,543.47,510.1,0,531.13,544.52,557.44,471.1,-0.03535,0.0025734,0.78226,0.08806,0.00012207
388,511,3,-0.98741,524.29,511.55,0,491,554.04,562.02,463.4,-0.0051018,0.0018457,1.2694,0.037563,0.00012207
389,512,0,-1.0883,448.45,458.28,0.125,433.78,492.02,469.89,408.98,-0.011708,0.095301,0.77307,0.039464,3.0518e-05
390,513,1,-1.0164,471.97,457.5,0,448.2,497.06,498.91,412.65,-0.014583,0.0054151,0.74036,0.059976,6.1035e-05
391,514,2,-1.0769,506.88,477.81,0,480.04,532.11,529.13,432.81,-0.021315,0.0020464,0.78503,0.10291,0.00012207
392,515,2,-0.99989,557.52,559.05,0,525.19,630.18,586.05,496.29,-0.011728,0.0017094,1.0091,0.036744,0.00018311
393,516,3,-1.0837,536.55,544.49,0,517.32,589.49,564.65,478.7,-0.012164,0.0015704,1.2344,0.081944,0.00012207
394,517,1,-1.0275,378.43,355.36,0,369.48,372.31,392.38,328.93,-0.026671,0.0029121,0.73834,0.15747,3.0518e-05
395,518,3,-1.0744,651.8,600.17,0,631.85,666.88,670.54,537.5,-0.0013274,0.0020705,1.1203,0.05914,0.00012207
396,519,0,-0.96064,410.3,400.54,0,394.45,432.89,426.15,368.18,-0.018618,0.001445,0.67542,0.026502,6.1035e-05
397,520,2,-0.96927,449.37,440.11,0,435.9,488.32,462.03,394.81,-0.018891,0.0016225,0.91118,0.064009,6.1035e-05
398,521,0,-1.0165,381.6,362.12,0,370.53,390.3,389.67,341.55,-0.016007,0.0060963,0.47983,0.060641,3.0518e-05
399,522,0,-1.6954,457.28,467.08,0.79688,459.45,521.57,455.12,412.6,-0.030414,0.46822,0.66351,0.02376,6.1035e-05
400,523,0,-0.97329,325.21,333.22,0,309.31,367.15,341.1,299.3,-0.016823,0.31982,0.57924,0.023057,3.0518e-05
401,524,1,-1.0421,527.93,551.2,0,509.5,601.86,554.87,477.14,-0.0046075,0.016161,1.0711,0.034613,9.1553e-05
402,525,3,-1.0428,608,566.2,0,570.63,631.93,638.97,511.73,-0.016308,0.0028083,1.143,0.057302,0.00012207
403,526,2,-0.99259,543.33,494.63,0,527.82,536.34,559.84,450.24,-0.014089,0.0038444,0.78415,0.041634,0.00012207
404,527,1,-1.0624,450.54,419.91,0,438.03,454.06,460.27,393.34,-0.018262,0.0030053,0.71381,0.09424,6.1035e-05
405,528,0,-1.0033,330.04,314.38,0,322.65,335.13,336.99,294.89,-0.022398,0.0019602,0.47972,0.10964,3.0518e-05
406,529,2,-1.0805,513.7,478.75,0,484.92,522.78,528.77,455.69,-0.016064,0.0023043,0.8571,0.035542,9.1553e-05
407,530,3,-1.1257,610.66,549.28,0,599.4,585.23,621.92,513.32,-0.013379,0.0021711,1.2147,0.045659,0.00012207
408,531,2,-1.049,576.33,530.41,0,527.23,586.9,603.87,498.72,-0.02398,0.0021442,0.75404,0.040166,0.00012207
409,532,3,-1.0427,574.68,536.84,0,551.31,575.91,601.17,492.56,-0.0032393,0.0014011,1.1125,0.037439,0.00012207
410,533,0,-1.0044,302.32,291.02,0,295.45,306.43,310.1,273.56,-0.0098803,0.0026945,0.64882,0.044398,3.0518e-05
411,534,3,-1.0455,565.24,496.74,0,542.47,542.35,584.1,458.95,-0.010425,0.0021778,0.93382,0.075813,0.00012207
412,535,1,-1.0126,455.26,444.35,0,435.56,485.25,477.57,398,-0.036602,0.0028676,0.83232,0.050037,0.00012207
413,536,0,-1.0024,353.43,340.93,0,351.84,364.67,355.23,314.03,-0.026626,0.0033989,0.44555,0.059052,6.1035e-05
414,537,0,-0.98855,395.83,381,0,384.29,404.67,407.36,357.32,-0.015001,0.0020043,0.60454,0.24781,6.1035e-05
415,538,0,-0.99541,371,359.15,0,362.7,379.84,379.84,337.12,-0.012577,0.0018625,0.55476,0.0064336,6.1035e-05
416,539,3,-1.1268,562.6,521.53,0,541.6,566.47,582.33,479.31,-0.0037462,0.0037522,1.1812,0.061894,0.00012207
417,540,3,-1.0626,535.6,500.76,0,498.81,539.51,574.76,459.51,0.0024992,0.0023484,1.2968,0.059886,9.1553e-05
418,541,1,-1.0242,527.12,490.15,0,493.44,517.42,553.32,468.94,-0.028887,0.0042751,0.79142,0.08884,6.1035e-05
419,542,1,-1.0717,463.44,450.86,0,442.75,499.13,479.54,413.32,-0.015756,0.0032308,0.80271,0.055465,9.1553e-05
420,543,0,-1.5651,444.9,448.42,0.71875,451.37,510.35,437.56,378.23,0.01961,0.27388,0.652,0.013947,3.0518e-05
421,544,3,-1.1075,576.59,532.84,0,549.24,579.62,603.94,486.07,0.0057541,0.027159,1.2935,0.045367,0.00012207
422,545,0,-1.1529,454.54,441.89,0.1875,446.45,477.53,463.15,403.95,-0.033936,0.10853,0.64099,0.07808,6.1035e-05
423,546,3,-1.0223,527.76,506.32,0,517.66,547.84,540.75,452.95,-0.014136,0.0039723,1.1643,0.040164,0.00012207
424,547,2,-0.98937,530.83,502.29,0,514.54,540.73,548.18,461.37,-0.0091792,0.0021533,1.1115,0.023143,0.00012207
425,548,2,-0.92971,512.44,469.9,0,496.79,503.38,526.24,440.36,-0.0094459,0.0013279,0.84911,0.019808,6.1035e-05
426,549,2,-0.97115,589.99,525.56,0,570.08,553.71,611.19,495.6,-0.013701,0.0015341,0.74937,0.036232,0.00012207
427,550,2,-1.0173,579.18,489.99,0,559.03,508.45,593.88,476.52,-0.022281,0.001343,0.58125,0.017657,0.00012207
428,551,1,-0.99627,471.4,431.44,0,454.57,464.08,484.49,406.04,-0.030268,0.0020902,0.57116,0.076068,6.1035e-05
429,552,1,-1.0206,382.5,354.82,0,377.64,378.63,387.35,331.01,-0.017921,0.0020721,0.80521,0.045583,9.1553e-05
430,553,0,-0.95683,409.35,397.2,0,395.34,431.57,422.51,364.91,-0.036289,0.0011168,0.61087,0.16035,3.0518e-05
431,554,3,-1.0044,564.64,525.77,0,547.82,575.77,582.54,472.54,-0.0015609,0.0015564,0.99567,0.044173,0.00012207
432,555,3,-0.97092,473.5,460.53,0,461.79,499.24,491.77,400.13,-0.026175,0.0017348,0.78056,0.11003,0.00012207
433,556,2,-0.94243,509.74,464.44,0,483.67,498.68,528.77,439.46,-0.01723,0.0024878,0.60407,0.12312,0.00012207
434,557,1,-1.0207,454.57,439.59,0,445.52,474.99,466.99,391.08,-0.022528,0.004959,0.70441,0.10498,6.1035e-05
435,558,1,-0.98038,528.23,481.68,0,511.64,508.8,544.81,454.55,-0.006474,0.0018925,0.61573,0.050301,0.00012207
436,559,1,-1.0116,503.11,493.41,0,473.72,524.56,538.57,455.81,-0.003151,0.0024259,0.88968,0.075092,0.00012207
437,560,3,-1.0992,549.84,477.35,0,526.52,519.93,562.92,453.46,-0.01568,0.0020324,0.98637,0.05888,6.1035e-05
438,561,2,-0.9937,508.05,468.83,0,465.82,530.72,530.17,436.41,-0.0061287,0.0020829,0.7847,0.044413,9.1553e-05
439,562,1,-0.98651,406.6,403.02,0,403.56,445.71,410.27,351.48,-0.043579,0.0024414,0.83293,0.23524,3.0518e-05
440,563,2,-0.98989,529.12,493.19,0,502.15,521.16,559.7,461.5,-0.010923,0.002567,1.0003,0.081929,6.1035e-05
441,564,1,-1.038,597.85,590.87,0,566.05,662.59,622.59,535.08,-0.012269,0.0036645,0.82186,0.092411,6.1035e-05
442,565,2,-1.0131,546.04,520.22,0,508.45,552.78,588.64,483.32,-0.02046,0.0020051,0.85613,0.043477,0.00012207
443,566,0,-0.99172,439.42,445.91,0.015625,424.29,496.5,452.78,401.26,-0.0084209,0.010764,0.49706,0.02788,3.0518e-05
444,567,3,-0.97825,599.11,584.59,0,562.44,624.05,652.71,526.92,-0.0032213,0.0018124,1.2685,0.042201,0.00012207
445,568,0,-0.98571,359.33,378.01,0,347.52,406,377.77,334.34,0.012664,0.0029505,0.51736,0.023672,6.1035e-05
446,569,3,-0.95505,526.74,464.47,0,485.87,500.33,548.15,445.69,-0.010874,0.0021088,0.88386,0.027569,0.00012207
447,570,2,-0.99305,462.34,455.47,0,423.11,509.51,492.86,413.44,-0.014911,0.001874,0.77656,0.050104,9.1553e-05
448,571,3,-1.0412,532.22,518.01,0,511.16,567.59,556.09,461.81,-0.014115,0.0019563,0.90881,0.10443,0.00012207
449,572,2,-1.0601,493.98,461.4,0,478.96,502.07,509,420.72,-0.012322,0.0016046,0.72556,0.027802,6.1035e-05
450,573,1,-0.94659,430.35,436.11,0,407.41,472,456.35,395.45,-0.014624,0.0017231,0.65065,0.015486,6.1035e-05
451,574,2,-1.0155,594.12,581.99,0,560.84,648.06,625.38,519.92,-0.0081597,0.001649,0.875,0.053215,0.00012207
452,575,2,-0.96055,532.33,530.55,0,502.12,596.83,560.71,468.28,-0.010012,0.00096857,0.76341,0.046194,6.1035e-05
453,576,0,-0.96305,407.36,407.58,0,393.78,465.12,417.27,365.6,-0.020812,0.0027908,0.45467,0.040472,6.1035e-05
454,577,2,-1.0158,479.96,450.71,0,457.23,499.13,501.31,405.23,-0.019742,0.0021398,0.71292,0.15075,9.1553e-05
455,578,2,-1.0708,531.64,515.82,0,490.8,547.44,577.94,479.98,-0.01023,0.0022616,0.79997,0.27386,0.00012207
456,579,3,-0.97289,556.12,518.35,0,520.53,571.12,585.6,474.63,-0.011856,0.0019166,1.1528,0.040867,0.00012207
457,580,2,-1.0919,504.15,464.28,0,491.61,513.13,515.93,418.38,-0.010973,0.0021231,0.77669,0.0611,9.1553e-05
458,581,1,-1.0281,544.64,539.8,0,506.52,585.06,585.22,491.62,-0.027675,0.0023599,0.78999,0.80392,0.00012207
459,582,3,-0.97546,583.65,533.73,0,555.69,577.18,613.42,487.47,-0.00663,0.0013732,1.1028,0.038567,0.00012207
460,583,2,-1.0397,474.14,471.39,0,452.81,530.28,492.96,419.43,-0.016696,0.00081575,0.6642,0.069778,9.1553e-05
461,584,0,-1.0644,436.62,456.87,0.046875,416.77,504.38,456.48,409.36,-0.024688,0.034133,0.63064,0.068058,6.1035e-05
462,585,2,-0.95689,490.04,487.13,0,472.07,547.34,508.01,426.92,-0.01103,0.0036918,0.91045,0.028591,9.1553e-05
463,586,0,-0.92602,407.88,405.03,0,386.69,432.68,430.44,375.6,-0.048951,0.0015415,0.474,0.067958,6.1035e-05
464,587,0,-0.91071,322.2,321.28,0,316.66,333.93,334.39,293.46,-0.025298,0.001118,0.55764,0.02313,3.0518e-05
465,588,2,-0.96839,540.69,523.24,0,503.58,604.53,566.08,467.61,-0.0083215,0.0012772,0.83468,0.06172,0.00012207
466,589,2,-1.0394,496.51,480.74,0,477.5,549.84,509.52,433.46,-0.028732,0.0014779,0.73703,0.059448,6.1035e-05
467,590,2,-0.99949,470.29,463.04,0,441.54,518.22,492.66,420.13,-0.0059922,0.0010325,0.73867,0.057704,6.1035e-05
468,591,3,-1.0282,538.42,558.5,0,510.22,619.93,572.45,484.37,-0.022862,0.0014951,1.0011,0.15633,0.00012207
469,592,2,-1.0469,585.83,547.25,0,534.38,593.06,628.47,509.3,-0.018261,0.002263,1.1673,0.051415,0.00012207
470,593,1,-1.0463,521.09,497.41,0,487.97,535.2,552.21,461.91,-0.0071513,0.003051,0.97528,0.060529,6.1035e-05
471,594,0,-1.7112,464.09,497.57,0.73438,457.51,560.55,470.67,434.59,-0.021096,0.39388,0.92208,0.043671,3.0518e-05
472,595,0,-0.96374,417.46,444.52,0.03125,396.99,490.25,439.25,395.84,-0.0082073,0.29427,0.63738,0.052146,6.1035e-05
473,596,1,-1.0085,479.62,454.66,0,464.74,503.24,494.5,406.08,-0.024639,0.022558,0.7303,0.094,6.1035e-05
474,597,1,-0.9706,464.08,454.93,0,437.58,501.82,488.98,410.88,-0.012561,0.0026614,0.72187,0.035484,6.1035e-05
475,598,3,-1.0168,511.29,499.83,0,490.65,554.05,529.5,451.99,-0.0098579,0.0034941,1.145,0.04504,9.1553e-05
476,599,1,-0.94151,475.27,484.82,0,454.99,542.66,495.56,426.98,-0.0092139,0.0017374,0.94471,0.045146,6.1035e-05
477,600,0,-0.93528,446.66,525.56,0.03125,431.69,581.25,468.54,444.17,-0.0065745,0.016675,0.93397,0.032101,6.1035e-05
478,601,1,-1.0315,546.58,536.83,0,524.11,596.83,567.69,480.46,-0.011117,0.0026056,0.85791,0.03745,0.00012207
479,602,2,-0.99971,562.59,549.34,0,544.59,603.26,583,488.24,-0.013437,0.0017241,1.1455,0.039601,0.00012207
480,603,0,-1.0309,331.87,324.84,0,315.18,351.6,344.86,304.03,-0.044642,0.0043439,0.74765,0.17258,3.0518e-05
481,604,3,-0.89851,552.58,595.18,0,530.67,648.96,589.1,505.53,-0.015175,0.0028357,1.3617,0.018438,0.00012207
482,605,3,-1.0651,572.89,563.21,0,528.4,656.86,599.58,507.01,-0.012436,0.0022944,1.1784,0.036758,0.00012207
483,606,0,-0.97116,363.11,359.73,0,344.74,394.88,379.33,328.72,-0.0072601,0.0016073,0.75803,0.006138,3.0518e-05
484,607,0,-0.9622,374.72,380.31,0,355.1,424.51,389.03,348.05,0.0057904,0.00079761,0.82592,0.015053,3.0518e-05
485,608,3,-0.95707,489.89,470.11,0,468.48,543.7,504.54,419.76,-0.013231,0.0021579,1.063,0.06183,0.00012207
486,609,1,-0.94477,474.18,471.41,0,449.97,529.76,496.92,416.59,-0.020623,0.001275,1.0234,0.076539,6.1035e-05
487,610,2,-1.0241,532.26,536.12,0,506.64,591.59,557.88,480.65,-0.0046926,0.0019153,1.2119,0.040058,9.1553e-05
488,611,1,-0.99067,470.12,472.99,0,452.28,515.6,491.64,421.56,-0.0074773,0.0017519,0.91217,0.025392,6.1035e-05
489,612,2,-0.95241,541.17,560.45,0,510.82,618.91,580.19,485.28,-0.011485,0.0014579,1.094,0.064315,9.1553e-05
490,613,3,-1.0186,549.52,548.42,0,527.68,590.36,579.46,490.94,-0.016539,0.0016321,1.295,0.030823,0.00018311
491,614,2,-0.97446,560.2,543.38,0,534.49,605.35,587.58,477.4,-0.021484,0.0012215,0.97932,0.069873,6.1035e-05
492,615,1,-0.97176,454.65,458.8,0,431.85,509.33,477.45,408.27,-0.025055,0.0028408,0.78498,0.060899,6.1035e-05
493,616,3,-0.96914,564.88,550.98,0,534.65,610.1,591.55,498.82,-0.016027,0.0014259,1.2012,0.095694,0.00012207
494,617,2,-0.9708,607.92,557.84,0,568.82,641.17,625.7,519.96,-0.008995,0.0014894,0.95412,0.041402,0.00012207
495,618,1,-1.0608,394.4,362.39,0,379.12,387.7,407.06,341.42,-0.0111,0.0032333,0.83002,0.012625,6.1035e-05
496,619,1,-0.96401,448.69,434.06,0,431.5,471.28,468.19,391.88,-0.012023,0.0013815,0.87045,0.027606,6.1035e-05
497,620,2,-0.97105,513.87,518.81,0,490.62,570.21,541.93,456.78,-0.0037384,0.0015174,1.2625,0.051005,0.00012207
498,621,2,-1.0323,542.13,532.48,0,504.36,565.05,593.87,487.86,-0.013057,0.0020581,1.0168,0.050833,0.00012207
499,622,0,-0.92133,380.36,392.95,0,369.18,419.82,396.71,353.69,-0.021927,0.0013755,0.61879,0.019847,6.1035e-05
500,623,1,-1.0271,402.15,389.15,0,388.13,448,411.14,351.43,-0.038002,0.0041478,0.79956,0.1249,6.1035e-05
501,624,3,-0.98461,594.84,574.35,0,558.26,635.91,627.12,520.04,-0.003514,0.0027924,1.3509,0.029803,0.00018311
502,625,1,-1.0215,478.81,484.46,0,471.92,531.96,487.67,423.39,-0.023922,0.0022117,0.93322,0.060066,6.1035e-05
503,626,1,-0.99852,498.45,500.6,0,483.61,556.7,513.3,444.49,-0.043906,0.0018106,0.75005,0.15369,0.00012207
504,627,0,-0.97996,399.44,406.7,0,382.69,444.79,418.43,363.54,-0.0065805,0.0018796,0.63644,0.0061431,3.0518e-05
505,628,2,-1.0483,546.03,523.89,0,525.12,568.97,571.27,469.49,-0.015852,0.0024558,1.1088,0.049496,0.00012207
506,629,3,-1.0929,511.77,483.34,0,482.15,517.66,543.31,446.81,-0.023396,0.0025435,1.2179,0.10387,0.00012207
507,630,2,-1.0124,506.74,487.67,0,482.36,513.47,538.09,454.51,-0.015103,0.0017275,0.94958,0.062768,0.00012207
508,631,1,-1.0317,525.54,504.35,0,491.6,571.89,547.3,461.05,-0.038567,0.0018786,0.72737,0.14636,6.1035e-05
509,632,3,-0.97727,635.87,606.44,0,595.26,659.57,676.48,553.32,-0.0036671,0.002128,1.2656,0.05775,0.00012207
510,633,2,-0.96658,522.89,537.74,0,498.6,588.59,556.17,468.04,-0.017475,0.0020531,1.1298,0.070572,0.00012207
511,634,3,-0.98894,539.41,566.24,0,521.99,603.98,575.08,488.97,-0.0079932,0.0014256,1.5101,0.049393,0.00012207
512,635,1,-0.98671,467.44,455.25,0,452.85,521.43,478.78,403.78,-0.034774,0.0017196,0.89916,0.078677,6.1035e-05
513,636,3,-0.98723,587.54,556.34,0,551.92,597.94,627.91,509.19,-0.01338,0.0018997,1.1783,0.049738,0.00012207
514,637,0,-0.99252,354.67,347.34,0,340.37,375.99,366.51,323.6,-0.030482,0.0026697,0.72556,0.028833,3.0518e-05
515,638,2,-1.0596,477.67,459.42,0,454.85,505.03,497.81,419.17,-0.022454,0.0015472,1.0135,0.16197,6.1035e-05
516,639,2,-1.0869,547.83,531.25,0,514.3,568.32,590.93,483.58,-0.026412,0.0019979,1.0799,0.15533,6.1035e-05
517,640,3,-1.08,542.29,530.09,0,524.28,572.47,565.44,475.61,-0.017062,0.0014679,1.3171,0.046851,0.00012207
518,641,2,-1.0072,502.76,475.57,0,475.65,530.19,522.55,435.71,-0.010541,0.0028566,0.96282,0.017372,0.00012207
519,642,0,-1.1096,457.9,479.94,0.125,446.9,533.87,471.16,414.86,-0.035881,0.069808,0.9126,0.05026,6.1035e-05
520,643,0,-0.97409,408.69,406.59,0,390.4,441.35,424.82,375.92,-0.01717,0.020115,0.71744,0.057974,6.1035e-05
521,644,0,-0.97621,409.76,412.04,0,390.52,458.6,424.72,375.82,-0.012975,0.0044236,0.8962,0.038214,6.1035e-05
522,645,1,-0.98217,542.62,564.21,0,517.77,610.94,578.95,495.92,-0.022825,0.0021062,1.1634,0.039787,0.00012207
523,646,3,-0.97529,543.93,520.41,0,519.32,565.22,571.83,469.62,-0.0079535,0.0014164,1.2542,0.026496,0.00012207
524,647,1,-0.92702,444.09,456.04,0,425.85,494.45,469.09,403.41,-0.016923,0.0010125,0.8166,0.03692,6.1035e-05
525,648,0,-1.0266,438.25,436.38,0.03125,431.58,485.51,444.13,393.03,-0.0201,0.020999,0.48709,0.1238,3.0518e-05
526,649,1,-1.0534,439.62,439.64,0,441.74,491.71,436.71,368.3,-0.029791,0.0040271,1.1665,0.058072,6.1035e-05
527,650,0,-0.95983,390.76,384.25,0,377.03,423.42,399.56,359.14,-0.035596,0.002764,0.70647,0.15017,6.1035e-05
528,651,1,-1.0811,443.34,431.27,0,439.15,487.04,447.79,371.91,-0.045866,0.0029343,0.87868,0.22213,3.0518e-05
529,652,1,-0.96345,480.09,455.01,0,468.48,512.91,490.33,403.91,-0.014777,0.0041506,1.033,0.013883,9.1553e-05
530,653,3,-0.95669,531.45,481.23,0,502.54,542.05,551.24,439.61,-0.0098971,0.0018188,0.96208,0.041616,0.00012207
531,654,3,-0.89864,490.19,491.68,0,474.65,546.85,504.79,439.85,-0.0095367,0.0011726,1.113,0.047008,0.00012207
532,655,0,-0.97912,382.21,369.1,0,368.95,397.42,393.19,345.63,-0.034693,0.0041948,0.65306,0.072172,3.0518e-05
533,656,0,-1.009,363.8,359.15,0,348.01,382.74,379.58,335.56,-0.031815,0.0036316,1.0891,0.083198,6.1035e-05
534,657,3,-1.088,614.46,581.53,0,592.98,622.85,642.06,528.4,-0.0027312,0.0026805,1.5655,0.038573,0.00012207
535,658,3,-1.1131,537.8,496.75,0,516.89,537.77,555.11,462.76,-0.013099,0.0031314,1.2133,0.050125,0.00012207
536,659,2,-1.0237,598.25,578.83,0,555.73,634.33,635.76,529.86,-0.014767,0.0027017,1.2425,0.044136,0.00012207
537,660,3,-1.0879,515.88,479.12,0,487.82,528.27,535.08,445.49,-0.020823,0.0021568,1.1024,0.035314,0.00012207
538,661,2,-0.95771,500.68,514.64,0,487.99,556.12,523.31,440.7,-0.02955,0.0020161,1.2993,0.0323,0.00012207
539,662,2,-0.95834,574.93,577.81,0,537.72,629.07,609.88,529.67,-0.020013,0.0016233,1.3956,0.035363,0.00012207
540,663,2,-1.0043,551.21,557.45,0,504.82,606.5,592.13,514.16,-0.015107,0.0016699,1.3184,0.034452,0.00012207
541,664,0,-0.94206,416.44,423.86,0,402.57,445.74,436.7,391.88,-0.013967,0.0039996,0.79199,0.051107,6.1035e-05
542,665,1,-1.0299,535.47,522.28,0,499.91,564.96,564.93,486.92,-0.021021,0.0019988,0.92293,0.060064,6.1035e-05
543,666,2,-0.9516,515.74,517.72,0,478.23,553.22,561.01,474.87,-0.0087421,0.0026937,1.2453,0.072227,0.00012207
544,667,3,-1.0491,493.18,488.79,0,476,539.4,511.46,434.92,-0.010107,0.0024306,1.1778,0.052739,6.1035e-05
545,668,3,-1.0783,508.52,484.86,0,489.45,525.96,528.82,441.1,-0.028341,0.0023044,1.1993,0.053555,0.00012207
546,669,3,-1.0563,500.11,479.83,0,475.8,521.6,522.94,440.6,-0.010997,0.0022175,1.2529,0.025108,9.1553e-05
547,670,1,-1.0379,465.09,478.9,0,436.81,515.83,497.14,437.04,-0.031627,0.0029074,0.99129,0.20173,0.00012207
548,671,3,-0.97157,490.08,468.19,0,462.61,509.86,517.55,426.52,-0.013117,0.0020671,1.1423,0.040467,0.00012207
549,672,3,-0.98392,516.81,485.16,0,495.15,522.87,538.47,447.44,-0.01225,0.0012099,1.1,0.061582,9.1553e-05
550,673,1,-1.0962,446.51,450.3,0,432.96,493.36,461.87,401.5,-0.060142,0.0056503,0.87016,0.41582,6.1035e-05
551,674,1,-1.0187,411.73,410.35,0,394.62,450.69,428.83,370.01,-0.020779,0.0024018,0.94803,0.068554,6.1035e-05
552,675,3,-0.9319,497.79,473.3,0,476.7,506.38,528.6,424.96,-0.012854,0.0013511,1.1762,0.026776,9.1553e-05
553,676,3,-0.95838,503.32,523.27,0,486.09,556.04,536.22,460.71,-0.00025137,0.0011603,1.3505,0.065201,9.1553e-05
554,677,1,-0.96245,291.05,278.25,0,277.9,301.53,303.4,256.38,-0.028632,0.0014134,0.60281,0.024015,6.1035e-05
555,678,1,-0.99516,341.01,332.89,0,331.41,350.68,353.36,310.02,-0.0089041,0.0019498,0.77456,0.046246,6.1035e-05
556,679,0,-0.98291,413.04,409.08,0,398.53,443.29,425.85,378.89,-0.0097424,0.00056789,0.54834,0.0099738,6.1035e-05
557,680,0,-1.4391,441.45,434.1,0.4375,429.33,512.84,447.8,392.85,-0.033369,0.34933,0.93912,0.14796,6.1035e-05
558,681,1,-1.0441,516.34,515.79,0,476.5,571.63,549.35,469.52,-0.0073971,0.03161,0.95695,0.039251,6.1035e-05
559,682,1,-1.1359,497.89,490.92,0,467.68,525.87,532.14,451.31,-0.012728,0.004416,1.1172,0.024003,0.00012207
560,683,1,-0.82199,451.13,434.32,0,436.96,470.73,468.23,390.38,-0.034269,0.011499,1.019,0.080709,6.1035e-05
561,684,0,-0.9534,388.03,409.64,0,375.83,445.11,405.85,357.81,-0.020649,0.0038152,0.89752,0.029253,6.1035e-05
562,685,2,-1.056,449.1,452.22,0,410.85,513.91,478.85,404.24,-0.0080683,0.0047996,1.1629,0.036599,6.1035e-05
563,686,1,-1.0022,516.09,547.53,0,490.64,593.22,553.28,480.74,-0.0064577,0.0028616,1.0235,0.041812,0.00012207
564,687,2,-0.95568,472.9,479.42,0,437.35,505.37,521.61,443.86,-0.016845,0.0043679,1.2877,0.028592,0.00012207
565,688,1,-0.99579,382.95,402.31,0,373.16,432.01,401.65,345.62,-0.017955,0.0024519,0.92174,0.095835,6.1035e-05
566,689,3,-0.95405,547.29,539.15,0,512.37,592.48,584.47,482.37,-0.0086696,0.002308,1.3317,0.045851,0.00012207
567,690,2,-1.042,481.66,486.68,0,458.83,537.8,509.22,424.98,-0.015348,0.0017329,1.0665,0.049435,9.1553e-05
568,691,3,-1.0209,551.73,530.92,0,510.01,590.69,586.3,481.39,-0.0018719,0.001991,1.1369,0.034502,0.00012207
569,692,1,-0.95153,344.89,330.62,0,325.64,362.1,362.97,301.04,-0.028145,0.0019665,0.717,0.047797,3.0518e-05
570,693,0,-0.98146,405.46,408.67,0,392.65,437.59,421.93,371.49,-0.02069,0.00086102,0.72625,0.026093,3.0518e-05
571,694,1,-0.98804,486.59,475.23,0,450.53,520.12,511.27,444.52,-0.026683,0.0014998,0.83489,0.098086,6.1035e-05
572,695,2,-0.96144,487.25,492.38,0,462.92,553.74,510.1,434.73,-0.023189,0.0019362,0.89445,0.077984,6.1035e-05
573,696,2,-1.0015,464.87,444.45,0,432.88,481.92,491.38,413.41,-0.0068114,0.0023345,0.86631,0.035551,9.1553e-05
574,697,3,-0.89476,515.1,515.45,0,484.76,552.02,554.11,468.43,-0.0074866,0.0017992,1.2298,0.029928,9.1553e-05
575,698,1,-1.1351,473.26,456.5,0,438.03,481.43,508.48,431.57,-0.03526,0.0083878,0.98108,0.22861,6.1035e-05
576,699,1,-0.914,507.58,503.2,0,467.13,553.55,541.09,461.48,-0.012329,0.004671,0.83067,0.042345,0.00012207
577,700,2,-1.0097,523.81,511.81,0,495.78,553.12,555.57,464.99,-0.0080354,0.0018614,1.003,0.094573,9.1553e-05
578,701,3,-1.0466,585.2,569.76,0,553.58,621.13,618.86,515.08,-0.0039394,0.001889,1.0468,0.073451,0.00012207
579,702,3,-1.0824,507.8,501.36,0,488.54,544.08,535.96,438.92,-0.017698,0.0027733,1.1093,0.031693,0.00012207
580,703,3,-0.94599,485.85,504.84,0,461.69,532.25,528.91,455.99,-0.006693,0.0020542,1.037,0.038674,9.1553e-05
581,704,1,-0.99545,454.38,447.59,0,439.74,486.97,472.05,400.07,-0.028387,0.0026287,0.78967,0.050615,6.1035e-05
582,705,3,-0.97317,494.82,501.99,0,468.15,539.84,525.04,459.08,-0.018353,0.0019942,1.0703,0.099817,0.00012207
583,706,0,-0.98238,412.94,421.16,0,390.94,453.8,434.94,388.52,-0.029519,0.0031242,0.51834,0.044216,3.0518e-05
584,707,1,-0.96072,506.56,501.39,0,486.8,540.22,527.59,460.05,-0.035172,0.003222,0.97401,1.4379,6.1035e-05
585,708,0,-1.0304,459.81,482.68,0.046875,439.55,533.31,472.8,450.23,-0.018414,0.023652,0.44809,0.032759,6.1035e-05
586,709,1,-0.90546,474.21,496.37,0,440.14,555.86,502.43,447.08,-0.02319,0.0032329,0.85369,0.077275,0.00012207
587,710,0,-0.9348,367.68,379.64,0,351.74,411.15,385.75,343.92,-0.040271,0.0041552,0.86355,1.2453,6.1035e-05
588,711,2,-0.99885,581.19,574.29,0,549.94,619.67,618.9,519.53,-0.013527,0.0018006,1.1295,0.057632,0.00012207
589,712,1,-0.96908,372.84,351.59,0,355.43,378.88,388.21,327.51,-0.016927,0.0026948,0.86129,0.069119,3.0518e-05
590,713,2,-1.0614,466.15,455.7,0,437.94,488.08,498.11,419.01,-0.017271,0.0022668,0.99603,0.11907,6.1035e-05
591,714,3,-0.95218,609.96,579.19,0,559.02,645.44,647.12,530.85,-0.0060064,0.0020862,1.1992,0.038818,0.00012207
592,715,0,-1.0128,403.48,405.52,0,383.7,455.16,417.02,371.55,-0.012815,0.0020595,0.87214,0.015834,6.1035e-05
593,716,3,-1.0064,473.86,463.22,0,447.6,499.16,498.54,429.46,-0.0036494,0.0018051,1.1242,0.043661,0.00012207
594,717,3,-1.0201,534.02,520.8,0,506.31,566.12,556.98,483.24,-0.019581,0.0010884,1.2143,0.057758,0.00012207
595,718,1,-0.99047,416.09,401.6,0,400.67,436.97,433.57,361.51,-0.019555,0.0028781,0.69561,0.038,6.1035e-05
596,719,2,-0.99192,488.85,453.71,0,430.17,501.32,521.77,427,-0.01079,0.0033024,0.85467,0.04846,9.1553e-05
597,720,3,-1.0015,530.42,521.03,0,503.29,562.89,563.16,470.52,0.0076386,0.0013574,1.0975,0.072638,0.00012207
598,721,3,-1.0059,493.66,518.79,0,466.14,556.38,533.88,463.86,-0.010962,0.001202,1.1894,0.072582,9.1553e-05
599,722,1,-1.02,419.92,392.3,0,397.17,424.63,441.29,361.92,-0.021248,0.0024267,0.6573,0.052517,3.0518e-05
600,723,3,-0.98137,504.43,474.91,0,480.18,522.21,522.13,440.4,-0.019023,0.0020151,0.95552,0.086171,9.1553e-05
601,724,1,-0.98706,458.24,435.5,0,441.42,469.08,481.28,389.48,-0.0042473,0.0026797,0.86434,0.0065285,6.1035e-05
602,725,2,-0.97421,505.78,499.33,0,477.01,539.17,532.8,461.89,-0.01335,0.0027454,1.0242,0.043302,6.1035e-05
603,726,0,-0.94536,397.61,397.97,0,378.97,430.02,413.05,371.42,0.014991,0.0022322,0.7186,0.088836,6.1035e-05
604,727,1,-1.0491,387.98,370.59,0,371.32,393.01,404.64,348.17,-0.0015527,0.0098542,0.72022,0.028516,6.1035e-05
605,728,2,-0.94198,511.62,510.12,0,494.23,544.43,540.61,452.96,-0.00043431,0.0028326,0.99037,0.048958,6.1035e-05
606,729,0,-1.3192,436.58,454.71,0.4375,444.55,528.51,427.54,371.08,0.0091674,0.16892,0.67685,0.040374,6.1035e-05
607,730,0,-0.97779,427.29,430.82,0,406.76,474.28,445.41,392.46,0.0023173,0.12441,0.7658,0.0080671,6.1035e-05
608,731,1,-0.93517,429.79,429.97,0,423.69,473.7,436.71,380.4,-0.015103,0.014736,0.88093,0.032759,9.1553e-05
609,732,2,-0.885,497.12,491.65,0,468.39,531.43,534.05,440.51,-0.019498,0.0050363,1.0523,0.03326,6.1035e-05
610,733,2,-0.92068,497.63,486.38,0,475.8,545.39,518.13,430.94,-0.020153,0.0015206,1.1482,0.031066,0.00012207
611,734,3,-0.97786,516.96,494.88,0,489.86,553.92,536.74,451.8,-0.010927,0.0016824,1.1844,0.022979,0.00012207
612,735,3,-1.1039,628.45,600.67,0,597.65,655.7,657.39,548.98,-0.0082164,0.0022899,1.3299,0.042364,0.00018311
613,736,3,-1.1025,477.63,461.32,0,457.89,493.99,501.46,421.9,-0.015423,0.0031008,1.211,0.041746,9.1553e-05
614,737,3,-1.0474,570.92,536.68,0,548.16,575.18,587.53,508.59,0.0018221,0.0020591,1.178,0.049537,0.00012207
615,738,3,-0.88876,510.88,470.02,0,486.81,494.02,543.87,437.13,-0.0173,0.0031464,1.1067,0.043448,0.00012207
616,739,0,-1.0071,401.04,391.84,0,387.69,422.62,413.58,362.93,-0.013034,0.006019,0.70894,0.0043173,3.0518e-05
617,740,0,-1.0915,414.48,400.87,0,399.86,447.47,422.14,376.47,-0.035896,0.0042765,0.75422,0.071019,3.0518e-05
618,741,0,-1.0991,461.59,471.77,0.10938,453.08,508.38,470.65,432.79,-0.020124,0.049009,0.64946,0.059465,6.1035e-05
619,742,0,-0.95631,424.45,424.87,0,405.81,458.8,443.08,390.94,-0.013074,0.0066603,0.68962,0.04308,6.1035e-05
620,743,0,-0.94283,426.31,435.04,0,410.34,473.28,441.32,399.13,-0.00027075,0.0025682,0.63379,0.0269,6.1035e-05
621,744,0,-1.093,443.04,464.58,0.10938,427.57,519.97,456.68,415.7,-0.02679,0.076492,0.66472,0.061761,3.0518e-05
622,745,2,-0.9605,455.56,465.95,0,429.31,511.52,485.3,414.3,-0.0083151,0.0049953,1.0013,0.01527,9.1553e-05
623,746,2,-0.99896,548.54,527.59,0,514.84,585.86,571.6,487.73,0.00099745,0.0018179,0.95237,0.035792,0.00012207
624,747,2,-0.98877,466.86,443.2,0,446.15,499.96,481.03,404.36,-0.017107,0.0029308,1.0211,0.052122,6.1035e-05
625,748,0,-1.0215,342.71,356.55,0,338.25,390.88,348.1,315.12,-0.010937,0.0035047,0.90236,0.022251,3.0518e-05
626,749,0,-1.1639,455.74,456.52,0.125,428.21,509.86,469.18,430.47,-0.021527,0.076115,0.84808,0.06008,6.1035e-05
627,750,3,-1.0901,547.98,524.06,0,528.4,570.58,564.2,485.51,-0.010886,0.0076993,1.2457,0.15524,0.00012207
628,751,2,-0.92563,510.94,496.22,0,487.66,541.3,530.22,458.87,-0.014445,0.0067867,1.0957,0.040142,6.1035e-05
629,752,1,-1.0288,429.93,427.27,0,413.07,471.4,446.8,383.13,-0.024697,0.0047255,0.86064,0.13606,6.1035e-05
630,753,2,-0.87999,577.57,583.44,0,548.67,625.37,610.32,535.91,-0.015262,0.0032209,1.1451,0.044878,0.00012207
631,754,3,-1.0268,558.52,537.13,0,524.21,591.6,580.52,502.21,-0.012252,0.0018484,1.1683,0.03873,0.00012207
632,755,0,-0.98208,383.85,391.22,0,370,428.43,397.7,354.01,-0.012146,0.0025751,0.67721,0.057904,3.0518e-05
633,756,2,-1.0138,540.23,518.04,0,511.72,573.98,567.01,465.5,-0.018395,0.0020142,0.91701,0.040192,0.00012207
634,757,0,-1.3556,440.41,459.94,0.51562,435.78,526.21,444.02,408.4,-0.031227,0.21735,0.82656,0.040514,6.1035e-05
635,758,3,-1.0349,506.72,472.01,0,481.56,490.08,535.24,451.53,-0.0056193,0.024504,1.2691,0.047882,6.1035e-05
636,759,3,-1.0023,512,482.59,0,480.67,521.07,537.96,450.71,-0.0063848,0.0069236,1.1807,0.032936,0.00012207
637,760,2,-1.0647,563.86,545.68,0,550.67,617.09,573.48,493.57,-0.012025,0.0025307,1.0594,0.06967,0.00012207
638,761,3,-1.0121,561.1,539.29,0,526.16,597.8,590.05,490.82,-0.012895,0.0018219,1.3259,0.020439,0.00012207
639,762,2,-1.0446,463.51,442.25,0,444.02,472.98,485.58,407.42,-0.01247,0.0021179,0.97608,0.048027,0.00012207
640,763,1,-0.89188,503.61,501.76,0,481.56,567.99,521.89,446.88,-0.0091975,0.0012133,0.86647,0.060552,6.1035e-05
641,764,3,-0.98948,553.32,533.07,0,522.05,581.88,580.92,490.01,-0.0053462,0.0017276,1.0333,0.031629,0.00012207
642,765,0,-0.97023,451.72,496.24,0.015625,434.5,534.35,473.86,447.23,-0.01652,0.010455,0.85583,0.074763,6.1035e-05
643,766,0,-0.9627,431.07,456.83,0,409.15,503.68,455.91,403.73,-0.0077474,0.0020047,0.62178,0.0058628,6.1035e-05
644,767,1,-0.83075,420.16,411.52,0,393.21,455.18,443.94,373,-0.023721,0.0040584,0.64078,0.044927,6.1035e-05
645,768,1,-0.93901,568.17,583.4,0,539.81,646.43,600.31,511.96,-0.0097795,0.0030928,1.0712,0.071406,0.00012207
646,769,0,-0.85176,426.27,437.05,0,412.37,472.57,443.05,394.19,-0.042185,0.0022632,0.63524,0.033126,6.1035e-05
647,770,3,-1.0029,563.87,555.85,0,532.92,609.97,594.81,501.72,-0.016063,0.0023956,1.2243,0.082766,0.00012207
648,771,1,-0.97565,519.09,541.2,0,495.8,582.84,560.61,466.97,-0.022558,0.0018301,1.0493,0.042587,6.1035e-05
649,772,0,-0.90955,430.91,446.19,0,410.07,497.75,449.29,400.7,-0.020208,0.0027201,0.64216,0.061287,3.0518e-05
650,773,2,-1.0191,517.46,495.9,0,492.66,546.18,543.87,442.37,-0.013483,0.0024792,0.90389,0.021145,0.00012207
651,774,2,-0.91701,473.65,498.31,0,451.92,547.05,505.4,427.08,-0.012061,0.0020059,1.0671,0.036982,6.1035e-05
652,775,0,-0.98723,425.36,434.87,0,409.15,463.64,447.59,395.45,-0.016367,0.0057411,0.74048,0.023116,6.1035e-05
653,776,1,-0.98727,399.39,400.55,0,386.99,435.62,413.43,360.8,-0.010187,0.0029999,0.84199,0.075757,6.1035e-05
654,777,3,-1.02,476.99,454.37,0,454.29,491.83,501.15,414.5,-0.015031,0.0019353,1.2153,0.024101,9.1553e-05
655,778,3,-1.059,552.51,561.08,0,522.58,610.01,590.99,498.18,-0.012163,0.0017862,1.3421,0.034204,0.00012207
656,779,1,-1.0519,502.4,528.14,0,479.78,582.21,531.48,458.62,-0.014268,0.00326,1.0652,0.053403,9.1553e-05
657,780,0,-1.073,422.61,443.19,0.09375,410.08,513.38,432.98,385.04,-0.032355,0.053831,0.83892,0.067843,6.1035e-05
658,781,3,-0.93075,452.72,438.23,0,440.47,488.63,462.87,396.46,-0.026083,0.0030154,0.97456,0.054134,9.1553e-05
659,782,2,-0.99629,521.27,521.9,0,491.96,578.47,552.46,461.69,-0.01757,0.0019824,1.0912,0.057639,0.00012207
660,783,0,-0.98409,430.72,439.96,0,408.08,490.56,449.49,398.03,-0.012448,0.0029536,0.65187,0.024156,3.0518e-05
661,784,1,-0.99518,436.32,435.16,0,413.93,479.09,456.08,396.39,-0.014442,0.0024057,0.93968,0.033236,6.1035e-05
662,785,1,-0.96497,460.11,441.54,0,440.99,501.33,474.07,397.92,-0.014357,0.0016372,0.87558,0.038563,6.1035e-05
663,786,0,-0.98888,374.26,390.13,0,356.26,413.98,398.92,357.45,-0.0010608,0.0033952,0.83054,0.032938,6.1035e-05
664,787,0,-0.99221,425.41,437.16,0,406.95,475.27,442.74,401.36,-0.039128,0.00382,0.76312,0.041573,6.1035e-05
665,788,2,-1.0512,471.7,492.74,0,449.69,534.33,503.88,431.96,-0.015493,0.0035448,1.0404,0.045714,6.1035e-05
666,789,3,-0.97629,513.18,504.89,0,497.96,551.83,531.55,448.24,-0.011137,0.0028336,1.1229,0.048735,0.00012207
667,790,3,-0.98503,546.61,508.38,0,525.62,566.49,560.96,468.63,-0.0063316,0.0016933,0.94922,0.14208,0.00012207
668,791,1,-1.0646,553.14,587.48,0,530.88,640.01,581.76,519.94,-0.015532,0.0052956,0.9658,0.047916,0.00012207
669,792,2,-0.95209,442.84,442.63,0,429.57,470.6,466.5,392.77,-0.017297,0.0053958,0.9832,0.050184,9.1553e-05
670,793,0,-1.5209,450.59,484.11,0.5625,449.88,555.45,451.46,398.01,-0.012641,0.25862,0.78938,0.0045587,6.1035e-05
671,794,0,-1.0024,350.08,342.15,0,336.94,375.46,361.68,312.77,-0.018544,0.20417,0.67388,0.043679,3.0518e-05
672,795,1,-0.9935,370.36,374.36,0,345.84,400.21,401.88,341.11,-0.010285,0.017437,0.81659,0.02413,6.1035e-05
673,796,0,-0.97133,361.24,366.63,0,348.47,397.5,375.71,331.65,-0.016043,0.0026198,0.97783,0.028207,3.0518e-05
674,797,2,-1.0237,530.57,523.49,0,504.95,570.8,559.61,469.88,-0.017755,0.0038243,1.0316,0.13868,6.1035e-05
675,798,0,-0.9218,444.7,477.83,0,423.92,525.95,473.18,411.89,-0.0056547,0.0031917,0.80316,0.033011,6.1035e-05
676,799,2,-1.0488,574.93,567.5,0,550.47,649,593.96,504.1,-0.028515,0.0030047,1.0911,0.065594,0.00012207
677,800,3,-0.99813,581.1,614.29,0,562.29,684.14,605.27,524.48,-0.019153,0.0026547,1.3884,0.066389,0.00012207
678,801,3,-0.99932,462.49,467.02,0,438.82,504.61,491.06,421.66,-0.013085,0.00158,1.2511,0.029894,9.1553e-05
679,802,2,-0.97465,458.13,448.86,0,438.54,489.89,476.53,410.32,-0.026307,0.0015122,0.9184,0.039255,6.1035e-05
680,803,1,-1.0077,435.43,410.08,0,406.91,453.21,452.55,384.2,-0.031293,0.010389,0.68916,0.057808,6.1035e-05
681,804,0,-1.0152,449.54,470.27,0.015625,425.93,513.18,469.1,434.72,-0.015415,0.01034,0.66909,0.055408,3.0518e-05
682,805,3,-0.99014,531.35,535.94,0,488.57,601.02,562.57,488.44,-0.0079416,0.0038564,1.2607,0.047042,0.00012207
683,806,0,-0.9953,412.96,444.82,0,399.16,479.33,434.48,390.97,-0.01122,0.0032841,0.85729,0.018747,6.1035e-05
684,807,3,-1.0002,509.72,515.59,0,480.41,549.68,547.41,471.76,-0.018094,0.0037988,1.1848,0.04945,0.00012207
685,808,0,-0.96811,364.99,375.29,0,346.89,412.37,382.01,340.47,-0.02042,0.0036045,0.69275,0.063027,3.0518e-05
686,809,1,-0.92833,429.54,450.29,0,409.43,497.88,452.32,396.36,-0.021939,0.0014476,1.0883,0.032977,9.1553e-05
687,810,1,-0.95202,414.41,392.28,0,396.26,432.92,429.45,358.61,-0.013624,0.0012769,0.80947,0.028131,6.1035e-05
688,811,1,-1.0117,495.42,492.29,0,465.14,543.28,522.13,447.3,-0.016182,0.0037532,0.80256,0.050421,6.1035e-05
689,812,2,-1.0099,505.28,507.84,0,478.16,555.46,534.15,457.15,-0.021753,0.00256,1.1111,0.24164,0.00012207
690,813,1,-0.92583,442.06,415.27,0,418.55,461.95,461.55,376.59,-0.0046487,0.002384,0.65175,0.049571,6.1035e-05
691,814,0,-0.99144,371.99,354.75,0,357.94,378.29,383.64,335.24,-0.026638,0.00059432,0.49783,0.10449,6.1035e-05
692,815,3,-1.1327,593.54,589.5,0,561.6,639.61,629.74,532.7,-0.016413,0.0049866,1.3538,0.063759,0.00018311
693,816,2,-1.0129,486.35,486.17,0,438.8,527.78,528.31,449.45,-0.015283,0.0035547,1.1482,0.052228,9.1553e-05
694,817,1,-1.0184,413.88,416.09,0,399.53,459.63,431.2,363.53,-0.029452,0.0037143,0.89957,0.10255,9.1553e-05
695,818,1,-0.98482,345.56,332.61,0,329.79,370.69,358.62,301.07,-0.030216,0.0019461,0.64059,0.10069,6.1035e-05
696,819,3,-0.96551,545.07,574.7,0,510.35,621.45,592.65,510.64,-0.015513,0.0021287,1.488,0.051837,0.00012207
697,820,0,-0.9922,412.91,452.86,0,403.38,485.15,433.87,381.83,-0.035677,0.0033071,0.83558,0.27236,3.0518e-05
698,821,2,-0.93111,518.24,518.74,0,479.61,559.35,559.35,475.51,-0.02291,0.0027819,1.1049,0.06178,0.00012207
699,822,3,-0.98382,506.44,512.48,0,456.57,557.85,553.29,469.86,-0.0059633,0.0025311,1.2674,0.045677,0.00012207
700,823,1,-0.92813,420.87,421.64,0,406.07,462.58,438.72,372.22,-0.019494,0.0027928,0.86236,0.057736,6.1035e-05
701,824,0,-0.98252,417.88,419.69,0,401.87,442.97,438.47,389.75,-0.018254,0.0056397,0.54095,0.044528,6.1035e-05
702,825,1,-1.1108,529.05,535.51,0,501.36,590.72,558.53,476.74,-0.031858,0.0046335,0.99899,0.10999,0.00012207
703,826,1,-1.0448,536.58,536.21,0,496.19,576.16,579.59,493.69,-0.022593,0.0042738,0.99426,0.042429,0.00012207
704,827,0,-0.9755,335.73,336.75,0,325.38,359.12,349.91,306.08,-0.010561,0.0054658,0.53087,0.023986,3.0518e-05
705,828,1,-0.9901,453.06,453.36,0,420.92,507.41,479.69,408.57,-0.021802,0.0033289,0.84414,0.073963,9.1553e-05
706,829,3,-0.97881,523.21,534.17,0,477.44,570.84,585.93,483.92,-0.010011,0.002592,1.2852,0.051251,0.00012207
707,830,3,-0.97473,513.56,522.95,0,480.03,579.93,551.57,458.37,-0.011391,0.0026383,1.1352,0.050814,6.1035e-05
708,831,1,-0.87424,490.78,509.02,0,464.05,551.98,527.4,450.15,-0.032041,0.0019387,1.0311,0.05084,0.00012207
709,832,1,-1.0558,432.33,436.05,0,409.89,480.82,456.22,388.39,-0.033136,0.0041732,0.84932,0.0914,9.1553e-05
710,833,3,-0.94464,491.5,502.09,0,471.95,555.12,513.65,441.99,-0.0096452,0.002237,1.1339,0.04569,0.00012207
711,834,1,-0.963,511.9,538.05,0,479.26,590.34,553.86,470.82,-0.016201,0.0020371,0.98157,0.050419,0.00012207
712,835,2,-1.0184,526,508.65,0,485.67,581.06,553.6,459.11,-0.017162,0.0011901,0.79198,0.046821,0.00012207
713,836,1,-1.0334,475.64,514.18,0,462.2,561.55,499.6,429.74,-0.013061,0.0031345,1.028,0.068118,9.1553e-05
714,837,3,-1.0567,578.29,558.4,0,539.53,611.72,619.55,501.64,-0.016269,0.001841,1.1699,0.035479,0.00012207
715,838,1,-0.94414,472.72,468.78,0,448.32,538.21,489.42,421.28,-0.009619,0.002214,0.73146,0.031099,9.1553e-05
716,839,0,-0.98632,422.12,416.25,0,395.32,475.29,435.2,387.41,-0.0118,0.0012666,0.43086,0.010058,3.0518e-05
717,840,1,-0.94477,334.06,317.31,0,319.77,356.69,343.84,290.37,-0.0035043,0.0012892,0.6238,0.012056,6.1035e-05
718,841,1,-0.98931,457.09,473.77,0,431.38,522.69,484.45,421.69,-0.028076,0.0023476,0.7449,0.062624,6.1035e-05
719,842,2,-0.93999,512.55,513.12,0,479.7,551.51,554.78,463.78,-0.018428,0.0019351,1.0183,0.05175,6.1035e-05
720,843,0,-0.98506,419.48,423.86,0,400.51,470.09,436.21,383.07,-0.0031343,0.0029726,0.64942,0.066568,6.1035e-05
721,844,3,-0.97219,567.38,562.79,0,527.82,618.54,604.54,510.41,-0.0073389,0.0022116,1.232,0.051238,0.00018311
722,845,2,-0.93711,482.94,475.85,0,446.91,517.14,518.97,434.56,-0.013699,0.0015274,0.91873,0.028812,9.1553e-05
723,846,1,-0.90883,509.04,533.31,0,473.09,595.12,547.31,467.51,-0.022328,0.0016792,0.88745,0.075033,0.00012207
724,847,0,-1.0217,412.22,441.21,0,398.4,475.5,428.9,399.82,-0.029858,0.0039529,0.96365,0.43733,6.1035e-05
725,848,0,-0.98666,403.27,403.27,0,383.69,428.82,424.11,376.08,-0.011662,0.0039556,0.63687,0.068731,6.1035e-05
726,849,2,-1.0497,518.88,522.46,0,483.35,567.09,556.69,474.95,-0.02295,0.0037874,0.93565,0.078919,6.1035e-05
727,850,0,-0.9594,401.36,404.55,0,381.11,443.92,419.23,369.81,-0.005618,0.0022149,0.49318,0.0026655,3.0518e-05
728,851,0,-0.93682,297.16,289.59,0,286.45,308.84,307.21,271.52,-0.0095801,0.0024233,0.48736,0.011117,3.0518e-05
729,852,1,-1.0945,397.11,386.65,0,377.11,421.28,414.76,356.1,-0.020133,0.0087548,0.87275,0.14082,6.1035e-05
730,853,3,-1.0826,521.64,526.77,0,484.97,563.07,558.3,490.46,-0.015501,0.004015,1.2427,0.05585,0.00012207
731,854,0,-0.93259,365.68,392.4,0,348.32,427.31,386.62,350.27,-0.023998,0.0071683,0.88378,0.037058,6.1035e-05
732,855,2,-1.0039,491,471.71,0,458.36,510.12,519.8,437.82,-0.01675,0.0025092,0.93868,0.032978,0.00012207
733,856,1,-1.0374,557.23,571.29,0,518.63,612.22,603.81,521.9,-0.016789,0.0033835,1.0213,0.048739,0.00012207
734,857,0,-1.105,453.44,471.18,0.078125,436.96,517.61,467.09,432.7,-0.020523,0.039637,0.75452,0.043733,6.1035e-05
735,858,3,-0.99614,515.93,500.89,0,485.04,534.11,550.94,463.25,-0.0040277,0.002891,1.0639,0.040524,0.00012207
736,859,2,-1.0586,497.53,508.98,0,462.97,537.87,551.45,463.92,-0.006657,0.0023179,0.95603,0.044478,6.1035e-05
737,860,0,-1.0111,458.05,478.45,0.078125,441.15,520.46,472.96,441.38,-0.018198,0.039894,0.62097,0.037647,6.1035e-05
738,861,3,-1.0163,501.29,500.65,0,465.21,535.28,533.13,470.09,-0.016034,0.0020104,1.1478,0.037871,0.00012207
739,862,2,-0.95846,438.14,419.13,0,412.24,457.94,458.29,388.94,-0.017378,0.0029252,0.90656,0.056197,6.1035e-05
740,863,3,-1.0511,526.37,517.6,0,497.53,560.43,550.26,482.12,-0.0083467,0.0019624,1.274,0.034544,0.00012207
741,864,3,-1.052,465.44,453.02,0,435.67,488.6,495.21,417.44,-0.013003,0.002004,1.2131,0.04971,9.1553e-05
742,865,2,-0.99598,549.93,585.93,0,514.37,645.96,595.63,508.75,-0.018858,0.0017464,0.9415,0.082911,0.00012207
743,866,0,-1.0118,384.6,387.34,0,361.5,427.39,401.46,358.12,-0.033473,0.0024549,0.8014,0.052537,6.1035e-05
744,867,1,-0.91035,370.42,359.05,0,344.67,395.79,390.45,330.47,-0.01946,0.0022798,0.75562,0.037875,6.1035e-05
745,868,1,-0.87948,367.57,369.08,0,348.82,395.93,390.2,336.66,-0.016241,0.0019597,0.96973,0.036464,3.0518e-05
746,869,0,-1.0198,419.76,419.81,0,410.21,470.22,427.67,378.05,-0.010278,0.0052827,0.74431,0.044054,6.1035e-05
747,870,0,-0.91309,354.18,359.62,0,338.51,398.05,366.37,329.73,-0.033359,0.0036629,0.71876,0.11395,3.0518e-05
748,871,0,-0.95541,369.22,373.18,0,347.32,423.71,383.26,340.79,-0.040559,0.003001,0.62059,0.09188,6.1035e-05
749,872,3,-1.0875,534.42,529.47,0,498.74,585.42,572.42,469.92,-0.010326,0.0041993,1.3366,0.043375,0.00012207
750,873,1,-1.0539,417.63,412.02,0,395.93,457.78,434.52,376.42,0.00041567,0.002606,1.0793,0.051948,6.1035e-05
751,874,2,-1.0119,539.49,536.45,0,498.35,599.12,573.58,484.53,-0.017126,0.0028746,1.0137,0.075624,9.1553e-05
752,875,2,-1.0199,474.85,468.46,0,452.58,503.5,507.41,417.25,-0.0071077,0.0028606,0.88872,0.040827,0.00012207
753,876,1,-1.0278,457.16,467.47,0,433.91,536.91,476.42,409.94,-0.018056,0.0037958,0.74231,0.043313,6.1035e-05
754,877,0,-0.99122,363.87,364.93,0,347.99,392.96,380.77,335.1,-0.035284,0.0019055,0.46198,0.060104,6.1035e-05
755,878,2,-0.97951,464.66,486.01,0,445.84,529.77,492.16,422.05,-0.011685,0.0014433,0.75734,0.027718,9.1553e-05
756,879,3,-1.0114,504.38,514.34,0,475.51,573.12,535.11,451.78,-0.003883,0.0012478,1.0208,0.068437,9.1553e-05
757,880,1,-1.0186,431.6,438.99,0,409.49,499.97,448.81,391.56,-0.014363,0.002237,0.56173,0.015952,6.1035e-05
758,881,0,-0.97063,452.92,464.59,0,434.59,508.55,473.69,414.76,-0.011749,0.00088278,0.41707,0.025022,3.0518e-05
759,882,1,-1.0545,512.31,512.11,0,486.77,563.29,537.85,460.93,-0.012958,0.0023306,0.84612,0.015769,0.00012207
760,883,1,-0.93598,323.17,326.92,0,312.71,358.95,335.02,290.63,-0.0062811,0.0027374,0.57683,0.068253,6.1035e-05
761,884,3,-0.99081,539,517.86,0,503.87,571.11,574.13,464.62,-0.010237,0.0018608,0.94565,0.051783,0.00012207
762,885,1,-0.94253,407.86,424.04,0,385.58,470.8,430.13,377.29,-0.021114,0.0014267,0.67932,0.041569,6.1035e-05
763,886,2,-1.01,460.57,451.05,0,426.01,512.15,485.78,406.46,-0.0049316,0.0013523,0.60978,0.04137,6.1035e-05
764,887,1,-1.0221,503.2,519.25,0,487.99,589.29,517.49,453.45,-0.025761,0.0024788,0.72187,0.074905,0.00012207
765,888,1,-1.0524,565.91,580.15,0,523.8,653.41,603.06,515.5,-0.023594,0.0026297,0.74694,0.10125,0.00012207
766,889,1,-1.0001,465.33,470.12,0,435.99,520.97,491.22,425.25,-0.018912,0.00126,0.8063,0.060824,9.1553e-05
767,890,1,-0.85921,406.92,415.37,0,394.01,449.64,427.06,361.92,-0.023516,0.0041025,0.56759,0.066274,6.1035e-05
768,891,2,-1.0425,536.32,517.99,0,513.12,566.96,558.11,471.98,-0.023396,0.0036269,0.98562,0.063265,0.00012207
769,892,2,-1.003,465.11,478.92,0,439.24,523.61,494.43,428.27,-0.018311,0.0016168,0.88068,0.053696,9.1553e-05
770,893,1,-0.96407,359.13,332.89,0,347.43,366.28,370.12,301.53,-0.018978,0.0021624,0.59028,0.027986,6.1035e-05
771,894,0,-0.999,350.4,367.8,0,330.48,408.73,369.11,329.35,-0.033142,0.0031888,0.53014,0.020628,3.0518e-05
772,895,0,-0.98042,342.66,349.87,0,325.52,385.38,359.8,314.36,0.0037285,0.0045151,0.89348,0.0074661,3.0518e-05
773,896,2,-0.9666,498.16,494.41,0,471.67,561.56,523.04,431.34,-0.022855,0.0018137,0.80758,0.040088,0.00012207
774,897,3,-1.054,492.86,482.77,0,464.54,532.06,524.95,426.9,-0.0095079,0.0024189,0.89851,0.048528,0.00012207
775,898,3,-1.0096,581.33,606.77,0,554.65,658.64,628.9,514.3,0.0029611,0.0018134,1.028,0.035839,0.00018311
776,899,1,-1.0112,498.23,504.56,0,477.53,557.33,520.26,448.38,-0.028168,0.0024415,0.69997,0.067679,9.1553e-05
777,900,1,-0.93621,438.94,457.06,0,413.14,513.99,464.75,400.12,-0.015069,0.0020831,0.62122,0.075447,9.1553e-05
778,901,1,-0.9766,442.77,448.16,0,424.59,485.85,467.67,396.52,-0.01032,0.0013497,0.65485,0.041073,6.1035e-05
779,902,2,-0.97478,549.89,549.17,0,513.14,617.82,586.64,480.53,-0.010864,0.0017812,0.65515,0.034595,6.1035e-05
780,903,1,-1.0021,396.89,385.72,0,388.71,436.06,404.56,338.43,-0.02144,0.00225,0.43235,0.077182,3.0518e-05
781,904,1,-0.97287,375.83,364.41,0,362.15,392.76,393.42,327.96,-0.0085769,0.00052667,0.39589,0.010792,3.0518e-05
782,905,2,-1.0541,518.21,498.73,0,485.29,544.52,551.13,452.95,-0.018732,0.0032029,0.79754,0.12022,0.00012207
783,906,3,-0.9773,584.19,550.06,0,530.36,604.56,626.06,507.67,0.008152,0.0022283,0.94937,0.051481,0.00012207
784,907,1,-1.0561,481.57,494.63,0,446.3,557.48,512.7,439.17,-0.010231,0.0037324,0.77591,0.078738,6.1035e-05
785,908,1,-0.88353,431.81,437.29,0,411.98,468.37,462.76,388.79,-0.016787,0.0020756,0.6722,0.014759,6.1035e-05
786,909,2,-0.95109,521.04,483.16,0,477.07,520.56,555.24,454.08,-0.021324,0.0028296,0.77978,0.049277,0.00012207
787,910,3,-1.0113,526.05,522.61,0,481.81,559.86,576.19,480.39,-0.011318,0.002419,1.0235,0.036406,0.00012207
788,911,0,-1.0013,366.92,363.15,0,350.41,393.73,382.43,334.43,-0.026044,0.005426,0.4602,0.04321,6.1035e-05
789,912,1,-0.89447,372.19,370.74,0,357.95,415.94,386.43,325.55,-0.022151,0.0032552,0.50261,0.037288,3.0518e-05
790,913,1,-0.98433,402.25,390.37,0,391.11,426.47,414.11,351.94,-0.031673,0.0035999,0.67669,0.15802,6.1035e-05
791,914,0,-0.9838,393.43,411.46,0,379.29,460.6,407.57,362.32,-0.02571,0.00087145,0.44766,0.010406,6.1035e-05
792,915,1,-0.98513,459.87,446.17,0,443.22,517.84,471.27,397.13,-0.029398,0.001415,0.56269,0.19199,6.1035e-05
793,916,2,-1.0238,491.46,500.23,0,470.14,549.12,522.62,428.77,-0.0082255,0.0022012,0.69624,0.046257,0.00012207
794,917,2,-1.0289,516.82,521.76,0,476.15,601.21,544.64,467.39,-0.025061,0.0014423,0.72674,0.096406,9.1553e-05
795,918,2,-0.91471,429.28,414.4,0,404.51,454.81,455.64,371.38,-0.006932,0.0028128,0.70266,0.02386,6.1035e-05
796,919,3,-0.94961,483.33,488.72,0,454.86,551.11,508.44,433.67,-0.004824,0.0012379,0.70195,0.12562,0.00012207
797,920,2,-1.0421,418.55,413.97,0,396.2,467.95,437.07,369.25,-0.016972,0.0015009,0.80843,0.058235,6.1035e-05
798,921,2,-0.95708,536.44,520.44,0,512.82,598.87,556.01,455.45,-0.015569,0.0014308,0.63546,0.085311,9.1553e-05
799,922,1,-1.0326,380.95,357.23,0,357.2,392.6,398.28,331.41,-0.023056,0.0053195,0.55053,0.067027,6.1035e-05
800,923,1,-1.0132,457.74,454.28,0,416.95,514.25,487.51,410.52,-0.0017601,0.0024244,0.54066,0.048575,6.1035e-05
801,924,3,-1.0358,542.65,530.59,0,522.75,578.37,568.24,469.16,-0.0040599,0.0033336,0.90554,0.068677,0.00012207
802,925,0,-0.98067,414.86,418.81,0,397.04,456.41,432.68,381.2,-0.0092669,0.0017125,0.46636,0.032649,3.0518e-05
803,926,1,-0.9118,450.2,440.39,0,425.78,470.86,477.87,405.85,-0.002589,0.0014889,0.55808,0.01684,6.1035e-05
804,927,0,-1.0013,459.71,480.77,0.015625,443.86,526.05,472.85,443.26,-0.019796,0.012759,0.43815,0.075123,6.1035e-05
805,928,3,-1,538.18,498.35,0,500.09,527.18,576.28,469.52,-0.0048104,0.0069977,0.83499,0.029937,0.00012207
806,929,0,-0.99829,420.3,428.88,0.015625,409.21,454.68,436.51,391.17,-0.0093027,0.01106,0.58094,0.025564,3.0518e-05
807,930,0,-1.0094,385.97,369.15,0,367.09,398.25,401.61,345.05,-0.047829,0.0012134,0.46567,0.31344,3.0518e-05
808,931,0,-0.95292,390.59,393.81,0,372.89,435.27,407.21,354.86,-0.020617,0.0026535,0.48573,0.013363,3.0518e-05
809,932,2,-0.95093,529.79,507.97,0,478.55,552.48,569.64,473.36,-0.0075915,0.0018136,0.55029,0.070811,0.00012207
810,933,2,-0.99732,544.67,503.25,0,518.64,546.83,566.23,467.14,-0.013902,0.0023441,0.7133,0.15506,9.1553e-05
811,934,1,-0.96488,421.79,411.32,0,401.23,453.42,443.68,366.5,-0.024082,0.0015083,0.40759,0.088195,6.1035e-05
812,935,2,-1.0811,514,495.11,0,479.53,560.13,539.15,447.66,-0.01747,0.0017356,0.78103,0.064062,6.1035e-05
813,936,0,-0.93061,396.29,400.81,0,386.77,453.6,404.19,357.07,-0.018943,0.0016018,0.37065,0.064816,6.1035e-05
814,937,3,-1.0494,552.84,535.98,0,540.16,613.3,564.74,463.35,-0.015366,0.002339,0.82869,0.081939,0.00012207
815,938,1,-0.89709,439.11,428.52,0,417.53,462.93,462.08,391.89,-0.027985,0.0029811,0.53209,0.064635,6.1035e-05
816,939,2,-0.96979,544.02,559.73,0,514.83,635.28,575.1,479.3,-0.0018409,0.0017907,0.86986,0.039436,9.1553e-05
817,940,1,-0.97837,489.04,469.59,0,468.7,530.13,505.9,419.43,-0.017478,0.0022535,0.79728,0.028174,6.1035e-05
818,941,2,-0.93431,538.95,548.41,0,516.4,609.98,567.93,469.24,-0.018752,0.0021071,0.85831,0.042446,0.00012207
819,942,2,-1.037,593.68,558.4,0,569.3,616.95,616.58,503.4,-0.01231,0.002639,0.82738,0.049448,0.00012207
820,943,0,-0.98281,386.08,398.51,0,371.21,442.54,402.94,348.61,-0.015275,0.0024581,0.49847,0.019931,6.1035e-05
821,944,3,-0.98449,514.32,511.66,0,509.78,565.72,520.53,437.57,-0.0087487,0.0024406,0.92447,0.11714,0.00012207
822,945,3,-1.0187,575.64,530.69,0,549.44,587.47,597.35,483.65,-0.0092051,0.0015011,0.91718,0.055508,0.00012207
823,946,0,-0.97726,344.38,343.5,0,334.83,365.7,357.45,313.09,-0.009505,0.0014194,0.33497,0.0068758,3.0518e-05
824,947,2,-1.0403,530,520.45,0,499.23,593.96,553.92,463.28,-0.017818,0.0021877,0.83827,0.036832,0.00012207
825,948,1,-1.0355,445.8,461.04,0,426.88,526.11,465.94,391.76,-0.035248,0.0019223,0.67374,0.19861,6.1035e-05
826,949,1,-0.93297,404.4,398.79,0,380.19,446.11,423.24,361.99,-0.0157,0.0021229,0.57139,0.037789,6.1035e-05
827,950,2,-0.97937,511.79,503.14,0,486.93,541.76,545.86,450.22,-0.015486,0.0011921,0.69638,0.062867,0.00012207
828,951,0,-0.97948,382.77,384.3,0,364.89,430.36,396.67,348.47,-0.017951,0.0034972,0.31236,0.021884,3.0518e-05
829,952,0,-0.92926,446.32,465.24,0.015625,425.19,503.5,462.75,435.49,-0.025645,0.010419,0.52493,0.094532,6.1035e-05
830,953,0,-1.357,458.67,460.19,0.40625,445.69,511.79,471.66,408.59,-0.035965,0.169,0.64545,0.08615,6.1035e-05
831,954,2,-1.0493,565.81,547.75,0,518.3,607.61,602.76,501.19,-0.01109,0.025258,0.92871,0.060349,0.00012207
832,955,0,-1.1963,463.79,487.57,0.20312,454.75,532.92,474.03,436.16,-0.019109,0.08629,0.67329,0.021901,3.0518e-05
833,956,1,-1.0161,406.89,374.72,0,391.33,431,415.61,343.15,-0.021853,0.02672,0.39252,0.046405,9.1553e-05
834,957,0,-0.99219,438.8,443.59,0,424.38,464.97,457.34,416.1,-0.035682,0.0057889,0.37185,0.14859,3.0518e-05
835,958,0,-2.1635,467.05,461.13,1.2969,464.74,523.08,469.35,399.17,-0.031492,0.95157,0.62475,0.10959,6.1035e-05
836,959,1,-1.0073,426.62,409.16,0,407.22,458.77,439.9,375.22,-0.015243,0.12838,0.4804,0.05002,6.1035e-05
837,960,2,-0.96366,610.33,559.64,0,582.59,609.8,633.31,518.08,-0.0057913,0.0081501,0.96925,0.027674,0.00012207
838,961,0,-0.99622,404.14,397,0,386.32,427.94,420.88,367.93,-0.030362,0.0023246,0.65714,0.069756,6.1035e-05
839,962,1,-0.98836,373.19,339.7,0,362.87,365.17,381.22,319.9,-0.013216,0.0017401,0.32588,0.036291,3.0518e-05
840,963,1,-1.0112,468.95,467.84,0,447.19,506.6,493.62,423.92,-0.011759,0.0026894,0.73156,0.034008,6.1035e-05
841,964,2,-1.0409,535.18,505.97,0,494,560.67,565.23,466.04,-0.025636,0.0018897,0.73699,0.070143,0.00012207
842,965,2,-0.99841,504.48,470.08,0,497.8,524.92,509.69,427.43,-0.019569,0.0032298,0.69189,0.059563,9.1553e-05
843,966,2,-0.98719,482.01,476.82,0,471.6,528.18,495.39,410.78,0.080016,0.0025866,0.68599,0.061063,6.1035e-05
844,967,3,-0.95013,580.29,542.81,0,548.46,620.83,603.51,485.87,-0.008292,0.0023433,0.90995,0.032321,0.00012207
845,968,3,-0.97643,500.85,481.05,0,469.09,518.12,539.18,436.32,-0.016072,0.002229,0.9017,0.051764,0.00012207
846,969,0,-0.98015,379.39,386.66,0,364.88,427.06,393.89,346.26,-0.010987,0.0034836,0.42963,0.033357,3.0518e-05
847,970,3,-1.0464,619.68,564.04,0,584.41,592.76,659.64,531.49,-0.016124,0.0029661,1.1403,0.036134,0.00012207
848,971,3,-1.0697,524.4,512.66,0,500.97,538.86,566.17,465.96,-0.014229,0.0023276,1.1011,0.060144,0.00012207
849,972,0,-1.0082,368.75,377.63,0,366.77,423.01,370.85,329.33,-0.011522,0.0062132,0.63615,0.064035,6.1035e-05
850,973,3,-1.0513,476.72,466.52,0,446.77,535.68,495.92,422.19,-0.01538,0.0035437,0.89004,0.013412,0.00012207
851,974,0,-0.99144,401.47,433.44,0,387.03,471.9,424,373.44,-0.030122,0.00080773,0.45554,0.10112,3.0518e-05
852,975,3,-0.97468,451.78,484.44,0,433.96,540.67,477.82,402.25,-0.0037612,0.0018769,0.77481,0.079564,9.1553e-05
853,976,2,-1.0506,537.87,538.36,0,511.96,607.75,563.77,468.98,-0.023375,0.0027088,0.77266,0.083223,0.00012207
854,977,2,-0.92975,445.86,436.81,0,414.23,495.48,470.47,391.17,-0.0083662,0.0029319,0.74798,0.033647,0.00012207
855,978,3,-0.94221,571.75,546.3,0,528.77,601.14,617.51,487.92,-0.0066666,0.0015143,0.7343,0.061495,0.00012207
856,979,1,-0.9398,367.79,367.96,0,347.31,401.42,391.01,330.04,-0.026149,0.0061593,0.46911,0.08951,3.0518e-05
857,980,2,-1.0515,504.19,504.07,0,472.59,540.32,547.49,454.39,-0.0079493,0.0048948,0.91365,0.059121,6.1035e-05
858,981,2,-1.086,555.1,552.39,0,525.88,617.05,584.32,487.73,-0.022118,0.0023467,0.9232,0.050716,0.00012207
859,982,0,-1.0071,375.15,374.7,0,355.09,428.99,388.02,339.91,-0.020539,0.0044941,0.55446,0.095569,3.0518e-05
860,983,0,-1.1298,454.27,477.01,0.17188,442.01,538.66,466.53,415.37,-0.027345,0.091529,0.63265,0.0365,6.1035e-05
861,984,3,-1.0662,531.04,529.82,0,478.5,562.1,583.59,497.54,-0.010922,0.0038288,1.1065,0.028008,0.00012207
862,985,2,-0.99645,503.79,486.71,0,470.62,529.49,531.27,451.25,-0.02714,0.0039302,0.86469,0.075195,9.1553e-05
863,986,0,-0.99733,425.45,419,0,415.79,449.84,437.11,381.79,-0.028114,0.0049454,0.49539,0.088418,6.1035e-05
864,987,0,-0.90555,391.98,396.91,0,380.68,425.42,408.49,355.24,-0.024945,0.0071263,0.52508,0.084771,6.1035e-05
865,988,0,-1.0067,416.77,443.2,0,399.19,489.04,437.97,387.89,-0.017414,0.0034418,0.5745,0.030983,6.1035e-05
866,989,1,-1.0263,371.7,338.49,0,362.37,377.6,377.68,313.41,-0.025719,0.0060961,0.77759,0.034361,6.1035e-05
867,990,0,-1.0248,452.04,474.19,0.0625,441.97,523.05,462.76,422.18,-0.037998,0.022901,0.71512,0.061001,6.1035e-05
868,991,2,-1.0379,502.61,522.26,0,491.45,579.3,517.9,444.09,-0.0060762,0.0037448,1.0094,0.034225,0.00012207
869,992,2,-1.0597,565.82,565.6,0,526.28,625.85,605.35,505.35,-0.0075448,0.0015564,0.83744,0.023687,0.00012207
870,993,0,-0.98684,423.73,449.51,0,414.66,500.47,435.4,384,-0.020335,0.0056165,0.62133,0.052464,3.0518e-05
871,994,1,-1.0081,358.58,331.37,0,348.09,357.51,367.27,309.71,-0.027665,0.0027105,0.44617,0.035064,3.0518e-05
872,995,1,-0.95269,442.37,409.98,0,422.31,441.27,457.02,387.15,-0.023783,0.0026155,0.66287,0.047868,6.1035e-05
873,996,0,-1.1597,454.01,462.22,0.20312,449.67,533.17,457.39,407.03,-0.034428,0.093842,0.65394,0.053511,6.1035e-05
874,997,0,-0.95798,424.36,420.08,0,408.65,465.01,437.38,382.85,-0.0092826,0.01999,0.60531,0.029594,6.1035e-05
875,998,1,-1.0208,478.86,493.43,0,454.44,550.87,506.54,428.33,-0.017076,0.0039934,0.91977,0.040692,9.1553e-05
876,999,3,-0.99461,530.5,508.14,0,509.1,565.55,553.28,447.02,-0.017346,0.0022873,0.91459,0.026311,0.00012207
877,1000,1,-0.96326,394.13,380.05,0,380.47,417.99,407.79,342.11,-0.026008,0.0028567,0.5834,0.092688,6.1035e-05
878,1001,0,-0.96094,384.72,396.18,0,365.66,439.18,405.01,350.41,-0.021838,0.0017388,0.5232,0.07808,3.0518e-05
879,1002,3,-0.96761,523.08,517.6,0,490.47,552.36,557.79,480.6,-0.0086584,0.0023961,0.89652,0.055001,0.00012207
880,1003,3,-0.99814,542.06,548.94,0,499.1,609.72,593.91,475.59,-0.008401,0.0018475,0.97433,0.099072,0.00012207
881,1004,1,-1.0249,439.51,422.82,0,415.27,468.38,460.89,382.61,-0.021887,0.0031204,0.67247,0.088958,3.0518e-05
882,1005,2,-1.0548,523.96,509.29,0,491.55,556.56,558.47,458.97,-0.022726,0.0026241,0.91147,0.15279,6.1035e-05
883,1006,2,-0.91788,551.15,572.75,0,506.14,635.28,596.16,510.22,-0.018383,0.0027468,0.93626,0.040494,0.00012207
884,1007,1,-0.99066,372.32,371.05,0,361,398.46,391.17,325.37,-0.017162,0.0035277,0.51199,0.032078,6.1035e-05
885,1008,0,-1.0034,393.21,398.07,0,381.07,432.69,404.62,365.55,-0.025108,0.002512,0.45768,0.10206,6.1035e-05
886,1009,0,-1.0694,465.2,485.05,0.14062,448.93,520.84,476.33,460.57,-0.02227,0.071625,0.37568,0.057852,6.1035e-05
887,1010,0,-1.3033,438.89,421.99,0.40625,427.8,494.73,444.7,383.89,-0.045322,0.17301,0.51766,0.068665,3.0518e-05
888,1011,3,-0.98267,505.63,488.67,0,483.21,537.82,528.05,439.52,-0.010642,0.019076,0.80044,0.090979,6.1035e-05
889,1012,3,-1.0297,527.01,502.81,0,486.41,579.91,551.38,456.56,-0.0033639,0.0025289,0.76167,0.036769,9.1553e-05
890,1013,3,-1.084,530.08,492.13,0,501.58,543.89,555.23,446.45,-0.0095151,0.0019732,0.88868,0.083009,0.00012207
891,1014,2,-0.95465,458.48,443.2,0,445.81,495.7,471.96,387.31,-0.0081553,0.0037907,0.67365,0.020659,6.1035e-05
892,1015,1,-0.91644,546.22,549.13,0,512.74,621.35,575.76,485.41,-0.0053141,0.0019599,0.67167,0.10584,9.1553e-05
893,1016,2,-1.0344,453.4,429.07,0,417.77,478.27,476.24,397.53,-0.01579,0.0015041,0.76058,0.030219,6.1035e-05
894,1017,0,-0.97228,426.33,432.49,0.03125,420.03,479.17,433.03,382.79,-0.018,0.037415,0.70784,0.024139,6.1035e-05
895,1018,1,-0.9796,351.32,354.7,0,343.02,385.57,365.16,303.27,-0.017779,0.0034709,0.6644,0.061165,3.0518e-05
896,1019,2,-0.98734,604.23,620.18,0,567.64,677.7,661.31,530.44,-0.020931,0.0029337,0.96398,0.10414,0.00012207
897,1020,3,-1.0336,592.36,590.24,0,539.72,663.06,648.39,512.71,-0.001225,0.0019587,1.015,0.029359,0.00012207
898,1021,2,-1.0319,504.65,477.39,0,486.21,524.84,520.91,435.52,-0.023378,0.0018599,0.75908,0.077459,6.1035e-05
899,1022,0,-0.975,410.69,387.79,0,399.1,413.76,422.29,361.83,-0.014671,0.0054971,0.73139,-0.003329,6.1035e-05
900,1023,1,-0.90002,342.48,339.02,0,330.18,367.19,358.3,302.81,-0.030306,0.0030671,0.47599,0.043935,3.0518e-05
901,1024,2,-0.91715,471.74,476.72,0,430.8,534.37,512.68,419.06,-0.01939,0.0013482,0.72885,0.043721,6.1035e-05
902,1025,2,-0.96785,559.98,535.44,0,530.99,590.81,588.97,480.07,-0.010416,0.0015335,0.65576,0.072608,0.00012207
903,1026,2,-0.92276,533.44,534.98,0,522.88,593.95,547,459.15,-0.01519,0.0017433,0.7673,0.066693,0.00012207
904,1027,0,-0.99768,391.43,378.91,0,368.92,419.52,404.06,356.12,-0.025609,0.0015971,0.31503,0.037436,6.1035e-05
905,1028,3,-0.98693,528.02,524.75,0,512.6,592.17,545.49,448.35,-0.02165,0.0014923,0.97343,0.053554,0.00012207
906,1029,3,-1.0468,602.63,576.65,0,559.95,679.49,629.99,510.73,-0.01095,0.0020125,1.0718,0.048174,0.00018311
907,1030,0,-1.0055,319.68,313.35,0,312.22,342.16,325.48,290.94,-0.032938,0.0024097,0.45576,0.059562,3.0518e-05
908,1031,3,-1.0265,523.67,532.99,0,499.48,588.82,551.08,469.73,-0.01448,0.0027544,1.2131,0.018622,0.00012207
909,1032,3,-1.0308,556.2,519.4,0,525.7,591.01,575.75,473.5,-0.012372,0.0022194,0.8982,0.042572,0.00012207
910,1033,0,-1.3511,440.55,460.14,0.40625,436.95,518.51,445.17,385.09,-0.044138,0.18265,0.63153,0.29644,6.1035e-05
911,1034,1,-1.0331,503.51,520.31,0,478.97,587.23,529.64,449.07,-0.0055608,0.020626,0.77257,0.027919,6.1035e-05
912,1035,3,-1.0025,572.41,565.62,0,521.09,640.86,620.61,494.94,-0.0094309,0.0027667,0.99782,0.028463,0.00018311
913,1036,3,-0.96498,541.48,540.92,0,510.49,609.51,570.59,476.5,-0.01143,0.0035744,1.0777,0.032051,0.00012207
914,1037,0,-1.2781,463.38,496.45,0.28125,449.48,560.92,477.29,431.99,-0.018341,0.13336,0.75084,0.017968,3.0518e-05
915,1038,1,-1.0107,379.07,376.16,0,358.24,451.22,393.32,324.8,-0.016104,0.01214,0.43347,0.10542,6.1035e-05
916,1039,2,-1.0211,538.7,559.36,0,519.68,616.33,566.5,476.09,-0.010679,0.0032587,0.9888,0.032457,0.00012207
917,1040,1,-0.90847,494.78,489.76,0,472.33,528.65,525.55,436.45,0.0017389,0.0028519,0.75971,0.03846,6.1035e-05
918,1041,3,-1.1227,561.07,547.28,0,513.35,600.6,600.61,503.1,-0.0069602,0.0051093,1.0575,0.019133,0.00012207
919,1042,0,-1.5075,456.2,495.88,0.5625,445.03,575,468.86,406.22,-0.015374,0.26307,0.64286,0.015457,6.1035e-05
920,1043,1,-0.97819,483.16,485.32,0,447.91,549.75,510.57,435.21,-0.0058796,0.029722,0.74085,0.061357,6.1035e-05
921,1044,2,-1.0126,514.48,531.08,0,478.36,603.99,546.34,466.74,-0.016594,0.0055795,0.94147,0.049526,6.1035e-05
922,1045,0,-0.96567,408.35,442.15,0,395.91,480,427.76,383.11,-0.017817,0.012932,0.60055,0.055822,3.0518e-05
923,1046,3,-1.0077,487.02,490.74,0,453.55,536.75,524.95,438.58,-0.015471,0.0032932,1.1177,0.039134,9.1553e-05
924,1047,3,-0.93642,492.6,499.27,0,453.51,565.17,527.09,441.12,-0.022473,0.0017825,0.84709,0.037874,0.00012207
925,1048,1,-0.96552,501.72,508.14,0,468.41,576.14,529.32,451.79,-0.020415,0.0031622,0.70216,0.05674,6.1035e-05
926,1049,3,-1.0049,524.7,515.55,0,505.58,547.65,554.53,465.47,-0.0101,0.0021069,1.1984,0.034351,6.1035e-05
927,1050,3,-0.98626,504.43,496.26,0,485.19,547.76,524.91,441.43,-0.017559,0.0015163,1.0809,0.051427,9.1553e-05
928,1051,3,-0.96647,461.99,458.5,0,430.05,506.61,493.92,410.38,-0.0053208,0.002083,0.9891,0.030218,0.00012207
929,1052,0,-1.0125,375.23,401.51,0,363.8,454.76,387.39,344.83,-0.026434,0.0033808,0.50974,0.096163,6.1035e-05
930,1053,3,-1.1359,579.23,560.06,0,551.58,633.12,599.4,506.75,-0.01143,0.0045583,1.0975,0.043844,0.00012207
931,1054,1,-1.0469,420.94,413.76,0,407.23,453.02,438.55,363.29,-0.0148,0.0034319,0.7267,0.055801,6.1035e-05
932,1055,1,-0.95282,460.86,461.35,0,427.27,510.8,492.41,414.9,-0.018264,0.0021831,0.75148,0.080756,0.00012207
933,1056,2,-0.99544,526.75,524.45,0,493.45,599.77,554.34,462.05,-0.016819,0.0032723,0.85488,0.11896,0.00012207
934,1057,0,-0.9712,423.43,449.66,0,402.32,495.4,447.36,397.82,0.0014114,0.0021369,0.42116,0.016628,3.0518e-05
935,1058,0,-0.98426,391.12,379.68,0,375.32,419.41,402.64,350.69,-0.0089461,0.0011753,0.36002,0.015703,3.0518e-05
936,1059,2,-1.0409,447.13,435.87,0,420.1,476.18,470.97,400.3,-0.021057,0.0027798,0.76031,0.051536,6.1035e-05
937,1060,3,-1.0049,592.94,565.58,0,538.75,620.31,632.49,525.64,-0.0079329,0.0029898,1.1796,0.01835,0.00012207
938,1061,0,-1.0084,402.03,404.97,0,393.53,443.66,411.08,363.78,-0.033329,0.0014045,0.53177,0.12514,6.1035e-05
939,1062,2,-1.0162,440.49,418.36,0,412.32,456.7,458.54,393.78,-0.010018,0.0014878,0.81723,0.027548,9.1553e-05
940,1063,3,-1.0422,534.38,498.24,0,501.78,528.79,571.32,463.62,-0.016808,0.0019599,0.92003,0.031992,0.00018311
941,1064,1,-1.0456,409.81,395.91,0,386.88,433.67,427.65,366.54,-0.03149,0.00293,0.63023,0.049476,6.1035e-05
942,1065,1,-1.0193,424.61,406.44,0,406.44,443.38,442.78,369.49,-0.017249,0.001943,0.6238,0.060512,6.1035e-05
943,1066,1,-0.97509,475.25,465.24,0,455.12,530.85,488.16,423.18,-0.013174,0.00079809,0.69156,0.013928,9.1553e-05
944,1067,2,-0.92514,478.95,479.11,0,454.02,522.86,511.01,422.87,-0.0078624,0.0025204,0.74556,0.034636,0.00012207
945,1068,2,-1.029,491.74,481.97,0,452.69,542.34,526.2,428.7,-0.014626,0.0020268,0.7661,0.025657,9.1553e-05
946,1069,0,-1.1188,443.73,457.08,0.21875,434.9,523.7,451.52,398.29,-0.02727,0.082609,0.59262,0.016197,6.1035e-05
947,1070,1,-0.99397,577.98,577.85,0,543.81,624.35,616.7,525.16,-0.023794,0.0054726,0.75581,0.063645,6.1035e-05
948,1071,3,-1.0097,549.88,521.26,0,491.99,578.25,589.49,482.27,-0.0093143,0.0028594,1.0632,0.03079,0.00018311
949,1072,2,-0.95401,501.51,502.77,0,477.71,556.35,528.49,442.03,-0.0048831,0.0031967,0.77361,0.058928,6.1035e-05
950,1073,1,-0.8899,403.04,399.97,0,376.37,454.04,426.58,352.26,-0.021259,0.0013998,0.50541,0.056915,6.1035e-05
951,1074,0,-0.93225,429.38,441.23,0,407.24,481.18,451.52,401.28,-0.012629,0.0015898,0.67563,0.087306,3.0518e-05
952,1075,3,-1.0074,472.25,476.84,0,432.95,537.36,504.82,426.71,-0.008243,0.0022375,1.0435,0.045435,9.1553e-05
953,1076,0,-1.5327,451.85,455.6,0.57812,443.24,512.14,459.45,405.7,-0.023612,0.29922,0.74114,0.10723,6.1035e-05
954,1077,3,-0.9612,470.47,498.48,0,436.93,565.59,504.01,431.38,-0.0079586,0.021852,0.85651,0.05694,0.00012207
955,1078,3,-1.0387,566.43,547.72,0,516.36,626.18,600.69,494.04,0.00082149,0.0034479,1.0049,0.040049,0.00012207
956,1079,3,-1.0596,576.92,607.66,0,545.82,681.7,616.92,512.46,-0.012043,0.0021882,1.1299,0.032422,0.00012207
957,1080,0,-0.94317,404,428.75,0,380.65,482.86,425.93,377.93,-0.018282,0.015694,0.7233,0.02229,6.1035e-05
958,1081,3,-0.99946,540.57,515.2,0,513.78,581.01,561.4,464.02,-0.010073,0.0029499,0.99416,0.032949,0.00012207
959,1082,3,-1.0397,468.89,474.69,0,439.87,512.82,506.2,425.67,-0.018931,0.0032829,0.96814,0.075214,9.1553e-05
960,1083,0,-1.0037,427.95,464.24,0,403.32,539.73,448.36,401.69,-0.025873,0.0035689,0.57014,0.05726,6.1035e-05
961,1084,2,-1.0542,512.9,523.52,0,484.04,625.54,533.96,449.07,-0.020308,0.0023319,0.80808,0.089063,6.1035e-05
962,1085,2,-1.0048,452.79,479.45,0,429.35,553.67,473.47,413.97,-0.015321,0.001698,0.69299,0.10077,6.1035e-05
963,1086,2,-1.0223,555.02,582.98,0,518.11,674.34,587.58,502.37,-0.012441,0.0017325,0.85912,0.038305,0.00012207
964,1087,2,-1.0405,523.95,510.45,0,468.19,597.91,553.15,464.63,-0.021224,0.0020373,0.74623,0.058695,6.1035e-05
965,1088,0,-0.98945,402.75,421.98,0,387.17,466.78,421.55,367.91,-0.021276,0.0036246,0.53004,0.082678,3.0518e-05
966,1089,3,-0.9823,513.09,556.26,0,478.79,628.82,554.49,468.68,-0.011447,0.0021169,1.1023,0.033299,0.00012207
967,1090,3,-1.0018,463.99,473.31,0,438.17,547.59,484.08,415.54,-0.012868,0.002021,0.90407,0.053582,9.1553e-05
968,1091,1,-1.0214,518.98,536.56,0,494.74,630.46,539.06,458.76,-0.013452,0.0019121,0.62071,0.035257,9.1553e-05
969,1092,1,-1.0259,467.44,480.84,0,453.08,542.15,482.73,415.57,-0.015076,0.002317,0.86906,0.057592,6.1035e-05
970,1093,3,-0.9657,514.07,568.53,0,489.23,630.38,555.47,465.43,-0.0082171,0.0019024,1.0664,0.030928,0.00012207
971,1094,1,-0.98226,475.89,481.67,0,446.37,563.34,497.44,422.06,-0.020226,0.0013472,0.67858,0.037225,6.1035e-05
972,1095,1,-0.9249,520.71,544.64,0,493.62,640.19,543.16,465.47,-0.023176,0.0017181,0.53734,0.026369,6.1035e-05
973,1096,2,-1.0763,578.87,598.3,0,535.87,660.95,621.88,535.64,-0.008696,0.0029047,1.0845,0.045943,6.1035e-05
974,1097,2,-0.92684,451.16,463.79,0,422.72,514.81,483.39,405.96,-0.024689,0.0037466,0.68941,0.027599,6.1035e-05
975,1098,2,-1.0141,445.76,466.81,0,426.68,530.91,467.38,394.15,-0.027208,0.0019231,0.75459,0.097471,6.1035e-05
976,1099,0,-1.528,451.69,501.81,0.60938,442.32,575.68,464.52,400.57,-0.030478,0.32839,0.733,0.020225,3.0518e-05
977,1100,0,-0.95368,433.33,474.07,0,413.83,525.97,456.86,411.43,-0.01841,0.071218,0.6855,0.048967,6.1035e-05
978,1101,3,-0.98165,500.77,486.26,0,446.94,538.41,548.26,440.24,-0.020507,0.0052636,1.0259,0.054684,0.00012207
979,1102,0,-0.99725,417.79,452.78,0,400.97,516.93,434.61,388.63,-0.027116,0.006607,0.63579,0.054987,6.1035e-05
980,1103,3,-0.99981,535.11,526.77,0,504.45,596.45,562.17,465.28,-0.022795,0.0027746,1.1374,0.038846,0.00012207
981,1104,1,-0.85628,419.1,440.38,0,398.1,491.05,444.45,379.24,-0.023599,0.0024231,0.65802,0.071318,6.1035e-05
982,1105,0,-0.98494,454.29,496.97,0,437.88,555.13,474.1,426.78,-0.017316,0.0020922,0.80987,0.024054,6.1035e-05
983,1106,3,-1.0303,569.8,565.54,0,530.67,636.76,606.56,498.63,-0.0071664,0.0017597,1.1141,0.016452,0.00012207
984,1107,0,-0.97876,436.17,437.59,0,416.49,483.9,451.47,401.56,-0.020037,0.0011049,0.63022,0.13976,6.1035e-05
985,1108,1,-0.9273,525.63,518.87,0,499.47,574.67,550.2,466.45,-0.018189,0.0010636,0.78958,0.050295,0.00012207
986,1109,3,-1.0344,483.88,461.1,0,465.74,505.91,502.02,416.29,-0.025599,0.0011641,0.96776,0.083959,9.1553e-05
987,1110,2,-0.99234,534.45,519.19,0,492.86,592.46,561.11,472.21,-0.017339,0.0018967,1.0233,0.038839,9.1553e-05
988,1111,1,-0.88661,523.67,555.09,0,505.62,594.72,555.83,484.46,-0.023324,0.0010181,1.031,0.055175,9.1553e-05
989,1112,0,-0.90907,339.84,349.44,0,319.71,401.45,352.74,316.1,-0.0062646,0.0011774,0.69226,0.008077,3.0518e-05
990,1113,3,-1.0571,499.81,475.39,0,468.16,525.15,520.09,443.48,-0.0094573,0.0020576,0.957,0.029375,0.00012207
991,1114,1,-1.012,409.93,406.7,0,394.98,437.26,433.26,359.03,-0.055969,0.011783,0.70162,0.32922,6.1035e-05
992,1115,0,-1.4643,467.09,511.94,0.53125,460.74,571.42,475.79,430.44,-0.018841,0.26321,0.99957,0.025931,6.1035e-05
993,1116,3,-0.94578,516.26,521.61,0,498.56,578.23,535.1,461.33,0.02003,0.015736,1.1701,0.084984,0.00012207
994,1117,3,-1.0097,488.82,469.78,0,463.96,514.64,513.68,424.91,-0.015406,0.0025325,1.178,0.069735,0.00012207
995,1118,2,-0.97305,523.55,528.89,0,495.8,588.24,553.08,465.7,0.011258,0.0034675,1.0412,0.057011,6.1035e-05
996,1119,2,-0.96256,495.52,490.68,0,459,534.97,532.04,446.39,-0.013769,0.0019631,1.1694,0.076044,6.1035e-05
997,1120,0,-1.0068,390.21,408.33,0,387.1,475.01,392.78,353.08,-0.017509,0.0054289,0.71093,0.017653,6.1035e-05
998,1121,0,-0.98975,346.48,358.2,0,335.83,392.79,357.14,323.61,-0.030671,0.0048299,0.75705,0.014958,3.0518e-05
999,1122,1,-1.0001,472.82,471.46,0,455.65,512.53,496.35,415.18,-0.016855,0.0031051,0.85196,0.061954,6.1035e-05
1000,1123,3,-0.98195,550.23,532.43,0,518.68,605.81,571.81,482.22,-0.010999,0.0019946,1.164,0.032069,0.00012207
1001,1124,2,-0.90908,492.68,526.96,0,480.53,576.97,512.94,443.6,-0.027797,0.0036876,1.2825,0.063454,6.1035e-05
1002,1125,1,-0.99859,464.3,486.02,0,444.64,537.42,489.59,419.93,-0.02403,0.0027603,1.0485,0.070878,6.1035e-05
1003,1126,2,-0.99621,467.89,459.16,0,444.81,495.53,492.46,420.43,0.0068209,0.0016528,1.2699,0.029986,6.1035e-05
1004,1127,1,-0.9422,507.06,524.53,0,492.16,602.82,521.05,450.98,-0.01777,0.0018979,1.0599,0.18417,6.1035e-05
1005,1128,1,-1.0396,498.19,517.02,0,480.05,571.69,518.75,455.06,-0.014154,0.0025709,0.9515,0.053816,6.1035e-05
1006,1129,1,-1.0781,458.42,461.28,0,434.9,516.77,476.72,418.13,-0.045313,0.0042795,0.91392,0.15444,6.1035e-05
1007,1130,3,-1.0272,540.57,507.16,0,489.41,555.2,577.89,472.1,-0.01116,0.0024882,1.1633,0.034883,0.00012207
1008,1131,1,-0.99245,414.07,400.03,0,385.88,434.38,442.25,365.67,-0.026928,0.0025567,0.88743,0.08246,6.1035e-05
1009,1132,0,-0.96907,388.45,416.95,0,378.66,450.28,402.76,368.25,-0.032333,0.0028908,0.97884,0.030779,3.0518e-05
1010,1133,3,-0.99756,456.69,479.73,0,424.07,523.62,501.38,419.58,-0.017234,0.0020633,1.3045,0.037492,6.1035e-05
1011,1134,2,-1.052,527.18,523.01,0,501.82,586.3,548.18,470.57,-0.0155,0.0012048,1.0126,0.036189,0.00012207
1012,1135,1,-0.90548,326.65,320.09,0,307.85,350.09,343.24,293.62,-0.01648,0.002452,0.99614,0.022516,6.1035e-05
1013,1136,0,-0.98792,305.28,305.83,0,293.92,334.51,314.69,282.07,-0.014288,0.0059034,0.65609,0.018086,3.0518e-05
1014,1137,0,-0.89787,414.67,418.71,0,400.03,475.07,425.36,377.58,-0.022671,0.0016008,0.6946,0.060187,6.1035e-05
1015,1138,3,-0.99489,561.4,572.17,0,533.38,631.48,593.15,504.96,-0.012067,0.0027499,1.3776,0.030792,0.00012207
1016,1139,2,-0.93035,478.22,485.34,0,452.71,545.92,500.74,431.88,-0.016074,0.0016852,0.92941,0.087384,9.1553e-05
1017,1140,1,-0.9345,458.31,448.55,0,440.33,492.18,475.19,407.56,-0.015102,0.0011999,0.69115,0.062216,6.1035e-05
1018,1141,3,-0.95796,503.02,471.63,0,476.97,513.97,527.49,431.86,-0.0058194,0.00078611,0.9626,0.14947,9.1553e-05
1019,1142,3,-1.0735,518.04,503.79,0,495.45,538.84,549,455.75,-0.014773,0.0020136,1.1571,0.043572,0.00012207
1020,1143,1,-1.0187,487.36,485.3,0,461.41,532.45,514.99,435.1,-0.012503,0.0029395,0.85782,0.044196,6.1035e-05
1021,1144,2,-0.92691,545.82,574.77,0,524.86,649.57,571.12,484.5,-0.011584,0.005022,0.99146,0.057706,0.00012207
1022,1145,2,-1.0643,503.33,488.4,0,481.44,534.01,522.65,448.15,-0.012348,0.0015518,0.96068,0.077921,0.00012207
1023,1146,2,-1.0113,527.5,546.91,0,499.46,608.11,559.28,477.56,-0.014164,0.0015075,1.0297,0.052385,9.1553e-05
1024,1147,0,-1.0101,457.7,469.65,0.03125,441.86,510.53,475.65,423.33,-0.027986,0.020264,0.60303,0.026623,6.1035e-05
1025,1148,1,-0.93025,456.02,458.74,0,433.56,506.37,479.93,408.03,-0.019045,0.0017999,0.78981,0.044883,6.1035e-05
1026,1149,2,-0.89488,464.54,486.99,0,450.02,527.94,487.19,423.11,-0.0091319,0.0012594,0.89128,0.039577,9.1553e-05
1027,1150,3,-1.017,481.33,485.73,0,462.25,524.62,505.86,435.71,-0.011242,0.0020997,1.0443,0.029858,9.1553e-05
1028,1151,1,-0.95592,369.36,369.51,0,347.38,394.92,395.9,338.83,-0.04015,0.0022413,0.80316,0.12587,3.0518e-05
1029,1152,0,-0.97158,367.68,388.77,0,354.16,423.32,385.06,344.34,-0.018671,0.0018225,0.64716,0.073169,6.1035e-05
1030,1153,3,-0.9567,543.15,536.05,0,514.95,595.5,568.04,483.6,-0.012355,0.0014852,1.0602,0.029293,9.1553e-05
1031,1154,2,-0.9675,514.95,557.44,0,495.26,613.31,541.93,480.88,-0.018905,0.0018694,1.0116,0.038946,6.1035e-05
1032,1155,1,-0.90699,431.04,438.92,0,396.9,490.11,461.16,393.75,-0.023619,0.0011055,0.85726,0.02362,6.1035e-05
1033,1156,1,-0.96479,468.16,478.91,0,449.56,515.87,492.08,431.39,-0.020369,0.0016134,0.95256,0.038305,9.1553e-05
1034,1157,0,-0.97883,406.54,425.8,0,393.49,466.3,421.34,379.9,-0.022361,0.0035496,0.78405,0.042443,3.0518e-05
1035,1158,3,-1.0245,494.45,500.75,0,469.46,561.57,512.68,456.37,0.0011754,0.0010345,0.79416,0.076537,0.00012207
1036,1159,3,-0.95735,514.07,505.29,0,487.61,556.43,542.23,450.86,-0.010124,0.0014253,0.95919,0.075831,0.00012207
1037,1160,0,-0.9883,403.74,399.56,0,385.91,434.99,418.52,370.21,-0.015224,0.0045823,0.585,0.0093272,6.1035e-05
1038,1161,0,-0.97078,423.99,445.2,0,409.92,480.45,443.27,396.88,-0.015376,0.0010204,0.7534,0.051155,6.1035e-05
1039,1162,1,-0.90957,405.2,390.02,0,386.13,419.49,420.99,365.6,-0.020813,0.0026387,0.67356,0.043556,6.1035e-05
1040,1163,3,-1.0181,460.14,460.22,0,435.86,503.36,479.03,426.66,-0.014721,0.0016058,1.1125,0.044422,9.1553e-05
1041,1164,1,-0.95796,509.47,532.68,0,485.45,581.74,540.37,469.61,-0.016579,0.0019072,0.81527,0.05876,6.1035e-05
1042,1165,1,-0.98431,535.3,507.84,0,503.32,569.62,552.06,475.48,-0.029209,0.0010691,0.55866,0.27395,0.00012207
1043,1166,3,-1.0333,515.15,485.57,0,492.82,553.16,526.06,452.57,-0.021476,0.0018459,1.0018,0.10782,0.00012207
1044,1167,2,-0.93521,537.41,510.14,0,530.05,583.09,542.46,460.23,-0.031226,0.0015506,0.91327,0.11197,6.1035e-05
1045,1168,0,-0.99598,434.82,462.24,0.046875,411.12,511.93,457.09,415.57,-0.019876,0.027255,0.78959,0.054908,6.1035e-05
1046,1169,0,-1.0995,428.07,472.43,0.03125,410.68,529.45,445.47,415.41,-0.019434,0.024402,0.85638,0.058696,6.1035e-05
1047,1170,3,-0.94941,582.96,618.17,0,545.24,710.22,620.69,526.12,-0.0042009,0.0033385,1.2862,0.044197,0.00012207
1048,1171,3,-1.0267,555.98,538.73,0,530.22,587.76,585.18,483.16,-0.017926,0.0016709,1.019,0.050625,0.00012207
1049,1172,1,-0.92102,483.44,461.22,0,464.5,513.16,495.58,427.92,-0.021761,0.0012972,0.78465,0.083431,9.1553e-05
1050,1173,2,-1.0449,473.54,463.38,0,464.86,509.75,482.22,417,-0.033176,0.0035446,1.0907,0.078716,6.1035e-05
1051,1174,0,-0.91918,448.55,480.8,0.015625,436.7,544.32,460.39,417.27,-0.024787,0.0076462,0.83098,0.029361,6.1035e-05
1052,1175,0,-0.92226,358.29,370.89,0,350.41,396.72,368.44,337.67,-0.039374,0.0016447,0.84963,0.14692,6.1035e-05
1053,1176,2,-0.94449,560.42,539.18,0,529.54,604.26,581.55,494.65,-0.016956,0.0015938,0.9734,0.032362,6.1035e-05
1054,1177,0,-1.01,442.46,443.08,0.015625,426.76,477.54,456.31,412.66,-0.012499,0.011375,0.67272,0.014139,6.1035e-05
1055,1178,3,-1.0255,529.03,518.36,0,511.99,543.83,559.42,472.97,-0.019121,0.0017868,1.0498,0.048745,0.00012207
1056,1179,2,-0.92805,536.04,534.74,0,504.76,597.46,565.42,475.81,-0.017907,0.0017442,1.0586,0.039652,6.1035e-05
1057,1180,3,-1.0487,602.9,573.29,0,567.07,625.24,638.73,521.34,-0.01289,0.00211,1.2036,0.042791,0.00012207
1058,1181,0,-0.97617,448.05,458.3,0,433.3,498.21,463.75,415.81,-0.0035328,0.0014322,0.55346,0.0062938,3.0518e-05
1059,1182,3,-0.97686,463.17,437.56,0,434.03,493.28,480.65,404.13,-0.030816,0.0014305,0.86931,0.072433,0.00012207
1060,1183,2,-0.90836,530.23,506.93,0,512.44,541.78,551.7,464.87,-0.01217,0.001678,1.0321,0.050013,0.00012207
1061,1184,3,-0.96435,520.49,473.26,0,493.59,520.27,540.12,438.96,-0.016636,0.0009355,0.91618,0.019053,0.00012207
1062,1185,2,-0.98951,487.37,447.83,0,473.3,482.54,502.35,410.89,-0.0085231,0.0011104,0.80821,0.028165,9.1553e-05
1063,1186,0,-0.95065,369.48,371,0,361.83,396.94,376.68,346.63,-0.042741,0.001603,0.87547,0.17738,3.0518e-05
1064,1187,0,-0.99576,408.83,421.98,0,394.9,454.96,423.66,386.86,-0.014214,0.00078566,0.8524,0.046354,3.0518e-05
1065,1188,3,-1.0036,457.46,472.73,0,433.05,504.87,490.91,428.7,-0.015574,0.001624,1.0492,0.034577,0.00012207
1066,1189,3,-1.001,521.87,509.94,0,500.83,543.6,552.61,460.73,-0.013179,0.0011754,1.082,0.070663,0.00018311
1067,1190,2,-0.93024,566.16,561.42,0,530.59,617.24,595.63,515.17,-0.011501,0.0017127,1.1334,0.017975,6.1035e-05
1068,1191,1,-0.98899,403.47,377,0,382.42,421.98,416.95,348.18,-0.034771,0.0014044,0.58485,0.087319,6.1035e-05
1069,1192,0,-1.0559,451.11,461.96,0.078125,438.19,495.46,467.72,418.89,-0.013097,0.054407,0.81266,0.039124,6.1035e-05
1070,1193,3,-1.0497,503.69,474.91,0,483.88,519.94,524.77,426.98,-0.013488,0.0016965,0.99465,0.026814,0.00012207
1071,1194,1,-1.0601,475.53,489.7,0,470.39,564.9,480.36,419.05,-0.029457,0.0023025,0.89766,0.12752,6.1035e-05
1072,1195,3,-0.98785,577.72,559.41,0,554.78,644.83,593.41,500.96,-0.013977,0.0011175,1.1749,0.019438,0.00012207
1073,1196,1,-0.99356,443.24,428.88,0,430.1,469.27,455.6,390.95,-0.024783,0.0029459,0.97826,0.063172,6.1035e-05
1074,1197,1,-1.0078,387.93,381.98,0,369.78,423.41,403.95,345.43,-0.028396,0.0020414,0.67028,0.10592,6.1035e-05
1075,1198,1,-0.9361,334.58,333.54,0,315.27,367.31,352.72,301.82,-0.02259,0.0013127,0.65931,0.053647,6.1035e-05
1076,1199,2,-0.94808,562.08,546.54,0,532.98,585.95,599.49,495.86,-0.025316,0.0019185,1.0026,0.1339,0.00012207
1077,1200,3,-1.0103,519.86,476.16,0,497.24,523.36,543.93,425.91,-0.016251,0.00095906,0.97589,0.050512,0.00012207
1078,1201,0,-0.98258,366.09,368.08,0,352.44,397.94,378.14,341.74,-0.0095391,0.0024559,0.62659,0.019408,3.0518e-05
1079,1202,3,-0.98859,479.72,507.47,0,456.95,554.39,510.93,443.17,-0.029811,0.0014624,1.1669,0.069901,9.1553e-05
1080,1203,0,-0.97569,346.24,349.4,0,335.35,374.17,360.24,317.54,-0.01651,0.002699,0.65171,0.036263,3.0518e-05
1081,1204,1,-0.98561,366.37,354.2,0,351.04,386.85,381.71,321.54,-0.023003,0.0018201,0.52739,0.04613,6.1035e-05
1082,1205,0,-1.1524,448.67,442.34,0.14062,434,479.8,461.61,409.28,0.0009291,0.1408,0.61082,0.046029,6.1035e-05
1083,1206,1,-0.96484,493.2,482.3,0,461.44,550.28,512.25,441.51,-0.0086966,0.006763,0.79244,0.10683,6.1035e-05
1084,1207,3,-1.0267,494.64,475.8,0,472.25,522,520.01,423.44,-0.01963,0.0013754,1.0429,0.055609,0.00012207
1085,1208,0,-1.0228,437.34,472.1,0.015625,423.11,513.13,455.64,419.34,-0.03357,0.010154,0.773,0.061493,6.1035e-05
1086,1209,2,-0.93883,486.12,513.25,0,470.03,573.93,503.25,448.66,-0.031072,0.0021345,1.0695,0.13553,6.1035e-05
1087,1210,3,-1.0236,544.86,556.81,0,514.54,637.97,566.99,497.59,-0.018184,0.0016688,1.0606,0.10459,0.00012207
1088,1211,2,-0.98898,531.33,534.32,0,507.21,592.92,560.44,463.59,-0.022781,0.0015252,1.2551,0.072811,6.1035e-05
1089,1212,0,-1.1694,430.06,434.64,0.17188,410.9,501.9,441.56,394.29,-0.032068,0.088808,0.77787,0.023625,6.1035e-05
1090,1213,2,-0.99593,574.01,568.54,0,523.78,631.91,613.08,519.26,-0.018291,0.0056594,1.0765,0.053815,0.00012207
1091,1214,2,-1.0126,543.69,546.96,0,517.45,612.74,569.93,481.19,-0.026587,0.0027594,1.0705,0.073762,0.00012207
1092,1215,1,-0.93234,479.14,487.27,0,455.04,524.96,508.23,441.8,-0.025481,0.0016634,1.0857,0.037892,9.1553e-05
1093,1216,2,-0.98709,488.4,480.97,0,469.71,528.26,508.3,430.62,-0.01371,0.0011177,1.0517,0.043575,9.1553e-05
1094,1217,3,-1.0103,511.61,505.91,0,488.93,565.05,532.91,450.35,-0.011886,0.0013482,1.178,0.034341,0.00012207
1095,1218,2,-0.88745,484.92,465.13,0,461.15,528.28,502.26,419.04,-0.021083,0.0014853,0.82937,0.056442,9.1553e-05
1096,1219,0,-0.97834,383.88,383.83,0,367.87,419.43,399.88,348.22,-0.021425,0.0019524,0.54317,0.029928,3.0518e-05
1097,1220,2,-1.0394,506.37,518.08,0,482.65,551.25,545.91,462.81,-0.025618,0.0021841,1.131,0.037198,9.1553e-05
1098,1221,2,-0.96673,487.37,458.27,0,460.56,499.93,511.03,421.51,-0.015902,0.0012882,0.93107,0.03907,6.1035e-05
1099,1222,2,-0.91325,440.72,438.58,0,419.17,478.38,468.43,387.39,-0.015671,0.0022122,0.93728,0.026301,6.1035e-05
1100,1223,0,-0.98136,432.32,424.25,0,415.02,459.11,448.58,391.51,0.0020964,0.0017363,0.5728,0.021245,3.0518e-05
1101,1224,3,-0.96558,535.8,534.42,0,503.69,570.75,579.8,484.63,-0.002798,0.0014031,1.16,0.018156,0.00012207
1102,1225,2,-0.97957,473.37,445.61,0,438.36,487.93,498.92,414.72,-0.017537,0.0011824,0.89575,0.043548,6.1035e-05
1103,1226,0,-0.99777,438.4,428.91,0.015625,420.55,473.39,453.19,392.06,-0.020706,0.01046,0.69026,0.053777,3.0518e-05
1104,1227,0,-0.98591,340.29,333.22,0,324.6,361.78,352.49,311,-0.013454,0.0015242,0.43276,0.024621,6.1035e-05
1105,1228,1,-0.90968,528.69,522.85,0,487.11,552.48,572.94,491.31,-0.022034,0.0022322,0.91026,0.041387,9.1553e-05
1106,1229,0,-0.9641,449.25,447.65,0,430.36,493.14,466.99,404.92,-0.011308,0.0017027,0.80868,0.075743,3.0518e-05
1107,1230,1,-0.95481,442.26,441.04,0,412.83,489.43,466.65,400.94,-0.022747,0.0017179,0.67033,0.035687,6.1035e-05
1108,1231,0,-0.99757,339.69,329.05,0,330.08,350.74,349.29,307.35,-0.035666,0.0023024,0.63962,0.16433,3.0518e-05
1109,1232,3,-0.99997,544.86,516.25,0,516.54,552.9,576.95,474.72,-0.0066679,0.0017657,1.0566,0.037117,0.00012207
1110,1233,3,-0.9697,533.03,489.51,0,501.09,550.26,557.87,442.25,-0.011997,0.0012597,0.9219,0.035912,0.00012207
1111,1234,3,-1.0355,599.14,565.95,0,559.79,620.85,629.74,523.25,0.016531,0.001398,0.99586,0.062733,0.00018311
1112,1235,0,-0.98229,319.04,319.73,0,306.42,352.05,328.85,294.6,-0.01453,0.002992,0.55303,0.017013,3.0518e-05
1113,1236,3,-0.99034,476.89,468.8,0,447.1,514,500.07,433.64,-0.015383,0.0016215,0.87259,0.063806,6.1035e-05
1114,1237,3,-0.96483,462.49,455.97,0,435.69,497.74,489.29,414.2,-0.012205,0.0012032,0.94064,0.049273,6.1035e-05
1115,1238,0,-1.3202,455.33,472.34,0.4375,448.37,524.26,463.74,409.69,-0.01418,0.15385,0.70657,0.0064138,3.0518e-05
1116,1239,0,-0.98965,376.76,363.76,0,363.72,387.35,388.26,342.95,-0.014567,0.057373,0.49912,0.0249,3.0518e-05
1117,1240,1,-0.97988,424.07,403.61,0,403.5,445.86,440.07,370.75,-0.013607,0.011855,0.69209,0.017201,6.1035e-05
1118,1241,0,-0.97952,398.4,393.53,0,385.91,425.52,410.12,363.48,-0.015044,0.001972,0.55191,0.04107,3.0518e-05
1119,1242,1,-0.98819,367.77,354.14,0,357.35,376.7,381.18,325.13,-0.0088863,0.0037399,0.60163,0.023896,6.1035e-05
1120,1243,3,-0.99134,553.95,512.6,0,526.41,563.09,578.26,468.06,-0.012477,0.0026171,1.0101,0.056669,0.00012207
1121,1244,2,-0.89654,499.62,473.29,0,491.33,539.22,506.93,415.11,-0.020817,0.0043535,0.9118,0.066975,6.1035e-05
1122,1245,0,-0.96723,377.87,377.47,0,360.59,412.19,392.19,348.71,-0.026168,0.0027607,0.60222,0.032909,3.0518e-05
1123,1246,1,-0.98273,476.5,478.42,0,462.65,522.27,492.19,428.72,-0.019659,0.0021682,0.85666,0.012123,9.1553e-05
1124,1247,1,-0.94489,467.84,433.98,0,438.39,488.12,484.36,403.61,-0.018431,0.0014463,0.80684,0.091297,6.1035e-05
1125,1248,0,-0.98509,452.57,461.79,0.015625,429.73,504.59,474.04,421.58,-0.012708,0.010369,0.52885,0.010048,6.1035e-05
1126,1249,0,-0.98817,375.93,358.19,0,364.61,388.15,384.74,334.88,-0.015207,0.0033542,0.48066,0.054655,6.1035e-05
1127,1250,2,-0.91578,517.73,463.89,0,487.09,505.52,540.08,433.51,-0.013995,0.0012598,0.7758,0.027052,0.00012207
1128,1251,1,-1.0539,461.03,443.46,0,437.09,467.35,486.51,418.02,-0.018454,0.0042371,0.69212,0.1294,6.1035e-05
1129,1252,0,-0.99602,401.54,389.37,0,389.91,419.15,410.58,366.2,-0.0091617,0.0046028,0.59427,0.03974,6.1035e-05
1130,1253,0,-0.95888,438.96,447.64,0.0625,424.8,499.6,450.69,404.59,-0.029347,0.0314,0.60116,0.049455,6.1035e-05
1131,1254,0,-1.4861,455.03,461.89,0.57812,453.43,521.42,456.53,405.96,-0.023398,0.24077,0.82517,0.031944,3.0518e-05
1132,1255,3,-1.0455,460.58,450.61,0,436.45,482.9,491.6,409.09,-0.0096505,0.01821,1.0668,0.037041,9.1553e-05
1133,1256,3,-0.90692,527.32,505.16,0,504.67,542.63,556.45,456.98,-0.012285,0.006414,1.0269,0.038108,6.1035e-05
1134,1257,3,-0.9445,474.19,445.44,0,451.02,486.4,492.21,413.58,-0.021691,0.00095937,0.99643,0.053802,9.1553e-05
1135,1258,3,-1.0492,492.02,464.85,0,459.75,519.02,514.11,427.78,-0.013487,0.0022817,1.0587,0.025042,9.1553e-05
1136,1259,3,-1.0717,507.62,461.76,0,481.37,500.82,533.87,422.69,-0.0080619,0.0012379,0.86856,0.040815,0.00012207
1137,1260,1,-0.99527,354.66,341.41,0,338.04,366.47,372.35,314.73,-0.018367,0.0038209,0.77018,0.032142,3.0518e-05
1138,1261,3,-0.97704,555.94,537.13,0,517.34,583.23,599.68,484.88,-0.011608,0.00095073,1.1219,0.042176,0.00012207
1139,1262,0,-0.97076,389.16,403.9,0,374.15,434.15,409.72,362.45,-0.0059455,0.0056094,0.70975,0.017781,6.1035e-05
1140,1263,3,-1.0096,523.68,493.2,0,506.12,547.56,539.18,445.23,-0.0035223,0.001666,1.1041,0.035308,9.1553e-05
1141,1264,3,-0.95294,478.05,468.12,0,453.37,508.81,506.02,422.01,-0.0061357,0.00080106,1.0068,0.052251,0.00012207
1142,1265,0,-0.95937,334.75,337.24,0,319.69,367.32,350.79,305.23,-0.016104,0.005304,0.8284,0.038973,3.0518e-05
1143,1266,3,-0.9475,487.7,469.23,0,476.7,506.69,503.79,414.48,-0.025065,0.0014932,1.1183,0.034269,6.1035e-05
1144,1267,2,-1.0566,473.76,443.53,0,452.08,481.33,492.89,410.17,-0.016327,0.0022268,1.0764,0.030221,9.1553e-05
1145,1268,0,-1.6524,459.25,471.87,0.75,456.17,565.25,461.65,399.24,-0.023733,0.33012,0.81942,0.031873,3.0518e-05
1146,1269,1,-0.94305,401.79,403.96,0,372.81,443.21,430.78,364.71,-0.016876,0.036331,0.8287,0.080615,6.1035e-05
1147,1270,2,-1.0142,522.07,509.37,0,499.93,549.14,550.53,458.22,-0.01058,0.0031799,1.0236,0.028539,0.00012207
1148,1271,0,-1.4123,451.99,475.65,0.48438,447.19,520.81,457.78,421.14,-0.019233,0.08659,1.1433,0.01584,6.1035e-05
1149,1272,0,-1.1073,447.25,453.94,0.125,416.82,517.25,464.32,418.43,-0.020461,0.13636,0.50946,0.02098,3.0518e-05
1150,1273,2,-1.0301,510.81,498.3,0,493.04,538.44,532.26,449.86,-0.023193,0.0043965,0.98085,0.21817,0.00012207
1151,1274,0,-0.97149,422.02,434.15,0,405.82,468.81,442.86,389.58,-0.01625,0.0071645,0.63328,0.23261,6.1035e-05
1152,1275,0,-0.97283,380.18,388.54,0,362.11,423.19,400.65,349.27,-0.018026,0.0023816,0.62931,0.018015,6.1035e-05
1153,1276,2,-0.9688,541.96,536.82,0,511.24,592.55,569.06,487.65,-0.018491,0.0044853,0.9506,0.062823,6.1035e-05
1154,1277,2,-0.95224,446.41,446.48,0,420.11,488.57,474.4,401.68,-0.021395,0.0018571,0.82952,0.038013,6.1035e-05
1155,1278,3,-0.97264,490.88,515.87,0,463.96,562.95,527.79,451.35,-0.013438,0.0019518,1.3113,0.038872,0.00012207
1156,1279,2,-1.1111,462.94,456.74,0,429.73,480.57,498.29,431.37,-0.029373,0.0041835,0.94471,0.074804,6.1035e-05
1157,1280,3,-0.95327,561.12,529.43,0,510.41,584.31,598.13,489.38,-0.003611,0.0017228,1.0319,0.035521,0.00012207
1158,1281,3,-0.97903,490.21,480.41,0,454.41,521.88,533.42,430.37,-0.016458,0.0013315,1.1201,0.038867,9.1553e-05
1159,1282,2,-1.099,558.99,535.72,0,520.05,572.53,605.99,491.3,-0.01506,0.0035792,1.1685,0.063853,0.00012207
1160,1283,0,-1.2864,427.14,440.56,0.26562,398.89,457.44,461.22,420.19,-0.053791,0.16094,0.88937,0.086195,6.1035e-05
1161,1284,1,-0.97729,461.68,468.1,0,435.96,529.35,487.41,406.84,0.0029866,0.022114,0.90613,0.035563,6.1035e-05
1162,1285,0,-0.99591,386.74,415.17,0,372.72,472.1,401.67,354.57,-0.0050606,0.023781,0.67478,0.034907,6.1035e-05
1163,1286,2,-1.0013,463.16,476.65,0,440.35,546.83,485.98,406.47,-0.021153,0.0030578,1.1642,0.031253,9.1553e-05
1164,1287,2,-1.0168,548.33,561.66,0,523.18,637.1,573.48,486.22,-0.018867,0.0026411,1.1257,0.061013,0.00012207
1165,1288,2,-1.0255,460.47,466.03,0,436.57,514.51,491.2,403.7,-0.022616,0.0015205,0.99071,0.038924,6.1035e-05
1166,1289,1,-0.99302,397.38,412.51,0,379.93,449.27,422.88,358.79,-0.042001,0.0012685,0.95527,0.062267,6.1035e-05
1167,1290,1,-0.96521,377.66,378.25,0,360.58,430.74,394.74,325.77,-0.015715,0.0012795,0.77451,0.024005,6.1035e-05
1168,1291,3,-0.98378,504.24,516.05,0,467.01,569.88,539.21,465.48,-0.013112,0.0012754,1.1097,0.02811,0.00012207
1169,1292,2,-0.9215,472.65,471.09,0,438.39,526.2,504.83,419.32,-0.022182,0.0018418,0.954,0.03614,6.1035e-05
1170,1293,2,-1.017,484.79,496.19,0,459.13,555.09,508.9,440.86,-0.010334,0.002381,1.1026,0.050667,0.00012207
1171,1294,0,-0.95357,419.77,440.56,0,402.69,502.48,435.81,382.39,-0.019816,0.0036536,0.6734,0.058437,3.0518e-05
1172,1295,3,-0.96481,546.08,549.01,0,512.56,614.31,577.58,487.68,-0.0037016,0.0021606,1.1185,0.029312,0.00012207
1173,1296,2,-0.93242,469.52,494.17,0,453.86,539.88,495.62,417.98,-0.010831,0.0013141,0.96568,0.038714,6.1035e-05
1174,1297,1,-0.92223,497.09,495.66,0,472.72,575.24,517.28,429.72,-0.022395,0.0031225,0.78888,0.16249,9.1553e-05
1175,1298,2,-0.99552,531.32,539.41,0,494.42,580.79,578.76,486.22,-0.011599,0.0019872,0.95273,0.044455,0.00012207
1176,1299,3,-1.0242,469.79,491.13,0,431.25,549.73,503.79,439.43,-0.0056129,0.0016758,1.0046,0.023081,0.00012207
1177,1300,2,-0.99682,496.25,493.34,0,470.57,542.87,521.93,443.81,-0.027372,0.0011502,0.94098,0.069329,6.1035e-05
1178,1301,0,-0.98523,300.5,283.86,0,293.09,301.76,306.65,269.03,-0.0097235,0.0039671,0.4216,0.019027,3.0518e-05
1179,1302,0,-0.97514,442.85,440.38,0,422.07,485.42,460.06,403.06,-0.016671,0.0010816,0.66413,0.0069297,6.1035e-05
1180,1303,0,-0.98699,378.47,385.96,0,364.61,411.7,394.17,356.79,-0.012757,0.0014653,0.75916,0.016631,3.0518e-05
1181,1304,3,-0.93921,510.15,504.3,0,480.08,556.86,542.16,448.34,-0.011194,0.0014164,1.1212,0.027294,0.00012207
1182,1305,1,-0.99093,483.76,495.85,0,464.25,549.4,505.87,435.15,-0.025772,0.0014392,0.88409,0.063281,6.1035e-05
1183,1306,1,-1.0049,431.51,437.23,0,409.48,475.07,459.85,388.58,-0.032266,0.0028867,0.81733,0.10041,6.1035e-05
1184,1307,2,-1.0528,524.61,520.65,0,495.81,574.48,555.27,463.35,-0.014548,0.0018843,1.0516,0.047429,0.00012207
1185,1308,2,-0.97291,504.02,475.84,0,479.55,517.17,530.06,431.84,-0.017155,0.0022372,0.87136,0.06915,6.1035e-05
1186,1309,1,-1.0121,438.91,425.89,0,411.05,465.14,465.09,389.02,-0.005742,0.0028237,0.82279,0.0382,3.0518e-05
1187,1310,1,-0.96925,380.81,379.51,0,366.32,412.66,399.44,336.89,-0.0095359,0.0015054,0.52468,0.0099753,3.0518e-05
1188,1311,3,-1.035,461.39,459.38,0,428.56,512.82,488.59,415.09,-0.0052275,0.0016211,0.82668,0.051925,6.1035e-05
1189,1312,0,-1.3029,452.72,475.31,0.35938,452.48,518.26,453.08,408.32,-0.018234,0.13578,1.0263,0.011842,6.1035e-05
1190,1313,0,-0.96259,449.19,498.83,0,436.49,532.97,477.13,423.73,-0.021113,0.036106,0.82708,0.097893,6.1035e-05
1191,1314,2,-0.913,542.47,534.52,0,523.35,587.25,568.68,462.25,-0.018257,0.0030006,1.0148,0.035993,6.1035e-05
1192,1315,3,-0.99851,476.83,485.68,0,452.63,512.86,523.03,433.78,-0.018465,0.0016556,1.1342,0.091372,0.00012207
1193,1316,1,-0.97131,460.2,463.45,0,438.61,506.59,484.67,414.57,-0.024982,0.0035023,0.87609,0.071108,6.1035e-05
1194,1317,0,-0.98082,374.01,358,0,359.98,392.73,383.6,334.23,-0.016207,0.003659,0.67703,0.025977,3.0518e-05
1195,1318,2,-0.99826,569.36,531.06,0,551.28,589.32,584.34,482.79,-0.0059287,0.0016858,0.8823,0.030421,0.00012207
1196,1319,0,-2.2441,466.31,496.07,1.3906,465.57,554.02,467.55,399.47,-0.0026028,1.3184,1.1771,0.14456,6.1035e-05
1197,1320,1,-0.9959,505.96,484.47,0,488.19,546.63,518.93,439.11,-0.01714,0.05952,0.82863,0.0046389,0.00012207
1198,1321,0,-0.99105,372.05,373.55,0,362.57,397.76,383.5,344.34,-0.027882,0.016996,0.71841,0.013991,6.1035e-05
1199,1322,0,-1.1227,445.79,440.54,0.14062,414.05,485.48,467.51,409.8,-0.018904,0.074991,0.82017,0.063071,6.1035e-05
1200,1323,0,-0.97312,343.61,369.34,0,332.51,397.73,362.13,322.01,-0.014422,0.010063,0.89867,0.030364,3.0518e-05
1201,1324,0,-0.99769,415.26,414.71,0,407.66,446.42,425.66,371.25,-0.021643,0.0071771,0.69261,0.086016,3.0518e-05
1202,1325,0,-0.96899,397.44,396.57,0,380.72,434.06,412.19,363.5,-0.01694,0.0031599,0.84316,0.024251,3.0518e-05
1203,1326,0,-0.9843,411.38,412.65,0,398.8,454.56,423.21,373.28,0.0013394,0.0024947,0.69974,0.027666,3.0518e-05
1204,1327,1,-0.96878,512.25,521.05,0,496.15,574.76,532.95,452.01,-0.014357,0.0031315,1.0068,0.028417,0.00012207
1205,1328,1,-0.97041,472.87,461.7,0,458.53,500.86,492.52,408.05,-0.033646,0.0026616,0.82972,0.1024,6.1035e-05
1206,1329,3,-0.92436,522.83,493.56,0,489.77,538.13,553.88,451.68,-0.0067493,0.0022147,1.0406,0.03099,6.1035e-05
1207,1330,2,-0.97833,457.12,454.43,0,436.81,496.09,484.96,397.33,-0.011645,0.0021053,0.9817,0.03641,9.1553e-05
1208,1331,1,-0.93737,527.16,530.41,0,500.19,594.48,554.13,466.34,-0.026188,0.002476,0.91508,0.089395,6.1035e-05
1209,1332,2,-1.0587,506.18,463.66,0,485.55,520.15,518.57,429.76,-0.035056,0.0030862,0.7841,0.14572,0.00012207
1210,1333,2,-0.87586,516.92,536.43,0,485.56,571.5,569.17,477.97,-0.021028,0.0030527,1.1125,0.036419,0.00012207
1211,1334,2,-0.98178,447.92,443.02,0,417.35,469.51,484.81,411.05,-0.029881,0.0017435,1.0361,0.039918,6.1035e-05
1212,1335,3,-1.0189,493.88,480.8,0,467.08,523.01,522.42,435.88,-0.012193,0.0016598,1.1983,0.089962,9.1553e-05
1213,1336,1,-1.0684,517.29,518.23,0,493.8,565.38,542.29,468.03,-0.023281,0.005893,0.95536,0.054094,0.00012207
1214,1337,3,-1.0459,533.55,512.86,0,501.39,550.46,572.37,467.49,-0.014887,0.0019412,1.354,0.021572,6.1035e-05
1215,1338,0,-0.97936,379.95,389.07,0,366.82,410.28,401.84,353.72,-0.015612,0.0069545,0.84381,0.039586,3.0518e-05
1216,1339,1,-0.89273,444.6,427.54,0,424.1,460.4,466.42,392.56,-0.030373,0.0017414,0.80784,0.048824,9.1553e-05
1217,1340,2,-0.95742,553.26,554.56,0,525.15,610.08,585.12,491.64,-0.01406,0.001547,1.126,0.045972,0.00012207
1218,1341,1,-0.97857,592.7,579.62,0,566.44,628.02,624.4,521.22,-0.016128,0.0027549,1.0671,0.078557,0.00012207
1219,1342,0,-0.97701,451.21,466.89,0,439.09,512.38,467.83,404.56,0.0051878,0.0046214,0.73764,0.0042169,6.1035e-05
1220,1343,2,-0.94883,538.1,554.82,0,505.74,603,582.44,488.79,-0.02067,0.0014785,1.1824,0.032633,0.00012207
1221,1344,0,-0.96073,459.96,482.41,0.03125,442.85,527.15,478.18,434.79,-0.014505,0.019556,0.75814,0.016499,3.0518e-05
1222,1345,1,-1.0193,439.25,422.42,0,414.41,466.55,457.37,390.22,-0.029497,0.0048266,0.89744,0.071848,6.1035e-05
1223,1346,2,-1.0718,528.01,512.25,0,498.03,552.43,561.99,466.72,-0.015171,0.0023341,0.98645,0.036728,6.1035e-05
1224,1347,1,-0.88064,419.51,406.25,0,404.6,443.41,435.38,366.69,-0.022702,0.0034415,0.78786,0.053425,6.1035e-05
1225,1348,2,-1.0495,438.07,440.08,0,416.83,489.28,459.31,390.87,-0.016751,0.0019032,0.91729,0.075708,6.1035e-05
1226,1349,2,-0.97817,428.65,434.62,0,410.66,480.72,450.36,378.97,-0.014004,0.0010599,0.98954,0.057179,6.1035e-05
1227,1350,0,-0.9952,430.17,433.34,0,417.82,480.08,441.77,389.43,-0.022808,0.001985,0.61675,0.071588,6.1035e-05
1228,1351,2,-1.0537,500.27,504.88,0,463.99,537.32,541.39,468.12,-0.0094561,0.0015042,1.0066,0.043197,9.1553e-05
1229,1352,2,-0.98565,481.7,480.58,0,449.97,534.01,513.44,427.15,-0.022234,0.0010215,0.91428,0.04787,6.1035e-05
1230,1353,0,-0.9917,374.71,388.13,0,366.17,446.22,382.25,336.87,-0.014292,0.0019198,0.60815,0.16194,3.0518e-05
1231,1354,2,-0.97913,525.6,479.94,0,498.86,533.44,540.61,449.93,-0.01055,0.0013404,0.69016,0.047296,0.00012207
1232,1355,3,-0.94907,504.17,504.93,0,479.2,550.89,532.48,452.84,-0.024171,0.00097331,0.89838,0.039013,0.00012207
1233,1356,2,-0.89878,453.65,426.29,0,441.28,479.62,463.28,384.82,-0.030363,0.001972,0.59161,0.068803,6.1035e-05
1234,1357,0,-0.98072,323.39,324.69,0,310.73,348.06,338.66,296.5,-0.0080278,0.0014753,0.59419,0.026711,3.0518e-05
1235,1358,1,-0.99607,398.52,386.67,0,375.83,425.38,419.84,350.32,-0.01794,0.0042509,0.61638,0.03603,6.1035e-05
1236,1359,2,-0.99889,535.78,518.12,0,511.37,570.46,563.45,458.8,-0.011203,0.0032063,0.99262,0.050737,6.1035e-05
1237,1360,0,-1.0015,422.39,407.29,0,406.11,443.14,436.75,375.65,-0.04173,0.00333,0.55122,0.088346,3.0518e-05
1238,1361,2,-0.92552,545.1,518.41,0,532.17,582.81,555.82,465.04,-0.021056,0.0019624,0.88289,0.025314,0.00012207
1239,1362,2,-0.91947,505.95,480.09,0,479.67,528.63,530.64,434.49,-0.022823,0.0010615,0.82632,0.058806,6.1035e-05
1240,1363,3,-1.0171,511.33,474.56,0,485.36,521.15,534.23,433.46,-0.015523,0.0021089,0.93048,0.024078,6.1035e-05
1241,1364,3,-0.99813,532.06,504.92,0,509.91,545.53,555.64,461.69,-0.012307,0.0011035,0.82237,0.051534,0.00012207
1242,1365,1,-1.0045,397.22,400.82,0,388.07,433.08,410.61,353.67,-0.032063,0.00211,0.75373,0.11428,6.1035e-05
1243,1366,2,-0.9299,496.97,504.63,0,465.8,553.5,537.05,441.8,-0.028356,0.0025908,0.95815,0.062132,6.1035e-05
1244,1367,0,-0.90519,305.46,305.3,0,288.05,342.04,318.17,278.49,-0.011711,0.0035596,0.4797,0.013218,3.0518e-05
1245,1368,3,-0.98646,520.46,546.23,0,488.62,591.18,570.13,476.11,-0.010458,0.0036967,1.1647,0.027381,6.1035e-05
1246,1369,2,-1.0462,509.08,545.71,0,481.78,615.07,542.03,462,-0.027063,0.0037038,0.89989,0.066642,0.00012207
1247,1370,0,-1.1032,447.87,474.24,0.125,444.25,550.57,451.48,397.91,-0.017271,0.057534,0.67087,0.0015859,6.1035e-05
1248,1371,1,-1.0027,403.82,383.87,0,394.69,414.94,415.55,343.93,-0.030524,0.0047989,0.64813,0.10933,3.0518e-05
1249,1372,1,-1.0136,510.47,497.78,0,470.89,553.47,537.56,459.68,-0.013591,0.0030477,0.8848,0.057496,0.00012207
1250,1373,1,-1.0018,393.1,386.79,0,378.15,424.17,411.14,341.68,-0.023151,0.00099092,0.57835,0.056997,6.1035e-05
1251,1374,2,-1.0106,480.25,473.37,0,451.97,524.71,506.83,425.13,-0.041282,0.0026892,0.9037,0.07907,9.1553e-05
1252,1375,3,-1.0158,545.27,534.87,0,510.3,589.45,580.25,480.29,-0.015684,0.0015663,1.0307,0.043431,0.00012207
1253,1376,3,-1.0531,551.15,527.86,0,520.25,576.2,578.42,485.2,-0.01029,0.001279,1.0413,0.03967,0.00012207
1254,1377,0,-0.91599,421.31,421.42,0,404.68,462.12,436.93,383.18,-0.012772,0.0058301,0.49925,0.020397,3.0518e-05
1255,1378,1,-1.014,471.56,453.31,0,462.33,505.35,480.23,404.42,-0.0077373,0.0088443,0.69962,0.035374,6.1035e-05
1256,1379,2,-1.0246,556.47,578.56,0,520.44,656.21,594.82,495.9,-0.0019094,0.0027699,0.95006,0.037844,0.00012207
1257,1380,1,-1.0276,472.55,468.57,0,436.79,517.39,504.11,425.49,-0.028474,0.00374,0.54177,0.080941,6.1035e-05
1258,1381,0,-0.97349,408.36,420.54,0,389.88,470.12,424.66,376.8,-0.030542,0.004443,0.38413,0.031578,3.0518e-05
1259,1382,0,-1.7717,459.12,466.57,0.96875,436.39,546.71,473.69,415.21,-0.0099715,0.39622,0.55549,0.012562,3.0518e-05
1260,1383,2,-0.94957,508.71,507.35,0,484.07,566.95,533.35,447.75,-0.015462,0.05991,0.86016,0.06115,6.1035e-05
1261,1384,1,-0.90797,376.4,375.14,0,358.45,411.79,395.51,336.12,-0.016825,0.0066319,0.67657,0.015306,6.1035e-05
1262,1385,1,-0.99876,520.96,524.17,0,506.96,577.06,538.95,456.15,0.0059556,0.0042866,0.66181,0.066811,0.00012207
1263,1386,1,-0.93895,424.33,420.34,0,398.21,464.03,448.87,379.31,-0.014195,0.0041592,0.74273,0.041714,6.1035e-05
1264,1387,1,-0.97063,388.16,396.35,0,372.77,426.41,410.67,352.43,-0.0056541,0.0058243,0.91507,0.051251,6.1035e-05
1265,1388,1,-0.89387,398.78,401.34,0,380.58,439.69,422.18,352.03,-0.023953,0.0035909,0.75511,0.03367,6.1035e-05
1266,1389,1,-0.97203,450.76,465.66,0,423.17,520.18,478.34,411.15,-0.033197,0.0020766,0.66316,0.093931,3.0518e-05
1267,1390,0,-0.94298,382.87,403.39,0,362.17,457.51,402.32,352.55,-0.020201,0.01088,0.73153,0.0361,6.1035e-05
1268,1391,2,-1.0286,509.69,513.26,0,491.58,575.67,528.97,446.82,-0.014962,0.0050312,1.0141,0.048287,9.1553e-05
1269,1392,3,-1.017,540.22,521.15,0,513.77,574.2,565.07,471.31,-0.030264,0.0019115,0.9719,0.087563,0.00012207
1270,1393,2,-0.95262,553.39,529.89,0,526.43,609.37,573.06,471.89,-0.014724,0.0016939,0.752,0.060639,0.00012207
1271,1394,1,-0.92192,467.57,458.26,0,446.6,495.04,492.87,413.87,-0.017321,0.0011834,0.65038,0.040936,6.1035e-05
1272,1395,0,-0.98115,405.52,439.02,0,389.53,482.78,426.09,382.75,-0.0073435,0.0015322,0.63591,0.013243,3.0518e-05
1273,1396,1,-1.0056,393.45,383.3,0,371.39,412.08,418.46,350.67,-0.017689,0.0084775,0.73147,0.070375,3.0518e-05
1274,1397,0,-1.0103,403.62,437.89,0,378.67,476.38,437.81,385.14,-0.027229,0.0016973,0.72115,0.044373,6.1035e-05
1275,1398,2,-0.96264,482.56,479.93,0,449.68,540.25,511.57,426.7,-0.015071,0.0019018,0.90555,0.031616,9.1553e-05
1276,1399,3,-1.0329,553.13,544.56,0,518.8,599.9,589.68,485.66,-0.012619,0.0012991,1.2055,0.032758,0.00012207
1277,1400,2,-0.97187,555.54,544.4,0,523.01,595.08,588.08,493.71,-0.016477,0.0015696,1.0765,0.026562,0.00012207
1278,1401,3,-0.98944,495.68,513.57,0,467.3,561.36,532.18,452.13,-0.0063517,0.0014461,1.0825,0.067406,0.00012207
1279,1402,0,-0.99731,402,425.72,0,384.32,472.43,422.04,372.77,-0.014456,0.0023123,0.70408,0.031094,6.1035e-05
1280,1403,3,-0.96594,506.92,500.98,0,490.85,544.32,527.58,445.27,-0.013985,0.0012937,0.99652,0.034357,0.00012207
1281,1404,3,-0.99012,544.36,510.7,0,523.37,549.19,565.36,472.21,-0.0082115,0.00093487,0.84501,0.080452,9.1553e-05
1282,1405,3,-0.92665,499.99,495.58,0,480.33,529.74,525.27,451.67,-0.015849,0.00064853,1.0231,0.041642,9.1553e-05
1283,1406,3,-0.87914,572.03,531.7,0,540.97,611.4,590.66,483.88,-0.015313,0.00091348,0.8936,0.097663,0.00018311
1284,1407,1,-0.90454,393.96,391.37,0,373.98,425.54,418.07,350.14,-0.01433,0.0011929,0.80514,0.022815,6.1035e-05
1285,1408,0,-0.98337,369.06,387.5,0,357.33,423.07,384.13,341.76,-0.0031786,0.00085305,0.51414,0.053184,3.0518e-05
1286,1409,1,-0.88214,508.58,522.63,0,494.3,561.23,534.05,453.83,-0.0098155,0.00078463,0.94056,0.029335,9.1553e-05
1287,1410,1,-1.0604,517.71,534.1,0,498.87,593.92,540.45,461.89,-0.042006,0.0025166,1.0663,0.15272,6.1035e-05
1288,1411,0,-0.9747,397.55,404.4,0,384.09,462.88,408.03,358.91,-0.019713,0.0042204,0.74646,0.024363,6.1035e-05
1289,1412,3,-0.98471,541.21,542.94,0,518.24,608.83,567.25,468.25,-0.011929,0.0014578,1.185,0.037838,0.00012207
1290,1413,3,-1.0602,517.37,498.28,0,492.26,553.26,538.17,452.73,-0.0073732,0.0011482,1.0444,0.042387,0.00012207
1291,1414,0,-0.97358,353.23,356.16,0,337.48,391.58,366.28,326.82,-0.024499,0.0020944,0.56493,0.063702,3.0518e-05
1292,1415,1,-0.98623,417.17,373.43,0,399.72,411.86,428.35,348.8,-0.013512,0.0015098,0.45998,0.01538,3.0518e-05
1293,1416,3,-1.0227,530.45,515.06,0,513.04,550.98,559.47,455.2,-0.0064706,0.0016012,1.1767,0.092633,0.00012207
1294,1417,3,-1.101,528.45,500.95,0,504.07,545.38,552.84,456.52,-0.02399,0.001485,1.2073,0.050886,0.00012207
1295,1418,2,-1.0484,499.51,480.44,0,476.74,528.06,523.75,429.74,-0.0086811,0.0019431,1.0451,0.049951,6.1035e-05
1296,1419,2,-0.95846,519.67,479.86,0,493.72,529.99,537.43,445.55,-0.010639,0.0011802,0.98986,0.03619,0.00012207
1297,1420,0,-0.96396,425.86,428.54,0,414.61,466.2,438.61,385.86,-0.0074049,0.0049094,0.65222,0.16222,6.1035e-05
1298,1421,3,-0.98546,512.86,494.44,0,472.03,555.9,542.66,449.59,-0.01319,0.0018824,1.0117,0.021045,9.1553e-05
1299,1422,3,-1.0223,575.42,569.66,0,548.52,626.72,607.88,500.8,-0.014525,0.00098991,1.1666,0.039632,0.00012207
1300,1423,1,-0.95126,435.37,416.74,0,420.47,459.68,450.28,373.8,-0.010686,0.0026921,0.66193,0.05715,6.1035e-05
1301,1424,1,-0.92462,473.21,463.74,0,457.34,549.44,483.39,408.8,-0.023033,0.0012224,0.7253,0.085594,6.1035e-05
1302,1425,2,-1.0557,462.24,452.17,0,437.84,490.37,488.22,411.51,-0.015253,0.0015027,0.94653,0.038498,9.1553e-05
1303,1426,2,-0.98169,489.67,487.33,0,463.55,548.61,514.2,429.77,-0.025279,0.00071952,1.0072,0.07747,0.00012207
1304,1427,3,-1.0422,546.26,528.2,0,501.42,574.88,583.42,489.53,-0.004717,0.0012636,1.3567,0.038108,0.00012207
1305,1428,3,-0.96861,502.51,501.7,0,487.96,540.71,523.77,444.68,-0.021594,0.0013966,1.2192,0.036771,0.00015259
1306,1429,1,-0.98891,443.41,416.36,0,430.46,447.88,457.2,382.8,-0.017383,0.0022512,0.79054,0.058232,6.1035e-05
1307,1430,3,-1.0116,488.28,494.6,0,460.58,525.9,523.89,454.36,-0.0094185,0.0017648,1.138,0.01422,0.00012207
1308,1431,1,-0.99973,397.84,373.03,0,380.99,405.59,409.37,350.75,-0.020312,0.0032736,0.83805,0.033913,3.0518e-05
1309,1432,3,-1.0548,452.55,429.39,0,423.46,482.88,468.86,399.38,-0.024856,0.0013483,0.97208,0.040964,9.1553e-05
1310,1433,1,-0.98238,453.54,447.09,0,432.63,499.93,471.99,400.47,-0.020241,0.0012447,0.74824,0.045864,6.1035e-05
1311,1434,1,-0.88944,432.8,419.71,0,415.26,454.81,450.34,384.6,-0.029393,0.0014182,0.79639,0.064327,6.1035e-05
1312,1435,3,-0.94315,519.8,469.72,0,490.84,513.88,538.36,441.42,-0.022608,0.0015921,1.0447,0.064278,0.00012207
1313,1436,1,-0.96482,611.22,598.07,0,600.43,660.42,622,535.71,-0.0286,0.0026987,0.92265,0.080508,0.00012207
1314,1437,3,-0.96732,517.8,509.74,0,485.54,570.23,544.54,459.62,-0.017573,0.0012897,1.119,0.04266,0.00012207
1315,1438,3,-0.99121,573.29,567.47,0,529.79,635.07,603.04,521.21,-0.0085727,0.0008028,1.1221,0.046295,0.00012207
1316,1439,1,-0.97054,440.87,425.77,0,423.84,462.42,459.01,386.77,-0.013828,0.0011472,0.89999,0.034067,6.1035e-05
1317,1440,3,-1.0033,504.08,497.62,0,474.04,556.76,528.98,448.61,-0.013641,0.0010414,0.93407,0.035348,0.00012207
1318,1441,1,-0.96799,447.78,427.51,0,421.36,458.38,472.6,398.5,-0.0060297,0.001027,0.84811,0.063867,6.1035e-05
1319,1442,2,-1.0017,483.66,477.23,0,463.9,525.73,504.7,425.59,-0.027319,0.0014275,0.91061,0.12295,6.1035e-05
1320,1443,0,-0.99002,435.98,445.58,0,423.24,480.82,452.37,400.27,-0.017603,0.0033159,0.76334,0.02667,6.1035e-05
1321,1444,1,-1.0684,532.27,509.38,0,518.15,564.79,546.4,453.97,-0.022593,0.00335,0.96339,0.11314,0.00012207
1322,1445,1,-0.97786,480.95,467.11,0,462.77,502.42,500.31,429.52,-0.017909,0.0027656,1.0064,0.028456,6.1035e-05
1323,1446,0,-0.89449,448,437.72,0,438.9,496.81,453.46,402.26,-0.049479,0.0031139,0.55862,0.075944,6.1035e-05
1324,1447,2,-1.0173,440.23,436.57,0,416.42,474.45,470.85,387.88,-0.0079812,0.0026752,1.0279,0.087866,9.1553e-05
1325,1448,1,-0.98954,360.7,347.91,0,348.16,374.39,373.24,321.43,-0.02046,0.00081666,0.54502,0.046391,3.0518e-05
1326,1449,1,-1.0282,476.1,459.91,0,459.01,520.58,489.39,412.73,-0.022013,0.003223,0.76212,0.045008,6.1035e-05
1327,1450,0,-0.97936,330.41,329.65,0,321.48,350.29,341.19,304.74,-0.012715,0.002086,0.53752,0.020591,3.0518e-05
1328,1451,0,-1.0083,431.84,442.79,0,418.79,473.79,450.93,397.5,-0.017519,0.0011922,0.80121,0.07078,3.0518e-05
1329,1452,0,-0.96412,396.38,402.9,0,380.42,428.1,416.89,370.5,-0.028313,0.001908,0.81918,0.1886,6.1035e-05
1330,1453,3,-1.0258,535.96,527.77,0,496.03,569.44,573.47,488.62,-0.016215,0.0014453,1.0139,0.029478,0.00012207
1331,1454,2,-0.98038,509.65,498.85,0,489.07,529.46,541.76,451.11,-0.01706,0.0010426,0.89477,0.074689,9.1553e-05
1332,1455,2,-1.0052,500.61,499.35,0,479.99,539.99,527.12,447.09,-0.0044741,0.00090572,1.0255,0.026174,0.00012207
1333,1456,0,-0.91579,419.55,412.76,0,399.3,459.94,433.4,380.48,-0.01907,0.0042679,0.5509,0.044071,6.1035e-05
1334,1457,0,-1.2889,430.28,429.89,0.48438,445.93,492.7,413.62,363.03,-0.013974,0.18818,0.71196,0.047762,6.1035e-05
1335,1458,2,-1.0278,499,482.68,0,484.13,520.29,518.11,434.31,-0.02731,0.0095605,0.97652,0.087812,0.00012207
1336,1459,0,-0.99677,459.38,456.29,0.03125,440.99,498.24,474.61,421.53,-0.025178,0.024628,0.66131,0.026354,6.1035e-05
1337,1460,3,-0.95699,511.17,481.64,0,499.72,533,521.27,436.32,-0.014291,0.0016877,1.0076,0.050854,0.00012207
1338,1461,2,-0.97953,479.96,447.96,0,465.04,473.32,495.84,420.97,-0.029354,0.00096777,0.89887,0.050239,6.1035e-05
1339,1462,2,-0.94358,538.63,522.94,0,529.71,571.97,548.12,470.74,-0.010412,0.0012017,0.86661,0.060208,0.00012207
1340,1463,1,-1.0171,455.3,457.26,0,444.91,490.24,471.51,405.8,-0.039104,0.0033121,0.86017,0.21548,6.1035e-05
1341,1464,2,-1.0205,577.71,552.69,0,550.79,586.19,608.22,514.73,-0.020972,0.0017396,1.2112,0.033814,0.00012207
1342,1465,3,-1.0173,569.38,570.13,0,541.37,597.97,619.32,520.5,-0.026893,0.0016166,1.3352,0.043666,0.00018311
1343,1466,3,-0.96433,494.64,474.75,0,469.86,515.39,517.91,436.58,-0.014554,0.0015045,0.95902,0.036463,9.1553e-05
1344,1467,2,-1.0121,503.18,487.71,0,474.14,531.74,525.76,453.47,-0.039875,0.001852,0.90712,0.21711,6.1035e-05
1345,1468,1,-0.8908,510.33,502.47,0,476.03,539.86,538.74,471.5,-0.031198,0.0026825,0.94198,0.054799,0.00012207
1346,1469,3,-0.95983,452.45,464.98,0,435.24,497.84,479.29,413.72,-0.0083921,0.0013443,1.219,0.054419,9.1553e-05
1347,1470,0,-0.99491,435.65,444.1,0,421.78,475.15,453.49,404.18,-0.012022,0.0016127,0.63358,0.014856,6.1035e-05
1348,1471,3,-0.99459,514.76,508.21,0,486.76,554.42,544.57,459.02,-0.017493,0.00090275,1.054,0.034324,0.00012207
1349,1472,1,-0.99891,434.73,406.27,0,421.77,432.1,451.4,373.05,-0.023145,0.0020996,0.58274,0.027933,6.1035e-05
1350,1473,2,-0.95956,482.65,490.64,0,464.99,532.43,508.46,429.55,-0.025174,0.00091231,1.0355,0.042502,0.00012207
1351,1474,1,-0.92076,400.45,378.42,0,386.16,398.77,417.7,353.85,-0.029401,0.0012083,0.6648,0.03452,3.0518e-05
1352,1475,0,-1.105,445.63,451.34,0.10938,427.33,494.69,462.82,410.62,-0.02188,0.076654,0.73323,0.073328,3.0518e-05
1353,1476,0,-0.9256,430.07,454.73,0,413.12,483.71,456.52,409.54,-0.016487,0.018142,0.7919,0.027705,6.1035e-05
1354,1477,3,-0.96529,514.88,490.73,0,491.72,556.09,532.88,439.89,-0.012871,0.0019826,1.0112,0.059025,6.1035e-05
1355,1478,0,-0.97555,424.7,431.48,0.015625,406.52,489.66,437.97,389.02,-0.012076,0.012714,0.5814,0.025369,3.0518e-05
1356,1479,2,-0.99521,491.17,478.69,0,483.03,536.39,501,409.06,-0.0076342,0.0020533,0.84357,0.025393,9.1553e-05
1357,1480,2,-0.91407,502.63,484.74,0,481.36,544.57,521.39,431.94,-0.0063112,0.0025531,0.95438,0.060298,0.00012207
1358,1481,1,-0.86735,500.42,494.33,0,476.65,551.66,520.11,446.83,-0.028715,0.00094741,0.77722,0.047004,9.1553e-05
1359,1482,1,-0.98992,498.7,477.97,0,442.99,513.82,536.81,453.44,-0.010752,0.0023926,0.78129,0.086748,6.1035e-05
1360,1483,0,-0.97516,453.66,446.18,0,433.32,476.76,473.99,415.6,-0.038529,0.0010283,0.7768,0.14518,3.0518e-05
1361,1484,0,-0.98417,375.23,374.8,0,357.25,423.67,385.32,347.39,-0.015112,0.00099233,0.5722,0.046341,3.0518e-05
1362,1485,1,-0.90249,514.31,521.68,0,487.88,571.52,542.45,468.62,-0.019155,0.001371,0.97872,0.069974,6.1035e-05
1363,1486,0,-0.96856,387.48,399.42,0,370.73,441.98,404.23,356.85,0.0059231,0.00072893,0.5251,0.00088631,6.1035e-05
1364,1487,1,-0.97507,519.25,516.96,0,498.08,560.84,543.25,467.23,-0.022776,0.0010342,0.98498,0.040206,6.1035e-05
1365,1488,0,-1.0392,456.52,465.75,0.0625,441.83,505.41,473.15,420.79,-0.02827,0.037851,0.67846,0.16209,6.1035e-05
1366,1489,3,-1.0449,472.07,465.5,0,453.72,511.29,492.86,413.6,-0.0089708,0.0014212,1.1728,0.042358,9.1553e-05
1367,1490,1,-0.99062,444.45,425.1,0,427.28,455.72,460.58,396.33,-0.037598,0.00077365,0.64909,0.034822,3.0518e-05
1368,1491,0,-0.91994,330.98,341.19,0,318.47,370.08,347.06,304.05,-0.013719,0.0038355,0.70372,0.061965,3.0518e-05
1369,1492,1,-1.0237,307.92,285.34,0,294.73,305.57,321.11,265.11,-0.032123,0.0032501,0.7632,0.055244,6.1035e-05
1370,1493,0,-0.97864,386.14,385.08,0,372.36,409.01,398.3,363.96,-0.0088764,0.0027786,0.46788,0.012383,6.1035e-05
1371,1494,2,-0.9765,533.22,505.2,0,509.75,528.65,563.39,475.06,-0.014846,0.0013578,0.91336,0.047278,0.00012207
1372,1495,3,-1.0354,576.84,534.88,0,535.59,588.46,601.6,502.74,-0.0021836,0.0020452,1.1016,0.040202,0.00012207
1373,1496,1,-0.85941,418.54,399.4,0,401.42,428.29,436.76,368.64,-0.028002,0.0044875,0.75192,0.052151,3.0518e-05
1374,1497,3,-1.0597,528.03,515.8,0,511.77,553.88,548.95,466.85,-0.018952,0.0022165,1.1045,0.026968,0.00012207
1375,1498,3,-0.97276,452.09,432.6,0,431.87,464.98,471.09,402.18,-0.014988,0.0011113,1.0897,0.035964,0.00012207
1376,1499,0,-0.99984,408.59,409.61,0,393.37,440.31,426.97,372.56,-0.021234,0.0015868,0.85582,0.026577,6.1035e-05
1377,1500,2,-0.99587,542,518.28,0,522.19,547.63,569.14,478.07,-0.018699,0.0012749,1.1013,0.036534,0.00012207
1378,1501,2,-0.9926,508.43,491.39,0,481.93,528.62,536.64,451.75,-0.0041071,0.00099416,1.1072,0.023422,6.1035e-05
1379,1502,2,-0.92591,514.06,493.31,0,489.48,556.3,531.99,447.34,-0.024278,0.0011439,0.82896,0.044874,0.00012207
1380,1503,0,-1.0091,348.33,343.32,0,336.59,367.43,358.7,322.05,-0.01449,0.0019264,0.56558,0.033415,3.0518e-05
1381,1504,2,-1.0382,517.08,464.66,0,484.39,514.44,539.44,430.6,-0.024608,0.0017347,0.79498,0.04534,9.1553e-05
1382,1505,3,-0.96306,537.13,516.84,0,515.89,559.47,558.37,474.21,-0.0087959,0.0013873,1.2588,0.045271,0.00012207
1383,1506,2,-0.97288,527.65,499.9,0,504.64,534.79,550.66,465.01,-0.018616,0.00090268,0.89117,0.038389,0.00012207
1384,1507,1,-0.9544,338.41,356.6,0,326.54,375.89,364.53,314.15,-0.026733,0.0025729,0.81639,0.072514,3.0518e-05
1385,1508,2,-0.9783,491.09,513.74,0,471.44,551.37,523.84,451.01,-0.017268,0.0015794,1.1778,0.1185,0.00012207
1386,1509,0,-0.98116,386.02,386.96,0,370.03,422.87,400.12,355.26,-0.0091863,0.0012585,0.62072,0.0012485,6.1035e-05
1387,1510,1,-0.97951,443.45,417.23,0,423.01,449.29,463.88,385.17,-0.024148,0.0016969,0.75437,0.074836,6.1035e-05
1388,1511,1,-0.88299,498.41,516.63,0,483.18,548.85,531.93,445.76,-0.005488,0.0014318,0.93799,0.052778,6.1035e-05
1389,1512,0,-0.96446,411.72,401.94,0,394.91,427.13,427.51,378.28,-0.02289,0.0013427,0.78811,0.026695,3.0518e-05
1390,1513,0,-0.99006,301.78,301.72,0,290.03,321.87,315.95,277.4,-0.028443,0.0018015,0.5771,0.070072,3.0518e-05
1391,1514,1,-0.97998,325.47,311,0,306.84,334.86,345.3,285.61,-0.018954,0.0027527,0.93334,0.032597,3.0518e-05
1392,1515,2,-1.028,566.86,563.11,0,552.31,625.3,584.41,488.05,-0.023692,0.001803,1.0712,0.035776,0.00012207
1393,1516,1,-0.94834,376.28,363.74,0,364.65,401.15,388.66,323.91,-0.034345,0.0026166,0.81352,0.088402,6.1035e-05
1394,1517,3,-1.004,496.57,487.51,0,468.73,541.32,521.13,440.03,-0.02358,0.00095261,1.1885,0.032893,0.00012207
1395,1518,3,-0.9803,542.24,536.74,0,514.1,611,561.49,485.93,-0.0118,0.001128,1.1543,0.047993,0.00012207
1396,1519,2,-1.0473,512.9,503.87,0,482.34,561.27,539.86,453.22,-0.01331,0.0012481,0.8818,0.042597,6.1035e-05
1397,1520,1,-0.99805,424.12,400.56,0,409.91,430.24,441.27,364.75,-0.035602,0.00091486,0.89441,0.0705,6.1035e-05
1398,1521,3,-1.0175,534.68,520.9,0,495.87,581.79,562.99,476.48,-0.015986,0.0012215,0.98899,0.032529,0.00012207
1399,1522,0,-1.0333,448.91,456.54,0.0625,435.41,506.28,460.81,412.66,-0.02468,0.035237,0.75287,0.060708,3.0518e-05
1400,1523,3,-0.9862,529.57,515.91,0,499.63,572.23,555.98,466.22,-0.015176,0.0021076,0.95805,0.019193,0.00012207
1401,1524,0,-0.98797,422.05,436.4,0,406.22,471.88,442.41,390.79,-0.039341,0.0027333,0.69573,0.080721,3.0518e-05
1402,1525,1,-1.0103,557.07,575.52,0,527.85,635.44,597.12,493.41,-0.026599,0.0022163,0.98871,0.10976,0.00012207
1403,1526,3,-0.99335,505.65,472.01,0,469.52,515.95,532.01,439.95,-0.0097062,0.0012217,0.99537,0.029731,6.1035e-05
1404,1527,0,-1.2342,458.47,466.9,0.28125,455.51,517.26,461.43,416.55,-0.03323,0.11978,0.96943,0.019669,6.1035e-05
1405,1528,3,-1.0494,547.71,554.17,0,514.32,615.43,583.25,488.97,-0.0085911,0.0073171,1.1496,0.058382,0.00012207
1406,1529,2,-0.91736,502.66,497.23,0,480.21,539.51,531.53,442.86,-0.02098,0.003765,0.97452,0.062032,9.1553e-05
1407,1530,1,-1.0536,369.27,354.42,0,354.29,387.88,382.49,324.89,-0.01771,0.0024132,0.76847,0.018835,3.0518e-05
1408,1531,3,-0.95464,561.17,531.82,0,529.79,592.15,584.07,487.8,-0.013716,0.00121,0.83524,0.038103,0.00012207
1409,1532,2,-0.98939,567.29,559.06,0,536.11,624.23,594.81,501.55,-0.013732,0.00084594,0.89702,0.21148,0.00012207
1410,1533,2,-0.97268,496.65,494.75,0,466.67,543.02,530.63,440.05,-0.0025474,0.0015852,0.92283,0.02724,6.1035e-05
1411,1534,1,-0.95595,486.34,496.34,0,466.29,545.99,512.11,432.51,-0.018783,0.0018255,0.94215,0.057632,9.1553e-05
1412,1535,3,-1.0095,546.15,545.35,0,513.69,622.1,573.04,481.75,-0.0082678,0.00092754,1.0214,0.030811,0.00012207
1413,1536,1,-0.98331,466.38,462.59,0,451.6,511.57,482.12,410.45,-0.034899,0.0014041,0.73292,0.11918,9.1553e-05
1414,1537,1,-0.95745,421.43,402.57,0,401.81,436.4,439.86,370.79,-0.017893,0.0010852,0.73431,0.02277,6.1035e-05
1415,1538,3,-0.93596,496.18,453.59,0,472.49,498.59,517.08,413.88,-0.0093232,0.00093395,0.82158,0.048297,0.00012207
1416,1539,2,-0.97847,463.99,456.62,0,435.45,512.6,490.8,404.03,-0.020191,0.00079654,0.78802,0.041076,6.1035e-05
1417,1540,2,-0.95711,478.73,465.79,0,457.04,512.53,501.82,416.04,-0.022366,0.00056533,0.78921,0.044889,6.1035e-05
1418,1541,2,-0.9885,484.6,483.1,0,465.68,534.92,504.74,427.93,-0.013767,0.0010242,0.9308,0.052375,6.1035e-05
1419,1542,1,-0.98911,490.82,487.06,0,458,554.17,514.78,438.09,-0.027412,0.00090768,0.76052,0.08808,6.1035e-05
1420,1543,0,-0.96836,419.92,442.36,0,394.74,499.31,439.51,398.06,0.0074384,0.001526,0.46808,0.0092804,6.1035e-05
1421,1544,1,-0.99095,419.94,395.55,0,392.69,435.17,439.82,366.65,-0.031245,0.0021958,0.67874,0.0634,6.1035e-05
1422,1545,2,-1.005,489.62,478.01,0,466.6,524.29,517.4,422.15,-0.022982,0.0017027,0.87578,0.082139,0.00012207
1423,1546,2,-0.99947,484.15,475.13,0,464.87,514.5,510.58,421.17,-0.013595,0.0010122,0.89159,0.040449,9.1553e-05
1424,1547,1,-0.98259,399.43,394.08,0,385.39,439.01,415.34,343.16,-0.018538,0.0010956,0.60006,0.025358,6.1035e-05
1425,1548,1,-0.96339,456.95,428.14,0,439.19,465.99,471.66,396.78,-0.020095,0.00061581,0.73708,0.087094,6.1035e-05
1426,1549,0,-0.97517,372.93,376.25,0,359.92,401.53,389.66,343.74,-0.010631,0.0011393,0.50394,0.01525,3.0518e-05
1427,1550,1,-0.9956,525.89,550.78,0,511.26,608.6,548.73,460.59,-0.026408,0.0017529,0.86149,0.13558,0.00012207
1428,1551,3,-0.90283,525.01,506.31,0,496.77,576.84,545.61,454.84,-0.0064086,0.0016651,0.83875,0.040277,0.00012207
1429,1552,3,-1.0069,517.59,508.83,0,488.77,554.64,548.27,460.06,-0.016782,0.0010738,1.0376,0.015898,0.00012207
1430,1553,1,-1.0036,463.77,472.19,0,434.02,529.17,490.02,421.92,-0.023592,0.003271,0.69426,0.073331,6.1035e-05
1431,1554,2,-0.9515,525.12,500.08,0,505.92,534.81,548.29,458.17,-0.01128,0.0012865,0.90363,0.053695,0.00012207
1432,1555,2,-0.8728,402.71,396.18,0,384.68,437.53,419.66,357.34,-0.02143,0.0033488,0.72994,0.04559,6.1035e-05
1433,1556,1,-0.97277,404.89,400.41,0,386.57,435.28,425.65,360.9,-0.023752,0.0031069,0.59787,0.081656,3.0518e-05
1434,1557,0,-1.5105,461.19,467.28,0.60938,462.15,535.54,460.29,403.17,-0.026316,0.24706,0.88994,0.0036159,3.0518e-05
1435,1558,0,-0.98007,396.02,417.32,0,383.63,445.7,414.13,375.85,-0.013214,0.088803,0.7558,0.012239,6.1035e-05
1436,1559,2,-0.97436,501.74,489.1,0,470.91,533.41,534.57,441.92,-0.010438,0.0044666,0.97596,0.041706,9.1553e-05
1437,1560,2,-0.91316,533.47,526.78,0,513.07,600.04,549.34,469.8,-0.0079009,0.003245,0.94944,0.0605,0.00012207
1438,1561,3,-0.95673,514.79,479.69,0,481.55,543.87,539.05,432.85,-0.02214,0.0016825,0.94168,0.044021,9.1553e-05
1439,1562,1,-0.88285,472.54,505.28,0,452.12,540.41,508.92,442.65,-0.025003,0.0012091,1.0067,0.058696,6.1035e-05
1440,1563,1,-0.98238,450.26,446.1,0,435.7,518.93,460.23,396.27,-0.013664,0.0015146,0.75179,0.077336,6.1035e-05
1441,1564,1,-0.99448,426.96,421.31,0,419.3,473.55,434.62,369.06,-0.017544,0.0013835,0.7483,0.031839,9.1553e-05
1442,1565,0,-0.97168,419.04,442.68,0,396.59,490.04,441.5,395.32,-0.014138,0.0013061,0.70956,0.023865,3.0518e-05
1443,1566,3,-0.98099,508.76,510.25,0,483.31,560.13,537.61,453.71,-0.024874,0.0010511,1.2206,0.065272,0.00012207
1444,1567,3,-0.99619,527.47,517.38,0,498.28,558.57,560.55,470.71,-0.011411,0.001195,1.213,0.035472,6.1035e-05
1445,1568,1,-1.0023,504.22,528.4,0,477.27,599.72,531.17,457.07,-0.015479,0.0023037,0.84621,0.097142,9.1553e-05
1446,1569,1,-0.92578,439.05,429.56,0,422.84,464.71,454.28,396.53,-0.014424,0.0020451,0.83937,0.074104,6.1035e-05
1447,1570,0,-1.1339,457.19,484.17,0.1875,444.8,543.99,468.13,431.39,-0.0084225,0.099414,0.8192,0.054096,6.1035e-05
1448,1571,2,-0.92456,461.27,459.33,0,442.81,505.54,477.57,418.57,-0.026435,0.0075601,0.9869,0.13107,9.1553e-05
1449,1572,1,-0.96677,504.59,514.73,0,488.66,568.77,523.81,449.5,-0.027624,0.0012683,0.99541,0.06838,6.1035e-05
1450,1573,3,-1.0379,541.88,568.39,0,513.54,627.52,580.71,487.37,-0.016066,0.0012568,1.0958,0.040559,0.00012207
1451,1574,3,-1.0113,508.8,490.2,0,487.24,547.68,530.36,432.71,-0.020095,0.0014978,0.95345,0.12965,0.00012207
1452,1575,0,-0.98069,403.68,397.8,0,386.86,436.01,415.96,369.91,-0.0061764,0.00084202,0.50896,0.0077867,6.1035e-05
1453,1576,1,-0.98127,500.32,525.7,0,477.17,607.99,520.74,453.1,-0.03138,0.001707,0.87757,0.1373,9.1553e-05
1454,1577,0,-1.6077,451.96,453.08,0.625,442.88,513.22,459.02,406.31,-0.087104,0.39279,0.96107,0.11853,6.1035e-05
1455,1578,1,-1.058,399.09,408.96,0,382.19,447.44,422.25,356.24,-0.02132,0.032273,0.9667,0.065968,6.1035e-05
1456,1579,0,-0.94613,413.98,427.06,0,395.22,478.47,430.54,381.71,-0.01384,0.023866,0.7673,0.019678,3.0518e-05
1457,1580,3,-1.0052,502.17,509.04,0,476.21,565.91,531.59,444.58,0.0041826,0.0038855,1.0867,0.050069,6.1035e-05
1458,1581,0,-0.99051,383.08,387.46,0,370.94,429.7,395.23,345.23,-0.024939,0.0032429,1.0537,0.033344,3.0518e-05
1459,1582,3,-0.96558,481.04,470.84,0,461.13,514.65,502.24,424.19,-0.011536,0.0018562,1.0059,0.051432,0.00012207
1460,1583,0,-0.99637,353.49,353.76,0,338.02,388.49,365.53,326.75,-0.024698,0.0031147,0.93851,0.021219,6.1035e-05
1461,1584,0,-1.1012,439.42,466.75,0.14062,420.32,516.7,461.07,410.15,-0.022653,0.080459,1.0218,0.079941,9.1553e-05
1462,1585,3,-0.95779,486.92,486.3,0,469.86,528.65,506.26,438.31,-0.016058,0.0045771,1.0374,0.057304,9.1553e-05
1463,1586,3,-0.9676,515.86,551.77,0,488.15,597.76,562.04,475.12,-0.018373,0.0010865,1.4398,0.040092,0.00012207
1464,1587,3,-0.88886,497.48,484.46,0,471.88,533.12,523.08,435.8,-0.0096802,0.0020144,1.0829,0.045587,0.00012207
1465,1588,2,-0.91357,470.1,465.88,0,446.08,516.39,490,424.03,-0.013606,0.0017814,0.97561,0.037239,0.00012207
1466,1589,0,-0.98292,387.09,410.05,0,366.7,452.25,407.48,367.85,-0.037595,0.0030446,1.0156,0.056078,6.1035e-05
1467,1590,3,-1.0603,569.55,567.04,0,539.99,624.9,603.05,501.48,-0.0024256,0.0026264,1.358,0.038562,0.00012207
1468,1591,1,-0.98044,475.35,476.42,0,456.54,534.7,493.02,421.67,-0.018673,0.0014313,1.039,0.02738,9.1553e-05
1469,1592,2,-0.97031,488.45,473.67,0,465.81,515.34,512.55,429.32,-0.013293,0.0016689,1.1953,0.029826,9.1553e-05
1470,1593,2,-0.95104,471.65,479.9,0,443.87,524.57,507.36,422.46,-0.029106,0.0015014,0.94086,0.045413,6.1035e-05
1471,1594,0,-0.92835,344.34,379.44,0,323.6,416.14,369.38,335.15,-0.0049103,0.012259,0.95245,0.049203,6.1035e-05
1472,1595,0,-1.1615,447.62,459.84,0.10938,431.52,505.77,464.75,410.96,-0.019795,0.076552,1.0839,0.061137,6.1035e-05
1473,1596,1,-0.99024,360.82,347.99,0,346.8,372.77,376.72,319.9,-0.010426,0.0017003,0.84073,0.024722,6.1035e-05
1474,1597,0,-0.98369,440.29,432.75,0,416.74,487.86,455.39,397.43,-0.011519,0.011935,0.50499,0.017233,3.0518e-05
1475,1598,2,-1.0325,464.93,442.81,0,430.89,516.07,480.4,409.51,-0.011208,0.0049058,0.98394,0.066933,6.1035e-05
1476,1599,0,-0.96127,401.82,420.15,0,386.13,453.63,423.32,374.28,-0.021605,0.0047802,1.0074,0.072868,6.1035e-05
1477,1600,0,-0.92471,436.2,455.57,0,416.46,503.91,457.21,404.12,-0.016111,0.0021992,0.76083,0.026452,3.0518e-05
1478,1601,3,-0.99577,489.37,475.19,0,458.5,505.48,529.07,436.24,-0.018651,0.0027282,1.2324,0.024652,6.1035e-05
1479,1602,1,-0.89488,382.09,363.21,0,368.14,393.67,396.95,330.78,-0.020884,0.00087858,0.69061,0.034047,6.1035e-05
1480,1603,2,-0.94786,436.53,443.35,0,417.19,480.34,463.04,392.66,-0.013357,0.0026228,1.1728,0.047585,9.1553e-05
1481,1604,0,-1.3445,457.44,477.21,0.51562,445,539.16,469.87,415.25,-0.046021,0.25758,0.95635,0.071024,3.0518e-05
1482,1605,0,-0.98383,405.66,422.47,0,387.11,463.53,421.03,388.45,-0.020463,0.020829,0.54436,0.026648,3.0518e-05
1483,1606,3,-1.0613,488.73,461.3,0,467.32,496.02,511.53,424.34,-0.024677,0.0079408,1.1926,0.089492,0.00012207
1484,1607,0,-0.97253,400.67,406.52,0,380.87,446.99,418.14,370.82,-0.022839,0.0044125,0.64723,0.0088848,6.1035e-05
1485,1608,3,-0.96162,518.04,511.54,0,490.95,581.77,537.81,460.29,-0.0025702,0.0016911,0.96124,0.020539,9.1553e-05
1486,1609,3,-1.0127,470.56,487.34,0,448.23,536.96,497.51,427.45,-0.015598,0.0017176,1.096,0.047875,0.00012207
1487,1610,1,-1.0017,485.7,497.7,0,449.8,543.31,521.6,452.09,-0.019963,0.0033585,0.84684,0.050287,6.1035e-05
1488,1611,0,-0.92751,403.04,435.28,0.03125,389.01,473.62,423.56,379.25,-0.024001,0.024831,1.0004,0.038856,6.1035e-05
1489,1612,1,-0.99409,272.28,261.58,0,260.05,284.59,284.51,238.57,-0.012007,0.00845,0.64936,0.091345,3.0518e-05
1490,1613,2,-1.0407,504.47,500.67,0,474.76,542.09,536.09,456.57,-0.021333,0.0021666,0.82945,0.073969,6.1035e-05
1491,1614,2,-0.96283,528.2,520.3,0,498.71,560.99,559.6,476.98,-0.026656,0.0014709,0.93246,0.12762,6.1035e-05
1492,1615,3,-0.9437,464.15,468.33,0,444.34,499.42,497.17,416.52,-0.019272,0.0020268,1.0326,0.03664,9.1553e-05
1493,1616,1,-1.0322,440.1,418.01,0,414.37,458.94,456.6,391.77,-0.018934,0.0036107,0.6255,0.05253,6.1035e-05
1494,1617,0,-1.1922,450.02,486.52,0.3125,432.34,540.75,471.36,421.08,-0.026785,0.11379,0.96675,0.081745,6.1035e-05
1495,1618,2,-1.0074,461.08,454.71,0,421.01,499.49,492.24,419.88,-0.0096577,0.0084524,0.89355,0.026131,6.1035e-05
1496,1619,2,-0.87343,435.03,435.03,0,399.82,483.8,466.1,392,-0.01748,0.0046873,0.90281,0.027382,9.1553e-05
1497,1620,0,-0.98543,388.54,420.68,0,371.59,459.27,410.35,371.05,-0.004045,0.0037634,0.90286,0.031754,6.1035e-05
1498,1621,0,-1.2783,457.37,488.52,0.32812,444.79,553.26,468.46,431.39,-0.022164,0.19373,0.78599,0.052986,3.0518e-05
1499,1622,2,-0.93661,431.84,433.65,0,416.41,470.78,452.99,382.76,-0.0055029,0.010474,0.98012,0.022981,9.1553e-05
1500,1623,0,-0.99199,415.8,433.21,0,386.19,489.42,437.41,392.19,-0.027995,0.012367,0.71346,0.038327,6.1035e-05
1501,1624,0,-1.0247,428.35,451.1,0.14062,410.48,510.39,445.13,395.4,-0.043239,0.065436,0.85475,0.06273,6.1035e-05
1502,1625,0,-0.92972,440.26,462.16,0.03125,412.05,520.52,462.2,416.77,-0.0079698,0.024943,0.7448,0.034838,3.0518e-05
1503,1626,3,-0.96265,514.69,509.56,0,483.06,564.15,540.91,464.33,-0.011163,0.0029972,1.1854,0.031806,0.00012207
1504,1627,2,-0.95446,484.86,486.31,0,448.86,547.31,511.14,441.79,-0.013689,0.002311,1.0988,0.036656,0.00012207
1505,1628,2,-0.89546,445.59,458.05,0,420.01,504.1,474.58,405.86,-0.017631,0.001236,0.9502,0.027504,9.1553e-05
1506,1629,3,-0.98075,461.89,455.59,0,447.26,506.14,476.51,405.05,-0.021792,0.0020331,1.0922,0.056157,9.1553e-05
1507,1630,2,-0.96737,521.52,531.09,0,498.89,592.86,544.14,469.33,-0.029806,0.0012555,0.92297,0.037072,9.1553e-05
1508,1631,3,-0.93224,423.76,428.98,0,403.76,474,443.76,383.97,-0.0203,0.0013102,1.024,0.023239,9.1553e-05
1509,1632,1,-0.91734,458.53,459.37,0,431.38,506.47,487.42,409.23,-0.025666,0.0011238,0.7609,0.029222,6.1035e-05
1510,1633,2,-0.96102,518.72,495.52,0,483.53,547.43,551.77,446.76,-0.021034,0.00095165,0.87007,0.11009,9.1553e-05
1511,1634,0,-0.9816,388.16,409.96,0,370.48,450.56,405.84,369.36,-0.026796,0.00075624,0.68549,0.010015,6.1035e-05
1512,1635,0,-0.91932,417.18,442.4,0,398.25,505.39,433.88,386.81,-0.024709,0.005024,0.84623,0.09186,6.1035e-05
1513,1636,3,-0.9148,545.08,559.2,0,525.58,597.37,582.31,486.34,-0.013238,0.00083559,1.2824,0.029086,0.00012207
1514,1637,2,-0.99323,456.1,471.11,0,436.17,512.03,485.23,411.3,-0.015522,0.0015781,1.1001,0.021376,6.1035e-05
1515,1638,2,-0.98569,547.05,537.32,0,515.24,600.7,575.12,481.39,-0.021078,0.0013189,0.99411,0.073311,6.1035e-05
1516,1639,2,-1.024,497.99,506.52,0,480.2,571.32,515.77,441.72,-0.015077,0.0012556,0.93783,0.051046,9.1553e-05
1517,1640,3,-0.91037,486.56,497.63,0,445.2,551.43,523.06,450.16,-0.0075169,0.0031877,0.94873,0.023293,9.1553e-05
1518,1641,2,-0.94379,471.35,505.42,0,457.77,548.45,497.28,423.29,-0.026501,0.0016258,1.0709,0.057949,6.1035e-05
1519,1642,2,-0.90367,532.47,533.26,0,491.21,598.94,566.66,478.85,-0.013466,0.00078462,0.91039,0.046798,6.1035e-05
1520,1643,3,-0.96194,451.42,448.16,0,426.47,487.81,476.38,408.51,-0.018931,0.00084007,0.98025,0.044193,9.1553e-05
1521,1644,1,-0.99347,460.19,448.84,0,436.83,490.95,482.14,409.28,-0.033385,0.0025235,0.69537,0.087761,6.1035e-05
1522,1645,2,-0.92329,488.65,479.96,0,465.02,526.94,515.45,426.72,-0.023178,0.0012063,1.0283,0.1298,9.1553e-05
1523,1646,2,-1.0064,508.41,500.89,0,481.56,561.1,533.64,444.33,-0.024256,0.0013287,1.0305,0.060821,9.1553e-05
1524,1647,0,-1.1212,461.07,525.82,0.10938,437.48,596.76,477.22,477.28,-0.018724,0.051157,0.66623,0.0071436,6.1035e-05
1525,1648,3,-0.96768,559.18,557.02,0,522.81,631.49,591.27,491.31,-0.005571,0.0026956,0.97166,0.03343,0.00012207
1526,1649,2,-1.0291,476.07,470.92,0,455.22,523.44,499.7,411.38,-0.025843,0.0014924,0.89653,0.086806,9.1553e-05
1527,1650,2,-0.95434,495.46,498.69,0,472.52,594.76,510.17,437.11,-0.01898,0.001719,0.90206,0.075188,0.00012207
1528,1651,0,-0.97792,399.76,413.96,0,377.48,457.95,420.7,372.64,-0.018102,0.0019296,0.88573,0.027968,3.0518e-05
1529,1652,0,-1.2632,457.76,490.05,0.28125,445.6,561.85,468.5,426.71,-0.027339,0.21745,0.817,0.077994,3.0518e-05
1530,1653,3,-1.0009,500.54,500.71,0,471.1,558.35,531.87,439.35,-0.016676,0.0071964,1.2573,0.035067,6.1035e-05
1531,1654,3,-1.0017,554.02,526.94,0,522.6,600.1,576.95,473.55,-0.005116,0.0022467,1.155,0.037189,0.00012207
1532,1655,3,-1.0126,531.29,520.49,0,511.79,592.13,548.5,457.27,-0.018033,0.001358,1.1858,0.088144,0.00012207
1533,1656,3,-0.96789,411.49,420.61,0,390.43,454.78,440.34,373.79,-0.022758,0.0010097,1.0465,0.030184,9.1553e-05
1534,1657,1,-1.0067,503.21,518.47,0,486.91,586.55,520.56,445.99,-0.025211,0.0020159,0.92977,0.073791,6.1035e-05
1535,1658,1,-0.95335,391.32,395.95,0,367.98,439.65,414.65,352.25,-0.033027,0.0012708,0.9213,0.24792,3.0518e-05
1536,1659,0,-0.98722,455.26,483.29,0,434.4,524.03,470.47,453.56,-0.020813,0.0065232,0.99033,0.08606,6.1035e-05
1537,1660,3,-0.91794,513.8,509.44,0,481.18,558.06,548.53,457.68,-0.0093854,0.0010169,1.1714,0.038482,9.1553e-05
1538,1661,2,-0.90479,484.67,510.42,0,448.12,557.72,526.1,456.82,-0.01327,0.00066064,1.1169,0.050073,9.1553e-05
1539,1662,1,-0.98198,417.71,393.55,0,395.41,435.12,433.98,363.22,-0.02446,0.0020886,1.0093,0.049519,3.0518e-05
1540,1663,3,-1.0288,465.71,452.67,0,427.4,489.54,499.51,420.15,-0.015709,0.0018292,1.1943,0.055293,0.00012207
1541,1664,1,-0.99073,364.84,340.3,0,352.65,382.78,373.17,311.23,-0.0086995,0.0012903,0.57874,0.018014,6.1035e-05
1542,1665,1,-0.98982,466.87,484.84,0,450.63,547.11,484.17,418.56,-0.0086282,0.0017576,0.93041,0.066074,6.1035e-05
1543,1666,2,-0.9846,512,511.67,0,477.82,563.07,546.19,460.27,-0.02304,0.0010785,0.92833,0.04018,0.00012207
1544,1667,1,-1.0126,467.44,498.89,0,453.49,561.76,482.28,431.97,-0.02783,0.0018011,0.94978,0.050842,6.1035e-05
1545,1668,0,-0.96174,462.72,496.03,0,454.42,568.31,471.55,419.09,-0.020167,0.0095767,0.9073,0.21431,6.1035e-05
1546,1669,3,-0.97355,513.25,500.91,0,480.2,563.44,540.62,449.1,-0.018432,0.0014713,1.0537,0.056962,0.00012207
1547,1670,1,-0.96427,417.52,442.65,0,394.56,482.27,448.98,388.36,-0.020534,0.0017934,1.0024,0.043351,6.1035e-05
1548,1671,1,-0.92339,422.94,436.24,0,402.39,479.16,446.22,387.59,-0.014367,0.00094052,0.95958,0.027113,6.1035e-05
1549,1672,3,-0.96551,532.95,550.54,0,489.76,618.2,564.47,501.17,-0.0072571,0.001897,1.1864,0.04584,0.00012207
1550,1673,0,-0.96432,415.09,442.06,0,402.26,471.79,437.98,389.07,-0.025171,0.00094597,1.1468,0.027089,3.0518e-05
1551,1674,3,-0.98508,474.83,481.54,0,443.79,529.67,502.21,439.08,-0.0068847,0.00105,0.98228,0.032208,0.00012207
1552,1675,0,-1.1064,456.72,482.78,0.15625,447.87,529.49,467.4,426.41,-0.0073713,0.079751,1.1625,0.022348,6.1035e-05
1553,1676,3,-0.97196,536.9,584.16,0,507.85,635.82,574.25,517.74,-0.013639,0.0022721,1.4802,0.043641,0.00012207
1554,1677,3,-1.0142,481.52,494.25,0,452.21,555.91,505.81,443.16,-0.0085389,0.0018196,1.1526,0.04743,9.1553e-05
1555,1678,1,-0.8835,380.05,398.09,0,362.99,423.56,410.47,352.67,-0.026918,0.0028899,1.0817,0.010418,6.1035e-05
1556,1679,0,-0.96072,397.82,392.38,0,379.92,430.82,412.65,360.53,-0.026662,0.003002,0.91749,0.026211,6.1035e-05
1557,1680,2,-0.94411,496,498.54,0,474.69,545.39,518.68,448.68,-0.026883,0.0015697,0.92321,0.11381,6.1035e-05
1558,1681,0,-0.9269,413.72,455.03,0,399.88,496.21,433.95,394.84,-0.023315,0.002121,0.87963,0.073601,6.1035e-05
1559,1682,3,-1.0358,503.99,509.76,0,481.6,552.12,529.37,461.76,-0.015919,0.0033017,1.1742,0.084232,9.1553e-05
1560,1683,0,-0.96705,324.38,333.81,0,306.58,357.88,345.86,304.75,-0.024702,0.0045243,0.9241,0.056349,3.0518e-05
1561,1684,3,-0.93951,543.92,534.02,0,504.77,565.78,588.29,498.02,-0.019458,0.0017012,1.2835,0.046944,0.00018311
1562,1685,0,-0.98317,387.55,394.01,0,376.19,420.21,403.13,358.09,-0.020836,0.0020322,0.87525,0.058544,3.0518e-05
1563,1686,3,-0.99255,533.25,513.91,0,491.58,543.67,577.62,482.24,-0.018404,0.0017105,1.2172,0.042716,0.00012207
1564,1687,3,-0.9681,477.02,485.59,0,452.1,522.11,511.16,435.53,-0.021013,0.0013761,1.2914,0.04847,6.1035e-05
1565,1688,2,-1.0528,475.08,463.42,0,452.41,493.78,504.23,424.38,-0.020022,0.0022139,0.9829,0.0827,6.1035e-05
1566,1689,2,-0.96158,496.23,498.81,0,457.17,530.86,535.29,466.76,-0.0099928,0.0013219,1.1016,0.031428,0.00012207
1567,1690,2,-0.99428,527.08,503.46,0,494.06,562.85,546.9,467.83,-0.019601,0.0013712,0.88523,0.045866,6.1035e-05
1568,1691,3,-0.98501,552.42,553.96,0,520,602.47,586.94,502.32,-0.011312,0.0016373,1.1575,0.057505,0.00012207
1569,1692,3,-1.0343,496.23,460.25,0,465.25,500.87,508.35,444.36,-0.010667,0.0010102,0.93193,0.032702,0.00012207
1570,1693,0,-0.98345,355.77,352.08,0,338.69,379.8,369.05,330.51,-0.014258,0.0050126,0.84957,0.035006,3.0518e-05
1571,1694,3,-0.94997,474.1,486.59,0,455.36,520.17,499.79,440.58,-0.016823,0.00089941,1.0045,0.035292,9.1553e-05
1572,1695,3,-0.93602,507.86,486.05,0,467.13,520.63,541.62,457.39,-0.02424,0.0010808,1.1076,0.079031,0.00012207
1573,1696,1,-0.90627,390.19,379.18,0,375.69,426.04,400.77,344.98,-0.0086885,0.0021374,0.82979,0.046172,6.1035e-05
1574,1697,3,-0.97968,554.03,514.4,0,517.46,578.14,575.97,476.16,-0.020274,0.0013995,1.0478,0.048097,0.00012207
1575,1698,2,-0.97169,482.56,487.3,0,465.06,525.54,509.87,427.63,-0.025429,0.001101,0.87185,0.050742,9.1553e-05
1576,1699,3,-0.97258,475.57,480.52,0,444.25,515.27,506.89,445.77,-0.01751,0.0011035,1.0838,0.020374,6.1035e-05
1577,1700,2,-1.0416,470.76,449.39,0,446.87,478.59,503.5,409.36,-0.018806,0.001456,0.92055,0.02925,6.1035e-05
1578,1701,3,-0.93741,509.54,497.97,0,469.94,529.65,551.7,464.25,-0.013488,0.0012348,1.0296,0.0352,0.00012207
1579,1702,1,-0.87582,543.19,537.11,0,510.58,582.17,571.97,497.35,-0.010169,0.0014069,0.78652,0.042651,6.1035e-05
1580,1703,3,-0.9065,467.22,440.7,0,428.39,501.02,486.19,411.25,0.0019486,0.0010357,0.68933,0.038522,9.1553e-05
1581,1704,2,-0.86925,527.02,559.16,0,477.85,616.81,573.22,505,-0.0083464,0.00078106,0.99718,0.047615,0.00012207
1582,1705,2,-0.96791,507.24,486.72,0,479.57,529.58,531.66,448.91,-0.019042,0.0011323,0.85511,0.039938,0.00012207
1583,1706,1,-1.0089,424.9,446.69,0,403.93,492.73,443.4,406.07,-0.0074923,0.0025812,0.81378,0.039038,6.1035e-05
1584,1707,2,-0.94939,426.79,416.2,0,412.72,453.75,442.73,373.65,-0.0079825,0.0016305,0.75625,0.075303,6.1035e-05
1585,1708,3,-0.95537,542.1,532.3,0,500.67,581.93,576.43,491.17,-0.0095454,0.00093921,0.85914,0.061058,0.00012207
1586,1709,1,-1.0343,421.26,410.1,0,401.49,449.84,438.7,375.03,-0.025845,0.0024708,0.77838,0.15032,6.1035e-05
1587,1710,0,-0.99211,395.96,413.74,0,384.23,472.7,407.7,354.77,-0.036493,0.004405,0.59339,0.08924,3.0518e-05
1588,1711,0,-0.95907,365.12,406.67,0,349.13,450.42,385.68,350.42,-0.010393,0.0013279,0.75601,0.016049,3.0518e-05
1589,1712,0,-0.90134,402.6,399.22,0,386.91,435.69,415.6,369.01,-0.022243,0.0058674,0.7267,0.0049023,3.0518e-05
1590,1713,3,-0.96712,534.79,527.17,0,507.86,558.59,571.69,484.13,-0.010472,0.0017549,1.0753,0.030257,0.00012207
1591,1714,0,-0.93813,377.17,390.23,0,355.71,439.94,394.95,349.04,-0.027188,0.0023143,0.49208,0.082801,3.0518e-05
1592,1715,0,-0.94224,316.83,306.25,0,299.98,340.45,326.94,285.72,-0.033754,0.0017203,0.50356,0.068916,3.0518e-05
1593,1716,0,-0.98618,332.84,355.86,0,317.6,384.88,353.72,316.09,-0.029751,0.0048136,0.5377,0.062481,3.0518e-05
1594,1717,0,-0.9639,410.88,429.68,0,387.62,478.47,431.41,386.62,-0.0167,0.0018457,0.64898,0.01346,6.1035e-05
1595,1718,0,-0.98627,420.3,409.53,0,403.41,450.05,432.63,379.96,0.0048637,0.0012114,0.48572,0.0056364,3.0518e-05
1596,1719,1,-0.98901,412.67,403.03,0,389.06,444.72,429.9,372.6,-0.02549,0.00069106,0.67253,0.048577,6.1035e-05
1597,1720,3,-0.9186,508.14,498.76,0,477.67,563.21,533.39,445.35,-0.013663,0.001273,0.82589,0.040575,6.1035e-05
1598,1721,0,-0.95628,450.81,467.2,0.03125,428.91,534.36,467.85,414.96,-0.013501,0.017073,0.48019,0.010529,6.1035e-05
1599,1722,1,-0.9554,393.89,379.56,0,379.54,433.12,403.71,342.91,-0.027361,0.0017031,0.67355,0.13495,6.1035e-05
1600,1723,0,-1.017,392.05,388.49,0,372.79,435.41,405.23,356.39,-0.047875,0.0031813,0.6967,0.038219,6.1035e-05
1601,1724,1,-0.97767,431.56,420.43,0,399.83,480.28,453.27,379.49,-0.026233,0.0021177,0.53234,0.11645,6.1035e-05
1602,1725,2,-0.94908,433.04,405.17,0,404.79,435.56,456.45,379.99,-0.013907,0.0008918,0.64672,0.018934,6.1035e-05
1603,1726,3,-0.97259,568.02,547.93,0,539.19,598.81,605.08,482.51,-0.0055068,0.00088967,0.89177,0.05798,6.1035e-05
1604,1727,3,-1.0046,543.47,487.41,0,502.75,550.2,566.31,452.18,-0.014071,0.00061462,0.6456,0.066205,0.00012207
1605,1728,3,-0.9205,480.09,480.31,0,450.47,532.46,506.23,434.29,0.0029323,0.00096301,0.90845,0.028523,0.00012207
1606,1729,3,-1.0136,450.12,482.23,0,432.9,520.93,478.82,417.73,-0.025659,0.0011552,0.94737,0.058125,6.1035e-05
1607,1730,1,-0.9933,372.76,350.9,0,355.08,386.65,384.1,327.99,-0.0070061,0.0027451,0.48823,0.023471,3.0518e-05
1608,1731,2,-0.92916,531.42,546.9,0,500.14,594.89,577.13,476.77,-0.019338,0.0016898,1.0404,0.054897,6.1035e-05
1609,1732,1,-1.0311,524.92,552.51,0,506.8,607.41,551.41,472.27,-0.027458,0.0014032,0.73402,0.034252,9.1553e-05
1610,1733,0,-1.5388,463.41,503.25,0.54688,465.48,621.26,461.8,411.46,-0.037887,0.17384,0.8877,0.075136,3.0518e-05
1611,1734,2,-0.97589,495.54,484.38,0,476.18,558.15,510.61,427,-0.019345,0.036098,0.76648,0.038116,6.1035e-05
1612,1735,0,-0.97127,363.43,378.55,0,348.53,419.35,379.29,335.13,-0.006252,0.022876,0.58274,0.0092097,3.0518e-05
1613,1736,1,-1.0172,489.07,503.48,0,462,571.93,514.5,439.18,-0.021209,0.0060498,0.82463,0.096007,6.1035e-05
1614,1737,3,-0.95956,511.89,510.78,0,493.1,566.97,537.63,433.78,-0.015693,0.002225,1.0257,0.041985,0.00012207
1615,1738,1,-1.0117,438.93,421.92,0,412.21,475.66,453.91,391.77,-0.0089768,0.0028769,0.92129,0.023131,6.1035e-05
1616,1739,2,-0.88851,461.18,431.93,0,428.85,491.29,480.59,396.32,-0.011545,0.0019053,0.77724,0.046779,6.1035e-05
1617,1740,1,-0.97483,455.4,443.9,0,432.91,491.19,475.24,402.17,-0.013339,0.0020113,0.86552,0.029168,6.1035e-05
1618,1741,0,-0.93817,412.85,455.55,0,393.33,509.31,437.96,386.44,-0.0141,0.0045622,0.98327,0.023605,6.1035e-05
1619,1742,2,-0.86046,549.21,565.58,0,518.92,622.5,585.78,496.89,-0.018048,0.0015013,0.8501,0.035884,6.1035e-05
1620,1743,3,-0.96319,580.35,556.38,0,556.62,597.31,610.86,503.74,-0.010975,0.0017538,1.1076,0.0379,0.00012207
1621,1744,1,-0.87427,418.63,398.25,0,397.89,434.56,438.12,364.15,-0.030215,0.0030551,0.74983,0.12251,6.1035e-05
