iter,seed,n_robots,n_tasks,makespan,mean_soc_drop,payload_var,n_unassigned,reward,pg_loss,v_loss,entropy
0,1,15,45,481.5,0.25159,0.067078,9,-18.222,-0.053123,159.1,104.92
0,2,20,38,294.65,0.16867,0.041355,3,-6.1087,-0.053123,159.1,104.92
0,3,20,32,377.36,0.2766,0.022706,4,-8.1021,-0.053123,159.1,104.92
0,4,20,59,365.56,0.19058,0.03531,8,-16.151,-0.053123,159.1,104.92
0,5,20,54,301.26,0.18591,0.035506,5,-10.078,-0.053123,159.1,104.92
0,6,15,46,412.33,0.23641,0.051361,6,-12.213,-0.053123,159.1,104.92
0,7,20,49,337.69,0.22438,0.021441,5,-10.028,-0.053123,159.1,104.92
0,8,20,40,283.51,0.14018,0.033635,7,-14.114,-0.053123,159.1,104.92
1,9,15,56,312.89,0.19449,0.058457,8,-16.097,-0.041709,144.62,115.61
1,10,20,59,341.44,0.13307,0.042823,5,-10.111,-0.041709,144.62,115.61
1,11,10,33,296.26,0.21276,0.063067,8,-16.095,-0.041709,144.62,115.61
1,12,15,37,308.99,0.21041,0.037825,5,-10.105,-0.041709,144.62,115.61
1,13,20,56,276.73,0.19302,0.026904,4,-8.0289,-0.041709,144.62,115.61
1,14,10,55,376.07,0.27676,0.019906,5,-10.072,-0.041709,144.62,115.61
1,15,20,51,310.08,0.14703,0.040927,5,-10.075,-0.041709,144.62,115.61
1,16,15,47,326.66,0.18024,0.054206,8,-16.123,-0.041709,144.62,115.61
2,17,20,56,386.53,0.33506,0.01619,5,-10.156,-0.040858,102.33,100.55
2,18,20,42,304.19,0.19804,0.032445,3,-6.0773,-0.040858,102.33,100.55
2,19,15,43,390.2,0.17071,0.030996,3,-6.1473,-0.040858,102.33,100.55
2,20,20,38,409.96,0.21601,0.030155,5,-10.058,-0.040858,102.33,100.55
2,21,10,54,401.25,0.26457,0.05143,11,-22.083,-0.040858,102.33,100.55
2,22,20,41,314.96,0.16341,0.015313,2,-4.1241,-0.040858,102.33,100.55
2,23,10,51,469.07,0.27766,0.029831,4,-8.2674,-0.040858,102.33,100.55
2,24,15,40,350.68,0.24139,0.032491,5,-10.166,-0.040858,102.33,100.55
3,25,15,34,394.56,0.19709,0.016662,3,-6.1411,-0.039021,82.615,91.547
3,26,20,45,357.11,0.16316,0.039618,4,-8.1081,-0.039021,82.615,91.547
3,27,10,51,462.93,0.32853,0.046087,9,-18.199,-0.039021,82.615,91.547
3,28,15,56,472.74,0.22027,0.027543,5,-10.214,-0.039021,82.615,91.547
3,29,20,31,266.37,0.12438,0.026461,4,-8.0482,-0.039021,82.615,91.547
3,30,10,37,392.43,0.26333,0.016686,4,-8.1705,-0.039021,82.615,91.547
3,31,15,57,453.72,0.19822,0.047131,6,-12.18,-0.039021,82.615,91.547
3,32,20,34,302.95,0.15322,0.0087578,2,-4.1247,-0.039021,82.615,91.547
4,33,20,43,453.49,0.30176,0.034503,4,-8.048,-0.039072,42.604,90.635
4,34,10,30,295.03,0.1604,0.015181,2,-4.0634,-0.039072,42.604,90.635
4,35,10,40,466.16,0.26051,0.028054,5,-10.155,-0.039072,42.604,90.635
4,36,15,35,298.44,0.17639,0.023332,2,-4.0888,-0.039072,42.604,90.635
4,37,10,51,497.95,0.42506,0.03094,7,-14.164,-0.039072,42.604,90.635
4,38,10,45,543.43,0.32828,0.0057536,1,-2.2946,-0.039072,42.604,90.635
4,39,20,45,271.72,0.17237,0.049624,4,-8.0595,-0.039072,42.604,90.635
4,40,15,52,360.48,0.34375,0.023198,2,-4.0857,-0.039072,42.604,90.635
5,41,15,59,348.54,0.20639,0.036398,5,-10.094,-0.058258,83.061,106.61
5,42,10,53,345.31,0.27853,0.034754,9,-18.097,-0.058258,83.061,106.61
5,43,15,50,329.86,0.23694,0.033157,4,-8.1167,-0.058258,83.061,106.61
5,44,20,33,351.2,0.15491,0.06899,6,-12.152,-0.058258,83.061,106.61
5,45,20,47,466.25,0.18803,0.029477,3,-6.1832,-0.058258,83.061,106.61
5,46,15,58,359.18,0.25617,0.042995,2,-4.155,-0.058258,83.061,106.61
5,47,10,52,370,0.20583,0.066085,7,-14.127,-0.058258,83.061,106.61
5,48,10,42,430.06,0.2605,0.015945,2,-4.0364,-0.058258,83.061,106.61
6,49,10,41,438.45,0.29315,0.041018,3,-6.2473,-0.041739,45.221,105.14
6,50,20,54,439.47,0.22471,0.023922,8,-16.216,-0.041739,45.221,105.14
6,51,15,59,384.25,0.20394,0.045383,2,-4.126,-0.041739,45.221,105.14
6,52,20,49,279.84,0.19231,0.020816,3,-6.0565,-0.041739,45.221,105.14
6,53,20,30,278.72,0.11546,0.033679,2,-4.0935,-0.041739,45.221,105.14
6,54,10,36,295.67,0.19463,0.039323,4,-8.0836,-0.041739,45.221,105.14
6,55,20,55,362.1,0.26927,0.01178,5,-10.055,-0.041739,45.221,105.14
6,56,15,52,476.81,0.22616,0.040166,3,-6.2247,-0.041739,45.221,105.14
7,57,10,51,405.3,0.31753,0.03553,1,-2.1119,-0.046415,14.222,101.04
7,58,15,39,346.03,0.12858,0.02787,2,-4.1048,-0.046415,14.222,101.04
7,59,20,48,396.93,0.25959,0.026215,5,-10.073,-0.046415,14.222,101.04
7,60,10,40,382.06,0.24316,0.022746,2,-4.1108,-0.046415,14.222,101.04
7,61,15,41,368.66,0.16088,0.03105,2,-4.1191,-0.046415,14.222,101.04
7,62,15,48,390.03,0.18589,0.029104,3,-6.1004,-0.046415,14.222,101.04
7,63,15,47,422,0.21225,0.021346,3,-6.1446,-0.046415,14.222,101.04
7,64,15,59,371.64,0.24374,0.011764,3,-6.0749,-0.046415,14.222,101.04
8,65,10,31,318.99,0.18328,0.045802,3,-6.1213,-0.048306,14.97,97.154
8,66,20,58,325.78,0.27275,0.024748,3,-6.1209,-0.048306,14.97,97.154
8,67,20,42,407.68,0.18067,0.020365,0,-0.14785,-0.048306,14.97,97.154
8,68,15,45,374.77,0.31467,0.054294,5,-10.198,-0.048306,14.97,97.154
8,69,10,47,328.55,0.25483,0.030657,2,-4.0775,-0.048306,14.97,97.154
8,70,15,41,338.98,0.32054,0.026484,3,-6.0604,-0.048306,14.97,97.154
8,71,20,37,306.39,0.14701,0.018481,3,-6.1237,-0.048306,14.97,97.154
8,72,20,55,389.38,0.16481,0.030972,2,-4.0971,-0.048306,14.97,97.154
9,73,20,45,423.46,0.26877,0.018,2,-4.2464,-0.049138,24.324,109.79
9,74,10,57,397.72,0.20878,0.013805,1,-2.1478,-0.049138,24.324,109.79
9,75,15,36,289.15,0.12247,0.047538,4,-8.1045,-0.049138,24.324,109.79
9,76,15,54,529.49,0.24437,0.022239,4,-8.204,-0.049138,24.324,109.79
9,77,10,54,496.09,0.29766,0.045543,5,-10.157,-0.049138,24.324,109.79
9,78,20,42,318.42,0.12992,0.021063,1,-2.1027,-0.049138,24.324,109.79
9,79,10,58,425.54,0.40721,0.017231,5,-10.12,-0.049138,24.324,109.79
9,80,20,52,345.26,0.26146,0.040003,4,-8.0513,-0.049138,24.324,109.79
10,81,10,43,419.86,0.15074,0.011717,2,-4.0481,-0.038099,17.913,99.717
10,82,20,60,322.31,0.34838,0.035393,4,-8.1009,-0.038099,17.913,99.717
10,83,20,39,359.16,0.14249,0.040266,3,-6.1115,-0.038099,17.913,99.717
10,84,15,52,441.3,0.17357,0.016968,1,-2.1092,-0.038099,17.913,99.717
10,85,20,31,294.26,0.13599,0.020006,5,-10.059,-0.038099,17.913,99.717
10,86,20,49,367.91,0.14649,0.054565,5,-10.076,-0.038099,17.913,99.717
10,87,15,47,427.63,0.27846,0.048865,2,-4.2256,-0.038099,17.913,99.717
10,88,15,36,284.59,0.15874,0.01505,3,-6.0917,-0.038099,17.913,99.717
11,89,20,47,404.79,0.18606,0.042261,0,-0.12319,-0.055623,7.023,101.31
11,90,15,41,331.22,0.2116,0.022846,3,-6.1014,-0.055623,7.023,101.31
11,91,20,38,309.44,0.13459,0.0075973,1,-2.1121,-0.055623,7.023,101.31
11,92,15,48,382.69,0.20948,0.015595,0,-0.18243,-0.055623,7.023,101.31
11,93,20,60,340.37,0.2518,0.023907,4,-8.0939,-0.055623,7.023,101.31
11,94,10,37,366.24,0.22226,0.031204,1,-2.1945,-0.055623,7.023,101.31
11,95,15,46,534.24,0.17406,0.024968,1,-2.0433,-0.055623,7.023,101.31
11,96,20,52,386.05,0.20875,0.029669,1,-2.1408,-0.055623,7.023,101.31
12,97,10,50,413.98,0.35765,0.022869,2,-4.1029,-0.032602,3.2567,107.92
12,98,15,59,578.1,0.23664,0.041555,3,-6.2139,-0.032602,3.2567,107.92
12,99,20,45,452.1,0.25763,0.030538,0,-0.15152,-0.032602,3.2567,107.92
12,100,20,55,333.43,0.14917,0.028805,1,-2.0886,-0.032602,3.2567,107.92
12,101,10,59,398.59,0.23921,0.033691,1,-2.078,-0.032602,3.2567,107.92
12,102,15,34,458.36,0.16913,0.024578,1,-2.1226,-0.032602,3.2567,107.92
12,103,15,39,337.74,0.27667,0.030169,2,-4.1152,-0.032602,3.2567,107.92
12,104,20,55,294.02,0.15048,0.014182,2,-4.0253,-0.032602,3.2567,107.92
13,105,10,49,487.16,0.27669,0.027544,4,-8.1989,-0.071071,12.374,96.02
13,106,15,60,347.77,0.34636,0.047175,4,-8.1101,-0.071071,12.374,96.02
13,107,10,50,598.61,0.41132,0.055474,0,-0.23476,-0.071071,12.374,96.02
13,108,10,56,432.66,0.52239,0.004693,0,-0.12134,-0.071071,12.374,96.02
13,109,15,46,348.15,0.2173,0.0055478,0,-0.073236,-0.071071,12.374,96.02
13,110,15,58,402.15,0.24933,0.049158,3,-6.1226,-0.071071,12.374,96.02
13,111,15,34,384.93,0.15655,0.032722,1,-2.1427,-0.071071,12.374,96.02
13,112,10,33,305.5,0.16347,0.011889,0,-0.10406,-0.071071,12.374,96.02
14,113,10,32,350.43,0.27285,0.096323,0,-0.10184,-0.032352,8.0736,99.73
14,114,10,52,619.41,0.31225,0.052079,1,-2.2977,-0.032352,8.0736,99.73
14,115,15,51,399.94,0.25716,0.021203,0,-0.067206,-0.032352,8.0736,99.73
14,116,10,35,336.49,0.20709,0.037082,1,-2.0637,-0.032352,8.0736,99.73
14,117,10,57,372.58,0.23226,0.016636,0,-0.12555,-0.032352,8.0736,99.73
14,118,15,58,322.48,0.19503,0.017425,0,-0.091122,-0.032352,8.0736,99.73
14,119,15,59,342.9,0.21943,0.02108,0,-0.098352,-0.032352,8.0736,99.73
14,120,10,56,509.28,0.28098,0.058621,2,-4.0686,-0.032352,8.0736,99.73
15,121,10,49,328.38,0.23266,0.008088,0,-0.081067,-0.0094231,6.316,97.634
15,122,20,55,312.02,0.2051,0.029569,1,-2.0919,-0.0094231,6.316,97.634
15,123,10,51,488.83,0.18827,0.026576,1,-2.0325,-0.0094231,6.316,97.634
15,124,20,54,349.37,0.24432,0.012178,0,-0.14687,-0.0094231,6.316,97.634
15,125,15,56,483.66,0.25194,0.015325,0,-0.061649,-0.0094231,6.316,97.634
15,126,10,30,334.73,0.23974,0.020956,0,-0.037372,-0.0094231,6.316,97.634
15,127,15,31,317.47,0.14323,0.020094,1,-2.1212,-0.0094231,6.316,97.634
15,128,20,50,362.95,0.16881,0.026785,2,-4.1513,-0.0094231,6.316,97.634
16,129,15,41,293.54,0.14174,0.028021,2,-4.0911,-0.047068,5.5988,96.492
16,130,20,44,368.77,0.17468,0.0075345,0,-0.14612,-0.047068,5.5988,96.492
16,131,15,50,369.45,0.23474,0.033177,0,-0.16152,-0.047068,5.5988,96.492
16,132,20,34,246.34,0.12722,0.013047,2,-4.066,-0.047068,5.5988,96.492
16,133,15,60,422.47,0.19931,0.031901,2,-4.0539,-0.047068,5.5988,96.492
16,134,20,60,464.48,0.36953,0.016535,0,-0.2893,-0.047068,5.5988,96.492
16,135,15,46,365.75,0.20603,0.022097,0,-0.15638,-0.047068,5.5988,96.492
16,136,20,33,267.31,0.19275,0.030161,3,-6.0701,-0.047068,5.5988,96.492
17,137,15,56,335.97,0.17789,0.033434,1,-2.1075,-0.025963,4.2182,94.362
17,138,15,47,416.97,0.19596,0.013704,0,-0.18808,-0.025963,4.2182,94.362
17,139,15,42,353.55,0.24409,0.0079373,1,-2.0696,-0.025963,4.2182,94.362
17,140,15,50,537.38,0.33397,0.020145,0,-0.25181,-0.025963,4.2182,94.362
17,141,15,52,488.57,0.28301,0.012358,0,-0.19719,-0.025963,4.2182,94.362
17,142,10,30,301.48,0.23038,0.01424,0,-0.10357,-0.025963,4.2182,94.362
17,143,20,42,319.96,0.14215,0.011861,1,-2.1238,-0.025963,4.2182,94.362
17,144,10,54,491.26,0.39016,0.033125,0,-0.17674,-0.025963,4.2182,94.362
18,145,15,48,342.33,0.20712,0.025087,0,-0.12643,-0.005964,2.7937,88.643
18,146,20,54,326.72,0.26598,0.038872,0,-0.06836,-0.005964,2.7937,88.643
18,147,10,60,508.34,0.36869,0.050656,0,-0.074783,-0.005964,2.7937,88.643
18,148,10,49,482.9,0.223,0.0081374,0,-0.21986,-0.005964,2.7937,88.643
18,149,10,32,291.92,0.14036,0.012585,2,-4.1057,-0.005964,2.7937,88.643
18,150,15,30,369.68,0.12408,0.033186,1,-2.1233,-0.005964,2.7937,88.643
18,151,20,45,295.36,0.17232,0.037048,1,-2.0799,-0.005964,2.7937,88.643
18,152,20,36,301.36,0.1118,0.01521,1,-2.0962,-0.005964,2.7937,88.643
19,153,20,58,359.68,0.17508,0.022078,0,-0.11642,-0.003984,1.6186,96.875
19,154,10,48,429.15,0.25812,0.02691,1,-2.2075,-0.003984,1.6186,96.875
19,155,10,39,507.46,0.23713,0.01647,1,-2.207,-0.003984,1.6186,96.875
19,156,20,34,327.37,0.13116,0.041788,1,-2.1248,-0.003984,1.6186,96.875
19,157,10,38,336.22,0.18918,0.035487,0,-0.091497,-0.003984,1.6186,96.875
19,158,15,60,499.94,0.31553,0.049804,0,-0.13324,-0.003984,1.6186,96.875
19,159,20,55,459.64,0.20148,0.011856,0,-0.19202,-0.003984,1.6186,96.875
19,160,10,47,490.44,0.24379,0.023893,0,-0.20374,-0.003984,1.6186,96.875
20,161,20,44,419.81,0.16648,0.023383,0,-0.063386,-0.0040719,2.9382,83.716
20,162,15,32,377.26,0.23561,0.021571,1,-2.1341,-0.0040719,2.9382,83.716
20,163,15,55,486.82,0.21258,0.024929,0,-0.13675,-0.0040719,2.9382,83.716
20,164,15,32,346.1,0.24478,0.022991,2,-4.1407,-0.0040719,2.9382,83.716
20,165,15,44,425.19,0.22749,0.024008,0,-0.20708,-0.0040719,2.9382,83.716
20,166,20,52,314.93,0.21437,0.02459,1,-2.0892,-0.0040719,2.9382,83.716
20,167,20,33,326.57,0.14385,0.022439,2,-4.0942,-0.0040719,2.9382,83.716
20,168,15,38,400.51,0.16949,0.028412,0,-0.15666,-0.0040719,2.9382,83.716
21,169,20,44,286.21,0.22367,0.014316,0,-0.098682,0.014275,6.8392,89.211
21,170,20,54,272.22,0.17906,0.012027,2,-4.0775,0.014275,6.8392,89.211
21,171,20,33,262.5,0.12273,0.034636,3,-6.064,0.014275,6.8392,89.211
21,172,15,35,344.86,0.20306,0.016058,0,-0.084908,0.014275,6.8392,89.211
21,173,20,32,347.51,0.13204,0.0053614,2,-4.0431,0.014275,6.8392,89.211
21,174,15,58,432.06,0.31422,0.029545,2,-4.0458,0.014275,6.8392,89.211
21,175,20,47,375.25,0.18898,0.019593,0,-0.11307,0.014275,6.8392,89.211
21,176,10,58,459.15,0.33871,0.022533,0,-0.24366,0.014275,6.8392,89.211
22,177,20,45,358.04,0.20735,0.014243,0,-0.093133,-0.023254,3.8121,104.84
22,178,15,53,359.94,0.16433,0.025674,0,-0.14347,-0.023254,3.8121,104.84
22,179,20,58,421.25,0.2701,0.021926,0,-0.175,-0.023254,3.8121,104.84
22,180,10,47,506.43,0.23962,0.01932,0,-0.080239,-0.023254,3.8121,104.84
22,181,20,54,402.05,0.1692,0.017931,0,-0.14077,-0.023254,3.8121,104.84
22,182,20,35,301.8,0.17444,0.034859,3,-6.0432,-0.023254,3.8121,104.84
22,183,20,59,329.76,0.2447,0.028419,1,-2.1204,-0.023254,3.8121,104.84
22,184,15,30,280.93,0.13426,0.018132,1,-2.0739,-0.023254,3.8121,104.84
23,185,10,36,475,0.25291,0.031152,0,-0.17064,-0.00094652,1.2365,81.576
23,186,10,46,371.67,0.24189,0.0089697,0,-0.17686,-0.00094652,1.2365,81.576
23,187,15,37,415.61,0.18539,0.020546,0,-0.11115,-0.00094652,1.2365,81.576
23,188,15,32,344.4,0.20573,0.012808,1,-2.1285,-0.00094652,1.2365,81.576
23,189,15,45,384.84,0.22973,0.016668,0,-0.14332,-0.00094652,1.2365,81.576
23,190,10,46,392.75,0.24504,0.013018,0,-0.028165,-0.00094652,1.2365,81.576
23,191,10,60,537.81,0.26315,0.015631,0,-0.14351,-0.00094652,1.2365,81.576
23,192,20,50,354.22,0.19165,0.029202,0,-0.086545,-0.00094652,1.2365,81.576
24,193,15,45,451.57,0.16846,0.038743,0,-0.16097,-0.056285,0.97697,104.58
24,194,20,56,323.03,0.16927,0.014799,1,-2.0286,-0.056285,0.97697,104.58
24,195,10,31,388.11,0.13625,0.01192,1,-2.13,-0.056285,0.97697,104.58
24,196,10,57,399.38,0.25543,0.037713,0,-0.051618,-0.056285,0.97697,104.58
24,197,20,58,452.47,0.25806,0.025439,0,-0.19346,-0.056285,0.97697,104.58
24,198,15,54,445.32,0.27354,0.049681,1,-2.1198,-0.056285,0.97697,104.58
24,199,15,50,341.24,0.26863,0.033491,0,-0.10433,-0.056285,0.97697,104.58
24,200,10,50,607.25,0.37788,0.044019,0,-0.30836,-0.056285,0.97697,104.58
25,201,10,60,479.76,0.3733,0.05391,0,-0.073046,0.0034104,0.93652,101.36
25,202,10,40,490.52,0.30844,0.029303,0,-0.20848,0.0034104,0.93652,101.36
25,203,10,54,463.95,0.22051,0.023054,0,-0.15005,0.0034104,0.93652,101.36
25,204,20,46,403.21,0.25548,0.03567,1,-2.0807,0.0034104,0.93652,101.36
25,205,15,58,319.12,0.18467,0.030998,0,-0.091851,0.0034104,0.93652,101.36
25,206,15,56,353.83,0.26244,0.024246,0,-0.14302,0.0034104,0.93652,101.36
25,207,10,38,490.53,0.29206,0.011541,0,-0.25314,0.0034104,0.93652,101.36
25,208,20,59,394.67,0.18327,0.025172,0,-0.16227,0.0034104,0.93652,101.36
26,209,20,38,268.9,0.13627,0.013627,1,-2.073,-0.01792,1.0082,92.04
26,210,10,52,335.74,0.21669,0.027333,0,-0.094003,-0.01792,1.0082,92.04
26,211,10,43,406.87,0.18484,0.0034148,0,-0.068552,-0.01792,1.0082,92.04
26,212,10,47,329.39,0.14936,0.023285,0,-0.12189,-0.01792,1.0082,92.04
26,213,10,50,387.17,0.24281,0.033923,0,-0.0622,-0.01792,1.0082,92.04
26,214,10,32,418.64,0.24066,0.046535,0,-0.22512,-0.01792,1.0082,92.04
26,215,20,58,338.88,0.2282,0.019813,1,-2.1162,-0.01792,1.0082,92.04
26,216,20,58,590.54,0.27454,0.038523,1,-2.2538,-0.01792,1.0082,92.04
27,217,20,56,325.29,0.20834,0.033356,0,-0.045811,0.019048,1.9064,107.37
27,218,15,60,489.25,0.24841,0.048455,0,-0.24184,0.019048,1.9064,107.37
27,219,10,51,537.72,0.42875,0.028293,0,-0.16906,0.019048,1.9064,107.37
27,220,20,57,284.77,0.1461,0.039798,2,-4.0737,0.019048,1.9064,107.37
27,221,15,44,469.93,0.2403,0.02881,1,-2.1096,0.019048,1.9064,107.37
27,222,15,41,342.97,0.23915,0.0095312,0,-0.0279,0.019048,1.9064,107.37
27,223,15,57,343.6,0.23073,0.034802,0,-0.087453,0.019048,1.9064,107.37
27,224,20,46,394.1,0.15461,0.040217,0,-0.13549,0.019048,1.9064,107.37
28,225,20,48,328.29,0.18042,0.025463,1,-2.0687,-0.0028598,0.74242,92.026
28,226,20,50,410.76,0.21406,0.031336,0,-0.10832,-0.0028598,0.74242,92.026
28,227,15,45,577.26,0.35611,0.03487,1,-2.0885,-0.0028598,0.74242,92.026
28,228,15,50,527.97,0.19969,0.0071386,0,-0.1018,-0.0028598,0.74242,92.026
28,229,15,57,364.89,0.32487,0.054408,0,-0.059392,-0.0028598,0.74242,92.026
28,230,15,30,335.28,0.2698,0.033833,0,-0.16694,-0.0028598,0.74242,92.026
28,231,10,46,334.18,0.26312,0.042822,0,-0.055562,-0.0028598,0.74242,92.026
28,232,15,47,357.68,0.34116,0.051449,0,-0.098446,-0.0028598,0.74242,92.026
29,233,10,32,363.49,0.21794,0.024714,0,-0.1322,0.002357,13.287,90.845
29,234,15,54,424.98,0.20638,0.027745,0,-0.16457,0.002357,13.287,90.845
29,235,20,45,397.5,0.23373,0.019959,2,-4.0457,0.002357,13.287,90.845
29,236,15,55,388.38,0.46268,0.041739,0,-0.15436,0.002357,13.287,90.845
29,237,20,44,340.2,0.21878,0.028481,1,-2.0965,0.002357,13.287,90.845
29,238,15,42,334,0.21136,0.027744,0,-0.063471,0.002357,13.287,90.845
29,239,20,30,335.8,0.16746,0.035134,5,-10.057,0.002357,13.287,90.845
29,240,20,50,382.53,0.14286,0.021923,0,-0.10189,0.002357,13.287,90.845
30,241,15,36,323.5,0.14595,0.020856,1,-2.0864,-0.0002492,4.247,78.594
30,242,20,32,288.89,0.15319,0.015772,2,-4.0728,-0.0002492,4.247,78.594
30,243,20,44,445.83,0.18287,0.03159,0,-0.13057,-0.0002492,4.247,78.594
30,244,20,32,268.53,0.10139,0.034642,2,-4.0495,-0.0002492,4.247,78.594
30,245,20,42,372.28,0.27272,0.019414,1,-2.1474,-0.0002492,4.247,78.594
30,246,20,37,287.07,0.183,0.010474,1,-2.0986,-0.0002492,4.247,78.594
30,247,10,53,412.16,0.32992,0.0024285,0,-0.1015,-0.0002492,4.247,78.594
30,248,15,50,430.25,0.25365,0.02562,1,-2.2496,-0.0002492,4.247,78.594
31,249,20,59,362.81,0.16528,0.027155,0,-0.041168,-0.0048832,2.1978,93.404
31,250,15,36,464.74,0.15751,0.013385,2,-4.157,-0.0048832,2.1978,93.404
31,251,10,47,481.18,0.4295,0.031497,0,-0.12252,-0.0048832,2.1978,93.404
31,252,20,47,394.41,0.16093,0.024833,1,-2.1342,-0.0048832,2.1978,93.404
31,253,15,37,275.92,0.15735,0.0075545,1,-2.0811,-0.0048832,2.1978,93.404
31,254,10,43,463.92,0.27696,0.042125,0,-0.23456,-0.0048832,2.1978,93.404
31,255,10,55,619.28,0.2711,0.018133,0,-0.25601,-0.0048832,2.1978,93.404
31,256,15,52,367.62,0.18738,0.032386,0,-0.13624,-0.0048832,2.1978,93.404
32,257,20,53,305.15,0.15362,0.022737,1,-2.0539,-0.045973,1.8785,97.189
32,258,15,40,414.47,0.22872,0.021448,0,-0.13361,-0.045973,1.8785,97.189
32,259,10,48,410.99,0.22451,0.017429,1,-2.0808,-0.045973,1.8785,97.189
32,260,20,58,354.89,0.21442,0.023946,1,-2.0887,-0.045973,1.8785,97.189
32,261,15,40,322.59,0.12463,0.025151,0,-0.10449,-0.045973,1.8785,97.189
32,262,20,56,312.26,0.18346,0.047209,0,-0.088738,-0.045973,1.8785,97.189
32,263,20,40,277.47,0.1628,0.020741,2,-4.051,-0.045973,1.8785,97.189
32,264,10,41,392.78,0.31181,0.032074,0,-0.11751,-0.045973,1.8785,97.189
33,265,20,39,313.23,0.13463,0.022041,2,-4.0274,-0.026409,1.8336,92.508
33,266,15,36,435.19,0.24697,0.045311,1,-2.0752,-0.026409,1.8336,92.508
33,267,15,47,450.43,0.32797,0.035849,0,-0.1687,-0.026409,1.8336,92.508
33,268,20,59,496.88,0.23675,0.042299,0,-0.17186,-0.026409,1.8336,92.508
33,269,20,39,299.15,0.15316,0.015411,1,-2.1072,-0.026409,1.8336,92.508
33,270,15,42,435.4,0.19196,0.014726,0,-0.097253,-0.026409,1.8336,92.508
33,271,20,54,349.02,0.20738,0.022663,1,-2.1373,-0.026409,1.8336,92.508
33,272,10,43,321.43,0.16176,0.021251,0,-0.022452,-0.026409,1.8336,92.508
34,273,10,35,349.84,0.13026,0.033587,0,-0.11807,-0.01948,1.4441,97.919
34,274,15,60,450.74,0.21651,0.022739,0,-0.12824,-0.01948,1.4441,97.919
34,275,10,58,435.33,0.31924,0.039775,0,-0.10264,-0.01948,1.4441,97.919
34,276,15,55,377.79,0.2245,0.039313,1,-2.0668,-0.01948,1.4441,97.919
34,277,10,45,450.53,0.24725,0.057365,0,-0.24243,-0.01948,1.4441,97.919
34,278,15,51,358,0.25614,0.030803,0,-0.1487,-0.01948,1.4441,97.919
34,279,15,31,251.95,0.13679,0.012207,1,-2.0739,-0.01948,1.4441,97.919
34,280,15,60,501.4,0.37156,0.036029,0,-0.24116,-0.01948,1.4441,97.919
35,281,15,43,477.37,0.17325,0.01545,0,-0.15366,-0.02554,4.5079,88.382
35,282,20,49,308.36,0.20367,0.016865,0,-0.037773,-0.02554,4.5079,88.382
35,283,10,53,631.31,0.26177,0.032948,0,-0.22353,-0.02554,4.5079,88.382
35,284,10,49,357.91,0.17944,0.015125,0,-0.055157,-0.02554,4.5079,88.382
35,285,20,31,262.66,0.10729,0.036791,3,-6.0553,-0.02554,4.5079,88.382
35,286,10,43,377.48,0.36688,0.013307,0,-0.1049,-0.02554,4.5079,88.382
35,287,20,56,342.65,0.21752,0.022197,0,-0.025846,-0.02554,4.5079,88.382
35,288,10,52,389.27,0.36646,0.0045653,0,-0.11615,-0.02554,4.5079,88.382
36,289,15,56,341.77,0.16393,0.027206,0,-0.09468,-0.021835,2.2092,83.856
36,290,10,42,329.11,0.16139,0.050256,0,-0.074061,-0.021835,2.2092,83.856
36,291,10,35,420.92,0.23623,0.055608,0,-0.075108,-0.021835,2.2092,83.856
36,292,20,52,357.42,0.16175,0.024377,0,-0.11381,-0.021835,2.2092,83.856
36,293,10,51,507.83,0.26,0.04605,0,-0.16943,-0.021835,2.2092,83.856
36,294,10,50,560.92,0.29909,0.041736,0,-0.11984,-0.021835,2.2092,83.856
36,295,10,34,366.33,0.27364,0.027965,0,-0.051838,-0.021835,2.2092,83.856
36,296,10,50,423.44,0.36325,0.017038,1,-2.1882,-0.021835,2.2092,83.856
37,297,10,32,422.96,0.24751,0.043197,2,-4.2249,-0.022008,2.6472,80.12
37,298,15,46,358.58,0.25726,0.033504,0,-0.094486,-0.022008,2.6472,80.12
37,299,20,52,299.82,0.17942,0.032574,0,-0.05332,-0.022008,2.6472,80.12
37,300,10,50,446.42,0.26863,0.044619,0,-0.098274,-0.022008,2.6472,80.12
37,301,10,42,407.73,0.2128,0.011939,0,-0.17757,-0.022008,2.6472,80.12
37,302,20,53,303.62,0.1446,0.011442,0,-0.10212,-0.022008,2.6472,80.12
37,303,15,36,336.64,0.22357,0.027174,0,-0.074775,-0.022008,2.6472,80.12
37,304,20,47,333.45,0.19409,0.019394,1,-2.0807,-0.022008,2.6472,80.12
38,305,10,52,648.15,0.5401,0.032688,0,-0.074861,-0.027687,2.335,75.352
38,306,20,31,306.41,0.15747,0.028185,1,-2.0457,-0.027687,2.335,75.352
38,307,20,49,424.15,0.1428,0.021707,0,-0.11629,-0.027687,2.335,75.352
38,308,15,51,300.94,0.16877,0.037197,0,-0.04024,-0.027687,2.335,75.352
38,309,15,37,342.27,0.1291,0.0092805,0,-0.035425,-0.027687,2.335,75.352
38,310,10,46,578.57,0.27286,0.029728,0,-0.26208,-0.027687,2.335,75.352
38,311,15,34,366.04,0.1419,0.01359,2,-4.1169,-0.027687,2.335,75.352
38,312,10,47,398.21,0.28856,0.052175,0,-0.10891,-0.027687,2.335,75.352
39,313,10,49,353.69,0.17238,0.047994,0,-0.10292,0.01128,4.3865,94.268
39,314,15,58,312.05,0.16134,0.023355,0,-0.091381,0.01128,4.3865,94.268
39,315,15,54,363.25,0.24749,0.0068552,0,-0.12665,0.01128,4.3865,94.268
39,316,10,60,377.6,0.17061,0.067243,0,-0.088207,0.01128,4.3865,94.268
39,317,10,58,429.43,0.20822,0.028163,0,-0.16055,0.01128,4.3865,94.268
39,318,10,59,490.21,0.18101,0.037557,0,-0.17962,0.01128,4.3865,94.268
39,319,20,36,454.54,0.281,0.023399,3,-6.2461,0.01128,4.3865,94.268
39,320,10,55,455.57,0.26059,0.037627,0,-0.12827,0.01128,4.3865,94.268
40,321,15,50,286.89,0.13818,0.026357,0,-0.059996,-0.02268,0.88057,77.828
40,322,10,39,556.58,0.23563,0.058936,0,-0.22127,-0.02268,0.88057,77.828
40,323,20,38,373,0.14157,0.031935,1,-2.1096,-0.02268,0.88057,77.828
40,324,15,37,356.01,0.12502,0.040767,0,-0.089388,-0.02268,0.88057,77.828
40,325,10,44,359.74,0.17018,0.089107,0,-0.1176,-0.02268,0.88057,77.828
40,326,10,31,399.28,0.28026,0.021652,0,-0.22596,-0.02268,0.88057,77.828
40,327,15,49,307.08,0.14128,0.0074041,0,-0.082494,-0.02268,0.88057,77.828
40,328,10,58,529.78,0.25285,0.041158,0,-0.21248,-0.02268,0.88057,77.828
41,329,20,37,385.32,0.15492,0.021362,4,-8.1061,0.0049294,7.2592,79.338
41,330,15,60,585.63,0.30102,0.033402,0,-0.25459,0.0049294,7.2592,79.338
41,331,10,40,599.31,0.38832,0.035178,0,-0.38157,0.0049294,7.2592,79.338
41,332,15,34,418.72,0.21655,0.018752,1,-2.1415,0.0049294,7.2592,79.338
41,333,10,58,500.25,0.19468,0.062658,0,-0.18965,0.0049294,7.2592,79.338
41,334,15,43,379.67,0.13691,0.030855,1,-2.101,0.0049294,7.2592,79.338
41,335,10,40,382.46,0.29268,0.03454,0,-0.15891,0.0049294,7.2592,79.338
41,336,15,59,344.48,0.24253,0.045362,0,-0.087782,0.0049294,7.2592,79.338
42,337,10,30,519.2,0.32459,0.029515,0,-0.047901,-0.0055121,0.90171,75.994
42,338,15,53,331,0.17424,0.00467,1,-2.1017,-0.0055121,0.90171,75.994
42,339,10,39,502.92,0.20077,0.0062021,0,-0.12414,-0.0055121,0.90171,75.994
42,340,10,55,506.53,0.23051,0.076019,0,-0.11334,-0.0055121,0.90171,75.994
42,341,20,48,279.89,0.15842,0.026074,1,-2.0469,-0.0055121,0.90171,75.994
42,342,20,48,317.98,0.1771,0.02548,1,-2.0882,-0.0055121,0.90171,75.994
42,343,10,54,551.64,0.36617,0.039164,0,-0.11726,-0.0055121,0.90171,75.994
42,344,10,51,549.51,0.20454,0.056922,0,-0.1107,-0.0055121,0.90171,75.994
43,345,10,50,504.29,0.29718,0.081823,0,-0.16454,-0.031019,0.50862,74.244
43,346,15,37,393.09,0.17827,0.0043352,1,-2.0083,-0.031019,0.50862,74.244
43,347,20,38,292.63,0.13487,0.010852,0,-0.10875,-0.031019,0.50862,74.244
43,348,10,36,347.26,0.28967,0.059187,0,-0.10665,-0.031019,0.50862,74.244
43,349,20,41,371.01,0.1399,0.0099072,0,-0.083689,-0.031019,0.50862,74.244
43,350,15,57,452.07,0.25294,0.01088,0,-0.10311,-0.031019,0.50862,74.244
43,351,15,50,357.27,0.30453,0.031747,0,-0.076378,-0.031019,0.50862,74.244
43,352,10,38,372.66,0.22186,0.035772,0,-0.10749,-0.031019,0.50862,74.244
44,353,10,54,487.84,0.42602,0.032546,0,-0.18723,-0.012284,3.5315,82.449
44,354,20,49,334.96,0.1232,0.0038513,2,-4.1026,-0.012284,3.5315,82.449
44,355,15,36,324.18,0.14834,0.02839,1,-2.1472,-0.012284,3.5315,82.449
44,356,10,38,397.45,0.33158,0.033565,0,-0.25071,-0.012284,3.5315,82.449
44,357,15,38,358.38,0.21877,0.013707,0,-0.034004,-0.012284,3.5315,82.449
44,358,20,48,307.09,0.18897,0.039288,0,-0.10143,-0.012284,3.5315,82.449
44,359,15,43,353.6,0.2278,0.014795,0,-0.13724,-0.012284,3.5315,82.449
44,360,20,58,415.58,0.17474,0.016057,2,-4.0911,-0.012284,3.5315,82.449
45,361,20,41,353.45,0.17459,0.049336,1,-2.1159,-0.012493,2.7675,71.884
45,362,20,34,321.08,0.20812,0.021538,2,-4.0903,-0.012493,2.7675,71.884
45,363,10,59,419.11,0.22672,0.028476,0,-0.16266,-0.012493,2.7675,71.884
45,364,15,31,313.4,0.15161,0.010887,1,-2.1234,-0.012493,2.7675,71.884
45,365,10,53,589.16,0.24013,0.028615,0,-0.14444,-0.012493,2.7675,71.884
45,366,10,34,379.75,0.21107,0.031584,0,-0.071796,-0.012493,2.7675,71.884
45,367,20,41,372.53,0.17828,0.034542,1,-2.1146,-0.012493,2.7675,71.884
45,368,20,40,316.63,0.20458,0.015091,1,-2.0853,-0.012493,2.7675,71.884
46,369,20,54,501.11,0.32571,0.028358,0,-0.1374,0.0078748,2.2602,92.941
46,370,15,55,436.64,0.31472,0.046937,2,-4.156,0.0078748,2.2602,92.941
46,371,20,40,408.66,0.18255,0.01382,1,-2.1109,0.0078748,2.2602,92.941
46,372,15,51,385.29,0.25079,0.035646,0,-0.07074,0.0078748,2.2602,92.941
46,373,15,59,390.82,0.15134,0.022956,0,-0.11121,0.0078748,2.2602,92.941
46,374,20,33,313.08,0.1247,0.0056001,1,-2.0999,0.0078748,2.2602,92.941
46,375,10,58,473.74,0.20356,0.042534,0,-0.060418,0.0078748,2.2602,92.941
46,376,15,44,391.46,0.19704,0.040812,0,-0.16243,0.0078748,2.2602,92.941
47,377,20,39,300.66,0.14435,0.03954,1,-2.0445,-0.011607,0.96113,74.244
47,378,15,47,329.77,0.22219,0.064569,0,-0.077022,-0.011607,0.96113,74.244
47,379,20,49,363.57,0.13728,0.039589,1,-2.1023,-0.011607,0.96113,74.244
47,380,15,36,338.01,0.18565,0.024497,0,-0.10335,-0.011607,0.96113,74.244
47,381,20,55,462.74,0.24756,0.016291,0,-0.052745,-0.011607,0.96113,74.244
47,382,10,38,442.23,0.21536,0.023592,0,-0.15299,-0.011607,0.96113,74.244
47,383,10,31,510.44,0.18684,0.0030606,1,-2.1515,-0.011607,0.96113,74.244
47,384,10,43,480.2,0.17495,0.045451,0,-0.087261,-0.011607,0.96113,74.244
48,385,20,40,346.07,0.15726,0.035849,1,-2.1152,-0.0013328,5.186,64.015
48,386,15,37,289.65,0.19886,0.0083839,0,-0.077985,-0.0013328,5.186,64.015
48,387,15,41,387.11,0.15171,0.041696,0,-0.11082,-0.0013328,5.186,64.015
48,388,15,35,305.61,0.20978,0.036541,0,-0.087093,-0.0013328,5.186,64.015
48,389,10,30,292.84,0.16262,0.02607,0,-0.026185,-0.0013328,5.186,64.015
48,390,15,49,371.72,0.26469,0.033165,0,-0.12934,-0.0013328,5.186,64.015
48,391,10,30,339.94,0.19821,0.044564,3,-6.0622,-0.0013328,5.186,64.015
48,392,20,37,272.4,0.12776,0.013471,2,-4.0517,-0.0013328,5.186,64.015
49,393,20,41,309.14,0.15068,0.027907,2,-4.0809,-0.0073888,1.9951,83.848
49,394,10,54,515.27,0.33546,0.0077642,0,-0.26826,-0.0073888,1.9951,83.848
49,395,15,32,390.19,0.13464,0.025205,1,-2.0733,-0.0073888,1.9951,83.848
49,396,15,41,329.7,0.19106,0.053296,0,-0.11004,-0.0073888,1.9951,83.848
49,397,20,43,315.65,0.25162,0.024917,1,-2.0934,-0.0073888,1.9951,83.848
49,398,20,54,334.07,0.18898,0.029318,0,-0.11929,-0.0073888,1.9951,83.848
49,399,20,51,372.02,0.17741,0.016754,0,-0.087443,-0.0073888,1.9951,83.848
49,400,20,36,305.27,0.20009,0.012005,1,-2.0852,-0.0073888,1.9951,83.848
50,401,15,51,382.79,0.24583,0.041654,0,-0.14015,0.0080639,2.9737,74.333
50,402,20,38,381.67,0.12652,0.0036853,0,-0.10593,0.0080639,2.9737,74.333
50,403,15,35,375.69,0.2488,0.037467,0,-0.21984,0.0080639,2.9737,74.333
50,404,20,39,349.88,0.18333,0.058715,2,-4.131,0.0080639,2.9737,74.333
50,405,15,57,499.53,0.36372,0.051755,0,-0.27915,0.0080639,2.9737,74.333
50,406,20,32,363.51,0.18813,0.026801,2,-4.1176,0.0080639,2.9737,74.333
50,407,10,34,322.83,0.25867,0.025183,0,-0.059056,0.0080639,2.9737,74.333
50,408,15,48,347.89,0.14859,0.011753,0,-0.089825,0.0080639,2.9737,74.333
51,409,10,39,354.62,0.19366,0.043914,0,-0.088677,-0.01439,1.0972,74.065
51,410,15,44,356.62,0.17782,0.071635,0,-0.085701,-0.01439,1.0972,74.065
51,411,10,33,462.22,0.27505,0.030239,0,-0.24095,-0.01439,1.0972,74.065
51,412,20,51,319.59,0.1654,0.028047,0,-0.12483,-0.01439,1.0972,74.065
51,413,10,31,353.71,0.24704,0.056558,0,-0.093605,-0.01439,1.0972,74.065
51,414,20,43,314.42,0.24793,0.028797,1,-2.0864,-0.01439,1.0972,74.065
51,415,15,53,385.5,0.29466,0.048745,0,-0.082112,-0.01439,1.0972,74.065
51,416,15,30,300.06,0.17966,0.020169,1,-2.1099,-0.01439,1.0972,74.065
52,417,10,59,674.54,0.34077,0.080154,0,-0.30695,0.0039352,1.0974,89.461
52,418,15,39,300.95,0.12807,0.026277,1,-2.0361,0.0039352,1.0974,89.461
52,419,20,60,430.39,0.22545,0.022162,1,-2.1637,0.0039352,1.0974,89.461
52,420,15,54,422.66,0.15242,0.0046671,0,-0.12724,0.0039352,1.0974,89.461
52,421,10,35,367.12,0.34328,0.012889,0,-0.10489,0.0039352,1.0974,89.461
52,422,10,49,397.3,0.22967,0.047877,0,-0.08831,0.0039352,1.0974,89.461
52,423,15,48,429.65,0.17082,0.035739,0,-0.15675,0.0039352,1.0974,89.461
52,424,10,53,347.15,0.20689,0.011271,0,-0.11536,0.0039352,1.0974,89.461
53,425,10,32,529.28,0.34296,0.040767,0,-0.2824,-0.019227,1.0619,76.353
53,426,10,46,535.36,0.26735,0.029075,0,-0.2574,-0.019227,1.0619,76.353
53,427,20,46,392.47,0.18779,0.011596,1,-2.1683,-0.019227,1.0619,76.353
53,428,10,49,484.52,0.26729,0.069789,0,-0.21918,-0.019227,1.0619,76.353
53,429,10,47,482.96,0.32957,0.096137,0,-0.097455,-0.019227,1.0619,76.353
53,430,10,53,438.9,0.26275,0.021068,0,-0.14842,-0.019227,1.0619,76.353
53,431,20,31,307.74,0.15976,0.025865,1,-2.0328,-0.019227,1.0619,76.353
53,432,20,50,386.84,0.18812,0.021587,0,-0.066369,-0.019227,1.0619,76.353
54,433,10,41,457.3,0.33638,0.043175,0,-0.23471,-0.045536,1.9248,85.086
54,434,20,37,291.51,0.12273,0.015651,1,-2.0936,-0.045536,1.9248,85.086
54,435,15,53,393.42,0.14779,0.070978,0,-0.13435,-0.045536,1.9248,85.086
54,436,20,37,418.29,0.16482,0.030163,2,-4.1552,-0.045536,1.9248,85.086
54,437,15,37,373.44,0.15554,0.032208,1,-2.0736,-0.045536,1.9248,85.086
54,438,20,56,467.15,0.22775,0.035958,0,-0.22557,-0.045536,1.9248,85.086
54,439,15,60,429.05,0.23297,0.081647,0,-0.13114,-0.045536,1.9248,85.086
54,440,10,60,618.35,0.28808,0.038322,0,-0.19052,-0.045536,1.9248,85.086
55,441,15,36,269.85,0.16376,0.037627,1,-2.0876,-0.020995,3.8118,80.493
55,442,15,43,447.34,0.20874,0.014834,0,-0.11615,-0.020995,3.8118,80.493
55,443,10,32,414.38,0.30746,0.035483,0,-0.25579,-0.020995,3.8118,80.493
55,444,20,55,298.59,0.17261,0.011091,1,-2.0456,-0.020995,3.8118,80.493
55,445,10,46,422.96,0.39708,0.053467,0,-0.15112,-0.020995,3.8118,80.493
55,446,10,52,462.44,0.29802,0.011602,0,-0.083768,-0.020995,3.8118,80.493
55,447,15,49,426.16,0.18739,0.053119,0,-0.17102,-0.020995,3.8118,80.493
55,448,20,31,297.47,0.16687,0.023707,3,-6.0777,-0.020995,3.8118,80.493
56,449,20,57,382.24,0.29616,0.028666,3,-6.0933,0.01409,4.8298,87.019
56,450,10,45,338.83,0.2006,0.02852,0,-0.076466,0.01409,4.8298,87.019
56,451,20,42,527.17,0.28813,0.010207,1,-2.1126,0.01409,4.8298,87.019
56,452,15,59,403.17,0.18301,0.021041,0,-0.14997,0.01409,4.8298,87.019
56,453,20,35,278.26,0.21693,0.0081103,1,-2.0775,0.01409,4.8298,87.019
56,454,15,33,329.74,0.31302,0.036376,1,-2.1247,0.01409,4.8298,87.019
56,455,20,42,314.49,0.15535,0.014256,2,-4.0411,0.01409,4.8298,87.019
56,456,15,44,368.74,0.32743,0.036283,0,-0.13164,0.01409,4.8298,87.019
57,457,10,41,568.65,0.33117,0.037683,0,-0.3007,-0.0047234,0.97794,100.48
57,458,10,49,414.23,0.37417,0.010945,0,-0.1395,-0.0047234,0.97794,100.48
57,459,15,57,428.4,0.27331,0.045104,0,-0.21414,-0.0047234,0.97794,100.48
57,460,10,30,321.96,0.24518,0.019809,0,-0.062537,-0.0047234,0.97794,100.48
57,461,20,56,340.91,0.25603,0.025854,0,-0.10738,-0.0047234,0.97794,100.48
57,462,15,57,416.25,0.18739,0.019623,0,-0.15941,-0.0047234,0.97794,100.48
57,463,20,58,515.56,0.19864,0.037278,0,-0.051751,-0.0047234,0.97794,100.48
57,464,10,47,498.75,0.28447,0.039889,0,-0.2544,-0.0047234,0.97794,100.48
58,465,10,57,508.73,0.33902,0.014752,0,-0.027316,-0.015878,1.0169,82.428
58,466,15,35,315.62,0.19277,0.014391,0,-0.10654,-0.015878,1.0169,82.428
58,467,10,46,456.25,0.34221,0.039357,0,-0.12902,-0.015878,1.0169,82.428
58,468,10,54,385.73,0.23234,0.019104,0,-0.034358,-0.015878,1.0169,82.428
58,469,10,45,548,0.31646,0.049935,0,-0.26759,-0.015878,1.0169,82.428
58,470,20,44,430.46,0.19435,0.028573,0,-0.16438,-0.015878,1.0169,82.428
58,471,10,42,447.38,0.21748,0.030989,0,-0.20837,-0.015878,1.0169,82.428
58,472,10,46,346.5,0.21895,0.0071273,0,-0.098046,-0.015878,1.0169,82.428
59,473,10,53,533.01,0.27009,0.056295,0,-0.25525,-0.0027472,0.77746,87.687
59,474,10,54,586.81,0.4819,0.018189,0,-0.44208,-0.0027472,0.77746,87.687
59,475,15,31,380.84,0.19676,0.019517,0,-0.089694,-0.0027472,0.77746,87.687
59,476,20,31,304.14,0.14068,0.023947,1,-2.07,-0.0027472,0.77746,87.687
59,477,15,56,393.96,0.25169,0.044065,1,-2.1024,-0.0027472,0.77746,87.687
59,478,10,43,684.19,0.50216,0.020664,0,-0.40999,-0.0027472,0.77746,87.687
59,479,20,38,362.41,0.16034,0.028142,1,-2.1367,-0.0027472,0.77746,87.687
59,480,20,52,381.04,0.13139,0.032212,0,-0.12775,-0.0027472,0.77746,87.687
60,481,15,56,594.77,0.38317,0.036256,0,-0.35321,-0.031204,1.8997,83.388
60,482,10,52,510.54,0.28174,0.066607,0,-0.1995,-0.031204,1.8997,83.388
60,483,10,33,377.7,0.38442,0.01985,0,-0.10456,-0.031204,1.8997,83.388
60,484,20,31,465.97,0.23054,0.026439,2,-4.1482,-0.031204,1.8997,83.388
60,485,20,46,307.75,0.2487,0.028866,0,-0.13869,-0.031204,1.8997,83.388
60,486,15,54,489.1,0.33585,0.023381,0,-0.20278,-0.031204,1.8997,83.388
60,487,15,46,439.84,0.30932,0.022799,0,-0.10149,-0.031204,1.8997,83.388
60,488,20,30,294.06,0.10023,0.025958,1,-2.0785,-0.031204,1.8997,83.388
61,489,20,49,333.47,0.26436,0.021392,1,-2.0977,0.0080634,0.9073,103.61
61,490,15,39,295.66,0.13628,0.0093834,1,-2.0321,0.0080634,0.9073,103.61
61,491,15,53,391.21,0.18076,0.041241,0,-0.059055,0.0080634,0.9073,103.61
61,492,20,48,337.18,0.12267,0.012735,0,-0.10855,0.0080634,0.9073,103.61
61,493,20,56,380.13,0.31577,0.046084,0,-0.07007,0.0080634,0.9073,103.61
61,494,15,57,377.39,0.23619,0.033215,1,-2.0771,0.0080634,0.9073,103.61
61,495,10,49,354.26,0.18757,0.060668,0,-0.096066,0.0080634,0.9073,103.61
61,496,10,58,463.82,0.27689,0.040856,0,-0.19127,0.0080634,0.9073,103.61
62,497,10,44,462.59,0.29204,0.033141,0,-0.14227,-0.017323,4.0983,91.866
62,498,15,54,402.16,0.25504,0.041039,0,-0.1395,-0.017323,4.0983,91.866
62,499,20,59,336.53,0.18776,0.010122,0,-0.091704,-0.017323,4.0983,91.866
62,500,15,47,371.17,0.25991,0.045036,0,-0.096999,-0.017323,4.0983,91.866
62,501,20,60,343.78,0.13898,0.0076375,1,-2.1016,-0.017323,4.0983,91.866
62,502,10,34,393.14,0.32227,0.061781,0,-0.10033,-0.017323,4.0983,91.866
62,503,10,42,335.67,0.21807,0.057286,0,-0.09233,-0.017323,4.0983,91.866
62,504,20,30,302.93,0.12966,0.01198,3,-6.1058,-0.017323,4.0983,91.866
63,505,20,56,383.2,0.14821,0.032977,0,-0.14742,-0.0009287,3.9266,92.114
63,506,15,39,426.05,0.18688,0.020852,0,-0.077044,-0.0009287,3.9266,92.114
63,507,20,38,317.14,0.17842,0.031395,0,-0.10959,-0.0009287,3.9266,92.114
63,508,15,56,408.68,0.37114,0.045045,0,-0.11401,-0.0009287,3.9266,92.114
63,509,20,41,360.05,0.12626,0.022238,1,-2.0644,-0.0009287,3.9266,92.114
63,510,10,47,386.32,0.2398,0.029495,0,-0.15179,-0.0009287,3.9266,92.114
63,511,20,59,360.52,0.16444,0.012932,0,-0.088017,-0.0009287,3.9266,92.114
63,512,15,35,387.73,0.18002,0.025506,3,-6.0565,-0.0009287,3.9266,92.114
64,513,20,41,362.64,0.26267,0.013261,1,-2.0347,0.0055121,2.3505,78.127
64,514,20,50,410.42,0.19884,0.014132,1,-2.1054,0.0055121,2.3505,78.127
64,515,10,50,474.9,0.25217,0.015527,0,-0.11239,0.0055121,2.3505,78.127
64,516,10,32,335.98,0.26119,0.035074,0,-0.11833,0.0055121,2.3505,78.127
64,517,15,54,519.15,0.25368,0.038727,1,-2.1775,0.0055121,2.3505,78.127
64,518,10,36,371.97,0.12445,0.029573,1,-2.1021,0.0055121,2.3505,78.127
64,519,20,35,308.44,0.15113,0.012712,2,-4.1035,0.0055121,2.3505,78.127
64,520,10,38,403.25,0.37082,0.060136,0,-0.10261,0.0055121,2.3505,78.127
65,521,10,54,393.15,0.24564,0.048189,0,-0.097642,-0.0014709,2.0332,79.451
65,522,15,30,401.77,0.18916,0.021023,1,-2.1314,-0.0014709,2.0332,79.451
65,523,10,30,317.53,0.30707,0.013168,0,-0.090237,-0.0014709,2.0332,79.451
65,524,10,33,361.55,0.39661,0.057005,0,-0.081103,-0.0014709,2.0332,79.451
65,525,20,53,347.97,0.17205,0.049329,0,-0.096675,-0.0014709,2.0332,79.451
65,526,15,40,308.07,0.19298,0.020315,0,-0.023995,-0.0014709,2.0332,79.451
65,527,20,45,323,0.18246,0.045415,2,-4.1246,-0.0014709,2.0332,79.451
65,528,10,57,505.82,0.6885,0.015584,0,-0.16134,-0.0014709,2.0332,79.451
66,529,10,33,496.81,0.22804,0.052329,0,-0.22084,-0.012432,1.8971,84.488
66,530,10,49,596.27,0.37247,0.033407,0,-0.29897,-0.012432,1.8971,84.488
66,531,15,55,364.87,0.20453,0.053186,1,-2.1105,-0.012432,1.8971,84.488
66,532,20,35,255.42,0.11804,0.031592,2,-4.032,-0.012432,1.8971,84.488
66,533,15,47,472.89,0.37016,0.020451,0,-0.048916,-0.012432,1.8971,84.488
66,534,20,45,300.98,0.14538,0.045021,1,-2.0649,-0.012432,1.8971,84.488
66,535,10,60,647.27,0.35122,0.023454,0,-0.25956,-0.012432,1.8971,84.488
66,536,20,36,343.27,0.16702,0.031305,1,-2.1284,-0.012432,1.8971,84.488
67,537,10,41,381.25,0.40796,0.034868,0,-0.076867,0.0013762,0.92216,84.793
67,538,10,46,427.84,0.28648,0.068132,0,-0.14562,0.0013762,0.92216,84.793
67,539,10,30,307.49,0.21396,0.032597,1,-2.0911,0.0013762,0.92216,84.793
67,540,10,38,314.11,0.21538,0.032198,0,-0.088044,0.0013762,0.92216,84.793
67,541,15,52,372.11,0.12797,0.030773,1,-2.0512,0.0013762,0.92216,84.793
67,542,20,60,367.01,0.16564,0.047982,0,-0.1309,0.0013762,0.92216,84.793
67,543,20,44,397.91,0.1914,0.0041634,0,-0.03923,0.0013762,0.92216,84.793
67,544,10,40,496.96,0.23627,0.042206,0,-0.10105,0.0013762,0.92216,84.793
68,545,15,36,428.28,0.25727,0.024021,0,-0.18365,-0.010884,1.9612,73.231
68,546,10,53,380.77,0.23949,0.05888,0,-0.13813,-0.010884,1.9612,73.231
68,547,10,31,390.95,0.16798,0.01583,0,-0.04051,-0.010884,1.9612,73.231
68,548,15,36,373.43,0.2,0.014229,0,-0.017476,-0.010884,1.9612,73.231
68,549,15,32,290.15,0.13402,0.050996,1,-2.071,-0.010884,1.9612,73.231
68,550,20,39,277.38,0.15297,0.011237,2,-4.1007,-0.010884,1.9612,73.231
68,551,10,59,415.53,0.44563,0.010838,0,-0.040938,-0.010884,1.9612,73.231
68,552,10,33,493.92,0.34009,0.020706,0,-0.22356,-0.010884,1.9612,73.231
69,553,15,51,398.36,0.18842,0.056531,1,-2.065,-0.0034651,2.0072,98.238
69,554,15,60,434.13,0.17186,0.043971,0,-0.1515,-0.0034651,2.0072,98.238
69,555,15,36,470.44,0.26181,0.0080125,0,-0.21211,-0.0034651,2.0072,98.238
69,556,15,52,435.46,0.19393,0.031941,1,-2.1789,-0.0034651,2.0072,98.238
69,557,15,55,449.14,0.2813,0.025422,1,-2.2489,-0.0034651,2.0072,98.238
69,558,15,50,414.9,0.27196,0.038157,0,-0.096931,-0.0034651,2.0072,98.238
69,559,10,55,475.77,0.28417,0.05211,0,-0.16626,-0.0034651,2.0072,98.238
69,560,20,44,341.89,0.2822,0.024839,2,-4.0842,-0.0034651,2.0072,98.238
70,561,10,51,392.02,0.21381,0.021802,0,-0.098387,-0.008919,0.90937,91.293
70,562,10,50,506.68,0.36762,0.021176,0,-0.20166,-0.008919,0.90937,91.293
70,563,10,35,342.52,0.20699,0.046305,0,-0.10449,-0.008919,0.90937,91.293
70,564,10,50,510.77,0.20895,0.049911,0,-0.19557,-0.008919,0.90937,91.293
70,565,20,44,355.96,0.21791,0.018804,1,-2.1669,-0.008919,0.90937,91.293
70,566,15,60,435.51,0.18356,0.034672,0,-0.16953,-0.008919,0.90937,91.293
70,567,10,50,369.88,0.27229,0.029039,0,-0.13909,-0.008919,0.90937,91.293
70,568,20,53,323.71,0.20832,0.038089,0,-0.080469,-0.008919,0.90937,91.293
71,569,10,54,517.11,0.19042,0.012629,0,-0.10633,-0.039966,4.9095,84.63
71,570,10,52,451.25,0.22373,0.039981,0,-0.14389,-0.039966,4.9095,84.63
71,571,20,51,382.53,0.16953,0.054595,2,-4.1571,-0.039966,4.9095,84.63
71,572,15,48,350.1,0.25192,0.046526,0,-0.099648,-0.039966,4.9095,84.63
71,573,20,35,406.55,0.25833,0.02806,0,-0.22578,-0.039966,4.9095,84.63
71,574,10,45,472.78,0.32794,0.043431,0,-0.18424,-0.039966,4.9095,84.63
71,575,20,32,398.74,0.16595,0.016078,3,-6.0366,-0.039966,4.9095,84.63
71,576,10,55,427.66,0.29457,0.047976,0,-0.13831,-0.039966,4.9095,84.63
72,577,15,50,456.47,0.22967,0.047506,0,-0.18608,0.016699,4.8754,74.052
72,578,20,41,389.05,0.29718,0.033528,1,-2.2725,0.016699,4.8754,74.052
72,579,20,37,293.56,0.14348,0.033765,2,-4.0911,0.016699,4.8754,74.052
72,580,10,31,334.31,0.30242,0.017514,0,-0.044063,0.016699,4.8754,74.052
72,581,10,47,372.15,0.29567,0.050933,0,-0.096344,0.016699,4.8754,74.052
72,582,20,37,275.74,0.12552,0.033904,3,-6.0349,0.016699,4.8754,74.052
72,583,10,32,338.53,0.13541,0.0092021,1,-2.0724,0.016699,4.8754,74.052
72,584,10,59,499.16,0.35048,0.0095355,0,-0.22993,0.016699,4.8754,74.052
73,585,10,38,357.28,0.15804,0.036684,0,-0.13519,-0.0071414,4.1362,80.018
73,586,20,37,366.65,0.2949,0.01974,0,-0.10465,-0.0071414,4.1362,80.018
73,587,20,39,348.72,0.14928,0.017144,3,-6.1245,-0.0071414,4.1362,80.018
73,588,10,60,400.19,0.21493,0.05208,0,-0.07138,-0.0071414,4.1362,80.018
73,589,15,50,344.42,0.23517,0.025081,0,-0.073768,-0.0071414,4.1362,80.018
73,590,15,51,476.08,0.19524,0.039859,0,-0.076712,-0.0071414,4.1362,80.018
73,591,10,39,315.21,0.23196,0.063049,1,-2.083,-0.0071414,4.1362,80.018
73,592,15,32,296.5,0.13883,0.024774,0,-0.025261,-0.0071414,4.1362,80.018
74,593,20,50,425.41,0.1673,0.016123,0,-0.16157,-0.017398,2.1245,94.515
74,594,15,38,308.26,0.21143,0.035626,1,-2.0887,-0.017398,2.1245,94.515
74,595,20,48,375.37,0.1592,0.033126,0,-0.14011,-0.017398,2.1245,94.515
74,596,20,49,449.62,0.22428,0.048289,0,-0.20669,-0.017398,2.1245,94.515
74,597,20,53,320.6,0.18204,0.010245,0,-0.078356,-0.017398,2.1245,94.515
74,598,10,60,470.49,0.25817,0.063251,0,-0.13307,-0.017398,2.1245,94.515
74,599,20,51,468.37,0.2509,0.028174,2,-4.2401,-0.017398,2.1245,94.515
74,600,10,36,336.37,0.28987,0.03602,0,-0.088414,-0.017398,2.1245,94.515
75,601,10,55,398.67,0.20025,0.052152,0,-0.10854,-0.010547,0.98017,79.606
75,602,10,38,338.09,0.20415,0.048954,0,-0.076493,-0.010547,0.98017,79.606
75,603,10,36,502.01,0.27245,0.013385,0,-0.25491,-0.010547,0.98017,79.606
75,604,10,37,361.91,0.11818,0.029438,0,-0.087676,-0.010547,0.98017,79.606
75,605,10,33,323.58,0.17609,0.041012,1,-2.0564,-0.010547,0.98017,79.606
75,606,20,54,412.9,0.2078,0.035855,0,-0.15972,-0.010547,0.98017,79.606
75,607,20,49,327.16,0.24276,0.030424,0,-0.10638,-0.010547,0.98017,79.606
75,608,15,45,442.66,0.26331,0.053321,0,-0.26062,-0.010547,0.98017,79.606
76,609,20,51,385.57,0.17534,0.029595,0,-0.1479,-0.016423,3.9906,87.394
76,610,15,40,481.33,0.26508,0.04922,0,-0.22825,-0.016423,3.9906,87.394
76,611,20,52,471.89,0.26061,0.028846,0,-0.20746,-0.016423,3.9906,87.394
76,612,20,34,421.96,0.25221,0.012843,1,-2.2328,-0.016423,3.9906,87.394
76,613,15,55,471.35,0.28301,0.059843,0,-0.17149,-0.016423,3.9906,87.394
76,614,20,32,339.39,0.12358,0.029461,3,-6.1054,-0.016423,3.9906,87.394
76,615,20,60,341.98,0.19048,0.056116,0,-0.092257,-0.016423,3.9906,87.394
76,616,15,42,428.77,0.23445,0.040292,1,-2.1755,-0.016423,3.9906,87.394
77,617,15,30,286.14,0.15995,0.023928,2,-4.0595,0.016815,2.9067,63.191
77,618,10,46,463.34,0.24744,0.013998,0,-0.20334,0.016815,2.9067,63.191
77,619,15,34,311.12,0.14188,0.01338,1,-2.0813,0.016815,2.9067,63.191
77,620,20,58,366.37,0.20661,0.038205,0,-0.12016,0.016815,2.9067,63.191
77,621,10,46,438.75,0.36586,0.029051,1,-2.0606,0.016815,2.9067,63.191
77,622,15,35,349.76,0.19219,0.0065356,0,-0.048097,0.016815,2.9067,63.191
77,623,20,31,340.11,0.21252,0.017498,2,-4.0765,0.016815,2.9067,63.191
77,624,10,30,427.03,0.25843,0.026429,0,-0.047407,0.016815,2.9067,63.191
78,625,15,42,364.85,0.30529,0.038446,0,-0.20336,-0.00091004,7.6942,81.535
78,626,20,44,297.99,0.16654,0.022651,2,-4.0248,-0.00091004,7.6942,81.535
78,627,20,34,332.94,0.11135,0.04434,4,-8.0815,-0.00091004,7.6942,81.535
78,628,10,60,479.69,0.22026,0.052538,0,-0.16479,-0.00091004,7.6942,81.535
78,629,20,57,379.37,0.19631,0.01528,0,-0.14192,-0.00091004,7.6942,81.535
78,630,15,47,354.74,0.25816,0.030654,0,-0.09131,-0.00091004,7.6942,81.535
78,631,10,57,616.91,0.33084,0.029253,0,-0.31571,-0.00091004,7.6942,81.535
78,632,15,32,350.81,0.10128,0.017354,1,-2.1012,-0.00091004,7.6942,81.535
79,633,15,32,309.7,0.1438,0.044389,0,-0.11848,-0.0081262,2.1007,85.072
79,634,15,58,364.72,0.22194,0.040542,0,-0.087546,-0.0081262,2.1007,85.072
79,635,20,57,497.31,0.26902,0.020585,0,-0.071099,-0.0081262,2.1007,85.072
79,636,10,41,459.59,0.20777,0.011661,0,-0.083882,-0.0081262,2.1007,85.072
79,637,10,42,468.98,0.21002,0.045459,1,-2.1652,-0.0081262,2.1007,85.072
79,638,20,39,361.5,0.17132,0.019971,2,-4.121,-0.0081262,2.1007,85.072
79,639,20,58,426.59,0.21094,0.030286,0,-0.15574,-0.0081262,2.1007,85.072
79,640,20,47,522.09,0.35908,0.024443,0,-0.14718,-0.0081262,2.1007,85.072
80,641,20,32,272.17,0.17164,0.027602,1,-2.0926,-0.027993,3.875,72.674
80,642,10,47,350.27,0.27128,0.038246,0,-0.054912,-0.027993,3.875,72.674
80,643,15,30,313.95,0.21152,0.029156,3,-6.0945,-0.027993,3.875,72.674
80,644,15,50,327.64,0.1448,0.054949,0,-0.11717,-0.027993,3.875,72.674
80,645,10,49,432.56,0.28814,0.030234,0,-0.2395,-0.027993,3.875,72.674
80,646,15,43,409.78,0.13397,0.032978,1,-2.075,-0.027993,3.875,72.674
80,647,10,47,419.28,0.29058,0.043245,0,-0.10995,-0.027993,3.875,72.674
80,648,10,50,458.94,0.35016,0.055282,0,-0.20622,-0.027993,3.875,72.674
81,649,15,51,411.87,0.2642,0.027255,0,-0.083684,0.0051793,1.8314,67.882
81,650,20,44,481.3,0.17932,0.025336,1,-2.1443,0.0051793,1.8314,67.882
81,651,20,33,402.88,0.15961,0.01642,2,-4.0734,0.0051793,1.8314,67.882
81,652,15,51,336.33,0.17472,0.030397,1,-2.1071,0.0051793,1.8314,67.882
81,653,10,41,438.95,0.22736,0.086251,0,-0.15997,0.0051793,1.8314,67.882
81,654,10,40,385.79,0.18343,0.038052,1,-2.0745,0.0051793,1.8314,67.882
81,655,10,43,413.15,0.22073,0.054263,0,-0.17614,0.0051793,1.8314,67.882
81,656,10,34,426.61,0.35679,0.063446,0,-0.2334,0.0051793,1.8314,67.882
82,657,10,56,383.06,0.20915,0.038715,0,-0.12295,-0.0063571,2.8993,64.047
82,658,15,34,353.55,0.21712,0.016483,2,-4.0976,-0.0063571,2.8993,64.047
82,659,20,30,243.83,0.11044,0.023251,1,-2.0479,-0.0063571,2.8993,64.047
82,660,15,42,365.21,0.15587,0.022258,1,-2.1268,-0.0063571,2.8993,64.047
82,661,10,36,335.08,0.15825,0.071042,0,-0.10405,-0.0063571,2.8993,64.047
82,662,15,31,295.04,0.13593,0.016744,0,-0.029621,-0.0063571,2.8993,64.047
82,663,20,30,342.81,0.17503,0.037335,2,-4.1506,-0.0063571,2.8993,64.047
82,664,15,53,415.13,0.40913,0.019652,0,-0.09912,-0.0063571,2.8993,64.047
83,665,20,38,374.68,0.21772,0.017748,1,-2.1631,0.00013023,4.0276,67.883
83,666,20,53,299.75,0.1838,0.032632,0,-0.082365,0.00013023,4.0276,67.883
83,667,15,30,326.91,0.17141,0.027607,0,-0.093749,0.00013023,4.0276,67.883
83,668,15,44,403.21,0.17613,0.0055728,0,-0.16093,0.00013023,4.0276,67.883
83,669,20,32,241.31,0.10587,0.0051482,3,-6.058,0.00013023,4.0276,67.883
83,670,10,36,396.27,0.39191,0.034352,0,-0.078958,0.00013023,4.0276,67.883
83,671,10,43,441.2,0.15905,0.088209,0,-0.095637,0.00013023,4.0276,67.883
83,672,20,48,369.43,0.24258,0.028739,0,-0.10261,0.00013023,4.0276,67.883
84,673,20,60,386.23,0.2339,0.054211,0,-0.12184,-0.00084906,2.7115,67.677
84,674,20,40,330.28,0.38245,0.033059,0,-0.082288,-0.00084906,2.7115,67.677
84,675,15,35,365.55,0.21344,0.011555,2,-4.1079,-0.00084906,2.7115,67.677
84,676,10,38,391.36,0.23913,0.070256,0,-0.15879,-0.00084906,2.7115,67.677
84,677,10,30,486.74,0.3299,0.017777,0,-0.11637,-0.00084906,2.7115,67.677
84,678,15,45,489.44,0.41051,0.030809,1,-2.1132,-0.00084906,2.7115,67.677
84,679,15,40,310.61,0.17593,0.0275,2,-4.0888,-0.00084906,2.7115,67.677
84,680,20,30,293.91,0.12092,0.01933,1,-2.0292,-0.00084906,2.7115,67.677
85,681,20,45,274.13,0.12238,0.023689,0,-0.041598,-0.013162,2.2037,81.972
85,682,20,43,313.99,0.24988,0.01536,0,-0.10294,-0.013162,2.2037,81.972
85,683,20,56,481.45,0.21108,0.034871,0,-0.15982,-0.013162,2.2037,81.972
85,684,10,49,581.18,0.41417,0.044867,0,-0.31622,-0.013162,2.2037,81.972
85,685,20,48,435.58,0.21175,0.038193,0,-0.16989,-0.013162,2.2037,81.972
85,686,20,45,357.22,0.13544,0.005796,2,-4.1269,-0.013162,2.2037,81.972
85,687,20,33,344.89,0.13435,0.010686,1,-2.1124,-0.013162,2.2037,81.972
85,688,10,30,400.52,0.4037,0.0098243,0,-0.10388,-0.013162,2.2037,81.972
86,689,10,34,392.06,0.20067,0.024717,0,-0.16378,-0.019961,1.5465,83.458
86,690,20,59,422.88,0.18911,0.042303,0,-0.10652,-0.019961,1.5465,83.458
86,691,10,55,511.6,0.20253,0.027634,0,-0.14851,-0.019961,1.5465,83.458
86,692,15,30,412.71,0.23174,0.039133,0,-0.13999,-0.019961,1.5465,83.458
86,693,20,58,309.55,0.18378,0.0073901,0,-0.036026,-0.019961,1.5465,83.458
86,694,20,46,357.39,0.16646,0.040234,1,-2.1255,-0.019961,1.5465,83.458
86,695,10,32,399.84,0.17205,0.044092,0,-0.092406,-0.019961,1.5465,83.458
86,696,15,47,448.65,0.15862,0.020675,0,-0.05814,-0.019961,1.5465,83.458
87,697,20,32,334.69,0.13771,0.042475,6,-12.107,-0.0049207,18.028,73.899
87,698,20,50,471.98,0.15634,0.014526,1,-2.1328,-0.0049207,18.028,73.899
87,699,20,52,293.99,0.15321,0.024003,1,-2.0529,-0.0049207,18.028,73.899
87,700,10,37,403.44,0.29233,0.043067,0,-0.099074,-0.0049207,18.028,73.899
87,701,10,58,421.69,0.24379,0.080087,0,-0.11639,-0.0049207,18.028,73.899
87,702,10,33,385.55,0.22812,0.017852,0,-0.17838,-0.0049207,18.028,73.899
87,703,20,44,289.2,0.16678,0.03971,3,-6.0549,-0.0049207,18.028,73.899
87,704,15,41,401.46,0.18408,0.026559,1,-2.0356,-0.0049207,18.028,73.899
88,705,10,44,312,0.21207,0.031612,0,-0.059611,-0.012369,2.1794,75.919
88,706,20,30,328.38,0.11376,0.015464,2,-4.0221,-0.012369,2.1794,75.919
88,707,10,49,498.38,0.18422,0.053815,0,-0.12397,-0.012369,2.1794,75.919
88,708,15,44,324.55,0.27758,0.031999,0,-0.056139,-0.012369,2.1794,75.919
88,709,20,50,413.38,0.17433,0.024697,0,-0.097944,-0.012369,2.1794,75.919
88,710,15,37,440.96,0.30685,0.014868,0,-0.22872,-0.012369,2.1794,75.919
88,711,15,46,378.68,0.27025,0.015284,0,-0.056374,-0.012369,2.1794,75.919
88,712,10,41,394.2,0.19832,0.01296,0,-0.12682,-0.012369,2.1794,75.919
89,713,15,41,401.66,0.20196,0.021696,1,-2.0661,0.0033345,0.94731,91.728
89,714,20,47,358.64,0.10995,0.015826,0,-0.10564,0.0033345,0.94731,91.728
89,715,15,38,311.19,0.19142,0.019463,0,-0.080119,0.0033345,0.94731,91.728
89,716,15,56,500.61,0.27654,0.038886,0,-0.27053,0.0033345,0.94731,91.728
89,717,10,47,455.85,0.24134,0.021493,0,-0.17083,0.0033345,0.94731,91.728
89,718,20,55,326.98,0.19659,0.01402,1,-2.0854,0.0033345,0.94731,91.728
89,719,15,53,542.58,0.30703,0.014707,0,-0.2798,0.0033345,0.94731,91.728
89,720,20,36,335.76,0.10884,0.012995,1,-2.0533,0.0033345,0.94731,91.728
90,721,15,41,313.16,0.21901,0.055855,0,-0.085667,-0.013159,1.0712,78.085
90,722,15,44,368.5,0.30193,0.014742,0,-0.15303,-0.013159,1.0712,78.085
90,723,20,38,318.1,0.16052,0.0092374,0,-0.026002,-0.013159,1.0712,78.085
90,724,10,32,322.7,0.19121,0.025954,1,-2.036,-0.013159,1.0712,78.085
90,725,10,47,361.61,0.21803,0.034255,0,-0.099643,-0.013159,1.0712,78.085
90,726,10,40,353.22,0.23643,0.044159,0,-0.13655,-0.013159,1.0712,78.085
90,727,10,41,517.81,0.39715,0.01468,0,-0.29512,-0.013159,1.0712,78.085
90,728,20,58,347.41,0.16472,0.028867,0,-0.11018,-0.013159,1.0712,78.085
91,729,10,50,412.59,0.28086,0.074192,0,-0.11161,0.013503,1.9568,77.974
91,730,15,37,327.36,0.18676,0.031313,0,-0.083353,0.013503,1.9568,77.974
91,731,15,41,401.26,0.23556,0.030965,0,-0.086947,0.013503,1.9568,77.974
91,732,10,50,550.15,0.24817,0.069385,0,-0.2111,0.013503,1.9568,77.974
91,733,20,31,247.29,0.12963,0.04636,2,-4.0623,0.013503,1.9568,77.974
91,734,10,52,386.83,0.24636,0.049679,0,-0.099967,0.013503,1.9568,77.974
91,735,10,41,332.29,0.26186,0.03121,0,-0.033104,0.013503,1.9568,77.974
91,736,10,51,356.66,0.26543,0.053625,0,-0.10268,0.013503,1.9568,77.974
92,737,10,41,361,0.17239,0.016362,0,-0.12726,-0.0099681,0.804,82.309
92,738,15,50,362.8,0.15383,0.042945,0,-0.14415,-0.0099681,0.804,82.309
92,739,20,53,291.24,0.23334,0.012703,0,-0.080619,-0.0099681,0.804,82.309
92,740,10,38,389.55,0.33276,0.013358,0,-0.1831,-0.0099681,0.804,82.309
92,741,15,36,341.36,0.1884,0.019449,0,-0.082481,-0.0099681,0.804,82.309
92,742,15,52,473.75,0.32581,0.020348,0,-0.27337,-0.0099681,0.804,82.309
92,743,15,34,264.01,0.14162,0.0081004,1,-2.0228,-0.0099681,0.804,82.309
92,744,20,47,454.19,0.22822,0.039166,1,-2.2243,-0.0099681,0.804,82.309
93,745,20,41,311.55,0.22583,0.033477,1,-2.0836,-0.014657,0.55941,88.319
93,746,15,46,443.69,0.18295,0.026267,0,-0.12462,-0.014657,0.55941,88.319
93,747,10,49,593.79,0.3267,0.010892,0,-0.32123,-0.014657,0.55941,88.319
93,748,15,58,456.45,0.36152,0.059965,0,-0.14415,-0.014657,0.55941,88.319
93,749,10,59,596.47,0.35996,0.071834,0,-0.16058,-0.014657,0.55941,88.319
93,750,15,51,471.47,0.26797,0.046392,0,-0.13209,-0.014657,0.55941,88.319
93,751,20,34,317.01,0.14994,0.0053525,0,-0.087851,-0.014657,0.55941,88.319
93,752,15,54,353.44,0.26278,0.046591,0,-0.097634,-0.014657,0.55941,88.319
94,753,10,35,375.13,0.35502,0.035599,0,-0.064193,-0.0038998,3.2656,87.35
94,754,15,50,424.65,0.24595,0.044556,0,-0.23118,-0.0038998,3.2656,87.35
94,755,15,53,371.11,0.23403,0.042011,0,-0.10034,-0.0038998,3.2656,87.35
94,756,15,38,313.68,0.18591,0.011846,0,-0.019344,-0.0038998,3.2656,87.35
94,757,20,51,415.39,0.21302,0.031271,2,-4.1877,-0.0038998,3.2656,87.35
94,758,20,58,296.83,0.19143,0.045406,0,-0.066596,-0.0038998,3.2656,87.35
94,759,20,34,343.22,0.12828,0.057093,2,-4.0604,-0.0038998,3.2656,87.35
94,760,10,59,442.29,0.61556,0.02469,0,-0.096236,-0.0038998,3.2656,87.35
95,761,20,48,414.97,0.14145,0.055793,1,-2.1408,0.0090724,4.242,105.51
95,762,15,36,367.67,0.17461,0.029664,0,-0.15927,0.0090724,4.242,105.51
95,763,20,59,342.14,0.22344,0.057975,0,-0.088857,0.0090724,4.242,105.51
95,764,20,60,341.59,0.21201,0.049354,0,-0.098983,0.0090724,4.242,105.51
95,765,20,49,333.87,0.17106,0.037871,0,-0.11945,0.0090724,4.242,105.51
95,766,20,37,282.71,0.16124,0.013409,3,-6.0675,0.0090724,4.242,105.51
95,767,15,52,308.16,0.21042,0.039449,0,-0.10158,0.0090724,4.242,105.51
95,768,20,59,376.31,0.18752,0.036484,0,-0.14187,0.0090724,4.242,105.51
96,769,15,59,440.13,0.22041,0.024033,0,-0.21257,0.0032799,4.7641,82.473
96,770,20,60,341.41,0.14007,0.053637,0,-0.1188,0.0032799,4.7641,82.473
96,771,15,44,401.02,0.17764,0.016638,1,-2.1753,0.0032799,4.7641,82.473
96,772,10,35,352.54,0.1565,0.027267,0,-0.12976,0.0032799,4.7641,82.473
96,773,20,31,263.78,0.14506,0.036079,1,-2.0468,0.0032799,4.7641,82.473
96,774,15,37,346.63,0.17077,0.044409,1,-2.0586,0.0032799,4.7641,82.473
96,775,20,38,360.65,0.25129,0.038065,0,-0.072344,0.0032799,4.7641,82.473
96,776,20,32,366.09,0.16133,0.022744,3,-6.0876,0.0032799,4.7641,82.473
97,777,20,48,379.89,0.18155,0.018639,1,-2.153,-0.0069293,1.1461,78.29
97,778,20,38,285.3,0.13418,0.017119,1,-2.032,-0.0069293,1.1461,78.29
97,779,20,42,321.93,0.15001,0.01138,0,-0.13135,-0.0069293,1.1461,78.29
97,780,20,41,470.4,0.3441,0.016911,0,-0.28047,-0.0069293,1.1461,78.29
97,781,20,44,309.77,0.1627,0.013466,1,-2.015,-0.0069293,1.1461,78.29
97,782,10,31,331.72,0.1891,0.043237,0,-0.051588,-0.0069293,1.1461,78.29
97,783,20,37,347.68,0.28948,0.011753,1,-2.1038,-0.0069293,1.1461,78.29
97,784,20,41,315.25,0.3254,0.028716,0,-0.051119,-0.0069293,1.1461,78.29
98,785,20,43,326.9,0.22587,0.034893,1,-2.0463,-0.021081,3.2967,82.681
98,786,10,60,580.66,0.2898,0.019606,0,-0.27069,-0.021081,3.2967,82.681
98,787,20,32,353.73,0.22434,0.021472,2,-4.0898,-0.021081,3.2967,82.681
98,788,15,36,294.83,0.15851,0.02942,0,-0.043209,-0.021081,3.2967,82.681
98,789,15,32,366.87,0.14159,0.035545,2,-4.1382,-0.021081,3.2967,82.681
98,790,10,51,423.08,0.31597,0.034332,0,-0.15878,-0.021081,3.2967,82.681
98,791,10,58,494.66,0.20733,0.038095,0,-0.18553,-0.021081,3.2967,82.681
98,792,20,48,449.37,0.18294,0.041704,0,-0.098048,-0.021081,3.2967,82.681
99,793,15,50,421.32,0.23664,0.02424,0,-0.18458,-0.019928,2.9977,83.716
99,794,20,43,360.2,0.19308,0.041606,2,-4.118,-0.019928,2.9977,83.716
99,795,20,49,418.9,0.31588,0.014137,0,-0.18146,-0.019928,2.9977,83.716
99,796,10,44,514.6,0.29307,0.011932,0,-0.26282,-0.019928,2.9977,83.716
99,797,20,40,292.41,0.14652,0.029239,2,-4.0733,-0.019928,2.9977,83.716
99,798,15,39,409.49,0.3188,0.012724,0,-0.13403,-0.019928,2.9977,83.716
99,799,15,43,336.34,0.22273,0.023328,0,-0.065699,-0.019928,2.9977,83.716
99,800,10,40,359.33,0.1904,0.019847,0,-0.12887,-0.019928,2.9977,83.716
100,801,15,32,285.12,0.15613,0.048564,2,-4.1075,0.0022019,1.9153,91.243
100,802,15,60,454.38,0.28705,0.021093,0,-0.22281,0.0022019,1.9153,91.243
100,803,20,46,421.33,0.1953,0.027081,0,-0.18587,0.0022019,1.9153,91.243
100,804,15,56,396.2,0.31155,0.017298,0,-0.14564,0.0022019,1.9153,91.243
100,805,10,30,273.79,0.17749,0.035837,0,-0.081587,0.0022019,1.9153,91.243
100,806,15,44,376.94,0.28807,0.040108,1,-2.1163,0.0022019,1.9153,91.243
100,807,15,51,541.67,0.24661,0.045637,0,-0.1054,0.0022019,1.9153,91.243
100,808,20,43,431.54,0.28058,0.014027,0,-0.071227,0.0022019,1.9153,91.243
101,809,15,51,510.59,0.3543,0.014559,0,-0.22948,-0.023378,0.9103,92.8
101,810,10,42,341.09,0.23335,0.026698,0,-0.078557,-0.023378,0.9103,92.8
101,811,10,54,425.41,0.2462,0.036835,0,-0.042792,-0.023378,0.9103,92.8
101,812,20,48,404.54,0.21619,0.022171,0,-0.039658,-0.023378,0.9103,92.8
101,813,15,38,340.67,0.25804,0.030956,0,-0.063205,-0.023378,0.9103,92.8
101,814,10,45,494.91,0.28039,0.030912,0,-0.24093,-0.023378,0.9103,92.8
101,815,20,49,327.98,0.19314,0.019483,0,-0.036152,-0.023378,0.9103,92.8
101,816,10,52,506.11,0.35384,0.017818,0,-0.059353,-0.023378,0.9103,92.8
102,817,20,31,369.05,0.25319,0.011274,2,-4.1101,-0.022264,1.9809,87.249
102,818,15,30,311.9,0.17187,0.021804,1,-2.0965,-0.022264,1.9809,87.249
102,819,20,38,355.26,0.13168,0.020878,0,-0.12038,-0.022264,1.9809,87.249
102,820,15,55,454.67,0.31271,0.034967,0,-0.2755,-0.022264,1.9809,87.249
102,821,10,57,511.15,0.29603,0.018026,0,-0.043599,-0.022264,1.9809,87.249
102,822,20,45,403.21,0.20047,0.0075301,0,-0.1379,-0.022264,1.9809,87.249
102,823,10,46,393.14,0.3468,0.038969,0,-0.097797,-0.022264,1.9809,87.249
102,824,20,51,335.78,0.12452,0.038228,0,-0.06247,-0.022264,1.9809,87.249
103,825,15,36,306.93,0.17616,0.030036,1,-2.0596,-0.019018,0.91346,88.555
103,826,20,42,299.6,0.18134,0.021392,1,-2.0673,-0.019018,0.91346,88.555
103,827,10,55,475.97,0.22398,0.029697,0,-0.21238,-0.019018,0.91346,88.555
103,828,10,31,349.81,0.28346,0.022262,0,-0.04623,-0.019018,0.91346,88.555
103,829,20,46,277.16,0.1402,0.030679,1,-2.0822,-0.019018,0.91346,88.555
103,830,10,40,484.93,0.34389,0.010365,0,-0.25454,-0.019018,0.91346,88.555
103,831,10,49,372.78,0.2128,0.013149,0,-0.076049,-0.019018,0.91346,88.555
103,832,20,60,449.68,0.20691,0.01832,0,-0.064326,-0.019018,0.91346,88.555
104,833,10,46,423.28,0.37701,0.01496,0,-0.061669,-0.017593,3.0531,97.489
104,834,20,42,357.49,0.21054,0.018718,1,-2.0223,-0.017593,3.0531,97.489
104,835,20,56,291.65,0.20237,0.016945,0,-0.04541,-0.017593,3.0531,97.489
104,836,15,32,311.11,0.17669,0.031638,2,-4.0831,-0.017593,3.0531,97.489
104,837,15,50,302.78,0.23206,0.021025,0,-0.072371,-0.017593,3.0531,97.489
104,838,10,59,514.57,0.30787,0.024374,0,-0.082965,-0.017593,3.0531,97.489
104,839,20,44,309.14,0.23005,0.018281,2,-4.0939,-0.017593,3.0531,97.489
104,840,10,59,624.13,0.38197,0.019828,0,-0.19592,-0.017593,3.0531,97.489
105,841,20,44,349.54,0.22874,0.0332,1,-2.1103,-0.015794,0.85039,101.2
105,842,15,47,355.06,0.18111,0.015756,0,-0.070196,-0.015794,0.85039,101.2
105,843,20,60,299.66,0.19103,0.011414,0,-0.025165,-0.015794,0.85039,101.2
105,844,15,50,337.88,0.15366,0.031777,0,-0.12586,-0.015794,0.85039,101.2
105,845,10,46,339.02,0.31383,0.013003,0,-0.1102,-0.015794,0.85039,101.2
105,846,15,55,395.75,0.27216,0.013527,0,-0.14401,-0.015794,0.85039,101.2
105,847,10,40,369.13,0.26529,0.011562,0,-0.19401,-0.015794,0.85039,101.2
105,848,10,47,378.74,0.39436,0.011678,0,-0.050471,-0.015794,0.85039,101.2
106,849,20,49,337.74,0.15274,0.022254,1,-2.0754,-0.0048947,0.97365,92.762
106,850,15,33,360.31,0.20122,0.005033,0,-0.16203,-0.0048947,0.97365,92.762
106,851,10,55,422.05,0.47435,0.0097769,0,-0.14681,-0.0048947,0.97365,92.762
106,852,10,49,325.75,0.28557,0.015334,0,-0.098439,-0.0048947,0.97365,92.762
106,853,10,48,509.92,0.3511,0.012707,0,-0.14742,-0.0048947,0.97365,92.762
106,854,10,55,674.64,0.48419,0.0053799,1,-2.479,-0.0048947,0.97365,92.762
106,855,20,60,317.22,0.16603,0.029839,0,-0.10815,-0.0048947,0.97365,92.762
106,856,15,37,285.65,0.17882,0.020915,0,-0.056742,-0.0048947,0.97365,92.762
107,857,20,38,352.5,0.20398,0.0092142,1,-2.0993,0.0081958,0.7183,98.157
107,858,10,58,419.05,0.31769,0.010947,0,-0.1147,0.0081958,0.7183,98.157
107,859,10,32,345.03,0.31934,0.036014,0,-0.14362,0.0081958,0.7183,98.157
107,860,20,56,326.04,0.19048,0.027366,0,-0.029628,0.0081958,0.7183,98.157
107,861,20,57,296.62,0.2023,0.019149,0,-0.030423,0.0081958,0.7183,98.157
107,862,20,52,398.19,0.28561,0.020396,0,-0.11032,0.0081958,0.7183,98.157
107,863,15,53,373.82,0.21664,0.0079946,0,-0.12925,0.0081958,0.7183,98.157
107,864,15,38,303.22,0.20939,0.026926,0,-0.11553,0.0081958,0.7183,98.157
108,865,10,56,383.94,0.27724,0.02274,0,-0.063868,-4.6771e-06,1.8956,89.371
108,866,20,39,302.5,0.19772,0.030847,2,-4.0841,-4.6771e-06,1.8956,89.371
108,867,15,45,284.43,0.16765,0.041321,0,-0.083914,-4.6771e-06,1.8956,89.371
108,868,15,43,362.75,0.23229,0.034245,0,-0.1548,-4.6771e-06,1.8956,89.371
108,869,15,47,353.19,0.27948,0.0065363,0,-0.11207,-4.6771e-06,1.8956,89.371
108,870,20,32,293.41,0.19438,0.031942,1,-2.0851,-4.6771e-06,1.8956,89.371
108,871,10,30,350.63,0.33768,0.029327,0,-0.13106,-4.6771e-06,1.8956,89.371
108,872,20,60,454.31,0.21692,0.015578,0,-0.20223,-4.6771e-06,1.8956,89.371
109,873,10,58,446.94,0.23849,0.010902,0,-0.14282,-0.0056485,8.575,85.451
109,874,15,48,388.27,0.27541,0.034527,1,-2.1898,-0.0056485,8.575,85.451
109,875,20,41,401.42,0.2722,0.017168,2,-4.168,-0.0056485,8.575,85.451
109,876,15,43,423.95,0.17852,0.033259,0,-0.15369,-0.0056485,8.575,85.451
109,877,20,38,265.76,0.13704,0.040493,3,-6.0719,-0.0056485,8.575,85.451
109,878,20,44,349.13,0.23562,0.020552,2,-4.1359,-0.0056485,8.575,85.451
109,879,10,45,309.7,0.21108,0.013579,0,-0.11971,-0.0056485,8.575,85.451
109,880,20,35,421.89,0.26231,0.02777,2,-4.2047,-0.0056485,8.575,85.451
110,881,15,38,384.44,0.18291,0.010591,2,-4.0992,-0.0016969,1.7759,98.364
110,882,15,49,355.83,0.20943,0.017855,0,-0.045063,-0.0016969,1.7759,98.364
110,883,20,48,337.81,0.31057,0.023191,0,-0.16074,-0.0016969,1.7759,98.364
110,884,15,46,309.05,0.24439,0.040342,0,-0.041306,-0.0016969,1.7759,98.364
110,885,10,58,360.9,0.1966,0.010779,0,-0.076328,-0.0016969,1.7759,98.364
110,886,20,45,318.77,0.19913,0.024394,0,-0.054632,-0.0016969,1.7759,98.364
110,887,20,54,426.56,0.25089,0.023711,0,-0.12853,-0.0016969,1.7759,98.364
110,888,20,42,383.56,0.21027,0.015136,0,-0.060963,-0.0016969,1.7759,98.364
111,889,15,33,368.49,0.26646,0.013082,0,-0.11267,-0.01103,0.33051,89.051
111,890,10,42,480.65,0.20841,0.019507,0,-0.086574,-0.01103,0.33051,89.051
111,891,20,56,433.64,0.22358,0.025549,0,-0.13774,-0.01103,0.33051,89.051
111,892,15,35,291.21,0.17802,0.0074907,0,-0.046732,-0.01103,0.33051,89.051
111,893,15,48,385.47,0.24014,0.024812,0,-0.069241,-0.01103,0.33051,89.051
111,894,15,32,363.26,0.26824,0.0082884,0,-0.13842,-0.01103,0.33051,89.051
111,895,15,49,335.57,0.28112,0.010847,0,-0.091111,-0.01103,0.33051,89.051
111,896,15,57,366.19,0.33969,0.017858,0,-0.06988,-0.01103,0.33051,89.051
112,897,10,50,485.78,0.34235,0.0064519,0,-0.31555,-0.023211,1.8875,86.043
112,898,10,60,547.04,0.35371,0.0028809,0,-0.089565,-0.023211,1.8875,86.043
112,899,15,55,393.8,0.27107,0.0037122,0,-0.19807,-0.023211,1.8875,86.043
112,900,15,30,415.89,0.26067,0.030015,2,-4.0378,-0.023211,1.8875,86.043
112,901,15,52,448.85,0.19902,0.027164,0,-0.13273,-0.023211,1.8875,86.043
112,902,20,36,374.24,0.20408,0.010867,0,-0.18903,-0.023211,1.8875,86.043
112,903,20,33,294.83,0.14847,0.026128,0,-0.034699,-0.023211,1.8875,86.043
112,904,20,38,338.49,0.20062,0.044291,1,-2.1143,-0.023211,1.8875,86.043
113,905,15,59,425.76,0.21207,0.016937,0,-0.1203,-0.0085949,0.16502,105.18
113,906,15,59,390.64,0.22099,0.026551,0,-0.1489,-0.0085949,0.16502,105.18
113,907,15,50,473.49,0.4658,0.0075786,0,-0.42481,-0.0085949,0.16502,105.18
113,908,20,47,335.38,0.27423,0.020772,0,-0.10934,-0.0085949,0.16502,105.18
113,909,10,50,461.14,0.29928,0.021583,0,-0.23389,-0.0085949,0.16502,105.18
113,910,20,38,389.83,0.17857,0.016676,0,-0.17296,-0.0085949,0.16502,105.18
113,911,20,43,357.17,0.31863,0.012582,0,-0.069004,-0.0085949,0.16502,105.18
113,912,15,60,469.76,0.37506,0.01317,0,-0.19776,-0.0085949,0.16502,105.18
114,913,10,37,337.7,0.17879,0.024429,0,-0.1443,-0.024332,0.74555,85.376
114,914,20,52,338.16,0.32971,0.014525,0,-0.057364,-0.024332,0.74555,85.376
114,915,20,35,323.39,0.16809,0.026097,1,-2.1081,-0.024332,0.74555,85.376
114,916,20,35,273.97,0.15275,0.017495,1,-2.1031,-0.024332,0.74555,85.376
114,917,20,36,343.8,0.19529,0.010979,0,-0.10228,-0.024332,0.74555,85.376
114,918,20,38,327.47,0.25919,0.024709,0,-0.096915,-0.024332,0.74555,85.376
114,919,15,59,421.64,0.21016,0.027181,0,-0.068056,-0.024332,0.74555,85.376
114,920,15,41,399.31,0.21238,0.004509,0,-0.20726,-0.024332,0.74555,85.376
115,921,10,38,377.25,0.27541,0.016663,0,-0.040552,-0.025311,0.1587,100.73
115,922,20,43,406.68,0.17683,0.015172,0,-0.11037,-0.025311,0.1587,100.73
115,923,20,60,356.68,0.23785,0.0054445,0,-0.12214,-0.025311,0.1587,100.73
115,924,20,57,343.62,0.1958,0.014046,0,-0.046491,-0.025311,0.1587,100.73
115,925,10,58,387.43,0.26581,0.0058954,0,-0.17276,-0.025311,0.1587,100.73
115,926,20,43,327.08,0.28601,0.023656,0,-0.11169,-0.025311,0.1587,100.73
115,927,15,55,460.23,0.32682,0.034282,0,-0.13813,-0.025311,0.1587,100.73
115,928,10,40,338.35,0.20193,0.008735,0,-0.0089114,-0.025311,0.1587,100.73
116,929,10,37,352.34,0.16698,0.018191,0,-0.091405,-0.002894,5.163,76.701
116,930,10,40,502.03,0.28873,0.015909,0,-0.065071,-0.002894,5.163,76.701
116,931,20,44,404.72,0.13907,0.013902,0,-0.11975,-0.002894,5.163,76.701
116,932,10,58,510.26,0.30147,0.0024032,0,-0.26708,-0.002894,5.163,76.701
116,933,20,32,299.75,0.17767,0.0129,3,-6.1207,-0.002894,5.163,76.701
116,934,15,40,330.58,0.18179,0.034913,1,-2.0899,-0.002894,5.163,76.701
116,935,20,37,308.08,0.14365,0.027966,1,-2.0996,-0.002894,5.163,76.701
116,936,20,39,369.91,0.23086,0.022729,1,-2.1138,-0.002894,5.163,76.701
117,937,20,42,328.29,0.19424,0.031683,1,-2.104,-0.014322,2.1231,93.548
117,938,10,55,542.27,0.36737,0.0068506,0,-0.33805,-0.014322,2.1231,93.548
117,939,10,59,465.63,0.2922,0.031098,0,-0.15686,-0.014322,2.1231,93.548
117,940,15,45,440.66,0.22348,0.011362,0,-0.057341,-0.014322,2.1231,93.548
117,941,10,45,332.75,0.3214,0.01177,0,-0.091696,-0.014322,2.1231,93.548
117,942,20,40,340.75,0.12802,0.019943,2,-4.1005,-0.014322,2.1231,93.548
117,943,15,58,422.59,0.18372,0.012881,0,-0.056485,-0.014322,2.1231,93.548
117,944,10,42,327.24,0.23293,0.0046441,0,-0.010842,-0.014322,2.1231,93.548
118,945,20,45,266.71,0.15447,0.022364,0,-0.06829,-0.012619,2.4227,88.104
118,946,15,38,429.27,0.20079,0.027348,0,-0.10029,-0.012619,2.4227,88.104
118,947,10,42,387.63,0.25673,0.021823,1,-2.2033,-0.012619,2.4227,88.104
118,948,15,49,335.67,0.30747,0.0059935,0,-0.15799,-0.012619,2.4227,88.104
118,949,15,46,350.64,0.41191,0.01041,0,-0.083485,-0.012619,2.4227,88.104
118,950,20,39,296.15,0.1291,0.014858,2,-4.0663,-0.012619,2.4227,88.104
118,951,20,54,349.95,0.24573,0.036263,1,-2.0812,-0.012619,2.4227,88.104
118,952,15,35,359.28,0.19711,0.044358,0,-0.11154,-0.012619,2.4227,88.104
119,953,20,37,335.07,0.15132,0.020202,1,-2.0743,-0.020457,0.68344,82.763
119,954,20,45,283.09,0.16766,0.013022,1,-2.0545,-0.020457,0.68344,82.763
119,955,10,36,392.79,0.2019,0.0114,0,-0.16788,-0.020457,0.68344,82.763
119,956,15,43,392.88,0.19766,0.015998,0,-0.16515,-0.020457,0.68344,82.763
119,957,15,41,276.08,0.24959,0.010935,0,-0.076223,-0.020457,0.68344,82.763
119,958,15,48,373.51,0.19267,0.0131,0,-0.14171,-0.020457,0.68344,82.763
119,959,10,48,394.15,0.4056,0.012138,0,-0.24257,-0.020457,0.68344,82.763
119,960,15,31,290.03,0.13864,0.012914,0,-0.11267,-0.020457,0.68344,82.763
120,961,10,43,484.52,0.26092,0.045708,0,-0.16874,-0.017543,0.50322,73.429
120,962,10,39,495.63,0.29891,0.014117,0,-0.17895,-0.017543,0.50322,73.429
120,963,10,38,357.22,0.23327,0.022627,0,-0.16574,-0.017543,0.50322,73.429
120,964,10,43,372.64,0.25654,0.024006,0,-0.086207,-0.017543,0.50322,73.429
120,965,15,31,264.12,0.16788,0.017443,0,-0.052957,-0.017543,0.50322,73.429
120,966,20,40,409.61,0.19484,0.011256,1,-2.0872,-0.017543,0.50322,73.429
120,967,10,44,389.11,0.24585,0.0078334,0,-0.041403,-0.017543,0.50322,73.429
120,968,15,54,383.17,0.21207,0.016348,0,-0.18181,-0.017543,0.50322,73.429
121,969,10,57,514.43,0.40543,0.014754,0,-0.18904,0.006854,0.30211,89.517
121,970,15,59,389.05,0.18804,0.039114,0,-0.10248,0.006854,0.30211,89.517
121,971,10,33,315.97,0.24076,0.024146,0,-0.073419,0.006854,0.30211,89.517
121,972,10,54,383.88,0.29936,0.01171,0,-0.063457,0.006854,0.30211,89.517
121,973,10,43,338.49,0.22356,0.024497,0,-0.10454,0.006854,0.30211,89.517
121,974,15,50,445.03,0.27484,0.018205,0,-0.19835,0.006854,0.30211,89.517
121,975,20,41,389.45,0.39539,0.034507,0,-0.11901,0.006854,0.30211,89.517
121,976,10,52,479.88,0.2254,0.029378,0,-0.2141,0.006854,0.30211,89.517
122,977,20,48,338.33,0.14858,0.018148,2,-4.1064,-0.0006474,1.7468,80.264
122,978,10,47,430.35,0.24897,0.02076,0,-0.16006,-0.0006474,1.7468,80.264
122,979,20,40,385.67,0.22556,0.040955,0,-0.1697,-0.0006474,1.7468,80.264
122,980,10,49,333.13,0.25136,0.010323,0,-0.040385,-0.0006474,1.7468,80.264
122,981,15,44,380.1,0.16525,0.0080243,0,-0.032162,-0.0006474,1.7468,80.264
122,982,15,44,432.98,0.42641,0.024579,0,-0.070115,-0.0006474,1.7468,80.264
122,983,15,46,342.03,0.27019,0.04929,0,-0.15187,-0.0006474,1.7468,80.264
122,984,10,35,522.7,0.23871,0.0055179,0,-0.22629,-0.0006474,1.7468,80.264
123,985,15,37,305.61,0.19954,0.014868,1,-2.0149,0.0091947,0.90448,79.884
123,986,15,31,320.86,0.1654,0.014767,1,-2.1283,0.0091947,0.90448,79.884
123,987,10,55,415.54,0.28015,0.0066165,0,-0.11333,0.0091947,0.90448,79.884
123,988,10,45,565.95,0.43092,0.01912,0,-0.41433,0.0091947,0.90448,79.884
123,989,20,45,308.34,0.18371,0.021279,0,-0.1309,0.0091947,0.90448,79.884
123,990,20,33,365.9,0.17882,0.011646,1,-2.1494,0.0091947,0.90448,79.884
123,991,15,51,312.68,0.25587,0.011308,0,-0.13582,0.0091947,0.90448,79.884
123,992,10,49,424.11,0.2244,0.023666,0,-0.18538,0.0091947,0.90448,79.884
124,993,15,35,303.82,0.25757,0.016654,0,-0.084057,-0.02992,2.0378,85.591
124,994,20,44,301.23,0.19192,0.018861,1,-2.1011,-0.02992,2.0378,85.591
124,995,20,32,309.04,0.15406,0.0092601,2,-4.1424,-0.02992,2.0378,85.591
124,996,20,35,334.19,0.14039,0.0064651,0,-0.080721,-0.02992,2.0378,85.591
124,997,20,46,310.33,0.15981,0.022925,0,-0.060228,-0.02992,2.0378,85.591
124,998,20,51,320.09,0.2198,0.0093165,0,-0.10835,-0.02992,2.0378,85.591
124,999,20,54,377.91,0.2731,0.027414,0,-0.084591,-0.02992,2.0378,85.591
124,1000,10,46,324.47,0.21717,0.017372,0,-0.097222,-0.02992,2.0378,85.591
125,1001,20,48,416.21,0.30385,0.018309,1,-2.0478,-0.03079,2.3406,67.446
125,1002,15,41,417.22,0.22594,0.012647,0,-0.034251,-0.03079,2.3406,67.446
125,1003,10,35,422.28,0.23155,0.034106,0,-0.071193,-0.03079,2.3406,67.446
125,1004,20,30,241.18,0.13902,0.033162,2,-4.0773,-0.03079,2.3406,67.446
125,1005,15,32,378.58,0.13129,0.0056347,1,-2.0806,-0.03079,2.3406,67.446
125,1006,15,40,329.71,0.19571,0.019116,0,-0.047249,-0.03079,2.3406,67.446
125,1007,10,32,366.31,0.15869,0.022662,1,-2.1483,-0.03079,2.3406,67.446
125,1008,15,35,352.2,0.21319,0.015752,0,-0.032808,-0.03079,2.3406,67.446
126,1009,20,31,287.09,0.17134,0.011494,1,-2.0892,0.015375,1.9007,74.408
126,1010,20,32,274.57,0.14464,0.016885,2,-4.0842,0.015375,1.9007,74.408
126,1011,10,38,417.17,0.25543,0.038586,0,-0.1321,0.015375,1.9007,74.408
126,1012,20,39,324.27,0.22417,0.019518,0,-0.07872,0.015375,1.9007,74.408
126,1013,10,54,433.04,0.17596,0.031261,0,-0.17466,0.015375,1.9007,74.408
126,1014,15,43,283.58,0.15848,0.037709,0,-0.075683,0.015375,1.9007,74.408
126,1015,15,41,308.15,0.16591,0.033499,0,-0.071092,0.015375,1.9007,74.408
126,1016,15,37,364.1,0.18014,0.021741,0,-0.1509,0.015375,1.9007,74.408
127,1017,20,58,368.2,0.36848,0.026549,0,-0.14523,-0.001778,0.51166,80.656
127,1018,20,48,402.89,0.27006,0.019964,0,-0.17541,-0.001778,0.51166,80.656
127,1019,15,36,300.38,0.18883,0.0036979,0,-0.078498,-0.001778,0.51166,80.656
127,1020,20,47,365.95,0.11942,0.0091485,0,-0.034477,-0.001778,0.51166,80.656
127,1021,10,41,462.02,0.27581,0.038671,0,-0.27224,-0.001778,0.51166,80.656
127,1022,20,30,318.72,0.12804,0.014693,0,-0.015757,-0.001778,0.51166,80.656
127,1023,10,40,539.13,0.38996,0.023138,0,-0.029017,-0.001778,0.51166,80.656
127,1024,15,39,306.51,0.20523,0.010603,0,-0.12792,-0.001778,0.51166,80.656
128,1025,20,55,360.93,0.23321,0.042214,0,-0.095124,-0.01233,1.737,94.146
128,1026,15,35,297.78,0.21532,0.0084563,0,-0.041142,-0.01233,1.737,94.146
128,1027,15,30,340.38,0.11497,0.011909,2,-4.014,-0.01233,1.737,94.146
128,1028,15,55,305.85,0.22703,0.024486,0,-0.087158,-0.01233,1.737,94.146
128,1029,15,55,409.29,0.20095,0.018641,0,-0.043861,-0.01233,1.737,94.146
128,1030,15,37,347.61,0.19399,0.011257,0,-0.036964,-0.01233,1.737,94.146
128,1031,20,51,397.49,0.2169,0.01592,0,-0.16159,-0.01233,1.737,94.146
128,1032,15,57,353.92,0.21683,0.021018,0,-0.12996,-0.01233,1.737,94.146
129,1033,15,55,540.57,0.3794,0.0085089,0,-0.32765,0.010828,0.39483,81.977
129,1034,15,60,432.15,0.20895,0.04679,0,-0.15588,0.010828,0.39483,81.977
129,1035,10,39,406.63,0.27942,0.032363,0,-0.15797,0.010828,0.39483,81.977
129,1036,15,39,320.36,0.20475,0.025517,0,-0.064321,0.010828,0.39483,81.977
129,1037,15,39,308.17,0.24527,0.043389,0,-0.1088,0.010828,0.39483,81.977
129,1038,15,40,375.94,0.29829,0.024313,0,-0.10638,0.010828,0.39483,81.977
129,1039,15,56,384.46,0.23116,0.0065281,0,-0.14209,0.010828,0.39483,81.977
129,1040,10,55,524.22,0.34373,0.0074361,0,-0.022624,0.010828,0.39483,81.977
130,1041,20,57,409.77,0.14626,0.03612,0,-0.11887,-0.018837,0.54198,82.567
130,1042,20,41,418.35,0.25709,0.0309,0,-0.20851,-0.018837,0.54198,82.567
130,1043,20,35,270.7,0.13805,0.018111,0,-0.085529,-0.018837,0.54198,82.567
130,1044,10,30,366.14,0.19388,0.021028,0,-0.10318,-0.018837,0.54198,82.567
130,1045,20,56,381.55,0.18665,0.012715,0,-0.1481,-0.018837,0.54198,82.567
130,1046,10,32,366.78,0.18944,0.017839,0,-0.092151,-0.018837,0.54198,82.567
130,1047,10,47,417.81,0.22753,0.010945,0,-0.026869,-0.018837,0.54198,82.567
130,1048,20,52,380.32,0.23275,0.020161,1,-2.1032,-0.018837,0.54198,82.567
131,1049,20,38,302.17,0.1471,0.0078576,1,-2.0523,-0.02726,0.46042,79.443
131,1050,15,45,430.51,0.3639,0.018939,0,-0.14972,-0.02726,0.46042,79.443
131,1051,10,53,421.9,0.3303,0.015566,0,-0.19457,-0.02726,0.46042,79.443
131,1052,15,38,368.38,0.24233,0.027045,0,-0.20257,-0.02726,0.46042,79.443
131,1053,10,56,396.68,0.33432,0.013189,0,-0.10646,-0.02726,0.46042,79.443
131,1054,10,30,305.74,0.19352,0.014222,0,-0.1054,-0.02726,0.46042,79.443
131,1055,15,54,337,0.32248,0.019505,0,-0.13511,-0.02726,0.46042,79.443
131,1056,20,58,351.21,0.28122,0.021489,0,-0.073743,-0.02726,0.46042,79.443
132,1057,20,42,373.72,0.2306,0.03662,0,-0.22086,0.027943,1.8935,88.133
132,1058,20,31,249.89,0.14654,0.029295,1,-2.066,0.027943,1.8935,88.133
132,1059,15,43,381.32,0.18121,0.0053535,0,-0.13506,0.027943,1.8935,88.133
132,1060,10,60,340.25,0.30267,0.014607,0,-0.076845,0.027943,1.8935,88.133
132,1061,20,49,467.8,0.3603,0.034829,0,-0.056025,0.027943,1.8935,88.133
132,1062,20,50,374.14,0.27454,0.023285,0,-0.20229,0.027943,1.8935,88.133
132,1063,15,59,438.05,0.2549,0.018589,0,-0.22882,0.027943,1.8935,88.133
132,1064,20,37,305.8,0.16145,0.020932,2,-4.0304,0.027943,1.8935,88.133
133,1065,20,60,429.55,0.18397,0.011399,0,-0.037885,-0.020171,0.17978,95.438
133,1066,20,42,376.13,0.14551,0.016492,0,-0.016662,-0.020171,0.17978,95.438
133,1067,10,58,444.63,0.53691,0.01863,0,-0.21089,-0.020171,0.17978,95.438
133,1068,10,55,365.37,0.25944,0.011251,0,-0.075971,-0.020171,0.17978,95.438
133,1069,15,60,411.21,0.27326,0.0076347,0,-0.13502,-0.020171,0.17978,95.438
133,1070,10,36,355.78,0.3059,0.048479,0,-0.059398,-0.020171,0.17978,95.438
133,1071,20,37,283.5,0.17686,0.011327,0,-0.070792,-0.020171,0.17978,95.438
133,1072,20,46,403.03,0.1895,0.0097786,0,-0.1163,-0.020171,0.17978,95.438
134,1073,15,40,416.94,0.20365,0.0075768,1,-2.0901,0.023825,0.76764,108.18
134,1074,15,60,368,0.30747,0.032719,0,-0.081197,0.023825,0.76764,108.18
134,1075,20,54,284.79,0.14989,0.026579,1,-2.0774,0.023825,0.76764,108.18
134,1076,15,41,383.29,0.24283,0.035532,0,-0.085141,0.023825,0.76764,108.18
134,1077,20,58,439.35,0.25054,0.037094,0,-0.067396,0.023825,0.76764,108.18
134,1078,20,57,345.95,0.24295,0.010479,0,-0.039969,0.023825,0.76764,108.18
134,1079,10,59,373.48,0.25734,0.015031,0,-0.071622,0.023825,0.76764,108.18
134,1080,15,58,370.99,0.29373,0.017938,0,-0.026221,0.023825,0.76764,108.18
135,1081,15,43,366.79,0.14286,0.012179,1,-2.1397,-0.027008,0.79018,92.575
135,1082,15,51,327.72,0.30099,0.019913,0,-0.090837,-0.027008,0.79018,92.575
135,1083,15,42,340.49,0.27346,0.018331,0,-0.1805,-0.027008,0.79018,92.575
135,1084,10,56,416.97,0.21523,0.02309,0,-0.1175,-0.027008,0.79018,92.575
135,1085,15,56,425.52,0.28483,0.025212,0,-0.046522,-0.027008,0.79018,92.575
135,1086,20,55,334.23,0.241,0.018915,0,-0.16061,-0.027008,0.79018,92.575
135,1087,15,45,343.08,0.34392,0.036366,1,-2.0784,-0.027008,0.79018,92.575
135,1088,10,47,376.8,0.17909,0.012216,0,-0.12298,-0.027008,0.79018,92.575
136,1089,10,33,313.81,0.22215,0.021968,0,-0.028084,-0.013997,1.2096,84.486
136,1090,10,50,329.04,0.18385,0.0047883,0,-0.13092,-0.013997,1.2096,84.486
136,1091,15,32,312.05,0.20205,0.01298,1,-2.1091,-0.013997,1.2096,84.486
136,1092,20,30,275.89,0.16944,0.022402,1,-2.0672,-0.013997,1.2096,84.486
136,1093,20,53,423.32,0.26582,0.0094516,0,-0.014863,-0.013997,1.2096,84.486
136,1094,20,52,337.67,0.1988,0.0096333,0,-0.062682,-0.013997,1.2096,84.486
136,1095,10,44,424.25,0.28078,0.049613,1,-2.2201,-0.013997,1.2096,84.486
136,1096,15,59,419.66,0.36863,0.023407,0,-0.081373,-0.013997,1.2096,84.486
137,1097,10,44,379.55,0.28364,0.014348,0,-0.075911,-0.015798,1.7488,71.692
137,1098,15,46,404.65,0.31511,0.02426,0,-0.26137,-0.015798,1.7488,71.692
137,1099,10,31,289.37,0.21165,0.007686,0,-0.046347,-0.015798,1.7488,71.692
137,1100,15,36,318.03,0.27631,0.020252,0,-0.084419,-0.015798,1.7488,71.692
137,1101,10,57,368.63,0.38143,0.010162,0,-0.010933,-0.015798,1.7488,71.692
137,1102,15,46,310.36,0.23199,0.017648,0,-0.030665,-0.015798,1.7488,71.692
137,1103,15,37,332.4,0.22422,0.0077883,0,-0.02445,-0.015798,1.7488,71.692
137,1104,20,32,303.33,0.1429,0.017502,2,-4.0491,-0.015798,1.7488,71.692
138,1105,20,50,457.97,0.23575,0.0092246,0,-0.22325,0.0064948,0.41848,94.223
138,1106,10,54,372.86,0.23095,0.019801,0,-0.096702,0.0064948,0.41848,94.223
138,1107,20,52,370.29,0.35915,0.040849,0,-0.093414,0.0064948,0.41848,94.223
138,1108,20,43,376.58,0.25766,0.012412,0,-0.19393,0.0064948,0.41848,94.223
138,1109,15,43,361.55,0.1905,0.01712,1,-2.1051,0.0064948,0.41848,94.223
138,1110,20,45,324.79,0.20932,0.02341,0,-0.09876,0.0064948,0.41848,94.223
138,1111,20,56,317.67,0.1868,0.017068,0,-0.048759,0.0064948,0.41848,94.223
138,1112,10,48,455.48,0.53399,0.0098065,0,-0.18093,0.0064948,0.41848,94.223
139,1113,20,60,473.23,0.33478,0.0091902,0,-0.23621,-0.012084,0.76228,83.637
139,1114,10,35,429.94,0.26218,0.041111,0,-0.1359,-0.012084,0.76228,83.637
139,1115,10,37,294.99,0.20061,0.0098412,1,-2.0727,-0.012084,0.76228,83.637
139,1116,10,59,463.8,0.40466,0.015826,0,-0.079062,-0.012084,0.76228,83.637
139,1117,20,50,310.34,0.2415,0.036142,0,-0.05207,-0.012084,0.76228,83.637
139,1118,20,41,364.81,0.26915,0.021002,1,-2.1426,-0.012084,0.76228,83.637
139,1119,20,52,306.72,0.21535,0.011741,0,-0.051074,-0.012084,0.76228,83.637
139,1120,15,38,303.07,0.30624,0.031139,0,-0.06041,-0.012084,0.76228,83.637
140,1121,10,33,424.26,0.25969,0.017756,0,-0.15316,-0.0019292,0.42085,82.344
140,1122,20,60,424.82,0.20966,0.027434,0,-0.040092,-0.0019292,0.42085,82.344
140,1123,10,41,416.82,0.20168,0.019753,0,-0.15601,-0.0019292,0.42085,82.344
140,1124,20,35,310.56,0.11706,0.014043,1,-2.0153,-0.0019292,0.42085,82.344
140,1125,15,60,492.66,0.32214,0.0099947,0,-0.27248,-0.0019292,0.42085,82.344
140,1126,10,36,321.79,0.27131,0.0055488,0,-0.081406,-0.0019292,0.42085,82.344
140,1127,10,55,437.21,0.4814,0.0065829,0,-0.076763,-0.0019292,0.42085,82.344
140,1128,15,58,469.54,0.27457,0.020105,0,-0.021548,-0.0019292,0.42085,82.344
141,1129,20,45,333.76,0.25842,0.028535,0,-0.063107,-0.0017547,1.7884,88.577
141,1130,15,37,322.01,0.22635,0.01267,0,-0.087484,-0.0017547,1.7884,88.577
141,1131,15,49,352.44,0.22853,0.032583,0,-0.16159,-0.0017547,1.7884,88.577
141,1132,20,32,321.4,0.18815,0.020195,2,-4.131,-0.0017547,1.7884,88.577
141,1133,20,43,284.99,0.1529,0.022546,0,-0.07977,-0.0017547,1.7884,88.577
141,1134,20,46,434.58,0.28506,0.030828,0,-0.22972,-0.0017547,1.7884,88.577
141,1135,20,52,315.51,0.23373,0.037233,0,-0.080264,-0.0017547,1.7884,88.577
141,1136,15,60,408.67,0.30313,0.0090186,0,-0.033058,-0.0017547,1.7884,88.577
142,1137,20,34,376.41,0.22218,0.018643,4,-8.118,-0.0065306,7.3874,74.614
142,1138,15,47,332.52,0.22322,0.033256,0,-0.049204,-0.0065306,7.3874,74.614
142,1139,10,50,508.04,0.3007,0.010679,0,-0.10582,-0.0065306,7.3874,74.614
142,1140,20,34,332.99,0.15794,0.023025,0,-0.13893,-0.0065306,7.3874,74.614
142,1141,20,35,331.22,0.1202,0.013131,0,-0.11563,-0.0065306,7.3874,74.614
142,1142,10,31,290.58,0.17371,0.01923,0,-0.019248,-0.0065306,7.3874,74.614
142,1143,10,55,555.74,0.34492,0.011628,0,-0.02635,-0.0065306,7.3874,74.614
142,1144,15,53,355.41,0.24335,0.026615,0,-0.087992,-0.0065306,7.3874,74.614
143,1145,10,43,468.98,0.38049,0.010653,0,-0.33083,-0.023024,2.0069,86.611
143,1146,10,42,461.81,0.36563,0.034376,0,-0.24914,-0.023024,2.0069,86.611
143,1147,10,49,362.76,0.31686,0.031817,0,-0.06951,-0.023024,2.0069,86.611
143,1148,10,59,476.54,0.41107,0.013256,0,-0.13682,-0.023024,2.0069,86.611
143,1149,20,48,320.79,0.25152,0.030749,1,-2.0964,-0.023024,2.0069,86.611
143,1150,20,44,389.44,0.13671,0.03661,0,-0.11013,-0.023024,2.0069,86.611
143,1151,20,53,324.69,0.17295,0.01243,0,-0.12022,-0.023024,2.0069,86.611
143,1152,20,37,333.15,0.21679,0.002197,2,-4.1664,-0.023024,2.0069,86.611
144,1153,10,35,377.54,0.3383,0.019267,0,-0.14451,-0.037824,0.3125,70.407
144,1154,10,44,350.44,0.21137,0.014626,0,-0.075944,-0.037824,0.3125,70.407
144,1155,15,42,378.21,0.33499,0.014342,0,-0.082791,-0.037824,0.3125,70.407
144,1156,10,55,519.09,0.38166,0.0048139,0,-0.2855,-0.037824,0.3125,70.407
144,1157,10,52,434.89,0.40359,0.0094935,0,-0.066478,-0.037824,0.3125,70.407
144,1158,20,32,268.12,0.11276,0.014088,0,-0.075589,-0.037824,0.3125,70.407
144,1159,15,56,330.79,0.29788,0.025723,0,-0.07163,-0.037824,0.3125,70.407
144,1160,15,34,406.56,0.18025,0.022789,0,-0.12861,-0.037824,0.3125,70.407
145,1161,15,52,392.06,0.29635,0.022722,0,-0.09621,0.0091609,0.48068,91.398
145,1162,20,42,329.41,0.17437,0.0097166,1,-2.0116,0.0091609,0.48068,91.398
145,1163,15,38,399.43,0.30453,0.022659,0,-0.23083,0.0091609,0.48068,91.398
145,1164,10,52,331.89,0.29584,0.017354,0,-0.091058,0.0091609,0.48068,91.398
145,1165,20,51,333.34,0.18362,0.029427,0,-0.1085,0.0091609,0.48068,91.398
145,1166,10,59,548.25,0.23854,0.043852,0,-0.22531,0.0091609,0.48068,91.398
145,1167,15,51,359.32,0.22789,0.024275,0,-0.066721,0.0091609,0.48068,91.398
145,1168,15,43,384.59,0.1644,0.0090209,0,-0.1228,0.0091609,0.48068,91.398
146,1169,20,35,337.46,0.2116,0.01185,2,-4.1284,0.007325,2.4731,85.261
146,1170,15,35,398.41,0.29831,0.024127,1,-2.1152,0.007325,2.4731,85.261
146,1171,20,49,337.86,0.14722,0.011637,1,-2.0719,0.007325,2.4731,85.261
146,1172,20,57,350.11,0.19503,0.03256,0,-0.042941,0.007325,2.4731,85.261
146,1173,10,49,394.17,0.22603,0.007639,0,-0.14699,0.007325,2.4731,85.261
146,1174,20,46,463.51,0.3472,0.031984,1,-2.2525,0.007325,2.4731,85.261
146,1175,15,52,415.37,0.38318,0.01845,0,-0.052194,0.007325,2.4731,85.261
146,1176,15,54,354.14,0.36026,0.01657,0,-0.063587,0.007325,2.4731,85.261
147,1177,15,35,389.69,0.2376,0.032554,0,-0.083915,-0.043311,0.74605,68.772
147,1178,15,32,301.66,0.21042,0.021561,1,-2.0398,-0.043311,0.74605,68.772
147,1179,15,39,321.8,0.25953,0.034535,0,-0.098428,-0.043311,0.74605,68.772
147,1180,15,47,468.2,0.21429,0.0056836,0,-0.03036,-0.043311,0.74605,68.772
147,1181,20,40,339.1,0.22631,0.021428,1,-2.0874,-0.043311,0.74605,68.772
147,1182,15,53,332.09,0.3033,0.035494,0,-0.088624,-0.043311,0.74605,68.772
147,1183,10,35,339.08,0.21732,0.0092587,0,-0.089447,-0.043311,0.74605,68.772
147,1184,10,49,365.63,0.36279,0.012018,0,-0.094548,-0.043311,0.74605,68.772
148,1185,20,52,354.57,0.36435,0.0342,0,-0.17444,-0.038333,0.36978,80.832
148,1186,20,56,440.46,0.46176,0.015474,0,-0.021432,-0.038333,0.36978,80.832
148,1187,10,56,413.51,0.36333,0.0083869,0,-0.03429,-0.038333,0.36978,80.832
148,1188,10,34,325.99,0.18629,0.0066156,0,-0.037418,-0.038333,0.36978,80.832
148,1189,15,56,385.57,0.2197,0.010974,0,-0.16433,-0.038333,0.36978,80.832
148,1190,15,44,343,0.21889,0.0088317,0,-0.096061,-0.038333,0.36978,80.832
148,1191,10,33,305.26,0.21847,0.020986,0,-0.15611,-0.038333,0.36978,80.832
148,1192,10,56,517.98,0.32643,0.012988,0,-0.066761,-0.038333,0.36978,80.832
149,1193,20,34,372.11,0.17588,0.016666,0,-0.041166,0.0043373,0.56608,83.453
149,1194,20,45,306.49,0.32488,0.021886,0,-0.11774,0.0043373,0.56608,83.453
149,1195,20,59,425.09,0.19861,0.016374,0,-0.070207,0.0043373,0.56608,83.453
149,1196,15,32,389.95,0.20164,0.024769,1,-2.1489,0.0043373,0.56608,83.453
149,1197,10,48,449.11,0.22544,0.016922,0,-0.19535,0.0043373,0.56608,83.453
149,1198,15,41,397.82,0.30426,0.024051,0,-0.070667,0.0043373,0.56608,83.453
149,1199,15,60,380.68,0.21984,0.011111,0,-0.052713,0.0043373,0.56608,83.453
149,1200,20,47,311.32,0.18064,0.011502,0,-0.14593,0.0043373,0.56608,83.453
150,1201,20,43,464.81,0.32954,0.021347,1,-2.2576,-0.017971,3.4385,68.886
150,1202,20,31,367.69,0.17353,0.0058155,2,-4.1326,-0.017971,3.4385,68.886
150,1203,20,31,406.27,0.23232,0.0078547,0,-0.15639,-0.017971,3.4385,68.886
150,1204,20,51,406.81,0.20504,0.015461,0,-0.14702,-0.017971,3.4385,68.886
150,1205,10,54,519.26,0.42037,0.011385,0,-0.30207,-0.017971,3.4385,68.886
150,1206,10,35,341.96,0.18936,0.012862,0,-0.11656,-0.017971,3.4385,68.886
150,1207,15,35,262.52,0.13104,0.013335,0,-0.045518,-0.017971,3.4385,68.886
150,1208,20,44,343.45,0.20975,0.011156,2,-4.0399,-0.017971,3.4385,68.886
151,1209,15,39,288.79,0.195,0.019637,0,-0.030841,0.011861,0.25995,67.676
151,1210,10,40,362.86,0.30734,0.022102,0,-0.074346,0.011861,0.25995,67.676
151,1211,20,44,306.77,0.17183,0.0028139,0,-0.073291,0.011861,0.25995,67.676
151,1212,10,38,419.13,0.22388,0.0062821,0,-0.17637,0.011861,0.25995,67.676
151,1213,10,47,449,0.31884,0.033794,0,-0.21289,0.011861,0.25995,67.676
151,1214,15,59,425.86,0.26045,0.030519,0,-0.20008,0.011861,0.25995,67.676
151,1215,10,31,292.7,0.21442,0.033483,0,-0.13055,0.011861,0.25995,67.676
151,1216,10,32,346.74,0.3315,0.01637,0,-0.11435,0.011861,0.25995,67.676
152,1217,15,45,355.68,0.23982,0.020693,0,-0.090121,-0.0087259,0.19314,67.613
152,1218,15,45,406.77,0.22712,0.015955,0,-0.10521,-0.0087259,0.19314,67.613
152,1219,20,49,442.12,0.27767,0.019128,0,-0.25429,-0.0087259,0.19314,67.613
152,1220,15,49,457.46,0.28386,0.018469,0,-0.16862,-0.0087259,0.19314,67.613
152,1221,10,55,543.4,0.34516,0.011275,0,-0.26476,-0.0087259,0.19314,67.613
152,1222,10,31,534.52,0.29948,0.0092502,0,-0.22796,-0.0087259,0.19314,67.613
152,1223,10,34,438.55,0.25469,0.019503,0,-0.23593,-0.0087259,0.19314,67.613
152,1224,10,40,318.49,0.22642,0.021361,0,-0.11307,-0.0087259,0.19314,67.613
153,1225,15,47,343.04,0.26322,0.031338,0,-0.12917,-0.013852,0.21276,83.08
153,1226,10,42,384.45,0.25868,0.014849,0,-0.12185,-0.013852,0.21276,83.08
153,1227,20,43,298.41,0.23422,0.021343,0,-0.08372,-0.013852,0.21276,83.08
153,1228,20,44,364.96,0.21578,0.0093448,0,-0.12955,-0.013852,0.21276,83.08
153,1229,15,38,374.06,0.27824,0.028563,0,-0.059237,-0.013852,0.21276,83.08
153,1230,15,32,357.67,0.25131,0.012005,0,-0.11952,-0.013852,0.21276,83.08
153,1231,15,60,523.06,0.43892,0.032385,0,-0.31454,-0.013852,0.21276,83.08
153,1232,10,60,346.63,0.18779,0.014914,0,-0.11178,-0.013852,0.21276,83.08
154,1233,10,47,349.51,0.23031,0.02155,0,-0.11934,0.0075196,0.44906,85.321
154,1234,20,60,328.92,0.19882,0.0067038,0,-0.053129,0.0075196,0.44906,85.321
154,1235,15,35,306.22,0.16434,0.016421,0,-0.078275,0.0075196,0.44906,85.321
154,1236,20,49,370.57,0.15249,0.011296,0,-0.10038,0.0075196,0.44906,85.321
154,1237,20,45,467.18,0.26897,0.01329,0,-0.17896,0.0075196,0.44906,85.321
154,1238,15,58,356.48,0.30605,0.029635,0,-0.16529,0.0075196,0.44906,85.321
154,1239,20,47,347.12,0.29332,0.01709,1,-2.0909,0.0075196,0.44906,85.321
154,1240,10,31,397.18,0.23671,0.030825,0,-0.12018,0.0075196,0.44906,85.321
155,1241,20,52,293.44,0.18742,0.017555,1,-2.0454,-0.01524,0.73642,78.104
155,1242,15,36,364.65,0.20985,0.0034117,0,-0.032405,-0.01524,0.73642,78.104
155,1243,10,34,434.44,0.25097,0.037404,0,-0.17381,-0.01524,0.73642,78.104
155,1244,10,56,382.15,0.22979,0.012318,0,-0.032882,-0.01524,0.73642,78.104
155,1245,20,55,339.41,0.35556,0.020273,0,-0.031874,-0.01524,0.73642,78.104
155,1246,20,49,337.56,0.13898,0.013211,0,-0.10104,-0.01524,0.73642,78.104
155,1247,20,37,384.66,0.22801,0.015023,0,-0.18833,-0.01524,0.73642,78.104
155,1248,20,34,363.43,0.18993,0.008874,1,-2.0505,-0.01524,0.73642,78.104
156,1249,10,30,342.69,0.28875,0.016548,0,-0.14486,-0.01078,0.80512,62.227
156,1250,15,50,319.53,0.17771,0.021568,0,-0.092042,-0.01078,0.80512,62.227
156,1251,20,39,461.31,0.20257,0.016284,1,-2.1798,-0.01078,0.80512,62.227
156,1252,20,31,384.73,0.14843,0.013783,1,-2.1059,-0.01078,0.80512,62.227
156,1253,10,52,506.27,0.37677,0.012315,0,-0.28151,-0.01078,0.80512,62.227
156,1254,15,38,315.13,0.21815,0.012455,0,-0.080922,-0.01078,0.80512,62.227
156,1255,15,31,326.59,0.16322,0.033022,0,-0.06822,-0.01078,0.80512,62.227
156,1256,15,39,346.21,0.18976,0.0057695,0,-0.029455,-0.01078,0.80512,62.227
157,1257,10,30,365.53,0.3093,0.024864,0,-0.12162,-0.0083291,0.73809,77.927
157,1258,10,52,315.37,0.24381,0.0087152,0,-0.11385,-0.0083291,0.73809,77.927
157,1259,20,30,324.29,0.15579,0.014318,1,-2.1086,-0.0083291,0.73809,77.927
157,1260,15,43,294.37,0.2029,0.026813,0,-0.1157,-0.0083291,0.73809,77.927
157,1261,20,39,339.42,0.15455,0.0096687,1,-2.0152,-0.0083291,0.73809,77.927
157,1262,20,59,336.78,0.25571,0.017477,0,-0.04239,-0.0083291,0.73809,77.927
157,1263,15,40,444.36,0.21761,0.025839,0,-0.13836,-0.0083291,0.73809,77.927
157,1264,20,59,406.92,0.25098,0.012293,0,-0.094165,-0.0083291,0.73809,77.927
158,1265,15,44,458.68,0.36151,0.013049,0,-0.1762,-0.01622,0.4007,84.51
158,1266,20,52,334.3,0.19073,0.04289,0,-0.10121,-0.01622,0.4007,84.51
158,1267,15,31,417.98,0.22942,0.014702,0,-0.19797,-0.01622,0.4007,84.51
158,1268,20,58,410.03,0.25277,0.011194,0,-0.072243,-0.01622,0.4007,84.51
158,1269,10,42,366.13,0.43721,0.018398,1,-2.0201,-0.01622,0.4007,84.51
158,1270,10,59,433.95,0.44029,0.0047103,0,-0.14112,-0.01622,0.4007,84.51
158,1271,15,58,472.18,0.2645,0.0061825,0,-0.26185,-0.01622,0.4007,84.51
158,1272,20,45,290.86,0.23373,0.0091579,0,-0.07569,-0.01622,0.4007,84.51
159,1273,20,51,334.67,0.17852,0.026451,0,-0.10166,-0.01536,2.3881,78.653
159,1274,10,43,368.73,0.25329,0.0045442,0,-0.14989,-0.01536,2.3881,78.653
159,1275,15,32,311.01,0.11995,0.014256,1,-2.061,-0.01536,2.3881,78.653
159,1276,15,33,363.31,0.2063,0.0063475,2,-4.0344,-0.01536,2.3881,78.653
159,1277,20,37,303.05,0.22573,0.004973,0,-0.093913,-0.01536,2.3881,78.653
159,1278,20,47,333.66,0.13772,0.0078105,1,-2.0922,-0.01536,2.3881,78.653
159,1279,10,52,465.26,0.30778,0.03006,0,-0.27172,-0.01536,2.3881,78.653
159,1280,20,59,360.22,0.20645,0.011158,0,-0.11845,-0.01536,2.3881,78.653
160,1281,10,55,335.83,0.19161,0.016179,0,-0.041867,-0.024195,0.085643,70.786
160,1282,15,52,472.4,0.25003,0.025639,0,-0.20544,-0.024195,0.085643,70.786
160,1283,20,47,412.08,0.23384,0.0083272,0,-0.19252,-0.024195,0.085643,70.786
160,1284,10,36,361.89,0.24018,0.012408,0,-0.14888,-0.024195,0.085643,70.786
160,1285,10,37,358.65,0.29342,0.027943,0,-0.09051,-0.024195,0.085643,70.786
160,1286,15,34,311.63,0.134,0.0051339,0,-0.11069,-0.024195,0.085643,70.786
160,1287,10,49,474.27,0.39998,0.0084352,0,-0.32966,-0.024195,0.085643,70.786
160,1288,10,41,397.41,0.34518,0.012615,0,-0.2412,-0.024195,0.085643,70.786
161,1289,15,34,319.2,0.24379,0.014212,0,-0.099728,-0.012246,0.12275,67.306
161,1290,15,49,415.08,0.2112,0.0086775,0,-0.027568,-0.012246,0.12275,67.306
161,1291,10,38,447.67,0.29606,0.0124,0,-0.28142,-0.012246,0.12275,67.306
161,1292,15,52,328.01,0.3039,0.022812,0,-0.11406,-0.012246,0.12275,67.306
161,1293,15,60,418.58,0.1909,0.0089817,0,-0.12952,-0.012246,0.12275,67.306
161,1294,10,30,305.35,0.29582,0.035976,0,-0.05034,-0.012246,0.12275,67.306
161,1295,10,38,337.26,0.281,0.0052343,0,-0.055599,-0.012246,0.12275,67.306
161,1296,15,37,356.54,0.17489,0.013005,0,-0.17359,-0.012246,0.12275,67.306
162,1297,10,45,373.66,0.49202,0.0081954,0,-0.05038,-0.016425,0.47401,66.685
162,1298,20,41,286.56,0.14707,0.033025,0,-0.099623,-0.016425,0.47401,66.685
162,1299,10,40,415.92,0.23938,0.025687,0,-0.090524,-0.016425,0.47401,66.685
162,1300,15,58,373.14,0.23613,0.028919,0,-0.098988,-0.016425,0.47401,66.685
162,1301,10,30,358.59,0.40342,0.039333,0,-0.086976,-0.016425,0.47401,66.685
162,1302,15,45,309.46,0.25122,0.016316,0,-0.027457,-0.016425,0.47401,66.685
162,1303,15,50,436.59,0.3813,0.013668,0,-0.092634,-0.016425,0.47401,66.685
162,1304,20,36,397.13,0.21048,0.010224,1,-2.1477,-0.016425,0.47401,66.685
163,1305,15,60,406.33,0.23501,0.010483,0,-0.041374,-0.023573,0.40949,74.932
163,1306,20,32,268.1,0.11103,0.050631,1,-2.071,-0.023573,0.40949,74.932
163,1307,10,52,419.82,0.24112,0.02114,0,-0.2002,-0.023573,0.40949,74.932
163,1308,15,57,347.68,0.24579,0.0078416,0,-0.076633,-0.023573,0.40949,74.932
163,1309,20,34,363.27,0.18342,0.024203,0,-0.16289,-0.023573,0.40949,74.932
163,1310,15,35,324.7,0.24847,0.018627,0,-0.046983,-0.023573,0.40949,74.932
163,1311,20,52,343.29,0.1921,0.016177,0,-0.096223,-0.023573,0.40949,74.932
163,1312,10,35,440.52,0.25887,0.015391,0,-0.17452,-0.023573,0.40949,74.932
164,1313,20,40,299.42,0.2239,0.0054532,1,-2.0359,-0.015105,0.40639,73.731
164,1314,10,38,369.02,0.31326,0.039624,0,-0.064911,-0.015105,0.40639,73.731
164,1315,15,53,477.75,0.43768,0.0105,0,-0.3695,-0.015105,0.40639,73.731
164,1316,20,46,403.17,0.1669,0.0043428,0,-0.13544,-0.015105,0.40639,73.731
164,1317,15,46,334.28,0.32047,0.026477,0,-0.070823,-0.015105,0.40639,73.731
164,1318,10,58,502.64,0.35056,0.02423,0,-0.17408,-0.015105,0.40639,73.731
164,1319,15,33,414.14,0.25669,0.026326,0,-0.041929,-0.015105,0.40639,73.731
164,1320,15,38,333.9,0.16427,0.021779,0,-0.039775,-0.015105,0.40639,73.731
165,1321,15,57,332.21,0.23104,0.019174,0,-0.052693,-0.00035779,0.78369,75.69
165,1322,10,45,396.76,0.35376,0.021309,0,-0.11698,-0.00035779,0.78369,75.69
165,1323,10,51,459.6,0.35085,0.014677,0,-0.029987,-0.00035779,0.78369,75.69
165,1324,10,36,359.73,0.29097,0.029555,0,-0.03641,-0.00035779,0.78369,75.69
165,1325,20,60,394.31,0.29541,0.0084341,0,-0.022509,-0.00035779,0.78369,75.69
165,1326,10,48,507.23,0.37775,0.017215,0,-0.07176,-0.00035779,0.78369,75.69
165,1327,15,31,288.54,0.14586,0.027369,1,-2.0797,-0.00035779,0.78369,75.69
165,1328,20,42,329.57,0.19026,0.011208,1,-2.1173,-0.00035779,0.78369,75.69
166,1329,15,30,302.69,0.11573,0.0067373,0,-0.021433,0.0104,0.089751,71.62
166,1330,10,47,356.66,0.28501,0.014186,0,-0.15943,0.0104,0.089751,71.62
166,1331,10,51,352.53,0.35265,0.010447,0,-0.064737,0.0104,0.089751,71.62
166,1332,10,59,410.91,0.23298,0.02363,0,-0.093598,0.0104,0.089751,71.62
166,1333,15,42,313.24,0.19632,0.023027,0,-0.083524,0.0104,0.089751,71.62
166,1334,10,60,385.24,0.3119,0.0057632,0,-0.083845,0.0104,0.089751,71.62
166,1335,15,43,309.05,0.19987,0.0092125,0,-0.11379,0.0104,0.089751,71.62
166,1336,10,39,336.3,0.29417,0.01982,0,-0.099507,0.0104,0.089751,71.62
167,1337,15,57,401.92,0.25382,0.034327,0,-0.25158,-0.015471,0.060432,78.606
167,1338,15,50,451.24,0.28053,0.017941,0,-0.22787,-0.015471,0.060432,78.606
167,1339,20,55,488.95,0.27195,0.013305,0,-0.24975,-0.015471,0.060432,78.606
167,1340,10,44,431.97,0.41163,0.0074117,0,-0.13244,-0.015471,0.060432,78.606
167,1341,15,32,272.32,0.13936,0.015601,0,-0.035499,-0.015471,0.060432,78.606
167,1342,15,60,371.03,0.30672,0.01831,0,-0.063717,-0.015471,0.060432,78.606
167,1343,20,33,258.61,0.13583,0.018713,0,-0.060254,-0.015471,0.060432,78.606
167,1344,10,38,308.18,0.20508,0.018052,0,-0.070238,-0.015471,0.060432,78.606
168,1345,15,55,342.14,0.27043,0.017936,0,-0.06307,-0.014583,0.046058,78.882
168,1346,15,57,350.04,0.3042,0.018228,0,-0.064765,-0.014583,0.046058,78.882
168,1347,10,32,431.22,0.25002,0.0079116,0,-0.038102,-0.014583,0.046058,78.882
168,1348,20,56,436.88,0.24193,0.018289,0,-0.17464,-0.014583,0.046058,78.882
168,1349,15,38,329.05,0.21536,0.027546,0,-0.042718,-0.014583,0.046058,78.882
168,1350,10,45,529.36,0.41973,0.015482,0,-0.051024,-0.014583,0.046058,78.882
168,1351,10,42,463.21,0.22999,0.033109,0,-0.13775,-0.014583,0.046058,78.882
168,1352,20,49,448.78,0.28365,0.02676,0,-0.24112,-0.014583,0.046058,78.882
169,1353,20,44,381.7,0.23928,0.022149,1,-2.0242,0.017174,1.6952,65.554
169,1354,20,44,405.51,0.35213,0.02535,1,-2.2717,0.017174,1.6952,65.554
169,1355,15,43,291.38,0.15834,0.020906,0,-0.088835,0.017174,1.6952,65.554
169,1356,15,34,308.15,0.17833,0.011201,1,-2.0425,0.017174,1.6952,65.554
169,1357,15,37,352.17,0.29349,0.020291,0,-0.098285,0.017174,1.6952,65.554
169,1358,10,51,425.97,0.2781,0.018327,0,-0.18427,0.017174,1.6952,65.554
169,1359,15,37,294.73,0.28737,0.028154,0,-0.065024,0.017174,1.6952,65.554
169,1360,15,31,306.44,0.24258,0.0064914,1,-2.0842,0.017174,1.6952,65.554
170,1361,20,44,301.23,0.29916,0.011546,0,-0.096458,-0.0017256,0.43175,74.759
170,1362,10,50,465.06,0.29174,0.018175,0,-0.19291,-0.0017256,0.43175,74.759
170,1363,20,44,315.18,0.17668,0.0028654,0,-0.077233,-0.0017256,0.43175,74.759
170,1364,10,55,494.06,0.17482,0.033429,0,-0.17433,-0.0017256,0.43175,74.759
170,1365,10,35,306.53,0.25181,0.0098365,0,-0.065738,-0.0017256,0.43175,74.759
170,1366,10,56,514.69,0.41593,0.012827,0,-0.25819,-0.0017256,0.43175,74.759
170,1367,20,37,337.36,0.24563,0.011992,1,-2.0981,-0.0017256,0.43175,74.759
170,1368,20,45,283.12,0.1529,0.022906,0,-0.054865,-0.0017256,0.43175,74.759
171,1369,15,31,332.23,0.23958,0.021676,0,-0.025545,-0.0054541,2.1769,57.704
171,1370,20,35,256.07,0.12467,0.011106,1,-2.0642,-0.0054541,2.1769,57.704
171,1371,20,38,329.8,0.16132,0.012904,0,-0.15532,-0.0054541,2.1769,57.704
171,1372,20,34,300.13,0.15542,0.0069447,2,-4.1107,-0.0054541,2.1769,57.704
171,1373,10,34,424,0.31019,0.023698,0,-0.23301,-0.0054541,2.1769,57.704
171,1374,10,58,370.51,0.28512,0.016181,0,-0.098162,-0.0054541,2.1769,57.704
171,1375,10,34,330.82,0.23463,0.038478,0,-0.043624,-0.0054541,2.1769,57.704
171,1376,10,41,326.77,0.24558,0.034801,0,-0.084629,-0.0054541,2.1769,57.704
172,1377,20,44,324.95,0.1659,0.014398,0,-0.087395,0.0080396,0.046597,79.663
172,1378,15,39,313.14,0.17783,0.0078928,0,-0.087263,0.0080396,0.046597,79.663
172,1379,15,47,329.03,0.19975,0.010533,0,-0.074551,0.0080396,0.046597,79.663
172,1380,15,58,365.59,0.27541,0.013248,0,-0.14045,0.0080396,0.046597,79.663
172,1381,10,54,469.51,0.19852,0.020436,0,-0.097742,0.0080396,0.046597,79.663
172,1382,20,60,354.59,0.32502,0.038183,0,-0.14437,0.0080396,0.046597,79.663
172,1383,10,52,452.04,0.3073,0.016917,0,-0.079135,0.0080396,0.046597,79.663
172,1384,20,40,412.93,0.30034,0.02326,0,-0.221,0.0080396,0.046597,79.663
173,1385,15,44,273.04,0.14904,0.027691,0,-0.066677,-0.0093312,1.7255,71.208
173,1386,15,44,406.2,0.24338,0.021299,0,-0.162,-0.0093312,1.7255,71.208
173,1387,20,30,314.6,0.18808,0.018697,2,-4.0385,-0.0093312,1.7255,71.208
173,1388,15,32,418.02,0.27691,0.012412,0,-0.26273,-0.0093312,1.7255,71.208
173,1389,10,59,379.46,0.33068,0.014419,0,-0.12619,-0.0093312,1.7255,71.208
173,1390,20,55,410.76,0.26094,0.026029,0,-0.14682,-0.0093312,1.7255,71.208
173,1391,15,42,340.68,0.19638,0.036541,0,-0.098204,-0.0093312,1.7255,71.208
173,1392,15,42,345.2,0.26251,0.02277,0,-0.064808,-0.0093312,1.7255,71.208
174,1393,10,55,357.78,0.17263,0.023759,0,-0.03673,-0.035887,0.39741,70.191
174,1394,10,47,384.15,0.2806,0.0082267,0,-0.11356,-0.035887,0.39741,70.191
174,1395,10,33,490.67,0.25475,0.02165,0,-0.23012,-0.035887,0.39741,70.191
174,1396,20,42,309.02,0.18932,0.0090939,1,-2.0608,-0.035887,0.39741,70.191
174,1397,20,48,451.71,0.26768,0.020597,0,-0.25967,-0.035887,0.39741,70.191
174,1398,10,32,399.3,0.32526,0.034428,0,-0.24304,-0.035887,0.39741,70.191
174,1399,20,47,299.01,0.16474,0.014041,0,-0.091035,-0.035887,0.39741,70.191
174,1400,10,41,302.55,0.21186,0.006663,0,-0.12047,-0.035887,0.39741,70.191
175,1401,20,53,364.98,0.22893,0.032537,0,-0.033015,-0.016562,8.8809,70.717
175,1402,10,44,399.44,0.32457,0.013395,0,-0.11045,-0.016562,8.8809,70.717
175,1403,20,42,354.18,0.25005,0.027815,0,-0.12333,-0.016562,8.8809,70.717
175,1404,20,36,306.39,0.17254,0.012205,2,-4.0734,-0.016562,8.8809,70.717
175,1405,10,40,296.77,0.1383,0.016607,0,-0.098003,-0.016562,8.8809,70.717
175,1406,20,31,320.7,0.11986,0.021788,4,-8.0984,-0.016562,8.8809,70.717
175,1407,15,47,379.7,0.21231,0.049842,0,-0.13436,-0.016562,8.8809,70.717
175,1408,10,41,402.98,0.38086,0.0085832,0,-0.25602,-0.016562,8.8809,70.717
176,1409,20,47,405.79,0.21544,0.012175,0,-0.032032,0.01716,0.15334,75.174
176,1410,15,34,383.3,0.26987,0.023499,0,-0.20194,0.01716,0.15334,75.174
176,1411,15,53,340.57,0.28365,0.0087373,0,-0.039726,0.01716,0.15334,75.174
176,1412,20,36,349.72,0.13494,0.0075073,0,-0.12573,0.01716,0.15334,75.174
176,1413,10,59,372.87,0.247,0.028598,0,-0.11702,0.01716,0.15334,75.174
176,1414,15,54,462.28,0.28694,0.02958,0,-0.24612,0.01716,0.15334,75.174
176,1415,15,40,348.26,0.23647,0.019254,0,-0.071544,0.01716,0.15334,75.174
176,1416,10,47,489.39,0.30976,0.0095057,0,-0.26756,0.01716,0.15334,75.174
177,1417,15,33,289.88,0.18424,0.0053693,0,-0.076094,-0.0013235,0.76288,73.85
177,1418,15,48,331.98,0.30047,0.023101,1,-2.1176,-0.0013235,0.76288,73.85
177,1419,20,55,311.43,0.18203,0.011102,0,-0.085325,-0.0013235,0.76288,73.85
177,1420,10,33,359.65,0.29015,0.031111,0,-0.16118,-0.0013235,0.76288,73.85
177,1421,10,59,337.15,0.20761,0.026212,0,-0.066376,-0.0013235,0.76288,73.85
177,1422,20,38,406.36,0.19062,0.014047,1,-2.1518,-0.0013235,0.76288,73.85
177,1423,10,45,458.57,0.25508,0.0048671,0,-0.21755,-0.0013235,0.76288,73.85
177,1424,15,35,323.75,0.14713,0.01474,0,-0.10585,-0.0013235,0.76288,73.85
178,1425,10,40,378.92,0.17128,0.007385,0,-0.11539,0.0011572,0.23,80.396
178,1426,20,57,319.66,0.20696,0.02236,0,-0.077166,0.0011572,0.23,80.396
178,1427,15,36,320.31,0.15064,0.0055714,0,-0.10443,0.0011572,0.23,80.396
178,1428,15,56,301.91,0.21752,0.035398,0,-0.060313,0.0011572,0.23,80.396
178,1429,15,52,424.63,0.23044,0.022348,0,-0.22712,0.0011572,0.23,80.396
178,1430,10,30,485.66,0.286,0.0056962,0,-0.22105,0.0011572,0.23,80.396
178,1431,10,55,367.92,0.23413,0.042828,0,-0.086343,0.0011572,0.23,80.396
178,1432,10,58,394.56,0.25012,0.018097,0,-0.12355,0.0011572,0.23,80.396
179,1433,15,31,341.37,0.1846,0.0061965,1,-2.1637,-0.010156,0.50029,65.419
179,1434,15,31,328.11,0.12533,0.025623,0,-0.070713,-0.010156,0.50029,65.419
179,1435,10,44,360.59,0.25825,0.018414,0,-0.048399,-0.010156,0.50029,65.419
179,1436,10,31,406.27,0.20472,0.011092,0,-0.064967,-0.010156,0.50029,65.419
179,1437,10,30,309.8,0.23816,0.019018,0,-0.12127,-0.010156,0.50029,65.419
179,1438,10,59,470.82,0.27847,0.015507,0,-0.12973,-0.010156,0.50029,65.419
179,1439,15,48,331.9,0.23223,0.022547,0,-0.074712,-0.010156,0.50029,65.419
179,1440,10,55,477.08,0.27532,0.015845,0,-0.24367,-0.010156,0.50029,65.419
180,1441,10,49,370.91,0.29849,0.017713,0,-0.077417,-0.0065158,0.77287,70.821
180,1442,10,49,422.81,0.2568,0.019959,0,-0.092093,-0.0065158,0.77287,70.821
180,1443,15,55,478.73,0.34528,0.0138,0,-0.12357,-0.0065158,0.77287,70.821
180,1444,15,35,264.44,0.14777,0.0033312,1,-2.0733,-0.0065158,0.77287,70.821
180,1445,15,35,435.67,0.17912,0.0062339,0,-0.0097968,-0.0065158,0.77287,70.821
180,1446,20,53,331.54,0.18942,0.018281,0,-0.064751,-0.0065158,0.77287,70.821
180,1447,10,31,419.07,0.28386,0.010063,1,-2.1875,-0.0065158,0.77287,70.821
180,1448,10,41,309,0.20869,0.027004,0,-0.093864,-0.0065158,0.77287,70.821
181,1449,10,33,401.86,0.34289,0.017977,0,-0.11378,-0.0069493,1.7558,63.396
181,1450,10,41,366.98,0.25249,0.014935,0,-0.095523,-0.0069493,1.7558,63.396
181,1451,15,53,479.43,0.34336,0.010984,0,-0.22538,-0.0069493,1.7558,63.396
181,1452,10,37,383.38,0.374,0.020419,0,-0.15996,-0.0069493,1.7558,63.396
181,1453,15,49,414.12,0.30244,0.014657,0,-0.046927,-0.0069493,1.7558,63.396
181,1454,20,33,272.67,0.14831,0.018164,0,-0.075847,-0.0069493,1.7558,63.396
181,1455,15,31,330.85,0.18538,0.019901,2,-4.1428,-0.0069493,1.7558,63.396
181,1456,10,38,344.8,0.35639,0.0086922,0,-0.082443,-0.0069493,1.7558,63.396
182,1457,10,40,409.69,0.40366,0.033509,0,-0.1235,-0.037877,1.9481,64.644
182,1458,20,32,323.87,0.15513,0.017575,1,-2.1279,-0.037877,1.9481,64.644
182,1459,10,45,309.56,0.30026,0.029724,0,-0.10829,-0.037877,1.9481,64.644
182,1460,20,44,334.71,0.2212,0.019741,0,-0.16025,-0.037877,1.9481,64.644
182,1461,20,33,299.82,0.15327,0.016753,2,-4.1225,-0.037877,1.9481,64.644
182,1462,10,59,481.99,0.44762,0.028995,0,-0.13225,-0.037877,1.9481,64.644
182,1463,10,35,392.91,0.3513,0.014463,0,-0.13227,-0.037877,1.9481,64.644
182,1464,10,38,362.15,0.25066,0.016327,0,-0.043222,-0.037877,1.9481,64.644
183,1465,10,46,400.29,0.24658,0.0072697,0,-0.19574,-0.018115,0.16754,73.91
183,1466,10,38,339.42,0.33529,0.0096376,0,-0.082241,-0.018115,0.16754,73.91
183,1467,15,39,413.24,0.34985,0.010362,0,-0.10222,-0.018115,0.16754,73.91
183,1468,15,43,341.65,0.27823,0.029704,0,-0.042007,-0.018115,0.16754,73.91
183,1469,10,34,373.71,0.16627,0.010148,0,-0.15272,-0.018115,0.16754,73.91
183,1470,10,51,428.95,0.29437,0.0060924,0,-0.087154,-0.018115,0.16754,73.91
183,1471,20,60,297.89,0.18183,0.021711,0,-0.11742,-0.018115,0.16754,73.91
183,1472,20,49,304.76,0.21527,0.014937,0,-0.094118,-0.018115,0.16754,73.91
184,1473,15,58,337.87,0.30164,0.0091384,0,-0.071396,-0.028321,3.9692,82.58
184,1474,20,32,326.58,0.16472,0.012756,3,-6.0813,-0.028321,3.9692,82.58
184,1475,15,38,344.37,0.31352,0.01465,0,-0.092789,-0.028321,3.9692,82.58
184,1476,20,47,392.18,0.32327,0.028248,0,-0.15243,-0.028321,3.9692,82.58
184,1477,15,48,351.77,0.13486,0.012691,0,-0.077418,-0.028321,3.9692,82.58
184,1478,15,51,328.95,0.27749,0.031678,0,-0.098548,-0.028321,3.9692,82.58
184,1479,20,52,328.99,0.20003,0.012322,0,-0.09035,-0.028321,3.9692,82.58
184,1480,10,58,476.38,0.22752,0.0096961,0,-0.21216,-0.028321,3.9692,82.58
185,1481,20,49,380.14,0.37457,0.03374,0,-0.091933,-0.0024332,0.42023,71.458
185,1482,20,40,287.27,0.21144,0.025037,0,-0.093515,-0.0024332,0.42023,71.458
185,1483,15,38,333.55,0.19815,0.018604,1,-2.1475,-0.0024332,0.42023,71.458
185,1484,15,57,383.45,0.26772,0.0097311,0,-0.070562,-0.0024332,0.42023,71.458
185,1485,15,33,317.27,0.27091,0.025681,0,-0.088099,-0.0024332,0.42023,71.458
185,1486,10,39,412.39,0.37612,0.015167,0,-0.057596,-0.0024332,0.42023,71.458
185,1487,10,53,415.44,0.38926,0.029192,0,-0.032866,-0.0024332,0.42023,71.458
185,1488,10,38,493.82,0.32038,0.021387,0,-0.19243,-0.0024332,0.42023,71.458
186,1489,10,34,293.27,0.21055,0.029449,0,-0.075151,0.0046746,0.077893,67.719
186,1490,10,36,450.52,0.24036,0.025302,0,-0.12266,0.0046746,0.077893,67.719
186,1491,15,30,338.15,0.27299,0.022998,0,-0.11125,0.0046746,0.077893,67.719
186,1492,20,57,375.14,0.29766,0.011727,0,-0.20484,0.0046746,0.077893,67.719
186,1493,15,37,379.83,0.32594,0.02502,0,-0.15634,0.0046746,0.077893,67.719
186,1494,15,51,455.48,0.30469,0.0060547,0,-0.18325,0.0046746,0.077893,67.719
186,1495,15,42,356.41,0.27444,0.0086372,0,-0.12532,0.0046746,0.077893,67.719
186,1496,15,48,351.31,0.26017,0.012576,0,-0.041263,0.0046746,0.077893,67.719
187,1497,20,52,356.8,0.3723,0.020778,0,-0.1302,-0.021599,0.37778,75.125
187,1498,10,31,334.79,0.26357,0.020864,0,-0.051956,-0.021599,0.37778,75.125
187,1499,15,55,452.59,0.22398,0.026553,0,-0.16714,-0.021599,0.37778,75.125
187,1500,10,31,319.07,0.28565,0.010532,0,-0.1195,-0.021599,0.37778,75.125
187,1501,20,34,411.48,0.19942,0.013298,1,-2.0621,-0.021599,0.37778,75.125
187,1502,10,50,408.93,0.43279,0.012263,0,-0.23211,-0.021599,0.37778,75.125
187,1503,10,58,480.85,0.80466,0.0078761,0,-0.13727,-0.021599,0.37778,75.125
187,1504,20,48,397.84,0.26085,0.013807,0,-0.037071,-0.021599,0.37778,75.125
188,1505,15,59,448.6,0.21441,0.013976,0,-0.13511,-0.042134,0.51055,72.008
188,1506,15,32,381.32,0.29174,0.022514,1,-2.2075,-0.042134,0.51055,72.008
188,1507,15,56,472.81,0.34416,0.011504,0,-0.27968,-0.042134,0.51055,72.008
188,1508,15,36,365.45,0.3147,0.01502,0,-0.05687,-0.042134,0.51055,72.008
188,1509,10,36,448.8,0.2546,0.024581,0,-0.2523,-0.042134,0.51055,72.008
188,1510,20,45,468.18,0.26795,0.0087223,0,-0.26331,-0.042134,0.51055,72.008
188,1511,10,35,400.21,0.21382,0.016892,0,-0.15756,-0.042134,0.51055,72.008
188,1512,20,55,327.46,0.29885,0.02981,0,-0.08871,-0.042134,0.51055,72.008
189,1513,20,41,473.6,0.35235,0.016348,0,-0.23277,-0.0079602,0.48073,69.583
189,1514,15,46,354.23,0.30999,0.017801,0,-0.021966,-0.0079602,0.48073,69.583
189,1515,10,47,503.9,0.25015,0.011552,0,-0.020669,-0.0079602,0.48073,69.583
189,1516,15,34,288.13,0.19614,0.019258,0,-0.045332,-0.0079602,0.48073,69.583
189,1517,15,37,282.56,0.11891,0.012839,0,-0.025398,-0.0079602,0.48073,69.583
189,1518,15,40,336.14,0.16793,0.017924,0,-0.12033,-0.0079602,0.48073,69.583
189,1519,15,30,374.4,0.17843,0.011032,1,-2.0751,-0.0079602,0.48073,69.583
189,1520,10,52,505.8,0.2756,0.012682,0,-0.11655,-0.0079602,0.48073,69.583
190,1521,15,44,469.57,0.33151,0.017266,1,-2.1492,-0.021724,0.89141,69.618
190,1522,20,52,377.61,0.16669,0.034056,0,-0.16588,-0.021724,0.89141,69.618
190,1523,15,46,341.97,0.26879,0.0066461,0,-0.16841,-0.021724,0.89141,69.618
190,1524,15,46,376.05,0.40975,0.0079562,0,-0.087271,-0.021724,0.89141,69.618
190,1525,10,48,449.21,0.27193,0.0080552,0,-0.10012,-0.021724,0.89141,69.618
190,1526,10,32,412.87,0.21143,0.016485,0,-0.16369,-0.021724,0.89141,69.618
190,1527,10,30,406.24,0.23733,0.0094781,0,-0.13583,-0.021724,0.89141,69.618
190,1528,20,33,340.49,0.16062,0.025537,1,-2.1406,-0.021724,0.89141,69.618
191,1529,15,37,296.99,0.19996,0.019256,0,-0.065104,-0.0060295,2.0473,78.701
191,1530,10,60,358.48,0.26507,0.025876,0,-0.062359,-0.0060295,2.0473,78.701
191,1531,10,54,537.99,0.35677,0.022219,0,-0.079016,-0.0060295,2.0473,78.701
191,1532,10,53,419.29,0.36787,0.019234,0,-0.082604,-0.0060295,2.0473,78.701
191,1533,15,31,361.64,0.30102,0.018896,0,-0.04838,-0.0060295,2.0473,78.701
191,1534,20,33,374.71,0.24843,0.024162,2,-4.1431,-0.0060295,2.0473,78.701
191,1535,20,55,298.88,0.15858,0.024789,1,-2.029,-0.0060295,2.0473,78.701
191,1536,10,44,423.5,0.24266,0.0059289,0,-0.15253,-0.0060295,2.0473,78.701
192,1537,20,31,343.18,0.19896,0.020042,2,-4.0797,-0.013192,2.1986,81.17
192,1538,15,30,305.88,0.21565,0.0089176,1,-2.0804,-0.013192,2.1986,81.17
192,1539,20,42,272.6,0.17977,0.017414,1,-2.0322,-0.013192,2.1986,81.17
192,1540,10,43,447.34,0.31236,0.0061937,0,-0.27202,-0.013192,2.1986,81.17
192,1541,20,59,341.2,0.24365,0.022655,0,-0.095987,-0.013192,2.1986,81.17
192,1542,10,52,360,0.32749,0.0037087,0,-0.097746,-0.013192,2.1986,81.17
192,1543,20,52,316.03,0.26662,0.034291,0,-0.092168,-0.013192,2.1986,81.17
192,1544,15,52,371.28,0.27668,0.021947,0,-0.15723,-0.013192,2.1986,81.17
193,1545,10,37,429.36,0.18745,0.011129,0,-0.11134,-0.023652,1.7002,77.461
193,1546,15,38,288.5,0.15838,0.047672,0,-0.085772,-0.023652,1.7002,77.461
193,1547,20,30,376.94,0.18009,0.014926,2,-4.1258,-0.023652,1.7002,77.461
193,1548,20,35,288.96,0.1382,0.024553,0,-0.048371,-0.023652,1.7002,77.461
193,1549,20,50,436.62,0.28568,0.018806,0,-0.22982,-0.023652,1.7002,77.461
193,1550,20,56,336.24,0.22354,0.022838,0,-0.088449,-0.023652,1.7002,77.461
193,1551,20,46,423.11,0.21036,0.010378,0,-0.09687,-0.023652,1.7002,77.461
193,1552,10,55,472.75,0.24039,0.0090683,0,-0.085587,-0.023652,1.7002,77.461
194,1553,10,48,382.83,0.34539,0.013901,0,-0.032443,-0.026985,0.58706,84.761
194,1554,20,59,339.57,0.19041,0.013145,0,-0.058353,-0.026985,0.58706,84.761
194,1555,20,49,342.68,0.22764,0.024002,0,-0.082649,-0.026985,0.58706,84.761
194,1556,20,36,317.08,0.16825,0.015071,1,-2.101,-0.026985,0.58706,84.761
194,1557,15,60,376.57,0.50306,0.011873,0,-0.15062,-0.026985,0.58706,84.761
194,1558,15,38,451.08,0.34823,0.017326,0,-0.20014,-0.026985,0.58706,84.761
194,1559,10,51,394.72,0.1935,0.00963,0,-0.042856,-0.026985,0.58706,84.761
194,1560,20,41,343.39,0.23146,0.024192,0,-0.035989,-0.026985,0.58706,84.761
195,1561,10,44,332.53,0.35337,0.010006,0,-0.082925,-0.020363,0.54212,67.179
195,1562,10,32,330.95,0.19662,0.006075,0,-0.013645,-0.020363,0.54212,67.179
195,1563,20,41,307.64,0.21441,0.010762,0,-0.09864,-0.020363,0.54212,67.179
195,1564,10,38,378.33,0.3095,0.018361,0,-0.10449,-0.020363,0.54212,67.179
195,1565,10,44,519.4,0.33338,0.015299,0,-0.3046,-0.020363,0.54212,67.179
195,1566,15,54,365.1,0.29738,0.021721,0,-0.024848,-0.020363,0.54212,67.179
195,1567,10,51,370.05,0.28298,0.021536,0,-0.091489,-0.020363,0.54212,67.179
195,1568,10,40,403.89,0.19785,0.01807,0,-0.10153,-0.020363,0.54212,67.179
196,1569,15,37,369.47,0.18535,0.031293,0,-0.16709,0.0051283,0.52035,80.889
196,1570,20,41,319.51,0.29233,0.020984,0,-0.090191,0.0051283,0.52035,80.889
196,1571,15,41,419.65,0.19172,0.025607,0,-0.18045,0.0051283,0.52035,80.889
196,1572,10,39,528.61,0.35111,0.010714,0,-0.32881,0.0051283,0.52035,80.889
196,1573,20,56,392.39,0.30628,0.032882,0,-0.094792,0.0051283,0.52035,80.889
196,1574,15,40,448.79,0.27137,0.027829,0,-0.10306,0.0051283,0.52035,80.889
196,1575,15,30,377.83,0.14406,0.0086634,0,-0.14104,0.0051283,0.52035,80.889
196,1576,20,60,421.75,0.19438,0.016739,0,-0.17027,0.0051283,0.52035,80.889
197,1577,10,32,462.1,0.32022,0.015846,0,-0.24884,-0.019988,2.1268,71.397
197,1578,20,38,316.83,0.1776,0.010808,1,-2.1114,-0.019988,2.1268,71.397
197,1579,10,34,421.17,0.23535,0.019238,0,-0.21819,-0.019988,2.1268,71.397
197,1580,10,46,342,0.20809,0.032501,0,-0.15711,-0.019988,2.1268,71.397
197,1581,15,39,385.28,0.20062,0.030204,0,-0.13795,-0.019988,2.1268,71.397
197,1582,20,36,287.16,0.13391,0.026417,0,-0.044589,-0.019988,2.1268,71.397
197,1583,20,36,301.96,0.16529,0.022814,2,-4.1102,-0.019988,2.1268,71.397
197,1584,20,55,306.8,0.16378,0.023117,1,-2.0773,-0.019988,2.1268,71.397
198,1585,15,50,315.26,0.19099,0.020577,0,-0.078665,-0.014463,0.50122,91.094
198,1586,20,47,323.03,0.25648,0.023457,0,-0.073993,-0.014463,0.50122,91.094
198,1587,20,52,296.67,0.16425,0.014606,0,-0.099695,-0.014463,0.50122,91.094
198,1588,15,57,386.35,0.22696,0.031942,0,-0.14149,-0.014463,0.50122,91.094
198,1589,15,52,462.64,0.27021,0.012717,0,-0.25612,-0.014463,0.50122,91.094
198,1590,15,49,368.45,0.1886,0.0082965,1,-2.1799,-0.014463,0.50122,91.094
198,1591,20,35,341.5,0.17297,0.018626,0,-0.11296,-0.014463,0.50122,91.094
198,1592,10,45,374.49,0.26766,0.015517,0,-0.043094,-0.014463,0.50122,91.094
199,1593,20,30,284.22,0.17583,0.0095515,3,-6.1009,-0.01286,3.8526,95.196
199,1594,20,56,458.4,0.23502,0.015249,0,-0.23385,-0.01286,3.8526,95.196
199,1595,20,44,396.41,0.26735,0.022834,0,-0.1797,-0.01286,3.8526,95.196
199,1596,10,60,388.43,0.267,0.013706,0,-0.10798,-0.01286,3.8526,95.196
199,1597,10,45,462.19,0.28234,0.010713,0,-0.20479,-0.01286,3.8526,95.196
199,1598,20,57,321.52,0.25595,0.034805,0,-0.041,-0.01286,3.8526,95.196
199,1599,15,58,392.3,0.19476,0.010091,0,-0.051764,-0.01286,3.8526,95.196
199,1600,15,40,403.39,0.29452,0.012341,0,-0.205,-0.01286,3.8526,95.196
