iter,seed,category,ret,E_wh,T_s,unserved,E_lamE_high,T_lamE_high,E_lamT_high,T_lamT_high,pg_loss,v_loss,entropy,kl,energy_check_err
0,1,3,-0.27187,693.4,1039,0,693.91,1019.4,693.05,1052.5,-0.0024372,0.002943,1.8315,0.0128,0.00018311
1,2,1,-0.56012,683.64,1038.9,0,671.49,1031.4,697.41,1047.4,-0.0033981,0.016574,1.4258,-0.003091,0.00018311
2,3,1,-0.44811,557.85,850.98,0,556.09,865.98,559.5,836.88,-0.011238,0.0097794,1.4084,0.0057735,0.00012207
3,4,2,-0.36678,699.12,1036,0,694.14,1020.6,704.42,1052.4,-0.0048614,0.0025733,1.6757,0.0055321,0.00012207
4,5,0,-2.1775,434.74,648.61,1.4531,431.01,648.1,439.53,649.28,-0.012238,1.3182,1.0094,0.0062727,3.0518e-05
5,6,0,-1.4521,420.91,627.46,0.75,418.17,619.21,424.44,638.07,0.03646,0.57609,0.77879,0.0014945,6.1035e-05
6,7,1,-0.57489,711.84,1047,0,710.25,1031.6,713.25,1060.6,-0.0049994,0.052617,1.4389,0.012855,0.00012207
7,8,3,-0.26178,686.4,961.97,0,682.66,950.56,688.79,969.29,0.00059434,0.0071204,1.8134,0.013626,0.00018311
8,9,1,-0.46266,597.28,835.44,0,590.46,826.66,601.66,841.07,-0.0045609,0.0050098,1.101,0.0045213,0.00012207
9,10,2,-0.3634,714.8,989.19,0,711.49,988.08,716.93,989.91,-0.022415,0.0025678,1.5457,0.0099005,0.00012207
10,11,0,-0.58761,350.57,514.55,0,354.39,514.75,346.49,514.35,-0.010157,0.0099506,0.50421,0.0072074,6.1035e-05
11,12,1,-0.49251,623.77,866.33,0,624.88,864.26,622.51,868.69,-0.018129,0.00324,0.99515,0.022874,6.1035e-05
12,13,1,-0.57637,744.1,1004.7,0,759.34,1032.1,729.78,978.97,-0.013754,0.0031001,1.0797,0.023809,0.00018311
13,14,1,-0.2842,368.09,492.6,0,366.78,491.2,369.24,493.83,-0.021964,0.00979,0.66974,0.0081486,6.1035e-05
14,15,0,-1.5724,430.11,581.54,0.875,431.74,588.96,428.15,572.6,0.0065129,0.73094,0.52994,-0.0019434,3.0518e-05
15,16,1,-0.41436,536.98,744.24,0,539.77,731.05,535.08,753.26,0.0026762,0.10664,0.73212,0.025694,6.1035e-05
16,17,3,-0.22497,593.56,774.43,0,597.78,777.24,588.14,770.81,0.0041634,0.0034251,1.1713,0.013785,0.00012207
17,18,3,-0.24605,676.38,826.31,0,685.71,847.3,667.06,805.31,-0.0044928,0.0013658,1.0029,0.02332,0.00012207
18,19,0,-0.66619,401.83,542.31,0.015625,399.99,553.72,404.19,527.65,-0.02069,0.028663,0.10272,0.033403,6.1035e-05
19,20,3,-0.25647,696.28,858.98,0,691.29,847.42,700.17,867.97,0.0034137,0.0050246,1.2888,0.012989,0.00024414
20,21,1,-0.38986,503.63,661.42,0,503.9,670.75,503.33,651.48,-0.012384,0.0035795,0.78775,0.020547,0.00012207
21,22,2,-0.32526,657.1,846.3,0,643.97,821.4,666.08,863.34,-0.0036196,0.002367,0.98976,0.030957,0.00012207
22,23,2,-0.26766,534.76,662.56,0,540.55,678.5,526.81,640.72,-0.0089042,0.0013212,0.8184,0.013208,0.00012207
23,24,3,-0.22793,611.09,713.2,0,617.95,722.04,600.39,699.41,-0.002715,0.00057166,1.2208,0.016595,0.00012207
24,25,1,-0.37965,486.4,622.54,0,489.65,638.14,480.2,592.77,-0.017799,0.0029853,0.44211,0.050953,6.1035e-05
25,26,1,-0.43593,581.28,740.98,0,576.27,748.42,586.28,733.54,-0.013565,0.0028216,0.65588,0.022983,0.00012207
26,27,0,-0.59866,372.47,514.75,0,374.18,531.51,370.87,499,-0.021186,0.003365,-0.19653,0.033897,6.1035e-05
27,28,3,-0.25212,693.93,805.09,0,683.43,810.68,709.28,796.93,0.0092296,0.0025516,0.83303,0.029519,0.00018311
28,29,3,-0.23625,655.99,758.02,0,655.48,769.49,656.47,747.24,-0.0047131,0.00060866,0.99191,0.0068804,0.00018311
29,30,2,-0.2478,502.4,625.27,0,484.57,616.73,528.46,637.76,-0.0073384,0.00084064,0.58617,0.0053751,0.00012207
30,31,2,-0.26579,555.52,677.25,0,541.23,672.65,568.12,681.3,-0.0062123,0.00070399,0.43822,0.029954,0.00012207
31,32,0,-0.72732,412.54,580.63,0.046875,405.2,598.86,422.6,555.66,-0.0085177,0.062988,-0.19463,0.02833,6.1035e-05
32,33,0,-0.64742,399.83,554.5,0,390.12,562.29,411.54,545.08,-0.014877,0.014384,-0.31706,0.020056,6.1035e-05
33,34,3,-0.18895,539.31,639.64,0,528.08,654.04,546.51,630.41,0.00013283,0.0057336,0.471,0.015705,0.00012207
34,35,3,-0.1932,539.02,633.42,0,535.98,646.41,542.06,620.43,-0.0029674,0.0013243,0.52459,0.035512,0.00012207
35,36,1,-0.29605,386.56,528.27,0,379.23,539.31,393.03,518.53,-0.017205,0.0012943,0.0031757,0.0083089,6.1035e-05
36,37,0,-0.55339,352.03,483.59,0,348.8,509.53,354.71,462.1,-0.009372,0.0178,-0.48856,0.0155,6.1035e-05
37,38,2,-0.22495,470.34,575.49,0,446.3,573.97,490.25,576.75,-0.00055032,0.0087111,0.25832,0.029422,9.1553e-05
38,39,2,-0.27107,571.16,676.22,0,555.58,671.14,586.74,681.31,0.012465,0.00083741,0.35065,0.037793,0.00012207
39,40,2,-0.20473,426.8,520.49,0,416.13,525.91,438.17,514.73,0.00060751,0.00065125,0.20389,0.041892,6.1035e-05
40,41,1,-0.36108,470.74,604.44,0,464.48,603,482.69,607.17,-0.011103,0.0030719,-0.030557,0.026541,6.1035e-05
41,42,2,-0.21808,459.9,556.73,0,471.83,590.44,447.2,520.84,-0.011232,0.0020145,-0.10581,0.036958,9.1553e-05
42,43,3,-0.2055,574.24,652.47,0,572.19,666.6,577.43,630.43,0.019248,0.00072949,0.51703,0.036627,0.00012207
43,44,1,-0.38865,522.38,637.92,0,517.52,645.86,528.25,628.33,-0.016698,0.0029127,0.023372,0.024738,6.1035e-05
44,45,0,-0.61066,389.37,491.66,0,382.52,514.69,398.18,462.04,-0.0043274,0.0057157,-0.38694,0.005296,6.1035e-05
45,46,0,-0.63154,407.23,513.01,0,406.17,539.78,408.29,486.25,-0.027506,0.0021809,-0.71296,0.092939,6.1035e-05
46,47,2,-0.2117,457.9,524.15,0,464.87,550.55,451.35,499.34,-0.008944,0.01156,-0.024541,0.028444,9.1553e-05
47,48,1,-0.21958,309.67,378.29,0,302.06,405.42,315.58,357.18,-0.01433,0.00091932,-0.30614,0.032302,6.1035e-05
48,49,3,-0.18496,529.56,592.62,0,533.81,621.93,525.31,563.3,-0.0020597,0.0007598,0.22993,0.035823,0.00012207
49,50,3,-0.2115,604.09,667.22,0,598.47,672.24,612.31,659.89,0.0094324,0.00067345,0.4389,0.032227,0.00012207
50,51,0,-0.57524,376.82,490.55,0,370.47,526.15,384.49,447.59,0.0033723,0.025197,-0.56774,0.012628,6.1035e-05
51,52,2,-0.25705,555.85,619.08,0,547.88,641.04,562.46,600.89,-0.0047345,0.0074256,0.025864,0.028354,0.00012207
52,53,2,-0.26579,575.44,655.94,0,556.67,661.35,588.28,652.23,0.0094818,0.0018302,0.065605,0.0218,0.00012207
53,54,1,-0.31125,440.03,514.64,0,422.09,536.7,453.97,497.48,-0.0040974,0.0010407,-0.40956,0.014115,6.1035e-05
54,55,1,-0.37433,530.86,631.13,0,527.18,653.96,533.73,613.38,-0.0077198,0.0016548,-0.048144,0.018685,6.1035e-05
55,56,0,-0.58482,368.95,462.57,0,367.29,496.02,370.95,422.19,-0.028863,0.0063806,-0.678,0.031705,6.1035e-05
56,57,3,-0.1705,515.67,562.22,0,513.22,569.7,517.14,557.73,-0.00074764,0.0045905,-0.15615,0.024019,9.1553e-05
57,58,3,-0.19788,556.99,613.88,0,555.4,626.52,559.04,597.63,-0.0005981,0.0009756,0.011162,0.032634,0.00012207
58,59,3,-0.18734,541.72,619.22,0,546.24,647.21,537.47,592.93,0.0054599,0.00095608,0.097189,0.029385,0.00012207
59,60,0,-0.60985,391.07,499.36,0,386.24,537.02,397.69,447.77,-0.0079069,0.025592,-0.57217,0.0013798,6.1035e-05
60,61,3,-0.20383,593.07,637.75,0,585.48,651.39,600.67,624.12,0.0063501,0.004454,0.014857,0.028939,0.00018311
61,62,0,-0.62139,391.35,502.18,0,383.43,531.88,403.69,455.85,-0.012475,0.011784,-0.72509,0.010167,3.0518e-05
62,63,0,-0.59246,379.41,489.29,0,367.03,528.39,394.35,442.1,-0.024787,0.0034043,-0.58823,-0.005094,6.1035e-05
63,64,3,-0.18705,562.8,614.89,0,551.7,634.85,572,598.35,0.0010399,0.0042454,-0.0012509,0.04284,0.00012207
64,65,3,-0.188,536.21,639.69,0,523.94,650.25,555.34,623.22,-0.0010283,0.0014929,-0.16988,0.031248,0.00012207
65,66,3,-0.2123,616.88,691.91,0,603.48,721.74,628.71,665.58,-0.0037138,0.00074538,0.17132,0.010182,0.00012207
66,67,3,-0.20441,584.82,685.88,0,580.93,705.44,589.52,662.28,0.0014292,0.00076181,0.10601,0.026266,0.00018311
67,68,3,-0.19741,576.64,641.4,0,570.48,660.37,582.8,622.44,0.0012329,0.00064712,0.10147,0.022274,0.00012207
68,69,0,-0.53964,358.2,446.22,0,352.93,490.63,364.57,392.61,-0.019796,0.013619,-0.81361,0.029518,3.0518e-05
69,70,0,-0.59789,396.08,491.52,0,386.45,526.43,405.72,456.62,-0.022569,0.0057947,-0.85933,0.019769,6.1035e-05
70,71,1,-0.3663,514.96,629.98,0,515.32,667.04,514.7,602.93,-0.0085372,0.0030768,-0.14719,0.024293,6.1035e-05
71,72,3,-0.23387,668.76,769.91,0,660.52,801.11,677.54,736.71,-0.0023093,0.0024406,0.47439,0.015993,0.00012207
72,73,0,-0.88469,437.01,561.71,0.23438,431.93,627.31,441.5,503.82,-0.012682,0.15237,-0.83597,0.045471,6.1035e-05
73,74,0,-0.53257,354.76,458.19,0,346.32,499.9,360.54,429.65,-0.017016,0.062414,-0.70018,0.019788,6.1035e-05
74,75,1,-0.39077,527.92,659.78,0,521.74,665.82,536.39,651.5,-0.0091027,0.0059714,-0.077072,0.026319,6.1035e-05
75,76,1,-0.33772,465.32,580.26,0,458.18,597.26,472.03,564.3,-0.00089828,0.0022256,-0.27457,0.022718,6.1035e-05
76,77,1,-0.25467,370.87,445.91,0,366.56,511.23,373.63,404.04,-0.0052459,0.0025691,-0.77972,0.0072928,6.1035e-05
77,78,1,-0.37902,513.56,637.08,0,502.44,663.91,529.81,597.87,-0.003614,0.0047193,0.0058435,0.02264,9.1553e-05
78,79,0,-0.53687,353.9,452.92,0,348.51,487.42,358.36,424.33,-0.027589,0.0050897,-0.89581,0.18867,6.1035e-05
79,80,2,-0.26416,574.51,681.81,0,570.63,697.77,577.93,667.73,-0.00077959,0.0036684,0.21964,0.017376,0.00018311
80,81,3,-0.18521,535.93,617.45,0,521.47,616.13,552.31,618.94,-0.002309,0.0014236,0.11353,0.023292,0.00018311
81,82,3,-0.19836,575.44,659.97,0,567.39,680.94,581.69,643.66,0.009119,0.00068248,0.39979,0.01539,0.00012207
82,83,1,-0.38348,530.53,666.97,0,517.76,702.36,541.79,635.74,-0.0087307,0.0038624,0.040119,0.031225,6.1035e-05
83,84,0,-0.6408,395.66,524.62,0.015625,381.63,560.7,414.89,475.17,-0.016167,0.016281,-0.73436,0.031054,6.1035e-05
84,85,1,-0.36998,517.63,640.16,0,513.58,664.54,520.78,621.2,-0.0097559,0.0050641,-0.092113,0.035969,6.1035e-05
85,86,0,-0.71489,388.19,509.92,0.078125,377.98,526.67,407.67,477.94,-0.0090492,0.059426,-0.75734,0.044165,3.0518e-05
86,87,2,-0.27458,599.89,691.02,0,593.02,711.53,605.24,675.07,-0.0015749,0.0054934,0.043899,0.026885,0.00012207
87,88,2,-0.2454,542.67,618.71,0,529.66,650.96,553.45,591.98,0.00071405,0.0018397,-0.042481,0.029166,0.00012207
88,89,1,-0.39478,543.65,662.02,0,532.12,686.77,559.45,628.11,-0.0097635,0.0031972,0.070609,0.021146,0.00012207
89,90,1,-0.38587,535.89,647.14,0,521.7,658.82,559.54,627.68,-0.0069436,0.0024397,-0.05143,0.02363,6.1035e-05
90,91,1,-0.40224,566.23,680.17,0,560.02,712.97,573.73,640.59,-0.018916,0.0031313,0.18376,0.023279,6.1035e-05
91,92,1,-0.32832,467.61,532.08,0,465.38,553.13,470.31,506.67,-0.016974,0.0018433,-0.44942,0.029402,9.1553e-05
92,93,1,-0.43747,631.57,738.55,0,619.15,756.97,640.07,725.94,0.0060074,0.0036477,-0.074304,0.052506,0.00012207
0,1,0,-0.77758,414.01,627.52,0.09375,420.78,623.29,408.41,631.03,-0.0025722,0.14779,0.78479,0.0075886,6.1035e-05
1,2,0,-1.7958,436.49,677.04,1.0469,436.15,676.44,436.93,677.81,0.0032949,0.75459,1.0258,-0.003601,3.0518e-05
2,3,0,-0.67392,393.3,607.86,0,396.78,604.82,389.1,611.52,-0.0019837,0.5316,0.8602,0.0052415,6.1035e-05
3,4,0,-2.7203,441.06,642.39,2,441.28,635.59,440.88,648.02,-0.0022962,1.8943,1.1397,0.00094802,3.0518e-05
4,5,2,-0.40029,772.87,1051.1,0,777.41,1056.8,765.3,1041.8,0.0032791,0.21249,1.5924,0.0039167,0.00018311
5,6,2,-0.35876,687.76,919.06,0,686.89,912.66,689.31,930.46,-0.001738,0.013681,1.5722,0.0012496,0.00018311
6,7,0,-1.6279,421.12,604.82,0.9375,415.57,591.94,427.41,619.41,-0.0066298,1.2128,0.88734,0.0044128,6.1035e-05
7,8,1,-0.45898,591.57,800.8,0,585.86,800.84,598.03,800.75,-0.0031918,0.048061,1.1775,0.0044714,0.00012207
8,9,3,-0.28895,765.48,965.05,0,764.55,971.5,766.84,955.62,0.0008335,0.0084594,1.4863,0.0066849,0.00018311
9,10,3,-0.28188,766.72,956.91,0,756.48,936.79,774.68,972.57,-0.00076984,0.005106,1.65,0.009299,0.00018311
10,11,3,-0.24149,653.21,795.33,0,653.8,796.81,652.54,793.65,-0.0018712,0.0019892,1.3774,0.0039408,0.00018311
11,12,1,-0.5143,668.04,870.03,0,664.73,884.77,671.58,854.34,-0.0057043,0.010472,1.0407,0.013766,0.00012207
12,13,0,-2.2817,434.06,591.48,1.5781,431.13,599.52,436.99,583.44,0.0029023,2.2451,0.86502,0.0031482,3.0518e-05
13,14,1,-0.29897,389.31,511.36,0,394.76,522.68,384.19,500.74,-0.01862,0.12025,0.75368,0.007915,6.1035e-05
14,15,2,-0.37626,772.47,909.86,0,775.47,919.42,769.64,900.87,-0.00043095,0.013828,1.1735,0.0092354,0.00012207
15,16,1,-0.40544,519.67,650.54,0,515.4,648.64,525.91,653.32,-0.0034975,0.0026455,0.62724,0.01211,6.1035e-05
16,17,3,-0.24007,652.07,769.25,0,646.92,773.43,658.29,764.21,0.0065896,0.0022279,1.1531,0.0078239,0.00018311
17,18,3,-0.27069,734.75,827.32,0,738.9,830.83,729.74,823.08,0.0089365,0.00066252,1.0767,0.0071949,0.00012207
18,19,0,-0.82168,423.3,570.08,0.1875,426.36,578.66,421.2,564.2,-0.020778,0.15525,0.38574,0.00058765,6.1035e-05
19,20,1,-0.44604,604.75,728.9,0,602.64,735.77,606.61,722.84,-0.0021774,0.0053598,0.60369,0.016943,0.00012207
20,21,1,-0.31468,461.74,532.36,0,455.96,545.94,464.76,525.25,-0.001436,0.0055866,0.27304,0.018552,6.1035e-05
21,22,1,-0.42361,587.77,706.06,0,588.03,697.23,587.64,710.68,0.0018813,0.0019075,0.56783,0.025664,6.1035e-05
22,23,1,-0.26418,345.37,435.17,0,348.74,439.69,342.01,430.65,-0.0032002,0.0067368,0.23825,0.017261,6.1035e-05
23,24,2,-0.28506,587.58,652.8,0,590.03,648.41,584.81,657.77,-0.0061698,0.0037695,0.94793,0.007352,0.00012207
24,25,0,-1.0524,439.51,571.73,0.32812,441.98,560.92,436.71,583.99,-0.014199,0.29013,0.04119,9.6707e-05,6.1035e-05
25,26,0,-0.92195,435.49,541.61,0.21875,433.8,542.02,437.79,541.06,0.0075517,0.1568,0.18927,0.013929,6.1035e-05
26,27,1,-0.27432,374.15,435.69,0,375.23,437.21,373.07,434.17,0.013214,0.025387,-0.011719,0.019164,6.1035e-05
27,28,3,-0.25808,730.47,802.21,0,729.41,797.26,731.6,807.47,0.008268,0.0046769,0.76454,0.047308,0.00018311
28,29,0,-0.66458,411.55,506.23,0.015625,415.78,504.99,407.05,507.55,-0.0083484,0.021623,0.11485,0.0029268,3.0518e-05
29,30,0,-0.61518,396.12,506.72,0,399.02,512.24,393.72,502.15,-0.0017595,0.00678,-0.042186,0.0052256,6.1035e-05
30,31,3,-0.23411,650.55,774.74,0,648.27,769.4,652.33,778.9,0.00021013,0.0014054,0.91341,0.012175,0.00018311
31,32,0,-0.76252,424.16,563.81,0.10938,423.87,562.81,424.38,564.59,-0.0075697,0.093203,0.13019,0.005045,6.1035e-05
32,33,2,-0.30033,620.49,726.69,0,621.11,726.36,619.87,727.01,0.0023009,0.0068035,0.4863,0.0079415,0.00018311
33,34,3,-0.22482,621.47,711.78,0,621.86,712.52,621.03,710.94,-0.00042745,0.0017563,0.71606,0.022814,0.00018311
34,35,0,-0.73741,419.99,551.02,0.046875,422.29,546.62,416.63,557.46,-0.0091504,0.051059,-0.2446,0.0081601,6.1035e-05
35,36,2,-0.27455,563.11,679.01,0,566.29,686.34,559.92,671.68,-0.014378,0.0087739,0.46065,0.024677,0.00012207
36,37,0,-0.64165,393.23,510.4,0,395.63,509.28,390.51,511.66,-0.0060929,0.0112,-0.11934,0.0048571,3.0518e-05
37,38,3,-0.2122,601.94,674.9,0,600.12,681.54,603.77,668.27,-0.00094024,0.00083298,0.76381,0.0057199,0.00012207
38,39,0,-0.82152,431.72,571.35,0.15625,430.72,567.78,432.6,574.5,-0.016795,0.11667,0.070005,0.017671,6.1035e-05
39,40,0,-0.64035,380.57,511.15,0.015625,380,517.1,381.22,504.41,0.021065,0.037394,0.04853,0.007949,6.1035e-05
40,41,1,-0.41431,527.98,694.25,0,525.87,691.77,531.05,697.87,-0.004172,0.0058077,0.34584,0.034522,0.00012207
41,42,0,-0.66652,388.14,532.79,0.03125,387.16,531.59,389.24,534.14,0.0028736,0.029585,-0.24184,0.0026792,6.1035e-05
42,43,1,-0.37926,496.64,625.75,0,504.43,638.7,489.76,614.32,0.0090517,0.0044865,0.21329,0.0082299,6.1035e-05
43,44,3,-0.23206,660.64,758.59,0,652.15,750.99,666.45,763.79,0.0041455,0.0025305,0.71375,0.017859,0.00018311
44,45,3,-0.2174,596.87,741.91,0,599.5,737.57,594.39,745.99,0.01024,0.001307,0.62755,0.050016,0.00018311
45,46,0,-0.79717,415.39,558.63,0.14062,414.99,569.07,415.77,548.82,-0.027324,0.096124,-0.20223,0.0069497,3.0518e-05
46,47,2,-0.25366,525.7,636.55,0,518.86,641.52,532.13,631.88,-0.0030031,0.015694,0.53229,0.025351,9.1553e-05
47,48,1,-0.24429,312.15,392.58,0,307.52,392.99,318.91,391.97,-0.006279,0.0035668,0.10073,0.0087014,6.1035e-05
48,49,1,-0.29897,394.35,506.82,0,393.82,516.09,394.94,496.32,-0.0061976,0.0054312,-0.089447,0.014727,6.1035e-05
49,50,3,-0.23649,671.83,762.57,0,666.68,767.08,676.97,758.06,-0.0018892,0.0012599,0.72135,0.016307,0.00018311
50,51,2,-0.23887,511.51,581.97,0,515.94,588.15,508.28,577.45,-0.0086073,0.00043887,0.33633,0.02618,0.00012207
51,52,0,-1.2409,440.2,577.23,0.5625,440.91,573.48,439.65,580.15,-0.024967,0.46051,-0.22134,0.022662,6.1035e-05
52,53,3,-0.22183,641.12,721.96,0,646.36,727.23,637.29,718.12,0.00074448,0.015016,0.52301,0.010686,0.00018311
53,54,3,-0.20585,580.34,659.94,0,584.49,662.91,576.44,657.16,0.019192,0.0019934,0.56927,0.01833,0.00018311
54,55,1,-0.41001,556.3,690.62,0,557.89,700.88,555.06,682.65,-0.0041441,0.0067558,0.31528,0.019874,0.00012207
55,56,2,-0.24904,510.06,624.57,0,510.2,630.85,509.87,616.5,-0.0031363,0.015064,0.28754,0.025403,0.00012207
56,57,1,-0.29091,384.24,476.96,0,381.91,486.5,386.88,466.14,-0.013265,0.0026349,-0.13884,0.023312,3.0518e-05
57,58,0,-0.6162,392.01,518.85,0,395.61,523.52,388.18,513.89,-0.018842,0.0071305,0.055638,0.017436,6.1035e-05
58,59,0,-0.8173,396.51,534.28,0.20312,395.46,547.08,397.33,524.33,-0.013988,0.13623,0.01786,0.027821,6.1035e-05
59,60,1,-0.30859,407.65,514.2,0,404.52,511.77,411.66,517.32,-0.01415,0.0051828,0.24116,0.017286,6.1035e-05
60,61,0,-0.67777,412.09,537.37,0.03125,414.34,553.69,410.22,523.85,0.0035646,0.052397,-0.14858,-0.0012516,6.1035e-05
61,62,2,-0.27764,565.2,689.69,0,553.4,684.31,578.57,695.78,-0.0071215,0.0048878,0.58077,0.019094,0.00012207
62,63,0,-0.60026,380.79,509.92,0,379.91,523.4,381.72,495.57,-0.015376,0.0067323,-0.067253,0.0043289,6.1035e-05
63,64,1,-0.38684,513.18,633.32,0,515.91,649.47,509.88,613.83,0.0026959,0.0045074,0.26795,0.033399,0.00012207
64,65,0,-0.54289,344.24,424.25,0,343.1,427.26,345.53,420.84,-0.0045455,0.010996,-0.40431,0.0062431,6.1035e-05
65,66,1,-0.45115,612.61,733.58,0,609.34,729.48,615.5,737.2,0.018852,0.0092658,0.68145,0.026467,0.00012207
66,67,0,-0.73969,434.01,555.94,0.046875,433.2,563.44,435.05,546.29,-0.0080914,0.040984,-0.26846,0.0040434,6.1035e-05
67,68,3,-0.21691,629.21,695.35,0,629.11,703.35,629.29,688.73,0.00034394,0.0050342,0.8505,0.0081206,0.00018311
68,69,1,-0.27212,355.94,452.46,0,356.01,466.76,355.87,436.25,-0.0034984,0.0025895,0.020985,0.0074367,6.1035e-05
69,70,0,-0.64405,393.43,508.02,0.03125,390.48,538.68,396.99,471.01,0.012116,0.029682,-0.23516,0.00073537,6.1035e-05
70,71,2,-0.2913,614.28,745.28,0,592.91,733.31,631.99,755.2,-0.00061758,0.0013356,0.63253,0.023352,0.00018311
71,72,0,-0.5834,378.08,493.24,0.015625,370.86,519.97,385.3,466.51,0.0048467,0.015597,-0.16613,0.017114,6.1035e-05
72,73,1,-0.41926,552.85,678.57,0,550.98,695.12,555.57,654.39,0.0095127,0.0023647,-0.068023,0.0084898,0.00012207
73,74,0,-0.53478,346.65,446.83,0,346.27,475.09,346.99,421.9,-0.012634,0.022301,-0.20188,0.016211,6.1035e-05
74,75,3,-0.22207,624.19,706.26,0,621.52,709.89,627.41,701.89,-0.0011874,0.0019592,0.66813,0.0098323,0.00018311
75,76,3,-0.20323,576.7,663.23,0,572.63,667.33,580.53,659.39,0.0036738,0.00090131,0.62401,0.011617,0.00012207
76,77,2,-0.24667,498.76,603.89,0,500.47,617.26,496.4,585.56,-0.013882,0.00047016,0.18295,0.016455,9.1553e-05
77,78,3,-0.21745,604.68,731.77,0,605.7,748.34,603.78,717.15,0.019912,0.00035166,0.51248,0.036953,0.00018311
78,79,3,-0.20346,567.49,693.49,0,566.28,706.08,568.57,682.38,0.001653,0.00028445,0.3387,0.017054,0.00012207
79,80,0,-0.62816,390.55,540.14,0,386.87,561.64,395,514.2,-0.0073328,0.014483,-0.3738,0.0099237,6.1035e-05
80,81,1,-0.28288,379.81,483,0,380.33,509.68,379.32,457.94,-0.0098861,0.0037486,-0.36186,0.016764,6.1035e-05
81,82,1,-0.38118,505.18,640.3,0,501.78,642.22,509.27,637.99,0.018915,0.0021134,0.096272,0.032667,6.1035e-05
82,83,3,-0.19189,531.78,650.36,0,535.15,659.94,528.41,640.77,0.018323,0.002814,0.41651,0.027353,0.00012207
83,84,2,-0.25865,536.99,680.14,0,537.95,697.14,536.28,667.73,0.00059014,0.0010237,0.27505,0.032641,0.00012207
84,85,2,-0.26918,548.31,671.94,0,552.29,687.89,543.79,653.86,0.015967,0.0005523,0.21814,0.016209,0.00012207
85,86,3,-0.20528,593.41,693.64,0,591.61,705.76,595.01,682.94,0.0050168,0.00030342,0.35103,0.020239,0.00012207
86,87,1,-0.35277,471.62,611.4,0,470.83,622.71,472.31,601.42,-0.0015003,0.0022716,-0.29834,0.0059311,9.1553e-05
87,88,0,-0.54795,346.99,472.1,0,344.88,498.91,348.97,446.91,0.0053781,0.0059477,-0.55643,0.015092,6.1035e-05
88,89,2,-0.26639,553.17,686.04,0,552.26,687.76,554.03,684.41,0.0021438,0.0014598,0.10607,0.018849,0.00012207
89,90,3,-0.18818,515.3,632.06,0,516.79,649.11,513.81,615.01,-0.0071175,0.00025791,0.33526,0.097267,0.00012207
90,91,3,-0.20324,576.34,695.79,0,571.74,707.07,579.91,687.02,0.023493,0.00040114,0.51309,0.069533,0.00012207
91,92,3,-0.21855,611.53,718.99,0,600.11,732.86,622.95,705.11,-0.0031147,0.00030879,0.43446,0.014838,0.00012207
92,93,3,-0.23704,671.33,775.13,0,663.33,786.05,679.33,764.2,0.0017759,0.00032228,0.45664,0.027067,0.00018311
93,94,1,-0.27319,381.85,465.35,0,373,493.93,389.19,441.67,-0.0056081,0.0012341,-0.28944,0.012605,6.1035e-05
94,95,2,-0.2486,504.65,608.48,0,502.66,622.62,507.2,590.31,0.0035497,0.00099446,0.32319,0.027759,9.1553e-05
95,96,0,-0.82423,446.71,580.86,0.10938,444.03,605.53,449.58,554.59,-0.010709,0.095352,-0.18327,0.0037385,6.1035e-05
96,97,2,-0.24219,503.52,609.44,0,497.07,614.2,509.97,604.67,0.0070624,0.0095234,0.12802,0.038566,0.00012207
97,98,3,-0.1978,561.2,632.09,0,542.55,623.76,581.05,640.95,0.0097717,0.0037036,0.39992,0.017561,0.00012207
98,99,0,-0.5749,370.84,494.11,0,368.78,521.91,372.55,471.07,-0.0054635,0.0042253,-0.1471,0.063449,6.1035e-05
99,100,1,-0.41145,556.31,690.45,0,543.13,692.74,569.5,688.16,-0.016557,0.0046333,-0.031034,0.027926,0.00012207
100,101,0,-0.58825,355.78,480.87,0,349.86,488.02,365,469.7,-0.0056774,0.013894,-0.25397,-0.00094539,6.1035e-05
101,102,2,-0.26525,546.1,645.67,0,540.78,645.6,553.38,645.76,0.010092,0.0027441,0.15899,0.023314,0.00012207
102,103,3,-0.19479,556.54,612.98,0,555.56,626.31,557.52,599.64,0.0094343,0.00055627,0.46361,0.042394,0.00012207
103,104,0,-0.6585,405.52,539.8,0.046875,399.1,567.94,410.21,519.26,0.0043175,0.049614,-0.10093,0.020231,6.1035e-05
104,105,1,-0.29947,404.38,487.36,0,407.19,494.77,401.21,478.96,-0.0023574,0.0032994,-0.062541,0.04483,6.1035e-05
105,106,0,-0.56159,361.79,481.11,0,357.95,505.79,365.18,459.34,-0.029487,0.0067726,-0.5174,-0.0010539,6.1035e-05
106,107,2,-0.23629,495.09,577.92,0,490.8,585.83,500.26,568.36,0.0079706,0.0019479,0.12469,0.020419,0.00012207
107,108,3,-0.18337,522.01,582.35,0,519.34,585.21,525.67,578.43,0.0042601,0.00048045,0.13975,0.015923,0.00012207
108,109,2,-0.26307,556.11,628.53,0,557.97,649.88,554.02,604.33,0.006569,0.0010032,0.09871,0.027132,0.00012207
109,110,2,-0.24163,529.37,611.34,0,535.55,635.52,524.25,591.3,0.0040149,0.0005178,0.20376,0.03866,0.00012207
110,111,1,-0.33125,459.19,559.33,0,453.73,568.77,464.01,551,-0.0026369,0.003214,-0.13061,0.011968,6.1035e-05
111,112,1,-0.32103,433.75,549.02,0,429.88,558.84,437.39,539.79,-0.017839,0.002074,-0.41991,0.0067795,6.1035e-05
112,113,0,-0.53517,347.94,442.61,0,345.29,464,350.28,423.74,0.02841,0.0080122,-0.39442,0.025913,3.0518e-05
113,114,1,-0.31726,423.21,533.18,0,418.67,536.83,429.44,528.18,-0.016,0.0012483,-0.14728,0.026917,6.1035e-05
114,115,1,-0.35249,480.36,607.95,0,483.33,624.5,476.77,587.97,-0.0054014,0.0012439,-0.11231,0.028693,9.1553e-05
115,116,1,-0.3263,452.19,561.14,0,445.27,567.6,458.69,555.07,-0.011806,0.0012052,-0.39087,0.029213,6.1035e-05
116,117,2,-0.22779,476.14,565.98,0,478.25,577.4,472.62,546.97,-0.0061629,0.0034299,-0.090247,0.031726,6.1035e-05
117,118,3,-0.18317,524.96,610.44,0,520,632,530.23,587.48,0.015587,0.00085305,0.19431,0.037865,0.00012207
118,119,0,-0.70256,422.89,557.63,0.03125,417.26,604.34,428.89,507.91,-0.013554,0.054707,-0.61189,0.017877,6.1035e-05
119,120,1,-0.31066,418.82,539.24,0,423.33,580.42,414.01,495.4,-0.0052668,0.0077341,-0.24422,0.010821,9.1553e-05
120,121,3,-0.18082,525.01,585.25,0,528.28,608.25,521.53,560.77,0.021969,0.005134,0.1985,0.020154,0.00012207
121,122,2,-0.28195,600.47,710,0,598.85,728.15,602.2,690.69,0.0015079,0.0015364,0.22426,0.019514,0.00012207
122,123,3,-0.17724,490.69,575.44,0,488.66,595.45,493.86,544.23,0.0024195,0.00026968,0.34149,0.038071,6.1035e-05
123,124,2,-0.26331,573,681.9,0,569.31,718.18,575.37,658.64,0.0010977,0.00057239,0.054067,0.030651,6.1035e-05
124,125,2,-0.22008,494.68,567.49,0,484.01,596.96,500.26,552.05,-0.0036485,0.00083081,-0.066872,0.018152,6.1035e-05
125,126,2,-0.25964,550.75,631.59,0,545.01,633.69,558.13,628.9,-0.0043741,0.00089677,0.16722,0.015787,6.1035e-05
126,127,0,-0.77466,430.97,535.88,0.14062,419.8,573.82,438.13,511.56,-0.019816,0.099572,-0.41974,0.01471,6.1035e-05
127,128,0,-0.69209,421.26,544.01,0.0625,403.4,580.22,437.02,512.05,-0.016219,0.050353,-0.49807,0.024213,3.0518e-05
128,129,1,-0.36166,487.33,615.3,0,476.97,627.63,499.08,601.33,-0.011658,0.0026593,-0.033117,0.01897,9.1553e-05
129,130,2,-0.24987,533.55,663.61,0,527.29,690.58,539.07,639.83,0.016701,0.0022512,0.21189,0.03172,0.00012207
130,131,2,-0.22847,488.75,586.25,0,484.79,611.29,492.96,559.6,0.0085712,0.0017695,-0.01191,0.018301,6.1035e-05
131,132,0,-1.6443,441.99,579.03,0.96875,437.94,638.21,445.79,523.44,-0.0024134,0.81871,-0.42443,0.00088579,6.1035e-05
132,133,1,-0.31178,428.15,528.55,0,422.39,549.12,434.68,505.23,-0.017557,0.03228,0.059684,0.0091192,6.1035e-05
133,134,0,-0.54625,349.09,450.82,0,339.44,477.46,360.01,420.62,-0.0019542,0.23201,-0.61565,0.00087147,6.1035e-05
134,135,1,-0.36373,502.47,625.57,0,491.46,649.86,513.49,601.28,0.0035569,0.02495,-0.081774,0.014566,6.1035e-05
135,136,0,-0.51908,344.28,453.09,0,328.38,485.5,357.45,426.24,0.0041284,0.0068041,-0.6355,0.00398,6.1035e-05
136,137,0,-0.56225,351.26,473.07,0,347,504.31,358.85,417.39,0.0056211,0.0077378,-0.53291,0.011562,6.1035e-05
137,138,3,-0.20278,582.38,677.34,0,570.42,697.3,594.33,657.38,0.0047717,0.0017086,0.49913,0.017686,0.00012207
138,139,0,-0.66261,410.41,538.55,0.015625,403.64,571.67,418.58,498.56,-0.02059,0.014963,-0.54283,-0.00084756,6.1035e-05
139,140,1,-0.35231,496.6,597.98,0,494.28,623.9,498.4,577.82,0.0045349,0.0029883,0.01154,0.0057023,6.1035e-05
140,141,1,-0.32792,448.34,549.22,0,431.2,562.91,466.58,534.64,-0.005902,0.0021436,-0.07385,0.022835,6.1035e-05
141,142,1,-0.27908,380.16,472.11,0,356.63,505.37,403.69,438.85,-0.0024154,0.0028509,-0.38167,0.013495,6.1035e-05
142,143,0,-0.57222,370.72,500.01,0,361.48,537.43,381.2,457.59,-0.009023,0.0072799,-0.7812,0.0076397,6.1035e-05
143,144,0,-0.49363,316.22,433.12,0,306.64,462.6,327.07,399.71,-0.0043703,0.0046867,-0.82348,-0.0049627,3.0518e-05
144,145,2,-0.24553,544.03,636.48,0,541.42,671.02,545.7,614.33,0.011347,0.0013218,-0.17539,0.024665,6.1035e-05
145,146,2,-0.24321,519.24,641.42,0,516.33,657.55,521.98,626.27,0.0028618,0.00085672,0.033056,0.021271,0.00012207
146,147,0,-0.43565,286.21,375.65,0,280.23,401.35,291.82,351.5,-0.0043724,0.0016828,-0.57298,0.0029824,3.0518e-05
147,148,1,-0.28214,402.37,482.05,0,388.33,518.9,415.55,447.43,-0.0030535,0.0033349,-0.45003,0.016737,6.1035e-05
148,149,3,-0.18039,522.6,592.32,0,508.35,592.92,540.92,591.56,0.0041989,0.0011615,0.023116,0.018599,0.00012207
149,150,0,-0.5439,365.89,466.45,0,358.96,501.43,372.01,435.58,-0.015531,0.0056231,-0.6974,0.0025105,6.1035e-05
150,151,0,-1.6653,441.65,541.92,1.0156,441.32,598.2,441.92,495.3,0.0073988,0.85011,-0.7072,0.0037335,6.1035e-05
151,152,0,-0.74236,423.63,525.45,0.10938,413.78,557.05,432.33,497.57,-0.003732,0.14429,-0.83083,0.0025259,6.1035e-05
152,153,2,-0.27389,587.95,666.79,0,582.38,694.71,594.26,635.15,0.0039261,0.031881,-0.1715,0.019604,0.00012207
153,154,2,-0.24643,528.96,614.33,0,525.95,625.23,531.16,606.37,0.0038331,0.0080606,-0.22053,0.010442,0.00012207
154,155,2,-0.19671,412.28,487.71,0,405.75,495.82,422.47,475.06,0.0039489,0.0063481,-0.47745,0.025524,9.1553e-05
155,156,1,-0.36654,512.46,618.98,0,493.62,626.78,533.82,610.14,0.0087009,0.008833,-0.39914,0.021826,9.1553e-05
156,157,1,-0.2584,384.99,438.03,0,366.48,467.15,397.66,418.12,-0.001067,0.0029392,-0.84446,0.010559,6.1035e-05
157,158,2,-0.23964,496.82,574.4,0,491.12,588.12,507.71,548.21,0.0066264,0.0015603,-0.57432,0.022879,6.1035e-05
158,159,2,-0.26641,582.98,671.77,0,568.96,667.98,592.57,674.37,0.0061501,0.0010631,-0.31543,0.033216,0.00012207
159,160,0,-0.43216,282.41,356.4,0,279.02,379.29,285.41,336.19,-0.0010888,0.011794,-0.64859,-0.00087346,3.0518e-05
160,161,2,-0.23286,498.47,596.56,0,493.33,609.88,502.73,585.52,0.0038368,0.0013698,-0.32979,0.02931,9.1553e-05
161,162,2,-0.21053,450.39,543.83,0,438.64,554.91,459.54,535.21,-0.0037798,0.00048147,-0.52367,0.036517,6.1035e-05
162,163,2,-0.24809,506.22,612.7,0,500.97,634.76,514.96,575.95,0.0023755,0.00085102,-0.33447,0.087861,6.1035e-05
163,164,1,-0.33632,460.98,560.79,0,467.92,586.97,453.6,532.92,-0.0014803,0.0035154,-0.42331,0.02403,6.1035e-05
164,165,0,-0.74905,438.18,567.96,0.0625,433.94,604.61,443.29,523.72,-0.010452,0.054307,-0.89798,0.0080494,6.1035e-05
165,166,1,-0.40357,545.15,688.96,0,532.61,712.26,561.28,658.99,0.0077447,0.0042261,-0.35093,0.027244,0.00012207
166,167,0,-0.62459,392.25,536.28,0,383.23,579.79,402.48,486.97,0.0034953,0.014541,-0.79231,-0.00089057,6.1035e-05
167,168,2,-0.2471,529.3,619.3,0,518.16,635.26,537.97,606.88,0.01084,0.0019429,-0.52283,0.041143,0.00012207
168,169,3,-0.20639,606.79,680.85,0,592.49,695.01,622.01,665.78,0.018035,0.00064952,-0.12408,0.053413,0.00012207
169,170,0,-1.4674,433.88,572.51,0.79688,428.16,613.55,439.26,533.97,-0.010944,0.77377,-0.646,0.040791,3.0518e-05
170,171,0,-0.63926,402.53,539.57,0,393.41,572.89,415.03,493.9,-0.0073164,0.04157,-1.0512,0.011578,6.1035e-05
171,172,1,-0.30473,445.5,530.97,0,422.8,547.94,463.15,517.77,0.0058837,0.0071378,-0.51377,0.029799,6.1035e-05
172,173,1,-0.35595,497.24,630.32,0,475.44,654.09,515.3,610.63,0.017058,0.0029655,-0.31301,0.0326,6.1035e-05
173,174,3,-0.19464,570.05,654.63,0,553.25,675.32,582.31,639.54,0.016025,0.0027439,0.044266,0.036937,0.00018311
174,175,1,-0.35178,486.84,600.64,0,470.44,614.04,505.43,585.44,0.016417,0.0035784,-0.25668,0.01522,0.00012207
175,176,0,-0.61714,389.16,510.63,0,381.06,541.89,397.78,477.36,-0.0052042,0.0040177,-0.89585,0.0046875,3.0518e-05
176,177,1,-0.33886,469.16,583.21,0,456.08,594.35,483.09,571.36,0.0019599,0.0017108,-0.41496,0.028219,6.1035e-05
177,178,1,-0.32917,473.81,552.3,0,446.15,569.03,493.99,540.09,0.014515,0.0013407,-0.39448,0.017165,0.00012207
178,179,0,-1.2125,452.42,569.92,0.54688,443.05,611.69,460.19,535.3,-0.016878,0.51993,-1.0708,0.050189,6.1035e-05
179,180,3,-0.18727,529.07,603.44,0,524.55,621.66,534.53,581.46,0.0033909,0.012444,0.029315,0.031374,0.00012207
180,181,2,-0.2474,516.14,604.64,0,507.38,610.06,528.93,596.72,-0.00099367,0.0039564,-0.30891,0.0067713,0.00012207
181,182,2,-0.25157,539.85,621.03,0,528.3,636.77,550.04,607.14,0.0082676,0.0034817,-0.26699,0.032851,0.00012207
182,183,1,-0.37706,523.78,613.93,0,509.68,625.22,540.79,600.31,0.0004435,0.0057065,-0.087665,0.021521,6.1035e-05
183,184,3,-0.18288,526.23,582.31,0,506.28,592.18,551.88,569.62,0.002919,0.0021566,-0.080899,0.026139,0.00012207
184,185,1,-0.26033,357.76,423.18,0,350.84,427.76,365.13,418.3,-0.0070619,0.0012578,-0.6175,0.025718,6.1035e-05
185,186,2,-0.22447,486.43,540.36,0,473.58,559.39,497.77,523.56,0.017752,0.0030781,-0.54013,0.023128,9.1553e-05
186,187,0,-0.53621,343.04,440.56,0,341.06,475.81,345.29,400.62,0.0028074,0.017071,-0.9317,0.030116,3.0518e-05
187,188,1,-0.26776,375.46,442.91,0,367.26,464.74,384.19,419.67,4.5392e-05,0.0068933,-0.5115,0.0066565,3.0518e-05
188,189,3,-0.18347,532.58,571.72,0,529.44,591.25,535.91,550.94,0.010497,0.00051168,-0.31142,0.028756,6.1035e-05
189,190,0,-0.54351,347.63,447.44,0,337.97,474.27,357.92,418.87,-0.0044456,0.01042,-0.93323,0.017508,3.0518e-05
190,191,3,-0.16637,493.47,535.93,0,486.7,555.83,498.1,522.32,0.0026694,0.00049727,-0.28173,0.028946,9.1553e-05
191,192,0,-0.53563,352.56,451.89,0,354.1,495.16,351.2,413.71,-0.013995,0.0032608,-0.97016,0.075368,6.1035e-05
192,193,1,-0.32731,476.27,564.01,0,466.02,578.56,482.03,555.84,-0.0020454,0.0043768,-0.44235,0.028033,0.00012207
193,194,3,-0.19723,549.45,634.54,0,533.35,639.94,576.27,625.54,0.0112,0.0012356,-0.014408,0.031115,0.00012207
194,195,0,-0.55004,364.23,454.61,0,352.56,482.9,375.9,426.32,-0.0053302,0.0020626,-1.0723,0.0068547,6.1035e-05
195,196,3,-0.17822,541.43,608.45,0,513.66,621.29,557.01,601.25,0.011347,0.00053407,-0.098145,0.021008,6.1035e-05
196,197,1,-0.40293,542.46,658.99,0,545.5,687.64,538.56,622.15,-0.0038922,0.0046976,-0.28726,0.019028,0.00012207
197,198,1,-0.29312,410.38,491.16,0,404.31,500.3,416.08,482.58,-0.0037939,0.0015876,-0.62926,0.0095396,6.1035e-05
198,199,0,-0.62446,403.42,535.56,0,391.57,584.25,414.56,489.82,-0.025951,0.0014211,-1.1219,-0.00037787,6.1035e-05
199,200,3,-0.16612,497.7,547.28,0,495.6,569.54,499.14,532.05,0.013314,0.0024176,-0.18641,0.027093,0.00012207
200,201,2,-0.20086,445.32,512.34,0,444.13,542.77,445.91,497.48,0.019641,0.00076957,-0.35768,0.04157,9.1553e-05
201,202,1,-0.26145,358.11,431.04,0,356.82,454.08,359.66,403.23,-0.001685,0.001231,-0.58198,0.031446,6.1035e-05
202,203,0,-0.4941,325.67,417.44,0,315.38,452.91,336.63,379.67,-0.0067165,0.0020091,-1.1212,0.0017211,3.0518e-05
203,204,3,-0.17831,526.61,602.51,0,528.2,645.35,525.45,571.25,0.0014501,0.00062088,-0.34231,0.023342,0.00012207
204,205,0,-0.67866,419.28,553.96,0.015625,409.15,593.5,432.3,503.13,0.018717,0.022694,-1.0614,0.0073903,6.1035e-05
205,206,1,-0.31573,433.65,534.03,0,424.81,560.61,442.49,507.45,-0.014871,0.001954,-0.87419,0.027882,6.1035e-05
206,207,0,-0.53706,354.87,457.44,0,345.51,495.29,366.17,411.75,-0.002997,0.0055504,-1.203,0.018546,3.0518e-05
207,208,1,-0.42368,580.34,692.52,0,570.02,714.01,594.48,663.06,-0.00089617,0.0054941,-0.41598,0.03628,0.00012207
208,209,3,-0.20272,607.26,644.62,0,594.38,667.36,622.82,617.18,0.0063281,0.0014528,-0.23564,0.036289,0.00012207
209,210,2,-0.23653,525.64,598.87,0,517.7,627.31,533.11,572.16,-0.00046665,0.00073858,-0.6781,0.024579,6.1035e-05
210,211,2,-0.22417,491.75,563.67,0,476.56,579.56,507.92,546.77,0.0036895,0.00056342,-0.54612,0.015675,0.00012207
211,212,3,-0.16202,481.25,547.9,0,468.06,557.14,494.44,538.66,0.01337,0.00048903,-0.4807,0.050465,6.1035e-05
212,213,1,-0.2899,412.21,480.78,0,404.42,494.09,421.61,464.72,0.0097427,0.001095,-0.84804,0.016104,6.1035e-05
213,214,2,-0.21649,466.45,542.44,0,457.52,568.95,479.51,503.69,-0.0040044,0.00062568,-0.7622,0.020488,9.1553e-05
214,215,2,-0.25749,562.77,639.75,0,547.08,653.71,580.54,623.93,-0.0011535,0.00052461,-0.5496,0.027228,0.00012207
215,216,1,-0.35024,495.08,593.51,0,488.63,632.37,501.95,552.15,0.013512,0.0018453,-0.70662,0.024117,6.1035e-05
216,217,0,-1.6483,431.99,517.73,1.0312,427.61,608.94,435.4,446.79,-0.012356,0.85674,-1.1358,0.0058233,6.1035e-05
217,218,3,-0.18199,544.85,579.27,0,533.32,600.8,557.91,554.88,0.011794,0.041149,-0.26699,0.029837,6.1035e-05
218,219,2,-0.21854,480.25,529.53,0,466.95,555.49,495.34,500.11,-0.005173,0.010343,-0.64673,0.018151,9.1553e-05
219,220,3,-0.20036,590.23,634.28,0,584.07,660.65,596.79,606.21,0.0080607,0.0025448,-0.046569,0.02,0.00012207
220,221,0,-0.50815,342.02,423.1,0,328.64,467.38,356.26,375.97,-0.0045756,0.037374,-1.1354,0.036691,3.0518e-05
221,222,1,-0.28611,384.57,463.31,0,376.28,488.62,399.34,418.19,-0.0034053,0.0046155,-0.7903,0.052569,6.1035e-05
222,223,2,-0.20615,474.18,495.38,0,465.36,515.12,480.22,481.88,-0.0090421,0.00064352,-0.85876,0.023084,0.00012207
223,224,2,-0.23688,510.54,582.61,0,503.68,597.29,520.57,561.15,0.032305,0.00041615,-0.72738,0.19245,0.00012207
224,225,3,-0.19971,605.6,642.9,0,593.13,662.1,621.63,618.22,0.012102,0.00082242,-0.49886,0.098393,0.00018311
225,226,1,-0.36835,514.2,578.67,0,503.66,608.74,527.74,540.01,0.0034367,0.001525,-0.78532,0.024397,0.00012207
226,227,2,-0.22597,505.13,546.84,0,488.18,569.21,522.08,524.48,-0.001776,0.0012443,-0.81055,0.013492,6.1035e-05
227,228,3,-0.19048,584.35,630.13,0,563.65,635.1,602.62,625.74,0.0079915,0.00038545,-0.54635,0.023049,0.00012207
228,229,1,-0.34127,493.15,544.99,0,482.53,557.49,505.97,529.89,-0.0010016,0.0018516,-0.99605,0.022324,0.00012207
229,230,3,-0.1991,597.39,609.23,0,589.07,625.71,607.42,589.35,0.010251,0.00033494,-0.68014,0.032104,0.00012207
230,231,3,-0.16008,524.92,529.1,0,503.75,558.75,536.79,512.47,0.020712,0.00051483,-0.59959,0.051929,0.00012207
231,232,2,-0.21293,471.02,502.94,0,469.77,526.92,472.62,472.1,0.01188,0.00034842,-0.68804,0.01852,9.1553e-05
232,233,1,-0.24966,360.97,413.8,0,340.35,474.26,377.01,366.77,0.010825,0.0011564,-1.2401,0.024871,6.1035e-05
233,234,1,-0.34353,492.77,550.76,0,470,570.8,514.16,531.93,0.00051484,0.0014733,-1.0005,0.013877,9.1553e-05
234,235,3,-0.17485,514.39,567.71,0,509.86,587.03,519.85,544.39,-0.0028098,0.00037145,-0.71546,0.020525,6.1035e-05
235,236,1,-0.30593,439.5,500.23,0,432.39,527.22,447.56,469.65,-0.0058124,0.0012356,-0.98172,0.037779,6.1035e-05
236,237,0,-0.57359,378.8,477.59,0,357.01,531.47,401.99,420.22,-0.0033659,0.0030112,-0.84687,0.04405,6.1035e-05
237,238,0,-0.58556,370.54,477.77,0,355.47,517.13,397.41,407.6,2.2478e-05,0.011767,-1.2737,0.012814,6.1035e-05
238,239,0,-0.9526,440.07,528.62,0.3125,421.83,594.9,456.15,470.14,-0.0045458,0.34459,-1.3365,0.023013,6.1035e-05
239,240,2,-0.25219,582.42,609.5,0,567.37,641.64,595.69,581.15,-0.0011838,0.001958,-0.90564,0.03142,0.00012207
240,241,1,-0.2784,411.53,466.6,0,396.2,491.15,425.06,444.94,-0.0049201,0.0025064,-1.124,0.018282,9.1553e-05
241,242,2,-0.23832,518.39,581.06,0,502.74,608.14,534.04,553.99,0.0097988,0.00043249,-1.0208,0.02206,0.00012207
242,243,2,-0.2489,553.43,604.31,0,539.08,622.45,569.7,583.75,-0.0056659,0.00033421,-1.0797,0.018238,0.00012207
243,244,1,-0.34638,508.17,567.14,0,498.21,589.14,519.47,542.22,0.0047217,0.0017715,-1.0581,0.035735,6.1035e-05
244,245,0,-0.58395,390.56,483.74,0,369.7,537.51,414.2,422.79,0.0033943,0.0030708,-1.4333,0.017482,3.0518e-05
245,246,3,-0.20047,604.07,621.17,0,599.89,639.65,607.99,603.8,0.0097615,0.00057825,-0.73478,0.017157,0.00012207
246,247,2,-0.20578,458.11,512.34,0,451.95,533.38,464.26,491.3,-0.00078713,0.00093441,-1.0979,0.027531,0.00012207
247,248,0,-0.61089,405.2,491.2,0,382.01,536.16,431.47,440.26,0.016994,0.0018268,-1.3399,0.027863,6.1035e-05
248,249,2,-0.23218,536.63,569.16,0,510.4,576.26,554.58,564.29,-0.0065312,0.00077701,-0.88611,0.021899,6.1035e-05
249,250,2,-0.21794,482.94,535.49,0,465.54,550.25,498.29,522.46,-0.0083642,0.00046648,-1.1099,0.076057,0.00012207
250,251,2,-0.21645,476.82,514.58,0,462.08,526.49,495.76,499.26,-0.01062,0.00025714,-1.1528,0.062473,0.00012207
251,252,2,-0.26764,595.85,634.01,0,585.45,663.03,606.26,604.99,-0.003652,0.00038552,-0.94952,0.030449,6.1035e-05
252,253,2,-0.21355,460.38,506.35,0,445.84,527.23,480.31,477.74,0.019997,0.00031932,-1.1223,0.027709,9.1553e-05
253,254,1,-0.2995,422.33,480.21,0,419.67,521.81,425.55,430.01,-0.0068416,0.00089281,-1.1571,0.0091949,6.1035e-05
254,255,0,-0.46569,364.38,404.12,0,340.33,465.04,376.13,374.36,-0.00036226,0.0038722,-1.5186,-0.0022027,3.0518e-05
255,256,3,-0.18231,555.17,595.47,0,542.09,609.15,570.95,578.97,0.010829,0.00066564,-0.84165,0.028438,0.00012207
256,257,3,-0.19953,623.98,628.9,0,619.35,664.62,628.07,597.38,0.0066635,0.00042794,-0.74588,0.020522,0.00012207
257,258,3,-0.17521,548.11,575.1,0,520.22,588.02,569.8,565.05,0.002762,0.00031603,-0.88259,0.031075,0.00012207
258,259,3,-0.16701,508.36,520.04,0,510.15,561.69,506.78,483.29,0.003845,0.00017625,-1.111,0.014935,9.1553e-05
259,260,0,-0.56201,396.82,460.41,0,371.98,494.47,423.26,424.15,-0.00085716,0.0027196,-1.3592,0.020211,6.1035e-05
260,261,0,-0.52526,376.79,432.64,0,350.81,477.28,395.75,400.08,-0.021828,0.0018459,-1.4592,0.0089716,6.1035e-05
261,262,3,-0.17238,536.07,560.09,0,519.58,579.44,554.75,538.17,0.019635,0.0005565,-1.032,0.099348,0.00012207
262,263,0,-0.64639,419.84,541.97,0,406.61,619.32,434.85,454.31,0.0044399,0.0083463,-1.2658,0.034852,6.1035e-05
263,264,1,-0.24956,391.42,420.64,0,375.8,477.32,403.58,376.55,0.0013034,0.0016571,-1.467,0.021973,6.1035e-05
264,265,1,-0.36218,503.8,589.11,0,499.16,633.48,510.59,524.27,0.011738,0.002315,-0.9316,0.021814,6.1035e-05
265,266,1,-0.28454,415.62,463.73,0,404.21,503.83,423.95,434.46,0.0081696,0.0024029,-1.2492,0.0071337,6.1035e-05
266,267,3,-0.19881,603.27,596.32,0,599.11,622.09,607.71,568.89,0.012807,0.00057261,-0.95807,0.048509,0.00018311
267,268,0,-0.61429,400.45,501.24,0,383.58,556.86,422.14,429.72,-0.002144,0.0015392,-1.3354,0.0064293,6.1035e-05
268,269,1,-0.37171,546.82,620.67,0,545.45,682.17,548.11,562.89,-0.0032818,0.002064,-1.1292,0.028304,0.00012207
269,270,3,-0.16488,478.47,516.11,0,467.41,529.75,496.9,493.37,0.0028094,0.0015128,-0.88464,0.021761,9.1553e-05
270,271,0,-0.66441,417.28,488.17,0.0625,393.82,539.68,440.74,436.66,-0.0096968,0.043378,-1.6294,0.021492,6.1035e-05
271,272,3,-0.15919,487.5,494.96,0,474.21,511.49,499.23,480.38,-0.0012371,0.0009034,-1.0356,0.022577,6.1035e-05
272,273,2,-0.22332,493.56,543.91,0,480.9,590.21,507.9,491.44,0.019369,0.00060092,-1.0697,0.037101,6.1035e-05
273,274,2,-0.22433,526.2,550.86,0,506.9,595.19,543.22,511.75,-0.0052846,0.00043329,-1.1231,0.023368,0.00012207
274,275,3,-0.17326,526.45,527.83,0,513.51,552.34,540.22,501.73,0.018911,0.0003138,-1.1808,0.066638,0.00012207
275,276,0,-0.53141,391.98,450.77,0,367.76,514.51,408.55,407.16,0.0036377,0.0016268,-1.7991,-0.00087442,6.1035e-05
276,277,1,-0.22559,334.79,386.88,0,308.47,451.88,356.59,333.03,-0.0048633,0.0016729,-1.3957,0.011351,3.0518e-05
277,278,3,-0.17706,547.49,546.43,0,529.49,571.96,562.41,525.28,-0.0010013,0.00085578,-1.0246,0.048336,0.00012207
278,279,0,-0.53159,381.4,462.26,0,357.37,531.35,401.31,405.01,-0.003489,0.0015302,-1.7291,0.012151,6.1035e-05
279,280,3,-0.17172,528.89,542.55,0,525.12,591.6,531.63,506.75,0.010338,0.00020921,-1.1002,0.023128,0.00015259
280,281,2,-0.2205,508.07,556.79,0,479.02,584.94,533.69,531.95,0.010239,0.00052906,-1.1125,0.018246,0.00012207
281,282,1,-0.35341,527.77,591.11,0,514,656.18,539.18,537.19,-0.0031207,0.0017402,-1.3477,0.062528,0.00012207
282,283,3,-0.17696,530.53,547.85,0,518.56,570.06,544.98,521.03,0.012752,0.00080727,-1.1678,0.072571,0.00012207
283,284,2,-0.23231,505.99,554.03,0,502.8,584.16,510.64,509.98,0.0035037,0.00046561,-1.0156,0.029755,6.1035e-05
284,285,1,-0.32619,484.55,545.49,0,481.11,591.98,488,499,0.0035473,0.0011872,-1.2022,0.032161,6.1035e-05
285,286,2,-0.20976,467.11,519.59,0,467.22,536.14,467.01,504.99,-0.00027408,0.00049193,-1.2374,0.064485,9.1553e-05
286,287,1,-0.36985,538.39,618.27,0,537.4,671.72,539.21,573.98,0.0084774,0.0020927,-1.1518,0.029094,6.1035e-05
287,288,3,-0.15948,474.94,527.34,0,464.37,555.05,486.93,495.95,0.015055,0.00043945,-1.1447,0.031539,9.1553e-05
288,289,3,-0.18159,563.2,580.72,0,554.92,619.5,570.06,548.58,0.013855,0.00035265,-1.1489,0.052322,0.00012207
289,290,1,-0.24953,361.01,415.56,0,352.89,436.67,368.63,395.73,-0.0038089,0.0035976,-1.5001,0.024512,6.1035e-05
290,291,3,-0.16309,483.49,535.72,0,488.2,559.83,477.81,506.63,0.021885,0.00044504,-1.0957,0.064447,9.1553e-05
291,292,1,-0.34184,479.28,553.08,0,472.72,588.4,489.51,497.97,0.0015388,0.00066385,-1.0752,0.020781,9.1553e-05
292,293,2,-0.22392,469.34,540.14,0,469.1,573.64,469.89,460.82,0.0020807,0.00078148,-1.0156,0.027432,6.1035e-05
293,294,2,-0.20266,454.48,502.82,0,445.95,543.05,463.57,459.99,0.0024024,0.00033803,-1.2631,0.02407,9.1553e-05
294,295,3,-0.16946,511.87,531.76,0,499.57,539.47,524.17,524.05,0.0001404,0.00033167,-1.1228,0.028847,0.00012207
295,296,1,-0.20934,281.73,335.93,0,270.96,377.74,296.49,278.64,0.00060676,0.0033431,-1.1119,0.0097632,6.1035e-05
296,297,1,-0.27558,390.49,451.34,0,376.94,468.86,409.06,427.33,0.0047186,0.0010517,-0.99845,0.020164,6.1035e-05
297,298,1,-0.34189,502.06,610.53,0,494.65,677.75,508.21,554.84,-0.011176,0.0031833,-1.4132,0.066364,6.1035e-05
298,299,2,-0.25129,574.41,633.42,0,552.98,667.83,590.04,608.31,0.044406,0.00097425,-1.1228,0.061911,0.00012207
299,300,0,-0.47804,343.53,393.72,0,329.36,449.54,357.7,337.91,-0.0077461,0.0050346,-1.5866,0.0089384,6.1035e-05
300,301,0,-0.54323,388.78,463.06,0,358.78,512.86,418.79,413.27,-0.0082907,0.004628,-1.614,0.056355,6.1035e-05
301,302,2,-0.24421,546.51,613.15,0,540.92,654.77,551.76,574.04,0.014034,0.0008515,-0.81261,0.038052,0.00012207
302,303,2,-0.21578,472.31,562.57,0,456.06,603.54,489.61,518.96,0.0014732,0.00072063,-1.1439,0.0084156,0.00012207
303,304,3,-0.16888,522.79,554.13,0,520.58,579.13,524.63,533.42,-0.0015585,0.00025011,-0.94212,0.030801,0.00012207
304,305,0,-0.51853,343.19,426.49,0,330.73,476.45,360.26,358.02,-0.0097505,0.0033059,-1.3727,0.094045,6.1035e-05
305,306,1,-0.33218,499.87,581.41,0,480.13,627,514.28,548.14,-0.019662,0.0011367,-1.5061,0.064171,6.1035e-05
306,307,0,-1.0872,438.36,558.49,0.42188,428.31,661.23,450.48,434.5,-0.0042021,0.34683,-1.3731,0.029512,6.1035e-05
307,308,0,-0.58953,398.54,501.27,0,377.62,584.77,419.45,417.77,-0.0025632,0.074343,-1.5092,0.011878,6.1035e-05
308,309,3,-0.19592,581.82,615.38,0,565.31,635.78,607.57,583.56,0.0067474,0.012779,-0.87419,0.059884,0.00012207
309,310,2,-0.21084,473.68,546.48,0,456.16,557.94,501.02,528.61,-2.8545e-05,0.0027581,-1.0318,0.048148,6.1035e-05
310,311,1,-0.27917,435.38,493.79,0,408.53,538.32,454.97,461.29,-0.018075,0.0035223,-1.3519,0.023845,6.1035e-05
311,312,2,-0.20505,458.47,500.96,0,446.44,534.6,469.77,469.36,-0.003751,0.00064008,-0.94265,0.015997,6.1035e-05
312,313,1,-0.31458,453.2,522.89,0,442.37,562.09,468.04,469.17,-0.007021,0.0010804,-1.3379,0.057862,6.1035e-05
313,314,1,-0.26945,393.04,462,0,378.32,505.91,409.72,412.24,0.0075189,0.00061047,-1.3465,0.0091982,6.1035e-05
314,315,1,-0.33289,486.05,561.3,0,468.27,606.63,501.74,521.31,0.0028407,0.0013998,-1.2571,0.024154,6.1035e-05
315,316,0,-0.63394,426.4,525.59,0,396.34,604.5,458.39,441.59,-0.0006427,0.012409,-1.7462,0.089251,3.0518e-05
316,317,3,-0.17406,532.26,562.44,0,511.43,597.8,551.83,529.23,0.018935,0.0015162,-0.71156,0.042544,0.00012207
317,318,2,-0.20993,485.46,524.86,0,462.51,549.46,504.48,504.48,0.0061698,0.0016968,-1.0366,0.012353,0.00012207
318,319,2,-0.26839,610.39,676.85,0,604.74,715.72,616.41,635.48,0.0018695,0.0014794,-0.77058,0.025924,0.00012207
319,320,3,-0.18493,561.18,615.48,0,536.86,634.72,594.5,589.12,0.0079843,0.00064145,-0.74542,0.03159,0.00012207
320,321,3,-0.17984,523.14,579.08,0,516.41,616.35,533.65,520.94,-0.00065283,0.00034339,-0.69728,0.037511,0.00012207
321,322,0,-0.49828,348.85,424.15,0,326.2,501.2,367.62,360.31,-0.0075034,0.0060721,-1.5446,0.011205,6.1035e-05
322,323,2,-0.26532,622.12,701.94,0,609.22,751.48,629.86,672.21,0.0075008,0.0012188,-0.94398,0.024425,0.00012207
323,324,3,-0.18279,555.96,590.09,0,539.48,619.97,572.44,560.21,0.01513,0.00027989,-0.56261,0.031028,0.00012207
324,325,1,-0.22354,348.64,387.95,0,322.52,458.61,366.52,339.6,0.0020652,0.0032122,-1.6374,0.0078006,6.1035e-05
325,326,2,-0.24086,536.65,584.58,0,537.43,624.06,535.78,539.84,0.0052432,0.0004933,-0.98896,0.023643,0.00012207
326,327,0,-0.63067,399.95,481.54,0.078125,363.73,564.24,428.12,417.21,-0.0093726,0.051056,-1.733,0.0085193,6.1035e-05
327,328,0,-0.51512,352.66,441.95,0,329.22,512.79,377.6,366.53,-0.0031224,0.0030715,-1.6645,0.009227,3.0518e-05
328,329,1,-0.34371,494.19,576.68,0,481.58,617.07,506.04,538.74,-0.00046158,0.0012335,-1.22,0.014204,6.1035e-05
329,330,0,-0.6109,409.38,523.41,0,387.43,599.45,435.88,431.64,0.0035204,0.004063,-1.4983,0.018408,6.1035e-05
330,331,2,-0.20319,465.71,531.17,0,431.86,586.01,484.71,500.4,0.0011188,0.0021072,-1.1482,0.017581,6.1035e-05
331,332,3,-0.16881,521.53,569.99,0,505.82,620.15,533,533.4,0.0044976,0.00058389,-0.96778,0.023314,9.1553e-05
332,333,1,-0.26714,396.47,463.19,0,369.9,508.22,418.48,425.89,-0.0030353,0.0014589,-1.3794,0.0052371,6.1035e-05
333,334,3,-0.18316,562.39,605.88,0,540.95,643.86,582.53,570.21,0.015328,0.00026982,-1.0274,0.029761,0.00012207
334,335,0,-0.44135,305.35,391.22,0,282.84,456.39,327.87,326.05,-0.0048688,0.0027537,-1.4051,0.0081176,3.0518e-05
335,336,2,-0.20408,462.2,528.72,0,455.3,572.54,467.56,494.64,0.023214,0.00063761,-1.1181,0.0074305,9.1553e-05
336,337,3,-0.17907,549.75,569.49,0,529.58,597.92,566.46,545.93,0.00038131,0.00022726,-0.90336,0.034064,0.00012207
337,338,1,-0.29538,425.83,518.85,0,404.27,558.55,446.08,481.56,-0.0024022,0.00047457,-1.3987,0.023679,6.1035e-05
338,339,1,-0.25859,383.14,452.64,0,363.39,542.64,399.51,378.07,-0.0011876,0.0010647,-1.4117,0.00076699,6.1035e-05
339,340,1,-0.2368,335.97,408.59,0,314.73,472.3,355.92,348.74,-0.0097844,0.0012577,-1.4922,0.0077325,3.0518e-05
340,341,0,-0.74777,441.22,577.43,0.09375,423.92,686.65,459.63,461.16,0.0066863,0.075692,-1.6047,0.032721,6.1035e-05
341,342,3,-0.18386,570.24,611.74,0,558.25,660.45,578.99,576.2,0.017168,0.0014303,-1.0666,0.030921,0.00012207
342,343,2,-0.18441,414.56,487.34,0,402.06,512.41,429.64,457.08,0.0041665,0.00084173,-1.1592,0.015625,9.1553e-05
343,344,2,-0.20552,470.75,528.25,0,459.97,571.14,480.27,490.41,0.0052624,0.00061734,-1.3164,0.018913,6.1035e-05
344,345,3,-0.19382,572.33,617.49,0,559.83,652.7,590.59,566.04,0.0044462,0.00032138,-1.1606,0.082386,0.00012207
345,346,1,-0.28555,408.69,494.3,0,401.45,530.16,415.93,458.44,-0.0048764,0.0014795,-1.338,0.0024204,6.1035e-05
346,347,1,-0.3224,472.69,553.76,0,458.45,612.98,483.76,507.71,0.00055835,0.0011211,-1.5273,0.058862,6.1035e-05
347,348,0,-0.44533,304.21,386.66,0,286.61,445.89,321.8,327.43,-0.0066148,0.015541,-1.4994,0.011242,3.0518e-05
348,349,2,-0.21678,472.43,577.35,0,464,637.58,480.34,520.77,0.024208,0.0017845,-1.1416,0.03282,9.1553e-05
349,350,0,-0.541,377.91,472.9,0,352.74,564.43,397.49,401.72,-0.013494,0.0066344,-1.6436,0.01491,3.0518e-05
350,351,0,-0.5451,344.22,480.83,0,328.87,547.96,366.67,382.72,-0.0041055,0.001946,-1.2593,0.0042726,6.1035e-05
351,352,2,-0.21006,454.51,546.08,0,437.86,572.09,473.37,516.6,0.0063487,0.0032374,-1.0377,0.02648,9.1553e-05
352,353,1,-0.28035,407.89,487.78,0,401.78,522.94,412.64,460.43,-0.0031404,0.00064128,-1.38,0.011784,6.1035e-05
353,354,0,-0.88653,437.64,535.71,0.28125,415.36,646.73,452.87,459.75,-0.010514,0.17885,-1.6074,0.0049071,6.1035e-05
354,355,3,-0.17668,530.34,586.11,0,523.25,620.54,536.22,557.57,0.0026111,0.0075919,-1.0103,0.019983,0.00012207
355,356,2,-0.19546,438.59,505.24,0,424.59,544.28,450.94,470.8,0.013014,0.0030778,-1.3356,0.15497,6.1035e-05
356,357,0,-0.53581,336.2,470.08,0,320.98,520.42,363.32,380.34,-0.0090404,0.013715,-1.2653,0.027299,3.0518e-05
357,358,3,-0.17918,528.87,604.47,0,530.84,657.33,527.52,568.3,0.019555,0.0023277,-0.70849,0.023953,0.00012207
358,359,3,-0.18356,545.66,622.01,0,525.04,658.5,567.62,583.17,0.0070422,0.00070431,-0.81299,0.028081,0.00012207
359,360,3,-0.20336,602.28,670.2,0,583.12,724.76,624.01,608.36,-0.0022235,0.00064726,-1.0016,0.028553,0.00018311
360,361,2,-0.23234,520.46,608.62,0,510.69,655.82,528.06,571.9,0.0064699,0.00059452,-0.89597,0.039296,6.1035e-05
361,362,0,-0.59083,382.25,513.06,0,361.54,572.27,414.55,420.7,-0.0037335,0.0082442,-1.4341,0.0028653,6.1035e-05
362,363,0,-0.55099,372.25,461.48,0,353.63,524.58,392.07,394.3,-0.010267,0.0036123,-1.3254,0.027911,6.1035e-05
363,364,2,-0.25709,582.69,661.03,0,567.48,722.59,595.29,610.02,0.00036925,0.0013606,-1.1204,0.029775,0.00012207
364,365,1,-0.24862,367.19,426.42,0,352.78,505.4,378.41,364.99,-0.0056915,0.0032166,-1.3833,0.0035452,3.0518e-05
365,366,2,-0.20439,444.42,529.31,0,428.63,550.98,466.07,499.61,0.0020413,0.00060137,-1.136,0.013579,9.1553e-05
366,367,1,-0.33051,470.31,575.11,0,460.53,639.27,481.39,502.4,0.0088103,0.0015356,-1.1609,0.021058,6.1035e-05
367,368,2,-0.23891,541.69,622.9,0,520.67,647.43,560.24,601.26,0.0059089,0.00057105,-1.1023,0.052688,0.00012207
368,369,3,-0.1969,595,656.05,0,585.33,700.89,603.52,616.49,0.011158,0.00033016,-1.0654,0.044093,0.00012207
369,370,2,-0.2196,471.58,550.73,0,461.79,577.98,486.85,508.22,0.00022323,0.00044108,-1.0202,0.029831,9.1553e-05
370,371,1,-0.39162,575.82,675.06,0,567.62,728.29,584.02,621.83,0.0056636,0.0029588,-1.1817,0.011581,0.00012207
371,372,3,-0.19354,576.8,609.29,0,568.18,658.19,583.94,568.77,-0.0042182,0.00033701,-0.91763,0.032565,0.00012207
372,373,2,-0.21906,480.78,556.73,0,459.49,588.05,503.45,523.39,-0.0014118,0.00038289,-1.0964,0.020006,9.1553e-05
373,374,3,-0.18153,538.85,588.78,0,524.72,614.91,554.86,559.16,0.0045065,0.0002232,-1.0262,0.024532,0.00012207
374,375,0,-0.58925,421.11,509.74,0,396.97,596.82,441.12,437.59,-0.0059016,0.010258,-1.8609,0.00044208,6.1035e-05
375,376,3,-0.16285,493.07,523.98,0,479.03,572.9,505.46,480.81,0.0030713,0.00079244,-1.2487,0.021062,0.00018311
376,377,1,-0.34752,497.59,581.4,0,493.02,641.98,502.45,516.92,0.014664,0.0015586,-1.2643,0.046083,9.1553e-05
377,378,3,-0.1893,567.49,584.86,0,562.32,609.12,573.36,557.37,0.019581,0.00050843,-0.92307,0.021646,0.00018311
378,379,1,-0.31776,462.14,556.47,0,448.57,592.49,474.11,524.69,-0.0031059,0.0012015,-1.2484,0.016948,9.1553e-05
379,380,2,-0.21664,490.56,551.37,0,466.37,585.42,510.61,523.15,0.0088352,0.00050176,-1.0713,0.016419,0.00012207
380,381,0,-1.014,443.68,555.99,0.35938,428.21,640.58,460.14,465.94,-0.010386,0.30335,-1.4358,0.0033643,6.1035e-05
381,382,0,-0.51342,359.25,458.17,0,339.66,546.16,375.48,385.27,-0.01016,0.016269,-1.5719,0.01227,3.0518e-05
382,383,1,-0.29081,415.41,488.65,0,414.33,527.05,416.57,447.76,-0.011008,0.015413,-1.1762,0.038011,6.1035e-05
383,384,0,-0.54301,353.14,480.95,0,334.47,546.42,380.42,385.27,-0.0089383,0.013013,-1.3099,0.01136,3.0518e-05
384,385,0,-0.58865,416.99,513.15,0.015625,394.95,633.97,429.35,445.37,0.0048606,0.02392,-1.3475,0.020684,3.0518e-05
385,386,0,-0.61813,401.51,538.47,0,378.25,609.63,433.39,440.97,-0.025644,0.0022179,-1.5271,0.0049629,6.1035e-05
386,387,0,-0.48411,331.21,427.15,0,313.72,495.01,348.71,359.3,-0.0099639,0.0047581,-1.3571,0.0097687,6.1035e-05
387,388,2,-0.22749,492.85,585.11,0,476.39,623.01,511.5,542.15,0.00043914,0.0010143,-0.93642,0.022921,0.00012207
388,389,2,-0.22815,490.47,573.85,0,470.84,591.78,515.7,550.78,-0.0049696,0.00078636,-1.0974,0.017953,6.1035e-05
389,390,2,-0.24258,534.49,624.45,0,507.08,664.95,558.68,588.71,-0.0043587,0.00080609,-0.91811,0.022097,0.00012207
390,391,1,-0.27382,412.21,476,0,405.63,523.68,415.89,449.24,-0.0020101,0.00091379,-1.2218,0.013202,6.1035e-05
391,392,0,-0.85165,439.35,568.09,0.17188,427.38,645.2,453.8,475.02,-0.0091743,0.14805,-1.2725,0.021248,6.1035e-05
392,393,2,-0.26189,581.07,654.64,0,574.17,707.53,587.97,601.75,-0.010113,0.0042805,-1.0587,0.019741,0.00012207
393,394,0,-0.50878,362.12,445.19,0,342.67,518.94,377.24,387.83,8.6341e-05,0.018843,-1.541,0.010687,6.1035e-05
394,395,0,-0.5854,403.46,483.16,0.015625,378.25,546.34,425.7,427.41,-0.013881,0.012005,-1.6088,0.0076056,6.1035e-05
395,396,0,-0.50401,363.58,430.7,0,338.03,500.36,382.23,379.86,0.0093952,0.0033248,-1.5762,0.0078613,6.1035e-05
396,397,1,-0.35707,523.38,606.32,0,507.45,655.37,535.01,570.53,-0.005389,0.0036025,-1.0734,0.012847,6.1035e-05
397,398,1,-0.39332,538.61,649.42,0,537.35,693.42,540.34,589.12,0.0070309,0.0017391,-0.96388,0.039038,0.00012207
398,399,1,-0.37793,524.34,626.61,0,514.37,651.83,544.73,574.97,0.0023395,0.0016286,-1.0694,0.0079792,9.1553e-05
399,400,2,-0.23788,533.28,612.49,0,515.39,637.59,554.86,582.19,-0.0011546,0.001539,-0.97416,0.011324,0.00012207
400,401,3,-0.19178,579.87,618.57,0,561.03,646.17,596.5,594.22,0.0026694,0.00040301,-0.78899,0.038159,0.00018311
401,402,0,-0.5716,411.46,498.9,0,390.73,586.4,428.64,426.4,-0.010106,0.0041911,-1.4949,0.014047,6.1035e-05
402,403,3,-0.18238,544.43,582.23,0,525.99,603.05,569.7,553.69,0.0021605,0.0006192,-0.81958,0.02002,0.00012207
403,404,2,-0.2402,537.46,612.75,0,534.43,648.99,539.82,584.57,0.0059041,0.00073107,-0.78887,0.023312,0.00012207
404,405,0,-0.57461,393.51,491.35,0,374.29,553.36,413.97,425.33,-0.0045046,0.0017342,-1.3347,-0.0024011,6.1035e-05
405,406,1,-0.36003,527.22,624.11,0,495.32,661.83,552.03,594.78,0.015967,0.002312,-1.0182,0.042687,6.1035e-05
406,407,0,-0.58014,418.66,503.76,0,384.57,566.34,446.9,451.92,-9.8138e-05,0.0015599,-1.6645,-0.00077939,6.1035e-05
407,408,2,-0.24468,539.33,612.04,0,523.04,633.32,561.66,582.88,-0.010965,0.00045336,-0.96731,0.024525,0.00012207
408,409,1,-0.23188,315.92,389.73,0,304.76,443,327.8,333.02,-0.008102,0.0026705,-1.0876,0.012079,3.0518e-05
409,410,1,-0.29566,410.78,478.88,0,406.42,511.56,416.05,439.44,-0.010954,0.00042088,-1.1763,0.031027,6.1035e-05
410,411,0,-0.53175,390.27,447.1,0,363.89,507.02,410.79,400.5,-0.0045898,0.0047717,-1.5565,0.0017237,6.1035e-05
411,412,0,-0.60269,385.76,484.14,0.03125,367.23,538.2,408.13,418.9,-0.0092763,0.024772,-1.6059,0.014866,6.1035e-05
412,413,2,-0.2218,485.77,553.81,0,486.11,577.85,485.46,531.22,0.0060747,0.00037702,-0.95559,0.030364,6.1035e-05
413,414,0,-0.53878,369.37,466.63,0,345.16,522.44,393.59,410.82,-0.00064103,0.0023286,-1.2755,0.0038442,6.1035e-05
414,415,3,-0.15048,444.43,513.17,0,430.95,549.77,454.91,484.7,0.0016018,0.00025947,-0.99658,0.064966,9.1553e-05
415,416,0,-0.49964,352.28,426.48,0,339.14,492.74,361.87,378.14,-0.019114,0.0020576,-1.3421,0.0075453,6.1035e-05
416,417,1,-0.26841,379.43,453.81,0,367.04,481.23,389.06,432.49,-0.011354,0.0010001,-1.1806,0.013697,3.0518e-05
417,418,2,-0.21629,479,546.14,0,461.39,587.09,494.53,510.02,0.0043037,0.00038274,-1.1143,0.020296,0.00012207
418,419,0,-0.50865,372.38,437.59,0,353.26,509.31,385.46,388.51,-0.0015703,0.0011369,-1.3608,0.016862,6.1035e-05
419,420,3,-0.18892,544.8,594.83,0,550.27,638.1,537.31,535.52,-0.0029252,0.00022766,-1.0295,0.077837,0.00012207
420,421,2,-0.21327,466.66,509.01,0,460.84,534.08,472.86,482.33,0.0014676,0.00019661,-1.0027,0.02641,9.1553e-05
421,422,3,-0.16888,501.72,536.18,0,504.28,579.1,498.99,490.49,0.0065865,0.00017758,-1.1286,0.027015,0.00012207
422,423,2,-0.22525,510.06,561.04,0,498.63,618.73,517.88,521.57,0.014305,0.00024823,-1.2152,0.033463,0.00012207
423,424,0,-0.50537,352.15,418.47,0,327.55,457.58,378.34,376.83,-0.0092629,0.0011158,-1.5549,0.0060431,6.1035e-05
424,425,2,-0.20937,480.43,505.03,0,469.78,540.78,486.82,483.58,-0.0053544,0.0003359,-1.2428,0.027716,9.1553e-05
425,426,2,-0.17702,393.09,433.78,0,388.57,461.4,397.9,404.38,-0.0045158,0.00022756,-1.2613,0.021472,6.1035e-05
426,427,0,-1.5033,454.08,559.48,0.8125,446.5,633.44,462.67,475.66,-0.0088809,0.74164,-1.5293,0.009846,6.1035e-05
427,428,3,-0.17066,538.68,554.13,0,520.76,597.88,549.43,527.89,0.0050704,0.026592,-1.1794,0.025992,0.00012207
428,429,2,-0.20464,462.87,501.96,0,464.23,550.38,461.81,464.29,0.006275,0.0044899,-1.1849,0.038336,6.1035e-05
429,430,1,-0.24628,371.38,421.31,0,351.93,488.59,385.57,372.21,-0.0018711,0.015542,-1.3908,0.0044214,6.1035e-05
430,431,0,-0.67833,431.15,534.55,0.046875,412.12,605.05,450.18,464.05,-0.00962,0.052245,-1.5644,0.010311,6.1035e-05
431,432,3,-0.18792,568.31,598.9,0,557.22,625.84,577.5,576.58,0.0062328,0.0089306,-0.9702,0.031367,0.00012207
432,433,2,-0.20576,446.98,504.68,0,438.79,537.66,455.16,471.69,-0.0022744,0.0010772,-1.1957,0.028458,9.1553e-05
433,434,2,-0.26763,586.49,647.45,0,582.41,672.82,591.74,614.83,-0.0036286,0.0012903,-1.0242,0.022662,0.00012207
434,435,1,-0.30612,443.27,514.24,0,428.73,537.73,456.93,492.17,-0.0089694,0.00090018,-1.3432,0.027092,9.1553e-05
435,436,0,-1.0622,437.65,550.78,0.375,422.61,617.41,458.26,459.48,-0.021896,0.21635,-1.2605,0.036901,6.1035e-05
436,437,3,-0.17746,526.23,563.66,0,514.46,584.63,540.44,538.37,0.0006388,0.00517,-1.0343,0.015132,0.00012207
437,438,0,-0.72516,435.63,536.23,0.078125,417.9,595.93,457.03,464.18,-0.011371,0.10235,-1.4809,0.0082215,6.1035e-05
438,439,1,-0.29842,412.52,495.64,0,402.21,525.75,427.6,451.63,0.001031,0.0086655,-1.2599,0.021132,6.1035e-05
439,440,1,-0.25946,369.82,422.95,0,350.89,470.52,386.53,380.97,0.0021606,0.00612,-1.1831,0.0092156,3.0518e-05
440,441,0,-0.49538,363.36,423.07,0,335.32,480.03,382.54,384.09,-0.012476,0.0090088,-1.5152,0.007787,6.1035e-05
441,442,2,-0.2334,523.8,569.36,0,513.07,615.71,533.26,528.47,-0.0029437,0.0016091,-1.3186,0.0095384,6.1035e-05
442,443,0,-0.50067,334.8,410.92,0,315.28,454.22,359.89,355.25,-0.0048555,0.0042233,-1.5584,4.6087e-05,6.1035e-05
443,444,3,-0.19574,586.52,620.15,0,574.61,643.55,600.9,591.91,0.011887,0.0014288,-0.98146,0.017441,0.00018311
444,445,2,-0.21298,475.56,503.02,0,471.52,535.49,478.71,477.77,-0.0057746,0.00086677,-1.3063,0.011981,9.1553e-05
445,446,0,-0.57734,374.54,470.78,0,358.32,515.47,398.25,405.46,-0.00072464,0.002482,-1.654,0.004037,6.1035e-05
446,447,0,-0.60901,406.86,504.67,0,385.12,571.03,429.99,434.03,0.0078932,0.0068348,-1.413,0.045639,6.1035e-05
447,448,0,-0.58506,392.82,484.62,0,374.89,547.49,411.91,417.69,-0.0084043,0.0014488,-1.5323,0.013787,6.1035e-05
448,449,0,-0.59843,406.33,495.85,0,387.38,560.6,426.49,426.92,-0.0041954,0.0015174,-1.5798,0.0053696,6.1035e-05
449,450,2,-0.20411,465.43,480.14,0,454.45,517.13,473.96,451.37,-0.0047334,0.0023758,-1.1309,0.017152,6.1035e-05
450,451,0,-0.60863,405.89,481.78,0.03125,379.19,544.84,429.46,426.14,-0.0095536,0.025361,-1.7076,0.037165,6.1035e-05
451,452,1,-0.30469,456.59,510.1,0,447.84,530.43,462.98,495.27,-0.011596,0.0013038,-1.3254,0.022969,9.1553e-05
452,453,0,-0.58882,408.68,478.94,0,385.08,535.17,430.86,426.12,-0.011345,0.0012761,-1.895,0.01407,6.1035e-05
453,454,2,-0.22141,479.97,532.27,0,476.52,555.08,485.35,496.68,0.0072176,0.00058088,-1.6579,0.054814,9.1553e-05
454,455,3,-0.20464,635.28,616.68,0,623.86,639.18,644.74,598.04,0.00545,0.00043309,-1.3404,0.015463,0.00012207
455,456,2,-0.20583,463.04,503.05,0,447.62,531.86,475.82,479.17,-0.0063488,0.00039159,-1.4307,0.018815,6.1035e-05
456,457,2,-0.21727,481.95,533.74,0,471.94,555.39,493.3,509.21,-0.0070503,0.00022959,-1.5124,0.021482,6.1035e-05
457,458,2,-0.22361,488.78,532.77,0,495.45,558.55,479.64,497.45,0.0003352,0.00031333,-1.6159,0.02734,9.1553e-05
458,459,3,-0.17653,541.16,549.45,0,528.66,576.6,550.89,528.33,-0.0028364,0.00013735,-1.5028,0.043705,0.00012207
459,460,1,-0.26666,367.31,423.21,0,354.96,441.12,386.57,395.28,-0.0026062,0.00058258,-1.576,0.040159,6.1035e-05
460,461,3,-0.19312,572.99,593.24,0,563.25,619.49,586.34,557.28,0.0084078,0.0002289,-1.1788,0.039693,0.00012207
461,462,2,-0.23465,527.29,579.45,0,509.81,607.38,544.77,551.52,0.00789,0.00025415,-1.4046,0.022722,0.00012207
462,463,3,-0.19543,604.65,619.66,0,592.34,653.11,616.22,588.24,0.0031285,0.00026975,-1.3521,0.038703,0.00012207
463,464,1,-0.28068,417.44,455.77,0,409.43,490.35,422.24,435.03,0.003103,0.0010413,-1.5958,0.0098678,6.1035e-05
464,465,2,-0.19654,450.69,498.44,0,436.59,521.56,460.97,481.57,-0.013617,0.0003031,-1.5165,0.010834,9.1553e-05
465,466,2,-0.23448,542.4,584.1,0,517.31,630.18,561.91,548.26,0.023087,0.00057999,-1.1961,0.050721,0.00012207
466,467,1,-0.25155,360.85,424.34,0,355.7,443.94,367.06,400.69,-0.015471,0.001317,-1.3727,0.0091805,6.1035e-05
467,468,3,-0.15904,471.26,530.69,0,470,554.29,472.78,502.21,-0.0067384,0.00017804,-1.2908,0.061239,9.1553e-05
468,469,3,-0.16783,523.66,544.11,0,505.66,577.74,534.46,523.93,0.0028623,0.00015867,-1.2536,0.013558,0.00012207
469,470,3,-0.18497,554.13,610.15,0,538.91,639.59,567.56,584.17,0.0055562,0.00022241,-1.1442,0.024794,0.00012207
470,471,2,-0.2101,469.35,518.7,0,454.53,549.12,486.14,484.23,0.00060935,0.00024798,-1.3893,0.031706,6.1035e-05
471,472,3,-0.17833,543.5,540.39,0,529.77,579.36,557.23,501.41,0.0024053,0.00019679,-1.19,0.045613,0.00012207
472,473,2,-0.22696,498.26,557.75,0,480.65,587.06,512.85,533.47,-0.0067511,0.00028162,-1.0965,0.020607,6.1035e-05
473,474,3,-0.18019,551.29,561.53,0,527.69,586.85,574.89,536.2,0.0070802,0.00017797,-1.1537,0.010574,0.00012207
474,475,0,-0.45462,304.59,384.17,0,280.98,428.27,333.09,330.94,0.0032193,0.0038775,-1.4518,0.0037244,3.0518e-05
475,476,2,-0.23097,521.28,570.88,0,516.71,622.73,525.06,527.91,-0.011557,0.00047936,-1.2679,0.012245,0.00012207
476,477,1,-0.3034,440.16,520.99,0,440.23,559.5,440.1,492.88,-0.0027808,0.001614,-1.4598,0.022087,6.1035e-05
477,478,3,-0.17357,510.07,542.51,0,503.36,578.18,517.68,502.09,-0.0082494,0.00064351,-1.2546,0.031316,0.00012207
478,479,1,-0.35237,520.98,592.83,0,518.39,628.29,523.26,561.54,0.0059062,0.0028042,-1.2188,0.013708,9.1553e-05
479,480,1,-0.37761,529.46,618.71,0,522.72,670.28,538.68,548.03,0.0029542,0.0016447,-1.1398,0.016274,0.00012207
480,481,0,-0.47476,324.97,398.3,0,306.83,452.4,344.28,340.71,-0.019226,0.0046038,-1.6759,0.012541,3.0518e-05
481,482,3,-0.16722,515.99,542.15,0,505.27,571.72,526.05,514.37,0.0018371,0.00056768,-1.414,0.0086866,0.00012207
482,483,0,-0.48389,345.84,414.26,0,328.37,489.2,359.42,355.96,-0.010707,0.0034981,-1.8004,0.013396,6.1035e-05
483,484,2,-0.2807,617.94,675.96,0,621.34,731.79,613.82,608.6,0.0070548,0.00061148,-1.0857,0.021767,0.00012207
484,485,3,-0.18788,566.07,584.53,0,557.94,623.62,574.71,542.93,0.0074592,0.00022862,-1.1668,0.036364,0.00012207
485,486,3,-0.17929,536.39,554.92,0,523.64,589.65,550.84,515.55,-2.7322e-05,0.00018559,-1.3154,0.028767,0.00012207
486,487,0,-0.60857,399.38,509.39,0,377.33,563.48,431.61,430.33,-0.015876,0.0032801,-1.5337,0.018599,6.1035e-05
487,488,1,-0.35078,496.57,597.74,0,506.03,643.05,483.6,535.65,-0.0066811,0.0008507,-1.2246,0.028644,0.00012207
488,489,1,-0.35002,508.47,600.3,0,516.52,661.39,501.36,546.39,-0.00060163,0.0006855,-1.1441,0.040402,6.1035e-05
489,490,0,-0.74377,423.01,529.34,0.10938,402.22,620.56,442.53,443.65,-0.047871,0.057917,-1.5222,0.040445,6.1035e-05
490,491,3,-0.18105,561.5,574.32,0,543.8,611.69,580.33,534.54,-0.0024998,0.0017733,-1.0882,0.033408,0.00012207
491,492,3,-0.19993,622.15,632.4,0,614.62,685.79,628.79,585.28,0.017936,0.00046996,-1.0025,0.055045,0.00018311
492,493,0,-0.59939,401,500.56,0.015625,374.36,568.72,426.02,436.54,-0.0022785,0.014855,-1.5606,0.011315,6.1035e-05
493,494,2,-0.21503,493.05,533.02,0,480.68,568.64,503.31,503.5,0.0012328,0.00069823,-1.0627,0.016602,9.1553e-05
494,495,0,-0.52171,349.83,448.2,0,324.22,496.29,384.92,382.29,-0.0065225,0.00094497,-1.507,0.011769,6.1035e-05
495,496,3,-0.17304,513.01,532.33,0,515.31,560.46,509.86,493.79,0.060154,0.00034617,-0.85508,0.094232,0.00012207
496,497,3,-0.1716,502.3,560.3,0,492.99,589.03,515.05,520.93,0.0031328,0.00022144,-0.72887,0.041588,9.1553e-05
497,498,1,-0.33735,476.81,587.37,0,475.08,644.51,479.03,513.89,-0.0083534,0.0019253,-1.1613,0.018344,6.1035e-05
498,499,0,-0.64418,393.72,500.59,0.046875,370.56,561.74,423.49,421.98,-0.01183,0.032494,-1.1905,0.00082597,6.1035e-05
499,500,0,-0.57057,367.05,483.38,0,348.72,535.49,393.84,407.23,0.0017036,0.0015106,-1.2752,0.012703,6.1035e-05
500,501,1,-0.3781,525.64,637.19,0,535.11,702.13,514.22,558.81,-0.010361,0.0017094,-0.85719,0.02536,0.00012207
501,502,0,-0.49675,360.27,437.03,0,338.28,502.4,375.31,392.29,-0.0006454,0.0023962,-1.6793,0.002889,6.1035e-05
502,503,3,-0.18476,544.84,595.71,0,529.35,623.37,566.07,557.79,0.0032507,0.00048048,-0.58329,0.014532,0.00012207
503,504,0,-0.70404,437.23,536.77,0.09375,409.34,634.67,458.92,460.62,-0.0077107,0.0687,-1.4331,0.0058962,6.1035e-05
504,505,1,-0.36163,532.5,628.36,0,534.19,712.28,530.81,544.44,-0.012579,0.0018354,-1.0031,0.048374,6.1035e-05
505,506,0,-0.4418,306.28,380.55,0,293.01,449.08,316.6,327.25,-0.017741,0.022398,-1.137,0.0075432,6.1035e-05
506,507,3,-0.18464,540.36,613.76,0,531.73,639.05,550.14,585.1,0.010128,0.00089062,-0.74911,0.039437,0.00012207
507,508,3,-0.19068,570.98,606.77,0,551.95,625.45,591.24,586.89,0.0010314,0.0002561,-0.59172,0.01344,0.00018311
508,509,1,-0.40186,581.11,691.67,0,591.39,764.03,570.17,614.65,0.011561,0.0069972,-1.0759,0.017247,0.00012207
509,510,3,-0.18358,531.38,616.68,0,518.96,658.83,549.53,555.07,-0.0053929,0.0016454,-0.93433,0.04005,0.00012207
510,511,2,-0.27234,611.57,687.92,0,601.57,744.49,621.56,631.36,0.0060398,0.0010443,-0.93006,0.040159,0.00012207
511,512,2,-0.24357,536.4,605.25,0,529.74,642.69,543.49,565.4,0.0035256,0.00099065,-0.78497,0.048189,6.1035e-05
512,513,2,-0.26614,600.26,670.24,0,584.07,700.65,619.79,633.53,-0.00091157,0.00060496,-0.84839,0.017513,0.00012207
513,514,3,-0.21514,661.94,696.88,0,632.68,724.34,687.76,672.65,0.0045084,0.00042025,-0.77108,0.032036,0.00012207
514,515,3,-0.17769,555.77,576.74,0,528.92,601.79,574.14,559.59,0.0075872,0.00040179,-0.8259,0.028976,0.00012207
515,516,0,-0.53081,377.36,476.19,0,352.62,570.22,397.87,398.27,-0.0048118,0.014328,-1.5509,0.0016643,6.1035e-05
516,517,3,-0.17116,519.34,558.58,0,498.89,580.41,538.55,538.08,0.0069462,0.00054609,-0.75669,0.016856,0.00012207
517,518,3,-0.19039,552.78,594.41,0,529.53,621.74,586.76,554.46,0.016297,0.00024021,-0.88176,0.013769,6.1035e-05
518,519,1,-0.33872,475.88,583.94,0,470.01,619.42,482.53,543.74,0.010905,0.0014057,-1.0738,0.013668,6.1035e-05
519,520,1,-0.27303,381.03,469.56,0,368.44,519.2,394.44,416.72,-0.010186,0.0013274,-1.0801,0.030539,6.1035e-05
520,521,0,-0.50663,358.2,440.09,0,338.74,508.9,374.32,383.07,-0.0014627,0.0035154,-1.4922,0.012084,3.0518e-05
521,522,1,-0.31959,440.18,531.76,0,431.28,568.92,456.04,465.52,-0.009863,0.00052951,-1.1912,0.01161,6.1035e-05
522,523,0,-0.41859,286.73,362.7,0,268.46,420.7,304.99,304.71,-0.0049227,0.001429,-1.4753,0.0030268,3.0518e-05
523,524,0,-0.42157,293.33,366.97,0,275.2,434.76,307.44,314.25,-0.0076564,0.00046455,-1.6764,0.00039723,6.1035e-05
524,525,2,-0.26265,579.75,659.2,0,566.36,699.08,599.32,600.92,0.0013874,0.00082254,-0.97323,0.024726,0.00012207
525,526,0,-0.67053,445.37,543.74,0.046875,424.1,663.58,460.89,456.28,-0.032953,0.048635,-1.9103,-0.0013153,6.1035e-05
526,527,1,-0.33247,491.2,574.51,0,466.95,622.27,510.06,537.36,0.0020015,0.0057157,-1.1324,0.040083,6.1035e-05
527,528,3,-0.16734,509.24,560.19,0,490.56,582.35,524.73,541.83,0.011581,0.0017481,-0.94356,0.026325,0.00012207
528,529,0,-0.54366,359.94,473.5,0,340.96,530.1,387.68,390.77,-0.0034494,0.0014641,-1.7423,0.0004339,3.0518e-05
529,530,1,-0.31048,445.65,537.09,0,426.29,584.8,463.83,492.28,-0.0037755,0.0009731,-1.2452,0.012278,6.1035e-05
530,531,0,-0.55261,367.38,466.74,0,346.97,541.58,389.11,387.07,-0.030622,0.0014314,-1.3684,0.013533,6.1035e-05
531,532,3,-0.18436,557.24,618.53,0,536.32,656.29,576.9,583.06,-0.0074923,0.00026368,-0.83741,0.052429,0.00012207
532,533,1,-0.33006,477.42,571.82,0,482.8,632.18,474.2,535.61,-0.0029594,0.000915,-1.3584,0.028289,6.1035e-05
533,534,0,-1.4264,447.14,566.05,0.75,434.16,657.38,459.33,480.25,-0.020772,0.61237,-1.277,0.037589,6.1035e-05
534,535,1,-0.24311,341.06,414.78,0,332.95,455.91,348.67,376.15,0.0051599,0.04486,-1.2988,0.0008967,3.0518e-05
535,536,0,-0.52532,365.77,460.69,0,353.94,552.35,376.2,379.82,-0.0015655,0.048488,-1.4384,0.010251,6.1035e-05
536,537,0,-0.42148,281.78,369.41,0,268.99,432.28,294.56,306.53,-0.0015873,0.010322,-1.3989,0.00071148,3.0518e-05
537,538,2,-0.22491,486.87,565.84,0,473.78,590.61,508.69,524.55,0.022046,0.0075699,-0.9602,0.022502,9.1553e-05
538,539,0,-0.58218,423.3,509.2,0,392.76,590.95,439.3,466.37,0.0016104,0.054478,-1.489,0.0040511,6.1035e-05
539,540,0,-0.67486,419.56,550.5,0.015625,405.4,622.46,438.96,451.89,-0.0031971,0.079639,-1.463,0.014837,6.1035e-05
540,541,0,-0.52319,382.75,457.12,0,352.71,537.47,404.67,398.5,0.0073065,0.0080895,-1.5642,0.01147,6.1035e-05
541,542,1,-0.3457,494.24,586.81,0,503.54,650,483.7,515.19,-0.0064086,0.0036238,-1.2345,0.019367,6.1035e-05
542,543,0,-0.92391,429.62,535.35,0.29688,421.48,644.52,437.27,432.81,-0.0070787,0.22433,-1.4201,0.021784,6.1035e-05
543,544,3,-0.16741,508.66,558.29,0,482.23,589.21,533.5,529.24,0.0025087,0.006307,-0.68936,0.02192,0.00012207
544,545,2,-0.24067,523.28,600.92,0,519.07,629.23,529.05,562.13,-0.0074984,0.0035812,-0.82276,0.019972,9.1553e-05
545,546,1,-0.32075,475.95,562.72,0,462.27,626.44,488.8,502.87,-3.2582e-05,0.0036247,-1.322,0.02028,6.1035e-05
546,547,2,-0.22412,482.15,572.59,0,485.17,606.96,476.37,506.97,0.0043372,0.0016575,-0.84304,0.017713,9.1553e-05
547,548,1,-0.28249,404.25,492.5,0,385.6,534.87,425.39,444.49,-0.0031505,0.0016928,-1.0767,0.0064695,6.1035e-05
548,549,1,-0.27483,386.25,474.41,0,369.15,520.15,405.63,422.58,-0.0046554,0.00084795,-1.1074,0.0053192,6.1035e-05
549,550,0,-1.3761,445.91,597.8,0.67188,442.04,689.07,450.87,480.47,-0.0093795,0.60165,-1.2795,0.019502,6.1035e-05
550,551,2,-0.21441,465.27,535.3,0,454.81,576.29,475.09,496.8,-0.0087796,0.014014,-0.9565,0.019437,6.1035e-05
551,552,3,-0.14715,449.16,481.18,0,441.55,518.16,454.72,454.21,-0.000142,0.0010465,-0.72885,0.025168,6.1035e-05
552,553,1,-0.36143,508.57,608.75,0,497.39,634.42,523.9,573.57,0.0040225,0.0034852,-0.81792,0.018543,6.1035e-05
553,554,2,-0.24354,547.8,610.42,0,537.98,666.63,555.93,563.85,0.0027918,0.00048721,-0.74913,0.021263,0.00012207
554,555,3,-0.18964,575.96,600.44,0,565.57,630.35,587.74,566.53,0.0011891,0.00036546,-0.90868,0.029989,0.00012207
555,556,1,-0.31836,470.97,550.43,0,471.96,604.84,470.15,505.36,-0.0063684,0.0026946,-1.2748,0.02439,6.1035e-05
556,557,3,-0.18067,554.92,598.25,0,537.77,629.83,568.25,573.68,0.0052004,0.00042846,-0.84914,0.025864,0.00012207
557,558,2,-0.24889,540.55,632.65,0,525.19,674.77,560.3,578.51,0.0038091,0.00051542,-0.83499,0.011821,0.00012207
558,559,0,-0.54163,347.64,463.86,0,332.61,518.89,369.61,383.44,-0.0035506,0.095841,-1.2778,0.0050728,6.1035e-05
559,560,2,-0.23908,526.33,601.61,0,514.27,628.86,539.16,572.61,-0.0037973,0.0019065,-0.85388,0.0084481,0.00012207
560,561,1,-0.25681,365.87,437.09,0,357.78,459.98,373,416.9,-0.015211,0.0004587,-1.4938,0.010048,6.1035e-05
561,562,2,-0.21745,479.83,543.7,0,474.3,577.93,485.37,509.47,0.00054398,0.00041615,-1.0599,0.031196,9.1553e-05
562,563,0,-0.52743,359.69,460.52,0,343.98,544.86,372.7,390.63,-0.0077102,0.0080751,-1.5369,0.0020277,3.0518e-05
563,564,2,-0.21178,485.65,527.71,0,467.66,562.41,500.55,498.96,0.001651,0.00045008,-1.1771,0.013661,9.1553e-05
564,565,2,-0.24081,521.02,597.41,0,505.31,625.29,542.54,559.2,-0.0051331,0.00069445,-1.0459,0.011738,0.00012207
565,566,2,-0.20866,470.76,552.56,0,444.82,574.4,495.12,532.05,0.00062474,0.00042714,-1.1098,0.016327,6.1035e-05
566,567,1,-0.28575,399.51,482.96,0,388,523.28,409.67,447.38,-0.010055,0.0012653,-1.3672,0.03843,6.1035e-05
567,568,1,-0.30987,441.6,531.3,0,431.52,581.89,451.68,480.71,0.0035266,0.0012,-1.3815,0.018237,6.1035e-05
568,569,3,-0.17357,520.41,568.79,0,495.56,595.78,550.39,536.23,0.012288,0.00040081,-0.95577,0.024516,0.00012207
569,570,0,-0.40848,263.26,350.05,0,250.92,392.15,279.13,295.92,0.0010949,0.016795,-1.4877,0.01187,3.0518e-05
570,571,1,-0.39893,569.18,654.23,0,561.96,704.57,576.86,600.64,0.00622,0.006233,-1.2561,0.015393,6.1035e-05
571,572,0,-0.89102,435.91,558.15,0.23438,424.49,646.43,448.07,464.17,-0.043313,0.1373,-1.6,0.020795,6.1035e-05
572,573,1,-0.31815,449.39,545.78,0,444.64,596.41,453.85,498.21,0.0025621,0.003795,-1.3329,0.037445,9.1553e-05
573,574,1,-0.28538,407.43,480.17,0,400.08,492.23,416.88,464.66,-0.007542,0.006578,-1.4746,0.0022218,6.1035e-05
574,575,3,-0.1755,548.81,577.81,0,526.53,607.67,565.07,556.02,0.00052005,0.00065455,-0.85252,0.027394,0.00012207
575,576,0,-0.55046,340.81,467.68,0,327.42,512.05,364.67,388.6,0.0069133,0.012608,-1.0752,0.00087842,3.0518e-05
576,577,2,-0.24509,533.37,598.24,0,522.13,644.45,546.94,542.47,-0.0078408,0.00045685,-0.85137,0.0083196,0.00012207
577,578,3,-0.20562,602.48,640.21,0,588.97,662.07,619.85,612.12,0.0010046,0.00050204,-0.55354,0.016504,0.00018311
578,579,1,-0.35968,520.26,606.58,0,503.18,644.12,535.32,573.46,-0.012015,0.0028395,-0.87626,0.031481,9.1553e-05
579,580,2,-0.21473,473.73,537.4,0,458.71,566.59,486.17,513.21,-0.012088,0.0025792,-0.7808,0.0074904,6.1035e-05
580,581,3,-0.1687,492.75,545.27,0,482.9,568.46,504.64,517.28,-0.0051211,0.00042114,-0.53065,0.038065,6.1035e-05
581,582,2,-0.24683,537.71,614.77,0,529.14,650.83,548.72,568.4,-0.015445,0.00052394,-0.7498,0.019564,0.00012207
582,583,1,-0.2732,372.15,462.96,0,365.13,478.98,383.84,436.27,-0.017108,0.0003684,-1.2999,-0.0015566,6.1035e-05
583,584,0,-0.55129,342.32,472.67,0,329.21,518.09,364.19,396.97,-0.0029912,0.0059541,-1.5021,0.00037452,3.0518e-05
584,585,3,-0.17098,496.85,528.84,0,490.22,550.42,507.89,492.87,-0.0078691,0.00019436,-0.86664,0.083529,0.00012207
585,586,3,-0.18944,566.33,621.34,0,553.87,642.92,583.4,591.77,0.0011211,0.00028724,-0.99062,0.016345,0.00012207
586,587,2,-0.24658,551.27,616.33,0,545.52,647.3,556.67,587.25,-0.008161,0.00027956,-0.97623,0.054715,0.00012207
587,588,0,-0.50387,335.91,441.24,0,320.2,499.36,352.63,379.38,-0.0081742,0.0034412,-1.4971,0.0017457,6.1035e-05
588,589,2,-0.22125,501.37,558.45,0,483.09,599.79,517.49,521.97,-0.0077272,0.00016662,-1.2164,0.023716,9.1553e-05
589,590,1,-0.30053,417.81,497.88,0,408.86,520.44,430.07,466.97,-0.0126,0.0012482,-1.4025,0.057421,6.1035e-05
590,591,3,-0.1626,479.55,529.12,0,465.63,543.46,495.33,512.87,-0.01048,0.00046941,-1.1017,0.026288,9.1553e-05
591,592,1,-0.27014,393.1,444.66,0,381.96,491.44,405.71,391.64,-0.0039467,0.0004497,-1.478,0.021923,6.1035e-05
592,593,2,-0.24532,551.56,608.29,0,548.85,647,553.67,578.19,0.00077943,0.00029681,-0.98169,0.019472,0.00012207
593,594,1,-0.30681,448.26,515.97,0,432.24,541.66,463.31,491.84,-0.011457,0.0011944,-1.3866,0.025034,9.1553e-05
594,595,0,-1.0037,439.09,553.62,0.32812,429.82,640.31,449.6,455.37,-0.0047056,0.18726,-1.4969,0.0097301,6.1035e-05
595,596,2,-0.23242,512.92,579.06,0,496.34,610.17,527.54,551.61,-0.005976,0.0055844,-1.0617,0.025512,6.1035e-05
596,597,1,-0.33529,479.46,566.73,0,468.19,593.77,488.22,545.69,0.002396,0.0026213,-1.1571,0.014558,9.1553e-05
597,598,0,-0.55617,383.65,484.91,0,360.74,555.48,402.63,426.43,-0.005552,0.038371,-1.6921,-0.0067238,3.0518e-05
598,599,2,-0.21885,486.6,548.47,0,483.85,590.79,489.18,508.71,-0.00365,0.00045071,-1.1,0.033359,6.1035e-05
599,600,0,-0.58781,425.11,507.62,0,398.92,584.41,448.22,439.86,0.00097558,0.0081006,-1.7079,0.004663,6.1035e-05
600,601,3,-0.16937,520.8,535.08,0,503.07,565.46,536.45,508.28,0.0043438,0.00045188,-1.1098,0.032999,0.00012207
601,602,0,-0.57132,406.22,481.63,0,382.55,548.5,427.1,422.62,0.0026791,0.0035426,-1.6352,0.012441,6.1035e-05
602,603,2,-0.18531,412.76,454.71,0,407.09,487.46,417.77,425.82,0.0036223,0.00029888,-0.99467,0.058611,9.1553e-05
603,604,1,-0.26533,378.02,441.94,0,374.93,455.96,381.3,427.02,0.0027329,0.0017048,-1.4161,0.017077,6.1035e-05
604,605,2,-0.18908,423.03,464.88,0,407.88,484.41,435.59,448.69,0.0037213,0.00029619,-1.199,0.016512,6.1035e-05
605,606,3,-0.19398,581,605.17,0,568.06,634.22,593.93,576.13,0.0066029,0.00033506,-1.0011,0.015529,0.00012207
606,607,0,-1.0253,439.06,534.53,0.40625,419.97,605.5,452.99,482.73,-0.0093369,0.30242,-1.4382,0.062477,3.0518e-05
607,608,1,-0.28229,423.1,473.79,0,393.45,492.74,444.73,459.96,-0.0035267,0.010845,-1.6034,0.021512,6.1035e-05
608,609,3,-0.19732,600.56,643,0,564.21,655.13,628.84,633.57,0.01667,0.00057411,-0.83955,0.038369,0.00018311
609,610,3,-0.18296,541.32,572.44,0,521.58,587.49,563.69,555.39,0.0030958,0.00051696,-0.7394,0.021078,0.00012207
610,611,1,-0.34832,502.65,581.13,0,485.18,627.01,521.25,532.29,0.0029139,0.0014904,-1.3599,0.00351,9.1553e-05
611,612,2,-0.21716,485.86,541.8,0,469.67,573.4,501.07,512.12,-0.0020915,0.00067217,-0.85171,0.039888,9.1553e-05
612,613,1,-0.29191,407.41,474.46,0,394.45,503.01,429.01,426.86,-0.0053998,0.0010677,-1.5678,0.01511,6.1035e-05
613,614,1,-0.34821,492.08,572.18,0,465.14,596.34,531.46,536.87,-0.01092,0.0010325,-1.5169,0.01339,6.1035e-05
614,615,2,-0.23859,531.95,581.12,0,518.84,607.91,545.91,552.61,0.00045211,0.00044521,-1.1195,0.020894,0.00012207
615,616,0,-0.49781,357.14,426.74,0,335.9,497.11,371.67,378.58,-0.0066153,0.029989,-1.8283,0.0044416,6.1035e-05
616,617,0,-0.56569,372.2,464.54,0,354.68,518.39,394.74,395.31,-0.022277,0.0043415,-1.5682,0.01053,3.0518e-05
617,618,3,-0.16069,482.76,517.74,0,466.02,537.64,500.58,496.54,0.0079492,0.0025612,-1.2585,0.022639,0.00012207
618,619,0,-0.62163,421.11,518.56,0,395.52,588.58,441.02,464.1,0.034644,0.010427,-1.4825,0.0028355,6.1035e-05
619,620,0,-0.92847,428.06,523.12,0.29688,412.91,589.97,442.28,460.32,-0.0059484,0.19309,-1.7193,0.011523,6.1035e-05
620,621,0,-0.7407,402.46,462.17,0.1875,396.18,546.49,406.75,404.48,-0.016402,0.10085,-1.6993,0.018959,3.0518e-05
621,622,3,-0.1729,520.41,529.51,0,512.35,559.94,530.13,492.78,0.011043,0.0026298,-0.98446,0.011995,0.00012207
622,623,2,-0.24522,545.52,612.73,0,535.78,640.91,554.66,586.26,0.0010753,0.0019522,-0.87635,0.0026964,0.00012207
623,624,0,-0.58676,381.78,469.48,0,365.57,505.49,408.81,409.47,0.0011738,0.046902,-1.3634,-0.0053324,6.1035e-05
624,625,0,-0.51952,371.6,434.21,0,352.61,500.74,385.46,385.66,0.0039177,0.01939,-1.4724,0.0090509,6.1035e-05
625,626,1,-0.34701,490.05,575.34,0,475.02,599.05,512.02,540.68,-0.0035552,0.0062356,-1.2232,0.016664,9.1553e-05
626,627,0,-0.85182,430.85,528.04,0.1875,418,573.82,449.63,461.12,-0.021923,0.16818,-1.5742,0.034751,6.1035e-05
627,628,1,-0.24734,329.25,385.69,0,315.84,422.04,348.84,332.56,-0.010679,0.0060936,-1.5067,0.016039,3.0518e-05
628,629,3,-0.18223,553.35,570.97,0,538.91,585.06,566.91,557.73,0.0086163,0.00080933,-0.80005,0.011584,0.00018311
629,630,1,-0.2506,374.01,423.01,0,361.29,448.27,384.54,402.08,-0.0014398,0.0016491,-1.2729,0.017502,6.1035e-05
630,631,0,-0.53314,352.5,433.01,0,340.57,478.1,369.94,367.1,-0.0064513,0.029542,-1.6292,0.01342,3.0518e-05
631,632,2,-0.22099,488.16,534.3,0,480.6,551.32,496.72,515.03,-0.0093841,0.00078898,-1.1576,0.037318,6.1035e-05
632,633,0,-0.53442,388.82,455.9,0,354.77,516.09,412.11,414.72,-0.035146,0.0025197,-1.5697,0.028568,6.1035e-05
633,634,2,-0.20285,452.6,496.31,0,437.71,517.82,467.5,474.79,-0.0021225,0.00022746,-1.258,0.033358,9.1553e-05
634,635,3,-0.17897,541.01,561.62,0,519.61,579.15,558.73,547.1,0.0026253,0.00022963,-0.93023,0.023887,0.00012207
635,636,0,-0.6331,384.42,495.69,0,372.23,530.48,407.68,429.28,-0.0061635,0.0017246,-1.5519,0.0087547,6.1035e-05
636,637,1,-0.26698,378.87,445.13,0,368.1,461.93,392.72,423.54,0.019968,0.00093573,-1.4638,0.015496,6.1035e-05
637,638,3,-0.19716,597.36,626.84,0,574.75,646.15,626.41,602.02,-0.00080994,0.00043469,-0.82642,0.020811,0.00012207
638,639,2,-0.26204,598.49,641.42,0,587.23,658.84,608.43,626.04,0.0018974,0.00079375,-0.9416,0.010471,0.00018311
639,640,1,-0.36068,517.6,593.4,0,500.07,627.89,535.13,558.91,-0.0018414,0.0017304,-1.346,0.0087146,0.00012207
640,641,2,-0.2588,560.45,619.32,0,546.11,636.34,587.81,586.82,-0.010716,0.0010238,-0.8638,0.017913,0.00012207
641,642,1,-0.26698,399.67,448.34,0,388.88,462.62,406.14,439.77,-0.0057604,0.0011681,-1.4596,0.032662,3.0518e-05
642,643,0,-0.56066,356.51,454.38,0,347.29,499.57,371.88,379.06,-0.029813,0.0056297,-1.2043,0.023033,6.1035e-05
643,644,0,-0.54913,371.28,457.36,0,345.91,512.7,398.3,398.46,-0.0072178,0.0015117,-1.2453,0.0098207,6.1035e-05
644,645,0,-0.44155,301.08,374.8,0,282.38,418.81,322.27,324.92,-0.013184,0.0032228,-1.5171,-0.0040147,3.0518e-05
645,646,1,-0.29166,431.35,497.16,0,426.94,539.69,435.25,459.63,-0.0024157,0.0013929,-1.2089,0.019876,6.1035e-05
646,647,2,-0.19665,450.33,486.8,0,427.74,510.32,470.26,466.04,-0.0083297,0.00024303,-1.2479,0.0071805,6.1035e-05
647,648,2,-0.21258,480,528.87,0,471.98,561.22,488.54,494.42,-0.002974,0.00022272,-1.3554,0.016153,6.1035e-05
648,649,3,-0.20025,616.73,619.81,0,602.4,655.09,630.2,586.66,-0.0032103,0.0003593,-1.1122,0.02407,0.00012207
649,650,1,-0.3096,443.5,511.21,0,439.29,548.66,447.22,478.15,0.0090846,0.0012358,-1.4009,0.016513,6.1035e-05
650,651,0,-0.66571,419.53,502.56,0.0625,394.75,577.28,441.38,436.62,-0.0068346,0.044194,-1.6222,0.0039831,6.1035e-05
651,652,2,-0.21218,496.22,531.38,0,478.48,580.74,510.02,492.99,-0.0056682,0.00096151,-1.4253,0.025969,6.1035e-05
652,653,1,-0.31035,455.17,517.05,0,450.54,556.99,459,483.96,0.0074392,0.0006569,-1.4857,0.020279,6.1035e-05
653,654,3,-0.16303,481.85,541.76,0,466.1,570.49,499.7,509.21,-0.0038517,0.00032478,-1.1711,0.028724,9.1553e-05
654,655,1,-0.24373,348.11,402.97,0,341.31,424.66,355.82,378.39,-0.0044571,0.0010358,-1.6508,0.0023437,6.1035e-05
655,656,1,-0.23258,328.99,385.63,0,307.25,434.31,350.73,336.94,-0.0026441,0.00083241,-1.5957,0.012054,3.0518e-05
656,657,1,-0.26748,381.7,440.74,0,372.14,468.19,391.27,413.29,-0.020133,0.00070918,-1.3743,0.010291,6.1035e-05
657,658,1,-0.28897,432.35,495.96,0,422.61,546.77,439.93,456.45,-0.0036149,0.001096,-1.4636,0.0081979,6.1035e-05
658,659,3,-0.2094,649.3,673.57,0,629.27,704.01,670.62,641.17,0.0041426,0.00074341,-0.77774,0.028812,0.00012207
659,660,1,-0.26625,370.2,452.37,0,361.64,496.83,379.9,401.98,0.0013706,0.00034901,-1.5207,0.0051392,6.1035e-05
660,661,3,-0.17636,546.63,553.83,0,535.56,581.1,555.81,531.24,0.012203,0.00036189,-1.0292,0.030477,0.00012207
661,662,0,-0.48467,329.11,412.06,0,310.97,476.36,345.12,355.33,-0.019772,0.0022339,-1.7448,-0.010361,6.1035e-05
662,663,3,-0.19381,586.49,614.06,0,567.41,634.38,605.57,593.74,0.0038548,0.00038219,-0.85199,0.029043,0.00012207
663,664,2,-0.22092,491.35,552.56,0,473.94,578.15,515.21,517.5,-0.0018899,0.00040038,-1.0982,0.01329,0.00012207
664,665,1,-0.38983,548.29,656.4,0,541.27,706.52,555.76,603.04,-0.00095969,0.0042537,-1.1555,0.021222,6.1035e-05
665,666,1,-0.34024,481.72,579.37,0,472.98,618.3,489.92,542.81,0.0020483,0.0014826,-1.1732,0.037236,9.1553e-05
666,667,2,-0.20713,489.68,524.67,0,467.52,567.23,501.29,502.38,0.0057924,0.0010044,-1.4077,0.01405,9.1553e-05
667,668,1,-0.31216,449.11,516.85,0,449.04,564.31,449.17,466.32,0.01059,0.0014509,-1.4847,0.012566,6.1035e-05
668,669,2,-0.24502,546.5,605,0,533.98,629.52,563.67,571.41,-0.0051974,0.00029238,-1.2709,0.03148,0.00012207
669,670,2,-0.23366,528.43,574.38,0,522.01,609.21,534.86,539.54,0.0030717,0.00041456,-1.3228,0.016848,0.00012207
670,671,0,-0.5902,389.1,497.48,0,372.02,562.11,407.28,428.68,-0.0093423,0.0022838,-1.5858,0.013126,6.1035e-05
671,672,1,-0.3759,535.82,621.17,0,530.19,668.05,542.62,564.58,0.002962,0.0021891,-1.4277,0.025238,6.1035e-05
672,673,3,-0.1821,543.57,589.77,0,533.14,622.37,555.39,552.81,0.012061,0.00048651,-1.0157,0.025354,0.00012207
673,674,3,-0.17042,525.79,580.8,0,508.63,611.07,537.54,560.08,0.005548,0.00016389,-1.1348,0.051978,0.00012207
674,675,0,-0.92481,416.45,566.24,0.23438,413.94,629.28,420.93,453.87,-0.0074647,0.16969,-1.4146,0.061776,6.1035e-05
675,676,1,-0.2644,363.11,446.6,0,339.62,494.45,395.3,381.02,0.013479,0.012438,-1.414,0.040645,6.1035e-05
676,677,1,-0.26348,376.1,444.82,0,358.41,480.88,396.15,403.95,-0.0046211,0.005173,-1.3875,0.014648,6.1035e-05
677,678,0,-0.62297,416.76,529.28,0,390.72,584.45,450.24,458.34,-0.018591,0.0061653,-1.5041,0.033227,6.1035e-05
678,679,3,-0.1743,520.4,564.27,0,525.18,597.41,516.44,536.81,0.011568,0.00053238,-1.2102,0.038177,0.00012207
679,680,0,-1.0331,444.88,551.48,0.40625,427.34,649.77,459.42,470.05,-0.010517,0.26933,-1.6556,0.034801,6.1035e-05
680,681,3,-0.18814,585.32,611.01,0,570.13,656.84,596.4,577.57,-0.0090386,0.0041693,-1.25,0.044301,0.00018311
681,682,0,-0.50369,347.41,426.55,0,328.27,497.86,365.39,359.57,-0.0030481,0.04594,-1.4718,0.010578,3.0518e-05
682,683,3,-0.19133,576.88,628.32,0,561.28,677.45,588.27,592.46,0.01011,0.0012825,-1.0669,0.024968,0.00012207
683,684,0,-0.35829,248.87,315.06,0,231.97,367.78,262.86,271.39,-0.0012792,0.0051625,-1.609,0.0013783,3.0518e-05
684,685,2,-0.24696,564.82,621.36,0,562.86,658.35,566.44,590.72,0.00068264,0.0018525,-1.1457,0.023015,0.00012207
685,686,3,-0.19016,562.89,621.69,0,550.46,658.35,577.89,577.45,0.00088194,0.0006417,-1.0164,0.024236,0.00012207
686,687,1,-0.35032,496.43,587.86,0,479.61,625.42,521.03,532.96,-0.0084203,0.0035578,-1.3863,0.025301,9.1553e-05
687,688,2,-0.17848,403.97,444.26,0,391.01,471.31,413.43,424.52,0.0016669,0.0010501,-1.2337,0.036804,6.1035e-05
688,689,1,-0.29165,425.76,492.62,0,405.3,556.23,441.68,443.15,-0.0023615,0.00093141,-1.7003,0.026373,6.1035e-05
689,690,3,-0.18273,540.31,590.26,0,525.6,617.83,555.02,562.68,0.0025795,0.00037212,-1.1336,0.027717,0.00012207
690,691,1,-0.2604,373.89,431.94,0,369.11,455.84,378.67,408.05,0.021458,0.00048717,-1.5045,0.0036846,6.1035e-05
691,692,0,-0.49329,352.26,426.78,0,326.41,492.34,375.06,368.93,-0.021685,0.0053166,-2.0092,0.011713,3.0518e-05
692,693,2,-0.22845,498.2,580.27,0,491.02,621.38,508.05,523.94,-0.00083734,0.00061831,-1.2696,0.015667,6.1035e-05
693,694,2,-0.24593,561.64,626.05,0,545.22,667.18,572.17,599.68,0.0079742,0.00038728,-1.1173,0.020259,0.00012207
694,695,0,-0.57591,404.05,501.69,0,378,586.42,424.31,435.8,-0.010301,0.02319,-1.6542,0.0048906,6.1035e-05
695,696,2,-0.20597,452.34,518.08,0,434.44,533.75,475.36,497.94,0.015534,0.00075997,-1.3443,0.015741,9.1553e-05
696,697,3,-0.19354,587.81,633.63,0,584.08,668.87,592.32,591.1,0.0086231,0.00038285,-1.0208,0.03028,0.00012207
697,698,2,-0.22617,510.58,578.05,0,506.03,626.46,514.58,535.33,-0.0014981,0.00048898,-1.3338,0.021609,0.00012207
698,699,2,-0.23505,541.75,600.92,0,546.11,670.27,538.77,553.47,-0.0027138,0.00032084,-1.3664,0.027092,0.00012207
699,700,1,-0.25738,374.87,448.88,0,360.47,482.46,388.39,417.32,0.0045934,0.0006607,-1.6684,0.0039433,3.0518e-05
700,701,1,-0.27561,387.71,469.11,0,360.86,527.52,424.5,389.07,-0.007564,0.0010109,-1.5286,0.021256,6.1035e-05
701,702,2,-0.21969,491.11,548.4,0,471.17,577.03,511.04,519.77,-0.004012,0.0003491,-1.3705,0.026262,0.00012207
702,703,3,-0.18532,581.21,619.28,0,556.52,670.68,600.42,579.3,0.0029455,0.00034781,-1.047,0.011513,0.00012207
703,704,2,-0.24442,542.82,629.69,0,523.88,684.53,559.54,581.3,-0.012093,0.00042742,-1.1585,0.022439,0.00012207
704,705,3,-0.16149,485.95,538.75,0,465.53,570.42,506.37,507.08,0.0057687,0.00037224,-1.0659,0.042721,0.00012207
705,706,2,-0.23173,529.75,626.08,0,529.84,686.27,529.69,587.49,0.0028493,0.00050753,-1.2127,0.017774,6.1035e-05
706,707,1,-0.27793,393.45,487.66,0,388.39,548.39,398.52,426.94,-0.015914,0.00044971,-1.4138,0.027754,6.1035e-05
707,708,1,-0.3172,456.47,556,0,448.77,616.16,462.08,512.11,0.0064284,0.0011116,-1.5846,0.046997,6.1035e-05
708,709,0,-0.70512,428.53,602.06,0.015625,414.57,685.21,451.79,463.48,-0.0078826,0.023121,-1.7342,0.022215,6.1035e-05
709,710,2,-0.22711,516.71,582.01,0,495.13,619.99,535.74,548.49,0.015876,0.0037311,-1.2075,0.033306,0.00012207
710,711,3,-0.16995,544.57,571.85,0,530.79,619.76,554.01,539.07,0.015557,0.00044589,-1.2114,0.026796,0.00012207
711,712,3,-0.16032,494.73,528.23,0,498.42,566.76,491.46,494.24,0.003424,0.00033027,-1.0131,0.026191,0.00012207
712,713,1,-0.29278,428.26,498.13,0,407.73,539.58,446.37,461.56,0.01794,0.00063419,-1.4337,0.034067,6.1035e-05
713,714,3,-0.2025,606.49,675.42,0,581.86,710.18,636.22,633.47,-0.0027776,0.0002432,-1.1067,0.020313,0.00012207
714,715,0,-0.54089,359.12,477.24,0,337.9,547.71,386.41,386.62,0.0042411,0.010281,-1.9025,-0.002172,6.1035e-05
715,716,0,-0.56665,389.53,499.5,0,372.63,586.39,407.52,407,-0.008441,0.0018609,-1.7463,0.0085772,6.1035e-05
716,717,1,-0.26427,361.03,448.43,0,350.46,520.73,376.48,342.77,-0.0074943,0.0018854,-1.5956,0.017485,6.1035e-05
717,718,1,-0.2957,434.64,510.22,0,435.24,591.87,434.07,433.52,0.012736,0.0010218,-1.5414,0.0077001,6.1035e-05
718,719,2,-0.22597,504.9,569.86,0,506.37,634.99,503.34,500.53,0.0012775,0.0006614,-1.3337,0.020814,0.00012207
719,720,3,-0.1967,583.32,652.06,0,573.54,690.71,595.9,602.37,0.0048249,0.00056081,-0.99844,0.021921,0.00018311
720,721,3,-0.17686,549.3,596.37,0,544.64,636.11,552.1,572.53,0.0037963,0.00028864,-1.1012,0.02467,0.00012207
721,722,2,-0.22532,511.82,573.85,0,496.22,600.11,533.19,537.86,-0.0086978,0.00030421,-1.3104,0.017661,6.1035e-05
722,723,3,-0.18671,574.48,631.98,0,574.9,686.45,574.19,594.7,-8.5414e-05,0.00021486,-0.9864,0.023788,0.00012207
723,724,1,-0.33177,471.46,562.08,0,460.19,624.07,485.96,482.38,-0.0078765,0.001096,-1.151,0.038072,9.1553e-05
724,725,2,-0.20706,462.78,527.44,0,450.92,570.2,474.64,484.68,0.0053665,0.00042848,-1.2178,0.0099904,9.1553e-05
725,726,3,-0.15427,468.05,525.08,0,454.92,554.23,481.18,495.94,0.0094226,0.00024753,-0.94442,0.031038,9.1553e-05
726,727,3,-0.17051,506.29,573.18,0,505.02,598.42,507.55,547.95,0.0080667,0.00013903,-1.0028,0.021335,0.00012207
727,728,0,-0.90946,424.6,532.96,0.29688,395.25,621.74,452.17,449.56,-0.03035,0.21259,-1.5795,0.039415,6.1035e-05
728,729,0,-0.60018,428.4,534.03,0,402.84,643.68,448.28,448.75,-0.014787,0.011311,-1.6434,0.012113,6.1035e-05
729,730,0,-0.54469,393.91,482.08,0,366.37,577.41,412.76,416.85,0.02256,0.012744,-1.5632,0.0068747,6.1035e-05
730,731,2,-0.2428,551.31,625.26,0,536.3,681.95,562.25,583.88,0.002053,0.0014453,-1.0795,0.034413,9.1553e-05
731,732,1,-0.25546,368.71,431.95,0,350.8,511.16,383.55,366.33,-0.016152,0.00071624,-1.363,0.039243,3.0518e-05
732,733,1,-0.32401,463.1,549.35,0,459.66,607.43,466.76,487.52,0.017989,0.0014122,-1.2164,0.032548,9.1553e-05
733,734,2,-0.19643,424.79,502.39,0,419.16,536.02,430.78,466.6,-0.0043338,0.00050526,-1.1658,0.02171,9.1553e-05
734,735,2,-0.21468,489.22,552.53,0,480.29,597.15,496.61,515.56,0.011845,0.00026951,-1.2327,0.024225,9.1553e-05
735,736,3,-0.16974,522.06,548.74,0,497.79,573.55,551.35,518.79,-0.0034534,9.6838e-05,-1.0138,0.040413,9.1553e-05
736,737,0,-0.4724,346.88,405.13,0,316.48,479.3,365.12,360.63,-0.00065881,0.0025239,-1.5027,0.0015851,3.0518e-05
737,738,1,-0.3204,461.06,547.5,0,447.89,598.96,472.68,502.09,-0.0060786,0.0015194,-1.3523,0.023335,9.1553e-05
738,739,3,-0.20147,602.65,659.09,0,592.77,710.57,613.85,600.74,0.031985,0.00038205,-0.84413,0.057031,0.00012207
739,740,2,-0.19083,439.56,489.41,0,419.84,517.5,454.9,467.57,-0.004279,0.00047927,-1.154,0.024279,9.1553e-05
740,741,1,-0.33363,480.62,568.8,0,459.45,604.77,503.16,530.52,0.002567,0.0011763,-1.3995,0.039017,6.1035e-05
741,742,3,-0.17831,560.91,589.73,0,543.93,631.51,572.53,561.13,0.0031857,0.00027539,-0.98664,0.02441,0.00012207
742,743,1,-0.30902,447.76,525,0,440.08,565.09,456.47,479.56,0.013259,0.00095002,-1.4755,0.029624,6.1035e-05
743,744,2,-0.23066,512.43,581.81,0,518.86,630.26,505.13,526.9,-0.006464,0.00033182,-1.0762,0.013058,6.1035e-05
744,745,1,-0.33925,477.8,584.25,0,461.4,632.01,498.88,522.84,0.0015273,0.00061959,-1.508,0.011554,6.1035e-05
745,746,3,-0.17834,562.14,583.88,0,534.62,602.46,579.77,571.97,-0.00084754,0.0003777,-1.1026,0.015054,0.00018311
746,747,2,-0.21323,484.08,527.36,0,474.32,563.23,491.21,501.19,-0.0044032,0.00021253,-1.4083,0.021629,6.1035e-05
747,748,2,-0.21072,466.1,515.03,0,454.96,553.52,476.58,478.87,-0.0069519,0.0002286,-1.1209,0.021526,6.1035e-05
748,749,0,-0.56201,376.89,466.32,0,361.4,526.16,395.59,394.09,-0.0080164,0.0044218,-1.3957,0.0087159,6.1035e-05
749,750,1,-0.31733,439.62,519.71,0,429.82,558.88,453.05,466.04,-0.017905,0.00073377,-1.1998,0.038134,6.1035e-05
750,751,0,-0.56487,391.83,492.24,0,373.41,576.45,408.09,417.95,-0.014873,0.0028976,-1.3844,0.064728,3.0518e-05
751,752,3,-0.16693,478.32,541.67,0,483.85,583.85,469.11,471.39,0.0044345,0.00069588,-0.98774,0.030799,9.1553e-05
752,753,2,-0.23192,497.54,579.49,0,491.72,601.7,505.51,549.05,0.00092361,0.00038142,-1.123,0.036529,0.00012207
753,754,3,-0.17093,524.84,562.19,0,513.31,608.97,534.4,523.42,0.0038539,0.00013662,-0.9345,0.025255,0.00012207
754,755,2,-0.22259,473.84,557.49,0,475,601.71,472.36,500.64,0.0072204,0.00020506,-0.93215,0.029494,6.1035e-05
755,756,3,-0.17053,515.51,543.39,0,501.59,570.85,527.78,519.17,0.00030554,0.00012407,-1.0574,0.01138,0.00012207
756,757,2,-0.24598,536.23,616.14,0,529.41,645.19,545.59,576.34,0.0053877,0.00026237,-1.1451,0.053754,0.00012207
757,758,1,-0.33185,478.17,559.47,0,468.56,606.41,488.4,509.49,0.0035111,0.0010999,-1.1579,0.0083766,6.1035e-05
758,759,0,-0.86736,439.04,553.87,0.21875,422.59,644.68,456.55,457.2,-0.014414,0.21469,-1.1739,0.047934,6.1035e-05
759,760,2,-0.19514,441.01,494.24,0,438.96,525.29,443.19,461.18,0.00049442,0.0058511,-1.1446,0.037403,9.1553e-05
760,761,0,-0.50841,369.88,450.01,0,347.33,512.59,387.42,401.34,-0.0017599,0.013339,-1.4561,0.012422,3.0518e-05
761,762,2,-0.21213,473.99,536.95,0,469.46,573.98,479.82,489.34,-4.5196e-05,0.0011195,-1.0178,0.026502,6.1035e-05
762,763,3,-0.19532,564.92,637.22,0,550.87,673.11,586.83,581.22,0.0037867,0.0003488,-0.90863,0.035402,0.00012207
763,764,3,-0.19524,566.81,632.12,0,558.1,660.4,581.31,584.99,0.0096077,0.0002707,-0.87568,0.023802,0.00012207
764,765,1,-0.38407,548.64,653.84,0,534.07,673,571.37,623.95,-0.011667,0.0033226,-1.0743,0.08269,0.00012207
765,766,2,-0.2469,561.63,625.47,0,558.75,672.29,563.87,589.04,0.00036206,0.0004753,-0.93742,0.073144,0.00012207
766,767,0,-0.57742,377.08,483.09,0,351.03,539.8,406.61,418.81,-0.017352,0.0028257,-1.4776,0.010435,6.1035e-05
767,768,2,-0.25567,550.02,626.38,0,529.25,650.33,582.42,589,-0.00061288,0.00030302,-0.90337,0.033678,0.00012207
768,769,1,-0.32632,458.24,550.12,0,449.68,572.93,471.6,514.53,-0.012192,0.00052349,-1.2773,0.018658,6.1035e-05
769,770,2,-0.24614,561.78,626.1,0,555.16,667.76,567.26,591.59,-0.00014981,0.00023695,-0.96857,0.019864,0.00012207
770,771,3,-0.1919,567.31,629.89,0,571.47,666.5,560.82,572.78,0.00022314,0.00025387,-0.89917,0.018765,0.00012207
771,772,3,-0.1589,479.98,530.25,0,482.31,568.19,478.17,500.74,-0.0037155,0.00044518,-1.0098,0.025791,6.1035e-05
772,773,0,-0.6167,401,512.47,0,379.28,582.96,428.92,421.84,0.0080132,0.004081,-1.6024,0.034396,6.1035e-05
773,774,2,-0.23494,523.79,596.58,0,524.39,653.89,523.27,546.01,-0.00097165,0.00051693,-1.2698,0.034883,9.1553e-05
774,775,3,-0.19878,589.58,643.24,0,579.14,691.26,603.01,581.51,-0.00034413,0.00019989,-0.97937,0.024925,0.00012207
775,776,1,-0.28196,403.13,483,0,386.81,520.65,416.66,451.81,-0.0027133,0.0010231,-1.5196,0.017681,6.1035e-05
776,777,0,-0.60302,410.82,526.39,0,387.67,612.31,431.24,450.58,0.0047127,0.0036038,-1.6225,0.011555,6.1035e-05
777,778,2,-0.23538,524.47,596.98,0,518.63,642.56,530.31,551.39,-0.0016924,0.00038776,-1.1328,0.034414,0.00012207
778,779,2,-0.2345,510.05,573.58,0,503.62,612.84,517.35,529.08,-0.0041712,0.00013902,-1.263,0.01776,0.00012207
779,780,0,-0.60594,391.01,497.41,0,368.59,551.63,425.98,412.81,-0.003573,0.0024336,-1.4415,0.030731,6.1035e-05
780,781,2,-0.21894,476.05,553.65,0,472.99,597.61,479.52,503.83,0.0021171,0.00027981,-1.3114,0.048336,9.1553e-05
781,782,3,-0.17709,526.3,562.62,0,513.07,586.94,542.27,533.27,0.0018422,0.0001395,-1.0554,0.017141,0.00012207
782,783,1,-0.35805,515.56,591.79,0,516.23,648.04,514.92,538.95,-0.0070777,0.0014062,-1.6241,0.012127,6.1035e-05
783,784,1,-0.32113,454.35,536.89,0,437.88,565.13,475.52,500.59,-0.0042661,0.00063273,-1.4847,0.04081,9.1553e-05
784,785,3,-0.20132,613.52,629.6,0,617.19,669.55,609.37,584.32,0.0044025,0.00036597,-1.1308,0.025511,0.00018311
785,786,2,-0.19328,424.79,477.84,0,422.05,498.83,428.1,452.5,0.014802,0.00087386,-1.1773,0.019295,6.1035e-05
786,787,2,-0.23975,550.33,596.12,0,533.3,637.91,561.24,569.32,0.0018937,0.0002399,-1.4412,0.017613,0.00012207
787,788,3,-0.1635,498.2,542.69,0,488.44,580.14,505.33,515.35,-0.0093127,0.00039399,-1.2132,0.089289,0.00012207
788,789,1,-0.27776,397.36,463.76,0,387.29,498.16,407.42,429.35,0.0090563,0.00090915,-1.5618,0.038793,6.1035e-05
789,790,3,-0.16772,500.71,544.05,0,489.02,573.69,514.82,508.28,0.0022614,0.00016372,-1.3474,0.0075046,0.00012207
790,791,1,-0.25446,372.45,424.59,0,345.02,482.95,399.88,366.24,-0.0021175,0.0012406,-1.3075,0.01039,6.1035e-05
791,792,1,-0.32853,472.13,561.84,0,470.97,627.31,473.3,496.38,-0.0028879,0.0017275,-1.4526,0.031911,6.1035e-05
792,793,3,-0.16871,509.33,553.64,0,511.18,598.52,507.49,508.76,0.002412,0.00051,-1.2542,0.020971,0.00012207
793,794,0,-0.73856,433.41,531.01,0.10938,410.46,623.88,454.96,443.77,-0.013696,0.067712,-1.643,0.015431,6.1035e-05
794,795,0,-0.78183,423.08,511.55,0.17188,407.16,580.63,441.12,433.26,-0.012124,0.11056,-1.6773,0.021902,6.1035e-05
795,796,3,-0.16192,480.04,518.1,0,464.35,555.01,497.83,476.26,0.011501,0.0027075,-1.1729,0.023261,9.1553e-05
796,797,2,-0.25009,549.17,619.47,0,545.35,664.7,553.24,571.33,0.0084382,0.00125,-1.2488,0.015397,0.00012207
797,798,1,-0.31591,468.78,541.98,0,456.64,588.08,479.49,501.31,0.024742,0.0018743,-1.3792,0.020381,6.1035e-05
798,799,0,-0.5604,405.68,477.91,0,381.29,581.01,421.32,411.82,-0.015806,0.018028,-1.7255,0.0047101,6.1035e-05
799,800,1,-0.27951,399.35,487.3,0,383.06,575.86,416.69,393.03,-0.0031557,0.001459,-1.5724,0.0068172,6.1035e-05
800,801,1,-0.27923,403.53,465.52,0,393.94,493.8,414.4,433.47,0.0073293,0.0024561,-1.5387,0.014472,6.1035e-05
801,802,0,-0.4563,316.92,398.78,0,299.5,457.94,335.46,335.79,-0.0098862,0.00093392,-1.6491,0.011105,3.0518e-05
802,803,1,-0.34223,501.67,583.97,0,484.38,622.86,521.27,539.9,-0.0039273,0.0029065,-1.4926,0.031624,6.1035e-05
803,804,0,-0.68414,428.35,563.2,0.03125,417.23,654.52,442.65,445.78,0.0022947,0.032425,-1.5039,0.0092623,6.1035e-05
804,805,2,-0.19959,440.09,509.5,0,444.13,541.7,436.73,482.82,-0.0058308,0.004261,-1.3221,0.037393,9.1553e-05
805,806,3,-0.17496,533.97,566.7,0,518.81,588.74,552.26,540.09,0.016362,0.00067181,-1.0852,0.027396,0.00012207
806,807,2,-0.2303,527.14,574.62,0,501.72,594.89,552.56,554.35,-0.00067547,0.00061828,-1.2802,0.011315,9.1553e-05
807,808,2,-0.24664,548.83,602.34,0,535.58,612.49,564.82,590.1,0.0047966,0.0007835,-1.1228,0.02144,0.00012207
808,809,3,-0.16013,488.72,543.24,0,464.36,575.63,511.6,512.82,0.014017,0.00032274,-1.0696,0.028372,9.1553e-05
809,810,2,-0.20999,488.92,513.1,0,462.55,528.95,510.76,499.96,0.0083223,0.00045412,-1.3282,0.014513,6.1035e-05
810,811,2,-0.22454,485.16,544.33,0,475.43,575.22,498.49,501.99,9.7097e-05,0.00046937,-1.2975,0.028366,6.1035e-05
811,812,2,-0.22652,512.46,573.16,0,500.2,618.52,521.99,537.88,0.0040992,0.00026441,-0.9529,0.030099,0.00018311
812,813,1,-0.3027,421.1,511.41,0,413.11,549.87,432.78,455.2,-0.003331,0.0014653,-1.3718,0.023183,6.1035e-05
813,814,3,-0.16058,477.21,551.44,0,458.69,584.71,495.73,518.17,0.0023005,0.00027688,-0.99906,0.046806,9.1553e-05
814,815,0,-1.5665,431.74,514.73,0.95312,426.36,609.31,436.2,436.37,-0.018925,0.78903,-1.5083,0.010115,3.0518e-05
815,816,0,-0.37513,267.82,324.91,0,251.08,369.85,283.55,282.7,-0.012645,0.11503,-1.4663,-0.0048867,3.0518e-05
816,817,3,-0.1816,548.27,569.82,0,510.41,603.89,579.64,541.6,0.0085216,0.0020583,-1.1135,0.032249,0.00012207
817,818,3,-0.19533,587.73,602.57,0,569.77,631.48,606.84,571.79,0.015317,0.0005791,-1.1299,0.068565,0.00012207
818,819,1,-0.33866,480.53,569.5,0,470.81,613.17,492.26,516.8,-0.011242,0.0015209,-1.2079,0.039558,0.00012207
819,820,3,-0.18344,530.09,595.97,0,522.46,612.53,543.67,566.44,-0.0045266,0.00036195,-0.96525,0.010822,0.00012207
820,821,3,-0.17774,528.67,555.69,0,512.54,588.99,546.95,517.96,0.0053754,0.00024128,-1.0444,0.038219,0.00012207
821,822,2,-0.22814,515.45,570.03,0,502.64,600.83,526.75,542.86,0.026214,0.00064494,-1.1686,0.026703,0.00012207
822,823,3,-0.15498,468.8,495.5,0,461.28,529.32,475.42,465.65,0.0041989,0.00034943,-0.87726,0.022666,9.1553e-05
823,824,2,-0.23323,532.39,594.33,0,528.38,636.33,535.13,565.6,0.019148,0.00048036,-1.1984,0.048694,0.00012207
824,825,0,-1.0609,431.13,552.23,0.40625,416.12,638.16,449.25,448.52,-0.0061037,0.24895,-1.3985,0.11323,6.1035e-05
825,826,0,-1.0749,441.93,566.77,0.40625,429.84,654.22,458.5,446.93,-0.0074883,0.18783,-1.1933,0.03047,6.1035e-05
826,827,2,-0.17864,401.98,450.62,0,402.58,491.6,401.41,412.11,-0.0040456,0.016912,-1.2453,0.0093753,6.1035e-05
827,828,1,-0.25987,382.9,422.81,0,370.36,454.38,393.29,396.65,-0.017099,0.0087176,-1.4047,0.027045,6.1035e-05
828,829,1,-0.30161,439.05,519.05,0,432.54,574.74,444.12,475.74,0.0026825,0.0041308,-1.4127,0.017976,6.1035e-05
829,830,1,-0.27349,394.92,453.73,0,388.91,467.88,401.73,437.68,-0.01185,0.0015104,-1.3419,0.079516,6.1035e-05
830,831,1,-0.30251,430.79,484.97,0,427.39,510.67,435.17,451.93,-0.012785,0.0029622,-1.58,0.018255,6.1035e-05
831,832,1,-0.34756,493.69,558.82,0,490.34,592.07,497.72,518.69,-0.0060662,0.001774,-1.4051,0.019387,0.00012207
832,833,0,-0.59291,420.47,506.38,0,395.51,587.16,441.16,439.44,-0.0021789,0.03375,-1.4819,-0.0085874,6.1035e-05
833,834,2,-0.2454,546.86,593.16,0,538.76,616.79,556.04,566.39,0.0020169,0.0017624,-1.1571,0.016784,0.00012207
834,835,1,-0.33239,473.6,528.62,0,467.19,562.15,481.33,488.16,-0.0042586,0.001503,-1.2871,0.0056057,9.1553e-05
835,836,3,-0.17832,538.2,547,0,527.85,579.62,546.78,519.97,0.005435,0.00099204,-1.2393,0.025746,0.00012207
836,837,2,-0.23491,533.95,581.89,0,516.64,633.9,546.59,543.94,-0.0012578,0.00046038,-1.3443,0.02474,0.00012207
837,838,2,-0.19736,438.03,475.5,0,431.71,498.46,445.19,449.48,-0.0012689,0.00027013,-1.1778,0.03502,6.1035e-05
838,839,2,-0.22689,520.32,555.25,0,507.29,591.68,528.13,533.39,-0.002422,0.00038092,-1.1944,0.025523,6.1035e-05
839,840,0,-0.54858,380.47,459.26,0,356.78,534.19,401.38,393.14,-0.0046382,0.0084619,-1.6498,0.0010224,6.1035e-05
840,841,1,-0.37139,532.13,629.92,0,528.88,678.5,535.58,578.21,-0.0067456,0.0036561,-1.3205,0.024526,6.1035e-05
841,842,0,-1.4504,444.16,519.99,0.84375,437.67,656.4,447.8,443.46,-0.010738,0.66399,-1.4006,0.035029,3.0518e-05
842,843,3,-0.19524,593.31,609.69,0,576.4,631.63,610.22,587.75,0.008702,0.0063048,-0.98466,0.014369,0.00012207
843,844,1,-0.275,375.91,441.77,0,368.74,468.72,388.68,393.74,0.00246,0.010221,-1.3283,0.02065,6.1035e-05
844,845,3,-0.17132,534.19,533.3,0,517.34,566.65,546.48,508.97,0.0032243,0.0018952,-1.2114,0.02547,0.00012207
845,846,2,-0.22222,487.35,540.94,0,477.12,585.29,500.49,483.92,-0.0030147,0.00044157,-1.1082,0.024481,9.1553e-05
846,847,1,-0.29751,430.19,496.55,0,420.69,522.74,439.11,471.94,-0.0089894,0.0004049,-1.3473,0.011122,6.1035e-05
847,848,1,-0.23993,342.02,399.12,0,332.08,458,352.61,336.45,-0.0008385,0.0016683,-1.2978,0.010382,6.1035e-05
848,849,1,-0.40551,601.96,673.53,0,590.31,723.82,611.02,634.42,-0.010724,0.0026818,-1.4246,0.051305,0.00012207
849,850,2,-0.2254,498.46,540.06,0,482.83,576.33,517.34,496.28,0.0040449,0.0015562,-1.1891,0.010474,9.1553e-05
850,851,2,-0.19271,433.58,471.65,0,433.87,498.39,433.32,448.05,-0.001378,0.00056139,-1.1241,0.014487,9.1553e-05
851,852,0,-0.55907,377.48,469.74,0,356.36,536.42,398.59,403.06,-0.0056327,0.04922,-1.668,0.0043172,6.1035e-05
852,853,1,-0.29939,430.08,499.04,0,427.41,521.91,432.3,480.08,0.0029255,0.003752,-1.0608,0.016214,6.1035e-05
853,854,0,-0.41293,282.46,339.03,0,267.96,378.46,297.9,297.06,-0.0038242,0.007039,-1.2029,0.0074172,3.0518e-05
854,855,1,-0.38618,549.08,647.47,0,544,694.38,554.84,594.31,-0.0014013,0.006542,-1.1063,0.014208,6.1035e-05
855,856,3,-0.18631,543.07,592.73,0,541.41,622.58,545.49,549.09,0.01079,0.0015215,-1.0521,0.02988,0.00012207
856,857,1,-0.36038,522.09,626.74,0,511.25,687.62,531.65,573.01,-0.0055817,0.0031945,-1.2534,0.0096733,6.1035e-05
857,858,3,-0.17216,496.93,539.84,0,495.44,577.48,498.85,491.44,-0.0045396,0.0012403,-0.9874,0.027306,0.00012207
858,859,1,-0.24961,369.94,411.19,0,343.54,456.1,391.82,373.98,0.0020865,0.0012847,-1.1779,0.0060495,6.1035e-05
859,860,3,-0.19355,595.08,613.14,0,575.8,637.46,613.19,590.3,-0.0046778,0.0001775,-0.88124,0.021454,0.00018311
860,861,0,-0.65015,419.89,553.01,0,405.8,622.66,439.19,457.57,-0.0034895,0.0093474,-1.2176,0.01354,6.1035e-05
861,862,3,-0.18899,564.27,621.81,0,544.32,647.89,586.89,592.26,0.0023387,0.00059826,-0.65193,0.012936,0.00012207
862,863,2,-0.22812,504.35,574.29,0,498.87,611.98,510.56,531.57,0.0042315,0.00038407,-0.64227,0.014385,6.1035e-05
863,864,3,-0.17752,542.46,589.85,0,531.8,618.2,549.76,570.45,5.6207e-05,0.00019679,-0.53168,0.025766,0.00012207
864,865,1,-0.25192,370.56,429.51,0,356.76,500.07,382.74,367.25,-0.0089858,0.0025751,-1.2398,0.0097632,6.1035e-05
865,866,0,-0.7024,437.23,559.89,0.03125,420.31,621.78,458.99,480.33,-0.008903,0.022413,-0.90882,0.030534,6.1035e-05
866,867,1,-0.34228,478.86,573.2,0,470.2,585.48,489.99,557.42,-0.0090086,0.0011423,-0.96904,0.0034881,6.1035e-05
867,868,0,-0.50345,364.45,455.22,0,339.79,530.24,382.44,400.48,0.0011129,0.01875,-1.4246,0.0047724,6.1035e-05
868,869,3,-0.17093,523.8,574.23,0,506.6,600.2,536.35,555.27,0.001511,0.00059537,-0.71016,0.017541,0.00012207
869,870,3,-0.19857,605.62,647.05,0,579.74,662.41,627.05,634.32,0.00704,0.00043645,-0.60986,0.038793,0.00018311
870,871,2,-0.2176,471.44,542.53,0,458.21,563.02,487.41,517.8,-0.0018465,0.00030305,-0.91158,0.0097601,6.1035e-05
871,872,3,-0.18289,566.54,612.25,0,544,650.19,580.07,589.49,-0.0024161,0.00030819,-0.53107,0.040999,0.00018311
872,873,2,-0.20916,460.23,523.53,0,454.87,566.13,465.59,480.93,-0.0034701,0.00023716,-0.7659,0.016265,9.1553e-05
873,874,1,-0.31215,455.95,538.45,0,444.52,553.46,466.03,525.22,-0.008593,0.0021119,-1.019,0.01673,6.1035e-05
874,875,0,-0.5944,393.23,505.86,0,378.09,570.1,409.34,437.47,-0.007729,0.0036681,-1.1968,0.018041,6.1035e-05
875,876,3,-0.1588,501.66,555.55,0,476.68,567.9,514.74,549.09,-0.00023032,0.0008039,-0.89175,0.017416,0.00012207
876,877,2,-0.25038,541.37,623.06,0,540.35,653.78,542.68,583.56,0.010721,0.00054407,-0.95341,0.032295,0.00012207
877,878,3,-0.18542,550.77,623.38,0,522.23,643.04,585.22,599.66,-0.0025826,0.00022215,-0.8645,0.045027,0.00012207
878,879,2,-0.21223,458.62,533,0,449.47,557.19,470.39,501.9,-0.00033705,0.00028441,-0.86613,0.029231,9.1553e-05
879,880,3,-0.16765,503.14,570.08,0,491.58,592.34,511.04,554.85,0.01036,0.00011605,-0.85941,0.04958,0.00012207
880,881,0,-0.603,402.36,511.56,0,387.58,564.78,420.2,447.32,0.00056119,0.0020066,-1.1804,0.0076859,6.1035e-05
881,882,0,-0.56025,381.05,486.75,0,360.7,556.26,397.92,429.16,0.021148,0.0035716,-1.4123,0.0083722,6.1035e-05
882,883,2,-0.24583,543.12,615.78,0,540.57,638.79,545.38,595.47,-0.0017365,0.00053443,-0.97335,0.038296,0.00012207
883,884,0,-0.61036,394.52,513.59,0,376.7,575.43,418.94,428.84,0.019776,0.004681,-1.3019,0.013618,6.1035e-05
884,885,2,-0.18426,394.66,471.1,0,393.11,494.28,396.54,443.13,0.010758,0.00046782,-0.86221,0.026961,9.1553e-05
885,886,0,-0.63358,412.81,535.66,0,394.19,608.19,433.91,453.45,-0.0064086,0.0035425,-1.5012,0.011329,6.1035e-05
886,887,3,-0.17736,539.59,612.85,0,507.36,633.03,568.03,595.04,0.016761,0.0006243,-0.7371,0.029506,9.1553e-05
887,888,2,-0.23322,522.79,606.02,0,522.06,655.28,523.44,562.55,0.0091558,0.0012036,-0.94392,0.019182,0.00012207
888,889,0,-0.51231,318.06,426.79,0,309.12,467.39,334,354.42,0.019552,0.010361,-1.2431,-0.0024061,3.0518e-05
889,890,3,-0.15486,446.88,519.57,0,434.18,533.44,465.44,499.3,-0.0027888,0.0010233,-0.72552,0.038308,9.1553e-05
890,891,2,-0.24473,535.82,621.21,0,526.75,660.22,544.9,582.2,0.0070681,0.0013053,-0.82493,0.027157,0.00012207
891,892,3,-0.18767,550.45,626.1,0,531.53,632.41,578.11,616.87,-0.0013636,0.00064487,-0.60023,0.0079303,0.00012207
892,893,1,-0.30208,426.62,506.53,0,410.73,539.54,440.64,477.4,0.0016364,0.0011312,-1.2003,0.037542,6.1035e-05
893,894,2,-0.22323,488.41,556.63,0,471.87,585.83,503.94,529.2,-0.0006421,0.00036345,-0.88162,0.019102,6.1035e-05
894,895,1,-0.26576,362.03,460.03,0,365.48,511.31,357.59,394.09,-0.013499,0.0007315,-1.1239,0.03005,6.1035e-05
895,896,1,-0.26665,398.69,469.78,0,388.06,512.99,403.51,450.14,-0.02318,0.00048417,-1.1496,0.017671,6.1035e-05
896,897,1,-0.27638,393.83,462.47,0,386.43,497.24,400.36,431.79,-0.01023,0.00037881,-1.3697,0.0087669,6.1035e-05
897,898,1,-0.25091,364.06,434.12,0,356.01,456.49,371.18,414.38,0.0077694,0.0011716,-1.2067,0.025241,6.1035e-05
898,899,0,-0.52879,359.44,460.04,0,344.7,522.78,370.9,411.24,0.011166,0.0042438,-0.96455,0.01646,6.1035e-05
899,900,3,-0.18783,542.23,615.51,0,528.57,643.4,560.95,577.28,0.0062315,0.00025665,-0.9612,0.029812,0.00012207
900,901,1,-0.30153,425.85,506.77,0,427.66,532.15,423.81,478.01,0.0086418,0.00088528,-1.2486,0.035404,6.1035e-05
901,902,0,-0.56004,397.29,484.64,0,366.36,553.33,421.34,431.22,0.0051243,0.0027245,-1.48,0.017041,6.1035e-05
902,903,2,-0.22342,494.8,552.22,0,480.06,593.52,507.8,515.77,-0.0040841,0.00019481,-1.0268,0.023476,9.1553e-05
903,904,1,-0.34377,479.26,585.67,0,474.55,635.35,483.98,535.99,-0.0050063,0.0014814,-1.002,0.020026,0.00012207
904,905,1,-0.31219,439.18,531.85,0,434.24,560.91,445.53,494.48,-0.0015515,0.00071169,-1.2816,0.016144,6.1035e-05
905,906,2,-0.22104,472.94,570.88,0,457.15,589.84,492,548.01,-0.0017507,0.00049498,-1.2538,0.023833,6.1035e-05
906,907,1,-0.23935,344.41,419.18,0,333.13,461.05,353.76,384.48,-0.011917,0.00081252,-1.1784,0.0072728,6.1035e-05
907,908,0,-0.62648,420.07,526.84,0,401.05,591.94,440.32,457.54,-0.0021043,0.0035034,-1.637,0.006399,6.1035e-05
908,909,0,-0.56292,379.04,493.3,0,356.73,568.49,397.53,431,-0.0082348,0.0022809,-1.3273,-0.0013129,3.0518e-05
909,910,2,-0.24066,532.75,601.66,0,517.5,623.03,548,580.3,0.0004759,0.00036513,-1.4869,0.014972,9.1553e-05
910,911,3,-0.17732,540.66,577.96,0,510.49,597.56,562.67,563.65,0.0061833,0.0001565,-1.347,0.014148,0.00012207
911,912,3,-0.18527,563.82,588,0,540.85,611.41,586.79,564.59,0.0035727,0.000128,-1.4221,0.040641,0.00012207
912,913,2,-0.1837,407.71,468.59,0,391.24,497.47,422.24,443.12,0.00058594,0.00022484,-1.7242,0.015229,6.1035e-05
913,914,1,-0.34613,478.01,563.79,0,463.67,580.17,507.39,530.23,0.00049093,0.0014164,-1.483,0.025243,6.1035e-05
914,915,3,-0.16853,510.82,553.98,0,487.14,574.7,531.71,535.7,0.0034474,0.0002226,-1.3922,0.032927,0.00012207
915,916,2,-0.24228,545.51,595.12,0,529.29,625.06,558.95,570.32,0.0071466,0.0002621,-1.3324,0.04588,0.00012207
916,917,1,-0.33242,481.09,570.24,0,469.95,605.64,492.23,534.84,0.010974,0.0011294,-1.3826,0.014073,6.1035e-05
917,918,2,-0.20335,462.56,515.8,0,440.35,531.74,482.15,501.73,0.00018508,0.00036702,-1.2237,0.020899,6.1035e-05
918,919,1,-0.28501,395.17,483.8,0,379.44,518.32,415.39,439.42,-0.0078737,0.00089702,-1.4241,0.0032324,6.1035e-05
919,920,0,-0.53479,358.85,450.37,0,334.22,506.19,385.07,390.95,0.01901,0.0047654,-1.4435,-0.0021991,3.0518e-05
920,921,3,-0.17746,537.89,586.26,0,513.35,623.11,559.55,553.75,-0.0040614,0.00025195,-1.1603,0.027399,0.00012207
921,922,3,-0.19918,588.13,641.31,0,578.34,668.33,600.71,606.57,0.0025577,0.00039023,-1.2062,0.020629,0.00012207
922,923,1,-0.34251,502.27,590.86,0,478.8,635.31,521.72,554.03,-0.0061232,0.0029414,-1.4871,0.028876,6.1035e-05
923,924,3,-0.177,541.48,591.53,0,523.45,621.38,560.67,559.76,0.0012137,0.00057244,-1.3425,0.029348,0.00012207
924,925,3,-0.16644,511.94,535.43,0,493.73,559.1,528.01,514.54,0.0057344,0.00020356,-1.2086,0.018914,6.1035e-05
925,926,1,-0.29415,423.26,490.03,0,422.57,517.74,424.03,458.62,-0.00084007,0.00074445,-1.1912,0.025599,6.1035e-05
926,927,2,-0.23865,539.44,607.44,0,515.02,642.94,565.44,569.65,0.0032316,0.00033569,-1.2093,0.042307,0.00012207
927,928,3,-0.1594,485.68,514.99,0,466.91,527.23,500.27,505.47,-0.0016237,0.00026966,-1.33,0.016883,9.1553e-05
928,929,2,-0.19255,424.33,487.48,0,405.3,502.16,448.8,468.61,0.0036889,0.00021248,-1.4873,0.025868,9.1553e-05
929,930,2,-0.19909,465.3,497.87,0,441.33,530.23,479.68,478.46,-0.0069309,0.00017063,-1.6026,0.023905,6.1035e-05
930,931,2,-0.23336,514.43,568.56,0,500.62,589.9,530.09,544.37,-0.0034868,0.00024946,-1.4283,0.029837,0.00012207
931,932,1,-0.25897,378.92,427.45,0,374.64,453.54,383.48,399.69,-0.008262,0.00030892,-1.597,0.02973,3.0518e-05
932,933,0,-0.60642,401.36,513.96,0,380.88,588.35,424.58,429.65,-0.0020883,0.0071148,-1.6024,0.028516,6.1035e-05
933,934,3,-0.1757,538.23,552.91,0,519.41,573.19,552.87,537.13,-0.0077344,0.00080292,-1.499,0.035644,0.00012207
934,935,2,-0.21298,468.93,526.71,0,454.99,547.29,486.84,500.25,0.0098251,0.00061272,-1.7312,0.024951,9.1553e-05
935,936,1,-0.35141,505.92,597.5,0,479.66,645.24,533.87,546.69,0.018556,0.0014766,-1.7402,0.018777,6.1035e-05
936,937,1,-0.31037,445.62,515.54,0,436.15,544.27,456.35,482.97,-0.0043852,0.00098009,-1.8933,0.020396,6.1035e-05
937,938,0,-0.44459,335.52,391.74,0,309.21,463.25,349.3,354.29,-0.00075172,0.0060773,-1.725,0.0031323,3.0518e-05
938,939,2,-0.20307,443.38,489.12,0,434.55,509.96,456.28,458.67,0.0095326,0.00043947,-1.6097,0.0094234,9.1553e-05
939,940,3,-0.18423,589.14,577.55,0,564.74,602.27,606.94,559.51,0.0056512,0.00027962,-1.5725,0.020355,0.00018311
940,941,0,-0.54122,344.05,452.65,0,326.32,502.46,373.61,369.64,0.002062,0.0030726,-1.8879,0.0015164,3.0518e-05
941,942,3,-0.18907,566.45,589.64,0,555.34,620.17,579.85,552.8,0.006374,0.00022011,-1.6202,0.019275,0.00012207
942,943,3,-0.17053,540.41,568.42,0,516.19,605.22,556.98,543.24,0.02799,0.00015693,-1.6784,0.03937,0.00012207
943,944,1,-0.30593,450.82,518.88,0,443.05,589.74,458.12,452.32,-0.013613,0.0011907,-1.9091,0.020921,6.1035e-05
944,945,2,-0.25313,580.8,624.02,0,565.55,649.53,594.26,601.52,0.0025568,0.00050415,-1.4617,0.01865,0.00012207
945,946,3,-0.1676,523.41,543.14,0,518.04,598.13,526.22,514.33,0.0053241,0.00016932,-1.7823,0.025775,0.00012207
946,947,1,-0.22377,323.95,374.41,0,303.21,422.37,347.44,320.06,-0.0098213,0.0012943,-1.6216,-0.0004816,6.1035e-05
947,948,3,-0.16155,489.78,518.58,0,487.2,541.86,491.91,499.3,0.0057409,0.00011912,-1.6623,0.0309,9.1553e-05
948,949,1,-0.23325,363.81,412.3,0,332.8,455.74,382.41,386.23,-0.0068059,0.00053198,-1.5703,0.020947,6.1035e-05
949,950,0,-0.59508,405.28,505.85,0,388.22,585,422.34,426.71,-0.015127,0.0016277,-1.7407,0.014573,6.1035e-05
950,951,3,-0.19337,586.07,614.92,0,565.45,650.38,608.02,577.17,0.0016688,0.00015204,-1.4678,0.030907,0.00012207
951,952,0,-0.58423,403.54,486.85,0,378.75,556.36,422.81,432.78,0.0042924,0.0012871,-1.3447,0.016123,6.1035e-05
952,953,3,-0.18368,552.05,600.42,0,537.08,643,570.11,549.03,0.0054274,0.00017193,-1.6051,0.013684,0.00012207
953,954,3,-0.18409,548.75,581.64,0,539.05,608.82,558.45,554.46,0.0095134,0.00013959,-1.4596,0.030486,0.00012207
954,955,1,-0.22453,302.13,363.62,0,287.69,396.49,326.19,308.83,-0.0051019,0.0028068,-1.8617,-0.00099265,3.0518e-05
955,956,3,-0.16881,523.89,539.31,0,505.65,570.91,534.84,520.36,0.0045338,0.00013995,-1.5578,0.013044,0.00012207
956,957,0,-0.72068,434.04,524.7,0.078125,411.65,590.15,459.43,450.53,-0.028874,0.055335,-1.8991,0.013603,6.1035e-05
957,958,0,-0.52954,381.37,446.8,0,354.12,508.73,402.56,398.63,0.0076409,0.017148,-1.8983,0.021076,6.1035e-05
958,959,0,-0.47125,311.19,384.28,0,292.78,425.76,333.4,334.22,-0.00851,0.016278,-1.6529,0.0019817,3.0518e-05
959,960,3,-0.18749,556.64,599.99,0,534.38,634.09,576.28,569.91,0.030907,0.00076853,-1.3818,0.047615,0.00012207
960,961,3,-0.16644,486.93,533.83,0,471.13,551.07,504.83,514.29,0.0026626,0.00020725,-1.3295,0.021534,9.1553e-05
961,962,0,-0.55682,373.5,464.88,0,354.68,511.46,399.29,401.04,-0.034178,0.016551,-1.915,0.028926,6.1035e-05
962,963,2,-0.21636,468.74,545.48,0,454.32,565.42,486.15,521.4,0.0069317,0.00049653,-1.4433,0.056316,6.1035e-05
963,964,2,-0.22698,518.92,552.85,0,501.96,582.02,529.8,534.14,7.5797e-05,0.00053745,-1.5905,0.037028,0.00012207
964,965,1,-0.29327,436.77,492.89,0,437.14,552.81,436.58,461.5,-0.01835,0.0010806,-1.6494,0.066361,6.1035e-05
965,966,2,-0.22638,506.78,553.47,0,500.36,595.76,511.46,522.61,0.00036475,0.00019945,-1.6173,0.10852,0.00012207
966,967,3,-0.1792,519.94,563.59,0,510.06,588.56,531.87,533.46,0.0055698,0.00026012,-1.4964,0.064154,0.00012207
967,968,0,-0.59185,403.19,483.32,0,376.95,541.56,431.13,421.32,-0.00080947,0.0019377,-1.8849,-0.00039703,6.1035e-05
968,969,2,-0.2287,499.39,538.09,0,498.83,566.65,500.06,503.61,0.00059417,0.00041961,-1.5067,0.026134,6.1035e-05
969,970,3,-0.18455,546.29,584.14,0,544.23,615.29,548.78,546.55,-0.00074005,0.00023667,-1.41,0.040268,0.00012207
970,971,2,-0.1976,446.04,491,0,439.48,520.47,451.15,468.07,-0.00046166,0.00022512,-1.6571,0.064481,6.1035e-05
971,972,2,-0.21386,456.29,511.13,0,448.17,534.58,472.92,463.11,0.012509,0.00018308,-1.6824,0.029467,0.00012207
972,973,3,-0.17026,515.94,550.15,0,507.19,581.97,525.86,514.08,0.0082788,0.00036833,-1.3495,0.061137,9.1553e-05
973,974,1,-0.31262,455.94,523.78,0,449.77,545.24,462.12,502.31,-0.0099511,0.00091736,-1.8661,0.038789,9.1553e-05
974,975,0,-0.60216,412.48,524.13,0,399.23,609.28,424.93,444.15,-0.019359,0.0021477,-1.6145,0.057596,6.1035e-05
975,976,1,-0.24677,354.52,415.03,0,350.54,449.35,359.33,373.62,0.0060792,0.0019318,-1.6364,0.020057,3.0518e-05
976,977,3,-0.19272,574.55,610.7,0,576.47,649.24,572.63,572.17,0.0068381,0.00021726,-1.3332,0.025096,0.00012207
977,978,3,-0.18955,555.03,580.08,0,538.49,605.15,574.98,549.82,0.010708,0.00018755,-1.4216,0.030137,0.00012207
978,979,2,-0.23593,520.29,585.96,0,531.03,634.7,511.39,545.57,-0.0020884,0.00022811,-1.4142,0.023588,9.1553e-05
979,980,0,-0.48275,334.56,416.76,0,311.75,474.2,354.68,366.09,-0.0082706,0.0087203,-1.8785,0.0036586,3.0518e-05
980,981,2,-0.21612,493.18,538.74,0,480.47,598.48,502.46,495.14,0.00010194,0.00045484,-1.5641,0.027285,9.1553e-05
981,982,3,-0.18024,550.96,578.2,0,528.68,591.62,567.23,568.42,0.0047384,0.00028715,-1.2631,0.041576,0.00012207
982,983,1,-0.29376,424.9,485.33,0,410.92,532.1,438.03,441.39,0.0075652,0.0016087,-1.7566,0.013344,9.1553e-05
983,984,0,-0.5027,332.18,422.6,0,308.91,473.56,362.1,357.08,0.0074531,0.0032399,-1.8315,0.0006557,6.1035e-05
984,985,0,-0.46853,336.12,420.42,0,311.15,492.73,356.82,360.52,-0.0037143,0.0021712,-1.2734,0.01848,3.0518e-05
985,986,0,-0.55817,373.11,474.74,0,347.16,552.2,397.48,401.98,-0.0033874,0.0031912,-1.8596,0.0095644,3.0518e-05
986,987,3,-0.16607,491.56,538.65,0,482.95,564.16,504.15,501.35,0.0026147,0.0015382,-1.5488,0.027116,9.1553e-05
987,988,3,-0.14455,441.16,484.55,0,425.81,515.31,453.09,460.63,0.015455,0.00046391,-1.5881,0.05555,0.00012207
988,989,2,-0.22832,516.54,574.7,0,515.53,611.41,517.28,547.92,0.0027486,0.00040078,-1.6528,0.036974,9.1553e-05
989,990,1,-0.36712,528.03,626.23,0,514.27,679.28,541.79,573.19,0.015161,0.0021317,-1.7622,0.081823,6.1035e-05
990,991,0,-0.5048,387.29,444.43,0,352.14,529.4,405.69,399.91,-0.030546,0.0014096,-2.0823,0.0049921,6.1035e-05
991,992,3,-0.15934,486.05,496.98,0,481.95,526.19,490.15,467.77,0.0028076,0.00087985,-1.6606,0.010604,0.00012207
992,993,3,-0.1861,556.79,608.66,0,543.33,639.41,568.66,581.53,-0.00031431,0.00021092,-1.7039,0.024074,0.00012207
993,994,1,-0.3436,482.04,580.11,0,478.56,617.27,486.23,535.25,0.0039523,0.00096966,-1.6485,0.018081,9.1553e-05
994,995,2,-0.24575,537.62,606.01,0,529.59,631.2,547.95,573.62,-0.0036317,0.00043498,-1.7208,0.052732,6.1035e-05
995,996,0,-0.69603,424.69,520.84,0.078125,401.86,623.46,443.62,435.81,-0.012957,0.08104,-2.2365,0.00615,6.1035e-05
996,997,0,-0.6068,400.88,511.82,0,379.44,572.46,430.26,428.73,-0.01578,0.0027658,-2.1024,0.029679,6.1035e-05
997,998,1,-0.28136,404.56,458.07,0,392.11,476,418.67,437.75,0.0052156,0.0019689,-1.9372,0.049055,6.1035e-05
998,999,0,-0.58506,381.79,483.82,0,367.72,552.4,399.88,395.64,-0.017308,0.0019153,-2.0235,0.042317,6.1035e-05
999,1000,0,-0.45042,307.12,379.66,0,293.15,433.05,325.08,311.01,-0.011881,0.0090063,-1.8632,0.0063702,3.0518e-05
1000,1001,0,-0.52717,383.87,458.03,0,358.14,540.4,402.64,397.92,-0.0082082,0.0036854,-1.5334,0.012982,6.1035e-05
1001,1002,3,-0.17467,518.68,563.14,0,516.95,578.88,520.63,545.3,-0.0010011,0.00019186,-1.481,0.037033,0.00012207
1002,1003,0,-0.56011,355.03,466.18,0,339.29,516.52,385.08,370.09,-0.0052837,0.0033453,-2.0414,0.013255,6.1035e-05
1003,1004,0,-0.6413,423.42,531.62,0,402.67,602.38,450.11,440.63,-6.6835e-05,0.0050169,-1.8159,0.025501,6.1035e-05
1004,1005,1,-0.28211,426.48,476.06,0,414.31,528.76,435.94,435.08,-0.0073543,0.0026723,-1.972,0.047233,9.1553e-05
1005,1006,1,-0.28296,416.43,484.24,0,404.1,516.41,427.31,455.85,-0.0058117,0.00087169,-1.9845,0.0084519,6.1035e-05
1006,1007,3,-0.14425,428.32,463.49,0,426.56,491.2,430.31,432.09,0.010997,0.0005109,-1.6381,0.031959,6.1035e-05
1007,1008,1,-0.26281,381.46,448.44,0,372.25,485.69,390.66,411.2,-0.0087303,0.0011326,-1.7666,0.01928,3.0518e-05
1008,1009,2,-0.21991,499.98,559.55,0,482.82,597.33,516.1,524.07,-0.0070124,0.00027004,-1.5405,0.028989,9.1553e-05
1009,1010,3,-0.18663,573.53,580.88,0,551.78,604.75,591.55,561.1,0.012225,0.00020787,-1.6552,0.015925,0.00012207
1010,1011,1,-0.28845,424.87,483.95,0,419.51,496.43,428.3,475.95,-0.0039275,0.00054013,-1.9486,0.040072,6.1035e-05
1011,1012,0,-0.75566,432.87,532.29,0.125,412.56,618.81,454.49,440.19,-0.012403,0.078532,-1.9506,0.005796,6.1035e-05
1012,1013,1,-0.26159,378.07,425.71,0,357.48,445.31,402.92,402.06,-0.0082633,0.0082073,-1.976,0.0040768,6.1035e-05
1013,1014,0,-0.5255,379.88,449.08,0,347.33,525,403.63,393.68,-0.013333,0.018272,-1.9058,0.025061,6.1035e-05
1014,1015,1,-0.2862,423.36,468.16,0,402.88,502.45,442.6,435.95,0.0085296,0.0025235,-2.1066,0.004573,6.1035e-05
1015,1016,0,-0.47833,357.16,413.25,0,328.71,479.43,379.29,361.78,-0.02224,0.0043299,-1.9283,0.010122,6.1035e-05
1016,1017,3,-0.19819,587.99,642.43,0,572.29,675.85,604.69,606.85,-0.0010517,0.00077327,-1.5173,0.034516,0.00012207
1017,1018,3,-0.1748,516.33,559.35,0,504.44,589.64,530.69,522.8,0.012055,0.000274,-1.3764,0.022908,0.00012207
1018,1019,0,-0.51268,359.26,439.16,0,330.37,508.04,386.39,374.45,0.0057825,0.0028921,-2.1131,0.0097267,6.1035e-05
1019,1020,1,-0.33512,479.31,547.07,0,465.42,593.25,494.09,497.92,-0.0042195,0.00089938,-2.1181,0.027829,6.1035e-05
1020,1021,0,-0.57137,395.16,488.38,0,366.72,555.96,427.39,411.79,-0.019669,0.0024356,-2.1942,0.0042079,6.1035e-05
1021,1022,0,-0.77824,429.63,530.25,0.14062,406.78,609.98,453.95,445.37,-0.013352,0.094372,-1.9507,0.029976,6.1035e-05
1022,1023,0,-0.60987,378.2,504.39,0,356.6,556.12,422.42,398.47,-0.013159,0.005284,-2.1396,0.0023115,6.1035e-05
1023,1024,3,-0.18178,577.24,567.79,0,549.87,598.13,595.97,547.04,-0.0010222,0.001579,-1.55,0.02364,0.00012207
1024,1025,0,-0.71772,428.51,560.97,0.046875,409.03,622.11,458.9,465.6,0.0054002,0.035339,-1.8841,0.0020278,6.1035e-05
1025,1026,3,-0.18579,545.07,603.72,0,540.36,626.68,551.97,570.17,-0.0002309,0.0013985,-1.4576,0.030853,0.00012207
1026,1027,3,-0.19874,606.4,625.96,0,589.64,661.15,621.19,594.91,0.002891,0.00038431,-1.5582,0.0173,0.00018311
1027,1028,2,-0.22121,516.32,551.07,0,499.78,604.99,528.4,511.72,-0.00085889,0.00038531,-1.7709,0.036018,6.1035e-05
1028,1029,0,-0.56641,408.19,481.79,0,375.12,554.38,433.91,425.33,-0.014542,0.0075749,-2.1709,0.021904,6.1035e-05
1029,1030,0,-0.5533,401.6,485.25,0,368.4,583.81,424.31,417.81,-0.04036,0.0013892,-2.0672,0.013578,6.1035e-05
1030,1031,2,-0.23113,508.71,570.92,0,499.1,588.52,520.31,549.69,0.0038604,0.0012753,-1.5762,0.035089,6.1035e-05
1031,1032,3,-0.16709,519.92,558.89,0,499.21,607.33,533.21,527.84,0.01843,0.00030556,-1.4047,0.034171,0.00012207
1032,1033,0,-0.55827,363.36,473.66,0,340.16,534.89,391.36,399.76,-0.016489,0.0018901,-1.9671,0.017302,6.1035e-05
1033,1034,1,-0.35351,516.95,592.46,0,511.91,615.64,522,569.28,-0.0007113,0.0027271,-1.9634,0.0087531,6.1035e-05
1034,1035,1,-0.27741,396.93,456.21,0,379.21,475.14,422.83,428.55,-0.0068117,0.001232,-1.8929,0.02827,6.1035e-05
1035,1036,0,-0.53927,361.3,453.98,0,342.38,521.14,381.43,382.47,-0.021314,0.0018793,-2.0547,0.0223,6.1035e-05
1036,1037,1,-0.27784,401.33,446.18,0,385.18,481.83,420.81,403.15,0.00027278,0.00076328,-1.8799,0.03474,6.1035e-05
1037,1038,2,-0.22052,503.88,542.51,0,488.93,572.25,520.83,508.8,-0.0018557,0.00050362,-1.6386,0.022743,6.1035e-05
1038,1039,0,-0.47999,325.57,398.21,0,306.25,452.17,347.45,337.06,-0.0079592,0.0015054,-1.8733,0.0072005,3.0518e-05
1039,1040,1,-0.2513,369.83,426.7,0,353.6,470.9,384.16,387.7,-0.0048151,0.00059993,-1.714,0.019092,6.1035e-05
1040,1041,0,-0.56001,409.57,489.31,0,375.69,570.51,435.92,426.16,-0.014902,0.0035389,-1.8606,0.010061,6.1035e-05
1041,1042,1,-0.32537,460.45,527.76,0,453.24,566.25,469.15,481.31,-0.0048907,0.00061176,-1.8241,0.0070573,6.1035e-05
1042,1043,1,-0.33492,477.01,549.57,0,469.94,566.62,486.7,526.2,-0.0051941,0.0011447,-1.7983,0.0099529,9.1553e-05
1043,1044,3,-0.17313,512.85,554.13,0,495.67,586.26,534.95,512.83,0.0028844,0.00068028,-1.3538,0.033596,9.1553e-05
1044,1045,3,-0.17681,533.98,581.36,0,525.31,613.06,541.63,553.39,-0.010043,0.00021356,-1.3581,0.012961,0.00012207
1045,1046,2,-0.1939,415.51,482.89,0,407.36,508.94,428.23,442.24,-0.0026925,0.00053733,-1.4603,0.016185,6.1035e-05
1046,1047,1,-0.26716,377.61,443.22,0,359.38,505.24,401.05,363.48,-0.0036692,0.0012484,-1.7668,0.017345,6.1035e-05
1047,1048,0,-0.89293,436.26,560.63,0.21875,420.81,633.4,456.14,467.07,-0.0071444,0.1498,-1.9424,0.016139,3.0518e-05
1048,1049,3,-0.18586,577.21,588.48,0,553.76,632.46,594.32,556.38,0.0087231,0.0045349,-1.275,0.020656,0.00012207
1049,1050,3,-0.16956,513.81,547.43,0,504.48,595.12,522.58,502.64,0.00051901,0.0020258,-1.385,0.030679,6.1035e-05
1050,1051,3,-0.15895,470.26,494.89,0,465.21,519.77,476.35,464.88,0.00020884,0.0010431,-1.3847,0.014633,9.1553e-05
1051,1052,1,-0.28803,422.4,481.69,0,417.35,508.27,427.15,456.73,-0.0070776,0.0019309,-1.7661,0.0063481,6.1035e-05
1052,1053,0,-0.53292,369.63,452.4,0,342.16,517.27,398.88,383.34,-0.0013791,0.023241,-1.951,-0.0067616,3.0518e-05
1053,1054,3,-0.15974,478.97,508.87,0,456.55,532.35,504.39,482.26,0.00043304,0.0011365,-1.3565,0.042918,0.00012207
1054,1055,1,-0.29601,430.56,491.21,0,433.01,529.93,427.95,449.98,-0.0078109,0.0014949,-2.1037,0.0062003,6.1035e-05
1055,1056,3,-0.1817,549.05,586.29,0,540.2,628.23,556.85,549.29,0.0069729,0.0010093,-1.37,0.028102,0.00012207
1056,1057,2,-0.24573,566.15,608.02,0,549.85,645.17,578.83,579.12,0.0080241,0.00066988,-1.5302,0.031585,0.00012207
1057,1058,1,-0.32442,460.83,536.3,0,456.27,581.83,465.38,490.76,0.0067751,0.00070896,-1.6763,0.020044,9.1553e-05
1058,1059,1,-0.29242,430.96,493.1,0,415.33,506.74,448.68,477.64,-0.0064503,0.00098647,-2.0503,0.012481,6.1035e-05
1059,1060,2,-0.21619,463.04,524.5,0,452.76,566.57,478.08,463.02,0.0026372,0.00032854,-1.9035,0.011907,6.1035e-05
1060,1061,1,-0.31124,454.99,521.68,0,435.86,544.22,478.08,494.48,-0.0038516,0.00046614,-1.903,0.012836,6.1035e-05
1061,1062,1,-0.31284,453.98,539.25,0,446.26,584.43,461.24,496.82,-0.0079991,0.000465,-1.5911,0.038454,6.1035e-05
1062,1063,0,-0.87798,431.29,535.3,0.25,410.11,636.78,449.97,445.77,0.009187,0.13446,-2.2228,0.021907,6.1035e-05
1063,1064,1,-0.28159,404.85,470.65,0,381.02,498.31,431.87,439.31,-0.00088433,0.01201,-2.0185,0.021885,6.1035e-05
1064,1065,2,-0.24753,532.56,590.85,0,512.97,607.88,565.19,562.46,0.0090862,0.0013593,-1.6458,0.053092,0.00012207
1065,1066,1,-0.33554,473.26,550.53,0,464.16,597.01,484.25,494.43,0.0079181,0.0029714,-2.1226,0.041029,6.1035e-05
1066,1067,3,-0.16839,508.57,539.1,0,494.44,571.66,522.7,506.54,0.0056505,0.0018926,-1.4504,0.022006,0.00012207
1067,1068,0,-0.55674,388.42,476.33,0,359.7,556.15,415.4,401.35,-0.0057806,0.016332,-1.9916,0.01678,6.1035e-05
1068,1069,2,-0.22584,490.93,555.56,0,478.78,582.63,506.55,520.75,0.014022,0.0016281,-1.8238,0.024799,9.1553e-05
1069,1070,0,-0.58899,400.4,511.61,0,375,605.77,424.26,423.16,-0.0014924,0.0087312,-1.7695,0.0037667,6.1035e-05
1070,1071,0,-0.59965,413.17,501.25,0,378.94,595.88,441.52,422.85,-0.0038559,0.0076539,-2.2546,0.0069762,6.1035e-05
1071,1072,0,-0.63457,393.7,502.72,0.03125,366.92,557.64,432.83,422.44,-0.002992,0.021491,-2.0697,0.0173,6.1035e-05
1072,1073,0,-0.55836,378.46,471.47,0,357.14,538.51,404.2,390.56,-0.0049819,0.0029498,-1.9298,0.016108,6.1035e-05
1073,1074,1,-0.29268,426.25,486.26,0,408.39,519.72,446.5,448.34,-0.0089685,0.0020738,-1.7861,0.015524,9.1553e-05
1074,1075,1,-0.3081,448.91,521.52,0,440.15,564.23,457.68,478.81,0.0059333,0.0013504,-1.8019,0.013085,0.00012207
1075,1076,0,-0.58879,408.51,498.57,0,375.43,564.73,439.59,436.41,-0.0034454,0.0015742,-2.1018,0.011873,6.1035e-05
1076,1077,2,-0.2259,508.23,566.12,0,482.85,600.24,533.62,531.99,-0.0096818,0.00057187,-1.8733,0.013298,6.1035e-05
1077,1078,2,-0.24945,568.09,592.78,0,551.53,619.74,585.72,564.07,-0.0025499,0.00047369,-1.6188,0.026384,0.00012207
1078,1079,1,-0.26973,376.63,443.69,0,354.83,498.52,404.67,373.2,-0.006495,0.0013214,-1.8471,0.015567,6.1035e-05
1079,1080,3,-0.21029,612.19,653.07,0,602.05,682.19,629.1,604.53,0.0043505,0.00076863,-1.2522,0.017509,0.00018311
1080,1081,2,-0.23509,533.63,563.56,0,514,597.09,554.53,527.85,-0.0015318,0.00030168,-1.7995,0.027176,0.00012207
1081,1082,1,-0.31968,474.87,538.88,0,459.15,576,486.34,511.8,-0.0011562,0.0013252,-1.9319,0.014398,6.1035e-05
1082,1083,3,-0.19346,597.84,598.98,0,578.84,632.65,614.61,569.28,0.012147,0.00096856,-1.3773,0.02265,0.00012207
1083,1084,1,-0.28032,405.42,465.38,0,389.24,470.57,426.23,458.72,-0.0047232,0.00057875,-2.1361,0.018232,6.1035e-05
1084,1085,0,-0.51961,355.67,444.73,0,332.44,508.52,378.9,380.95,0.014727,0.0030208,-2.1362,0.011822,3.0518e-05
1085,1086,3,-0.1817,559.63,589.7,0,541.38,612.24,575.73,569.81,-0.0030408,0.00018943,-1.4151,0.028622,0.00012207
1086,1087,1,-0.31437,461.95,532.05,0,449.43,576.98,474.46,487.12,0.00019688,0.0022756,-1.9815,0.022095,6.1035e-05
1087,1088,1,-0.24626,345.84,406.55,0,322.81,458.65,373.63,343.67,0.014063,0.0013014,-2.0983,0.11551,6.1035e-05
1088,1089,0,-0.52437,376.49,435.86,0,352.44,504.38,399.09,371.49,-0.0023727,0.0013716,-1.9818,0.022575,3.0518e-05
1089,1090,2,-0.20718,456.34,519.59,0,438.02,536.39,473.56,503.81,0.014158,0.00051066,-1.6856,0.0053575,6.1035e-05
1090,1091,2,-0.22446,491.02,549.62,0,467.46,563.3,525.47,529.63,-0.0062534,0.00022183,-1.7191,0.024123,6.1035e-05
1091,1092,1,-0.31936,461.34,535.44,0,452.45,585.14,469.69,488.74,0.0025066,0.0015673,-1.6441,0.01916,6.1035e-05
1092,1093,3,-0.18572,559.28,591.99,0,537.72,616.87,588.84,557.89,0.006338,0.00052065,-1.151,0.018351,0.00012207
1093,1094,1,-0.29843,432.55,496.05,0,426.17,528.8,440.24,456.52,-0.0069746,0.0012235,-1.5796,0.031873,6.1035e-05
1094,1095,2,-0.21788,483.41,545.77,0,469.11,586.9,498.63,501.98,-0.002077,0.00037507,-1.4367,0.018083,9.1553e-05
1095,1096,3,-0.16915,515.26,549.02,0,509.84,596.02,520.69,502.03,-0.0053927,0.00050437,-1.4215,0.011316,0.00012207
1096,1097,1,-0.22193,326.45,373.53,0,305.27,421.83,348.99,322.11,-0.0073865,0.0018978,-1.9123,0.024171,6.1035e-05
1097,1098,1,-0.27411,401.46,467.68,0,393.02,498.33,408.03,443.84,0.0033046,0.00062235,-2.0275,-0.0054382,6.1035e-05
1098,1099,0,-0.55169,373.89,457.15,0,348.59,523.98,400.83,386,-0.0042445,0.0017312,-1.78,0.019844,6.1035e-05
1099,1100,0,-0.48465,338.91,407.59,0,306.46,450.1,373.45,362.34,0.0035867,0.0015544,-1.8025,0.010222,6.1035e-05
1100,1101,1,-0.25951,377.62,439.23,0,366.56,467.58,386.23,417.18,0.00075597,0.00039221,-1.8103,0.0082426,6.1035e-05
1101,1102,3,-0.17313,532.77,546.23,0,517.85,580.74,548.66,509.5,0.00065262,0.00040726,-1.1898,0.02525,0.00012207
1102,1103,0,-0.58637,390.55,474.31,0,370.5,527.17,414.75,410.52,-0.0011482,0.0032912,-1.6975,0.011796,3.0518e-05
1103,1104,0,-1.1453,444.69,573.03,0.45312,438.47,658.23,453.77,448.52,-0.0025722,0.34507,-1.6735,0.012039,6.1035e-05
1104,1105,3,-0.18317,542.97,595.47,0,534.02,626.94,553.11,559.81,0.0023726,0.007755,-1.0598,0.026457,0.00012207
1105,1106,3,-0.18726,554.44,580.6,0,531.15,613.67,584.38,538.09,0.012988,0.0019506,-1.0499,0.019195,0.00012207
1106,1107,1,-0.28079,435.14,488.8,0,417.74,541.85,445.58,456.97,0.010646,0.0035591,-1.7334,0.013373,6.1035e-05
1107,1108,1,-0.3735,550.09,620.41,0,544.55,678.44,555.3,565.89,-0.005969,0.0033842,-1.6727,0.019125,6.1035e-05
1108,1109,3,-0.18074,522.45,571.24,0,509.72,591.8,546.73,531.98,-0.00057476,0.00048915,-1.1595,0.023501,0.00012207
1109,1110,1,-0.34205,501.45,576.43,0,477.2,626.9,524.22,529.02,-0.0016399,0.0018724,-1.6203,0.0032864,6.1035e-05
1110,1111,0,-0.56676,401.1,480.19,0,371.24,537.08,430.96,423.29,0.00090512,0.031922,-1.9255,0.0023035,6.1035e-05
1111,1112,3,-0.15546,475.19,507.71,0,460.74,544.42,487.93,475.32,-0.010307,0.0017704,-1.0447,0.017177,6.1035e-05
1112,1113,3,-0.17269,524.25,568.85,0,519.91,595.05,529.5,537.24,-0.00024798,0.00027454,-1.005,0.013172,0.00012207
1113,1114,2,-0.23131,493.44,543.09,0,485.78,565.58,507.08,502.99,-0.0037605,0.00050581,-1.34,0.022595,9.1553e-05
1114,1115,0,-0.5552,387.97,472.87,0,361.05,549.24,406.38,420.61,-0.0010634,0.0051267,-1.717,0.0034167,3.0518e-05
1115,1116,1,-0.24069,351.81,399.93,0,344.98,424.94,358.22,376.43,-9.0401e-05,0.00047899,-1.8077,0.0033232,6.1035e-05
1116,1117,3,-0.17526,534.32,560.83,0,519.58,579.85,550.01,540.59,0.0072063,0.00063065,-0.97262,0.026117,0.00012207
1117,1118,0,-0.63518,419.93,527.73,0.015625,396.3,599.96,445.08,450.83,0.0022261,0.011954,-1.4415,0.010988,6.1035e-05
1118,1119,0,-1.3659,451.77,556.01,0.71875,434.63,656.39,465.97,472.85,-0.0086611,0.48214,-1.7184,0.013475,3.0518e-05
1119,1120,3,-0.16625,494.96,546.61,0,470.16,560.65,526.86,528.55,-0.0054085,0.0053613,-1.0778,0.04653,0.00012207
1120,1121,3,-0.16758,487.81,526.44,0,470.73,551.47,508.43,496.24,-0.0074932,0.0012485,-0.96315,0.019499,0.00012207
1121,1122,2,-0.2484,563.96,603.59,0,559.92,640.47,568,566.71,-0.0044688,0.0018419,-1.3594,0.024623,0.00012207
1122,1123,2,-0.2036,430.08,502.23,0,422.74,519.04,443.17,472.25,-0.0036536,0.0011394,-1.2272,0.034503,9.1553e-05
1123,1124,2,-0.24611,555.19,604.58,0,554.12,638.12,556.2,573.06,-0.0014996,0.00072155,-0.96844,0.016716,0.00012207
1124,1125,2,-0.23412,516.05,565.84,0,499.06,600.15,537.9,521.74,-0.0033131,0.00028436,-1.0545,0.008598,0.00012207
1125,1126,2,-0.21594,469.2,527.99,0,454.85,554.73,487.66,493.6,0.00036118,0.0019515,-0.91165,0.02981,9.1553e-05
1126,1127,3,-0.15962,486.21,515.76,0,475.42,542.56,494.07,496.2,0.0010099,0.00032582,-0.69642,0.019156,9.1553e-05
1127,1128,0,-0.44566,298.43,378.86,0,281.69,426.26,312.29,339.58,-0.00076704,0.12508,-1.3666,0.00080302,6.1035e-05
1128,1129,0,-0.53839,401.83,469.75,0,363.8,556.05,417.89,433.31,-0.002588,0.011968,-1.4278,0.0063336,6.1035e-05
1129,1130,2,-0.23672,533.43,590.95,0,516.54,625.33,548.32,560.61,-0.00623,0.01143,-1.1549,0.020272,0.00012207
1130,1131,2,-0.20409,440.81,509.67,0,433.94,528.93,451.52,479.62,5.5811e-05,0.0014091,-1.1718,0.013033,0.00012207
1131,1132,3,-0.20091,595.04,642.6,0,587.75,671.11,605.03,603.54,0.00032889,0.001315,-0.80979,0.012422,0.00012207
1132,1133,3,-0.18155,551.81,594.24,0,526.71,622.24,573.96,569.53,0.0046833,0.00067676,-0.75667,0.018673,0.00012207
1133,1134,1,-0.30036,424.45,506.34,0,417.89,528.77,431.44,482.46,0.0026032,0.0028715,-1.3423,0.027039,9.1553e-05
1134,1135,1,-0.34358,480.75,571.27,0,468.21,597.8,495.89,539.26,0.0043141,0.0016364,-1.2438,0.027555,6.1035e-05
1135,1136,1,-0.30393,443.45,522.51,0,432.23,556.86,450.64,500.49,-0.012014,0.001287,-1.4742,0.0097926,6.1035e-05
1136,1137,2,-0.22849,511.59,590.93,0,497.65,612.13,522.43,574.45,0.0022761,0.00079247,-0.89519,0.029074,0.00012207
1137,1138,2,-0.24036,516.79,596.4,0,498.41,626.36,545.46,549.68,-0.0029387,0.00035301,-1.0996,0.028758,9.1553e-05
1138,1139,2,-0.21054,451.58,527.92,0,440.96,541.95,466.14,508.7,-0.0064308,0.00033022,-1.0156,0.028618,6.1035e-05
1139,1140,3,-0.18645,572.68,626.06,0,548.85,653.18,596.52,598.94,0.0052239,0.00026497,-0.71906,0.028702,0.00012207
1140,1141,2,-0.22522,497.97,572.1,0,482.8,599.78,515.16,540.72,0.00033633,0.00027576,-1.093,0.029107,0.00012207
1141,1142,3,-0.18,533.56,570.3,0,510.59,597.01,561.28,538.06,0.0036607,0.00019679,-1.0491,0.0082811,0.00012207
1142,1143,0,-0.49138,334.46,428.63,0,314.38,494.95,350.09,377.04,-0.01006,0.0027247,-1.5374,0.010718,3.0518e-05
1143,1144,2,-0.23993,522.48,580.69,0,508.06,612.39,539.89,542.44,-0.00019952,0.00044506,-1.2112,0.062593,0.00012207
1144,1145,2,-0.18884,424.23,462.53,0,412.91,495.66,434.21,433.31,-0.0010333,0.00078673,-1.3338,0.0058068,6.1035e-05
1145,1146,2,-0.18301,406.51,462.87,0,388.11,486.63,422.73,441.9,-0.0027574,0.00074425,-1.3366,0.0049186,6.1035e-05
1146,1147,0,-0.56409,376.79,459.69,0,354.83,515.91,403.29,391.85,-0.0031079,0.010966,-1.8781,-0.0018141,6.1035e-05
1147,1148,1,-0.24588,378.11,414.12,0,357.34,487.59,392.33,363.86,-0.0028719,0.0032707,-1.8192,0.018768,6.1035e-05
1148,1149,2,-0.21838,500.93,535.18,0,486.98,563.43,510.48,515.86,0.0026317,0.00048969,-1.2342,0.014107,9.1553e-05
1149,1150,2,-0.24229,523.08,575.84,0,512.55,602.4,537.5,539.43,0.003501,0.00036226,-1.3335,0.01406,0.00012207
1150,1151,0,-0.63243,426.5,532.04,0,408.69,594.52,446.68,461.24,-0.010603,0.0053442,-1.6948,0.048291,6.1035e-05
1151,1152,0,-0.46315,317.21,386.95,0,294.62,437.09,339.8,336.82,-0.010963,0.004977,-1.8659,0.02765,3.0518e-05
1152,1153,3,-0.18159,550.41,574.41,0,536.72,598.57,564.99,548.69,-0.0084572,0.00053957,-1.1166,0.032801,0.00012207
1153,1154,0,-0.58207,411.7,495.19,0,385.36,565.3,436.43,429.33,-0.0042401,0.014704,-1.704,0.00081352,6.1035e-05
1154,1155,1,-0.27689,401.31,461.69,0,386.35,509.69,417.24,410.59,-0.012183,0.0012654,-1.5219,0.017608,6.1035e-05
1155,1156,1,-0.23547,334.76,380.52,0,328.25,389.29,343.67,368.51,-0.0064418,0.00062657,-1.6693,0.035904,6.1035e-05
1156,1157,2,-0.20868,461.64,500.3,0,455.61,512.54,469.4,484.56,-0.00080606,0.00050159,-1.3513,0.033093,6.1035e-05
1157,1158,3,-0.18246,544.65,593.62,0,522.79,601.9,576.59,581.52,0.0043405,0.00025779,-0.90229,0.015156,0.00012207
1158,1159,3,-0.18428,537.68,574.63,0,517.25,590.63,571.73,547.98,0.0048197,0.0001887,-0.98376,0.013832,0.00012207
1159,1160,1,-0.27038,386.62,455.22,0,368.35,489.1,402.75,425.32,-0.0022723,0.0013416,-1.6886,0.049648,6.1035e-05
1160,1161,0,-0.62857,404.35,507,0,385.89,558.35,433.14,426.9,-0.015047,0.0041478,-1.7067,0.0036699,6.1035e-05
1161,1162,2,-0.23868,536.25,599.79,0,528.37,627.89,544.13,571.7,0.0028774,0.00037236,-0.90562,0.0086455,0.00012207
1162,1163,3,-0.17147,531.71,589.38,0,506.19,622.61,548.06,568.08,-0.0027818,0.00033533,-0.85623,0.022495,0.00012207
1163,1164,2,-0.21728,477.26,529.45,0,472.36,563.68,482.48,493.02,-0.0096182,0.00028716,-0.96514,0.025132,9.1553e-05
1164,1165,0,-0.66703,404.39,507.69,0.0625,378.54,551.2,437.61,451.74,-0.014623,0.048534,-1.5695,0.019091,6.1035e-05
1165,1166,2,-0.17743,395.63,436.15,0,376.22,458.72,415.05,413.57,-0.0098754,0.0017848,-1.0793,0.0083631,6.1035e-05
1166,1167,3,-0.18435,546.56,585.99,0,536.61,605.93,563.15,552.76,0.0075948,0.00046632,-1.0072,0.051026,0.00012207
1167,1168,1,-0.28244,402.17,473.32,0,384.89,523.35,418.41,426.33,-0.004088,0.001534,-1.6684,0.007805,6.1035e-05
1168,1169,2,-0.22952,512.53,581.33,0,490.25,610.56,529.85,558.6,-2.1676e-05,0.00047772,-1.3562,0.011751,9.1553e-05
1169,1170,1,-0.31548,466.9,542.08,0,446.03,576.56,484.18,513.5,-0.0031191,0.00084528,-1.6951,0.018997,6.1035e-05
1170,1171,3,-0.18847,568.62,593.37,0,548.72,618.45,595.9,559,-0.0032804,0.00012095,-1.0247,0.026556,0.00012207
1171,1172,1,-0.34975,517.07,594.05,0,493.46,626.76,535.43,568.61,-0.0037527,0.0013896,-1.4609,0.032387,9.1553e-05
1172,1173,3,-0.16641,504.24,535.07,0,489.73,573.31,517.87,499.15,0.0054957,0.0007047,-1.0902,0.030389,9.1553e-05
1173,1174,0,-0.69702,426.74,534.98,0.078125,403.89,617.66,449.59,452.29,-0.022474,0.054451,-1.6445,0.031123,6.1035e-05
1174,1175,1,-0.29022,412.31,489.01,0,400.34,526.48,425.88,446.54,-0.0050243,0.0017151,-1.4542,0.017681,6.1035e-05
1175,1176,3,-0.1788,538.31,555.45,0,527.94,574.37,548.68,536.54,0.0032128,0.00036692,-0.94171,0.021466,0.00012207
1176,1177,0,-0.46812,327.97,405.04,0,305.46,465.65,347.83,351.55,0.0040044,0.014861,-1.6993,0.0054274,6.1035e-05
1177,1178,3,-0.17955,554.56,567.54,0,550.73,623.02,557.34,527.05,0.0070083,0.001135,-1.1243,0.021891,6.1035e-05
1178,1179,3,-0.18706,550.42,587.43,0,541.78,632.68,558.54,544.93,0.0068137,0.00030765,-1.2017,0.025408,0.00012207
1179,1180,3,-0.17911,534.8,566.5,0,520.3,600.05,551.22,528.48,0.040568,0.00029456,-1.3487,0.039736,0.00012207
1180,1181,3,-0.19207,570.49,605.43,0,547.02,632.46,595.48,576.65,-0.004786,0.0003226,-1.2307,0.034029,0.00012207
1181,1182,2,-0.20336,467.44,528.4,0,456.4,571.46,476.58,492.73,0.00057357,0.00055405,-1.5705,0.018478,9.1553e-05
1182,1183,1,-0.23839,349.1,400.2,0,342.99,415.17,354.15,387.8,-0.017149,0.00083766,-1.8399,0.010612,3.0518e-05
1183,1184,2,-0.22613,501.48,540.96,0,490.59,551.83,519.63,522.84,-0.0012335,0.00050471,-1.5737,0.0094508,0.00012207
1184,1185,3,-0.17842,543.73,567.55,0,530.95,587.82,557.33,545.99,0.0046384,0.00015084,-1.3335,0.025797,6.1035e-05
1185,1186,0,-0.62763,427.13,534.82,0,402.05,618.62,450.68,456.1,0.0061716,0.017049,-1.3527,0.022572,6.1035e-05
1186,1187,1,-0.26549,376.72,420.87,0,356.86,482.6,397.86,355.16,-0.0067282,0.0012113,-1.8624,0.06449,3.0518e-05
1187,1188,2,-0.20611,477.72,508.89,0,477.76,552.42,477.69,477.13,-0.0061079,0.00040306,-1.5969,0.028036,9.1553e-05
1188,1189,1,-0.30745,443.49,493.81,0,439.97,515.21,447.74,468,-0.0024845,0.00054691,-1.753,0.010828,6.1035e-05
1189,1190,0,-0.50394,369.49,412.84,0,347.78,470.57,385.33,370.71,0.015865,0.0055465,-2.1771,0.014724,6.1035e-05
1190,1191,1,-0.25669,409.85,438.86,0,378.75,526.08,428.52,386.52,0.0034429,0.0017594,-1.646,0.008083,6.1035e-05
1191,1192,0,-0.58149,411.35,474.63,0,386.17,547.47,433.56,410.36,-0.0029322,0.0048411,-2.2925,0.0024813,6.1035e-05
1192,1193,3,-0.20637,614.02,633.57,0,599.55,662.74,633.83,593.6,0.0025286,0.00047345,-1.579,0.017784,0.00012207
1193,1194,3,-0.1873,552.55,588.88,0,539.55,605.53,577.37,557.07,-0.0038706,0.00028937,-1.4607,0.024757,0.00018311
1194,1195,3,-0.20079,607.19,628.27,0,592.37,650.45,622.97,604.66,-0.0049315,0.00016828,-1.6664,0.019686,0.00012207
1195,1196,2,-0.23558,565.04,589.79,0,544.62,644.94,578.14,554.44,0.0037037,0.0002438,-1.6994,0.022343,0.00012207
1196,1197,0,-0.52645,359.83,425.06,0,347.94,484.17,374.19,353.72,-0.0070018,0.0021269,-1.8178,0.0053542,6.1035e-05
1197,1198,1,-0.28218,410.57,463.2,0,402.79,492.74,419.4,429.72,0.014522,0.00061502,-2.0093,0.012843,6.1035e-05
1198,1199,2,-0.24561,558.19,598.52,0,538.74,645.3,576.46,554.58,-0.0076886,0.00028249,-1.8088,0.045717,0.00012207
1199,1200,3,-0.19663,597.65,588.42,0,586.24,621.1,610.57,551.38,-0.0071688,0.00015764,-1.5927,0.015856,0.00012207
1200,1201,3,-0.21365,621,646.16,0,606.42,670.28,648.84,600.1,0.0025483,0.00018587,-1.519,0.026153,0.00018311
1201,1202,0,-0.62759,406.3,477.25,0.03125,382.69,534.22,431.43,416.59,-0.0076854,0.02123,-2.0706,0.0062143,6.1035e-05
1202,1203,3,-0.18799,544.87,610.94,0,526.18,645.23,568.9,566.85,-0.00045731,0.00022088,-1.6017,0.040189,0.00012207
1203,1204,1,-0.34058,483.93,553.66,0,478.69,584.27,492.11,505.91,-0.00019182,0.0010482,-2.1667,0.055934,6.1035e-05
1204,1205,0,-0.57866,394.16,467.94,0,368.28,536.6,421.71,394.84,-0.0054437,0.003192,-1.8451,0.0089985,6.1035e-05
1205,1206,1,-0.25106,371.54,392.01,0,367.03,417.86,375.05,371.9,-0.0037655,0.0013099,-2.2912,0.040734,6.1035e-05
1206,1207,3,-0.18027,553.26,559.78,0,534.35,572.64,573.39,546.09,-0.0095486,0.00017084,-1.715,0.03442,0.00012207
1207,1208,0,-0.80874,420.55,521.96,0.17188,402.55,589.5,445.23,429.4,-0.0093977,0.10615,-2.001,0.017548,6.1035e-05
1208,1209,2,-0.20851,462.2,513.25,0,449.34,538.37,478.74,480.95,0.0046152,0.0011051,-1.8758,0.0095531,9.1553e-05
1209,1210,3,-0.16874,511.42,532.6,0,497.48,544.22,528.25,518.58,0.0028151,0.00036065,-1.5795,0.027145,6.1035e-05
1210,1211,3,-0.19279,567.04,612.01,0,556.36,640.62,581.67,572.81,-0.0019784,0.00025722,-1.5699,0.032358,0.00012207
1211,1212,3,-0.1585,474.81,504.19,0,456.4,528.96,497.03,474.29,-0.00055082,0.00029346,-1.5868,0.014376,9.1553e-05
1212,1213,2,-0.21819,499.33,529.56,0,489.68,566.03,507.32,499.34,0.0066386,0.00039659,-1.6966,0.010572,9.1553e-05
1213,1214,0,-0.56726,397.92,449.77,0,379.93,498.74,418.3,394.27,-0.021774,0.010106,-1.8279,0.03091,6.1035e-05
1214,1215,1,-0.23565,349.1,383.18,0,334.89,399.5,359.47,371.27,0.0020523,0.00072437,-1.7105,0.01476,6.1035e-05
1215,1216,3,-0.16921,486.9,534.46,0,469.04,559.93,514.76,494.72,0.0022354,0.00017636,-1.6064,0.021191,9.1553e-05
1216,1217,0,-0.55052,394.85,451.54,0,361.96,514.3,422.11,399.55,-0.028329,0.0022059,-2.0809,0.039065,6.1035e-05
1217,1218,0,-0.54762,372.73,445.19,0,349.5,503.25,399.06,379.39,-0.00039723,0.0021779,-2.0172,0.011363,6.1035e-05
1218,1219,2,-0.25204,561.53,616.9,0,550.07,634.68,579.41,589.16,0.0013096,0.00055246,-1.5964,0.052653,0.00012207
1219,1220,0,-0.57432,396.13,471.16,0,368.26,536.34,422.3,409.93,-0.014135,0.0036744,-1.9312,0.0058465,6.1035e-05
1220,1221,0,-0.43629,316.31,372.51,0,300.11,419.35,328.12,338.32,-0.0078387,0.0044195,-1.5752,0.016607,3.0518e-05
1221,1222,3,-0.16433,498.94,509.91,0,488.49,538.84,508.76,482.74,-0.0063259,0.00039024,-1.3528,0.017011,6.1035e-05
1222,1223,3,-0.15882,475.65,502.62,0,469.68,524.65,482.41,477.66,0.012363,0.00023667,-1.2289,0.026615,9.1553e-05
1223,1224,0,-0.5355,392.77,451.43,0,364.82,542.12,410.69,393.3,-0.0075028,0.0090783,-1.9685,0.0080436,6.1035e-05
1224,1225,1,-0.30161,429.78,477.08,0,425.25,509.66,434.92,440.15,0.0068725,0.0015581,-1.8844,0.013886,6.1035e-05
1225,1226,0,-0.48527,341.45,398.42,0,324.48,450.47,358.41,346.37,-0.0068702,0.001087,-1.8603,0.015879,3.0518e-05
1226,1227,3,-0.17221,528.47,564.23,0,509.68,589.8,546.12,540.2,0.0059053,0.00025337,-1.2312,0.019918,0.00012207
1227,1228,1,-0.35298,519.34,582.31,0,506.25,621.36,532.43,543.27,-0.0095851,0.0021386,-1.7336,0.030017,0.00012207
1228,1229,0,-0.52993,363.51,429.33,0,348.34,484.67,380.71,366.6,-0.0098612,0.0029062,-1.7826,0.023922,6.1035e-05
1229,1230,0,-0.55068,375.05,442.65,0,354.4,502.58,397.04,378.86,-0.0058626,0.0015469,-2.0094,0.025956,6.1035e-05
1230,1231,0,-0.4589,313.92,367.36,0,300.48,405.23,331.19,318.68,-0.026414,0.0023238,-1.935,0.030769,3.0518e-05
1231,1232,3,-0.18024,562.1,552.87,0,534.93,566.4,592.9,537.53,0.0079039,0.00024094,-1.4403,0.045657,0.00012207
1232,1233,3,-0.16771,524.28,538.59,0,520.22,585.08,527.05,506.79,0.013085,0.00016624,-1.5392,0.044647,0.00012207
1233,1234,2,-0.25784,561.73,618.57,0,545.58,643.26,588.65,577.42,-0.0036146,0.0005306,-1.6701,0.029159,6.1035e-05
1234,1235,2,-0.19232,443.48,473.88,0,436.47,495.64,450.49,452.12,-0.00012227,0.00039323,-1.5941,0.029895,6.1035e-05
1235,1236,1,-0.33112,512.86,557.2,0,492.81,577.19,525.72,544.38,-0.0059276,0.0030844,-1.9598,0.052601,6.1035e-05
1236,1237,3,-0.17178,531.77,556.68,0,507.69,581.29,557.4,530.49,0.010007,0.00046647,-1.3864,0.013819,0.00012207
1237,1238,0,-0.54964,362.1,446.49,0,340.27,500.04,390.17,377.65,0.022538,0.0040703,-1.8356,0.0017874,6.1035e-05
1238,1239,3,-0.18488,559.51,584.67,0,537.61,609.39,581.41,559.96,0.0026961,0.00027,-1.6841,0.034786,0.00015259
1239,1240,2,-0.1909,432.77,468.55,0,426.18,493.18,439.79,442.32,0.011148,0.00085149,-1.8563,0.042979,9.1553e-05
1240,1241,0,-0.64091,422.12,506.49,0.046875,392.99,591.74,443.37,444.27,-0.0014658,0.035143,-2.1197,0.0050625,9.1553e-05
1241,1242,3,-0.16853,515.85,551.15,0,493.32,583.7,541.38,514.25,0.0010301,0.0014211,-1.6551,0.026902,0.00012207
1242,1243,2,-0.19033,436.51,466.66,0,426.98,488.79,444.91,447.14,0.010516,0.0013548,-1.6637,0.0017645,6.1035e-05
1243,1244,0,-0.64351,417.06,512.86,0,397.9,570.43,445.08,428.71,-0.0090629,0.0065243,-2.1312,0.01705,6.1035e-05
1244,1245,2,-0.2325,530.28,591.93,0,514.5,610.14,544.19,575.88,0.0069636,0.0011453,-1.67,0.033751,0.00012207
1245,1246,2,-0.21514,485.11,547.16,0,466.76,547.87,505.9,546.34,-0.0061294,0.00031774,-1.7818,0.04418,9.1553e-05
1246,1247,3,-0.19723,599.42,627.88,0,586.23,679.21,613.47,573.24,0.0047261,0.00032878,-1.4977,0.021674,0.00012207
1247,1248,2,-0.24147,556.96,591.53,0,543.47,623.87,569.63,561.15,0.0075349,0.00036034,-1.6266,0.024319,0.00012207
1248,1249,0,-0.4707,332.06,382.53,0,304.18,432.21,355.17,341.37,-0.013126,0.0052706,-2.014,0.011243,3.0518e-05
1249,1250,0,-0.50905,373.88,426.95,0,351.6,500.93,390.14,372.97,-0.0032052,0.0039047,-2.071,0.034105,6.1035e-05
1250,1251,0,-0.46686,338.87,396.32,0,309.46,457.39,360.33,351.76,0.0019634,0.0014034,-2.089,0.013374,6.1035e-05
1251,1252,0,-0.53852,372.89,441.8,0,351.65,514.95,391.63,377.26,-0.0075795,0.0031133,-1.7931,0.0051156,6.1035e-05
1252,1253,2,-0.22396,516.5,547.96,0,491.42,568.26,538.62,530.04,0.0051083,0.00024801,-1.8219,0.02671,0.00012207
1253,1254,2,-0.2196,490.77,530.05,0,474.82,553.57,508.86,503.41,0.0032527,0.00015503,-1.7255,0.016184,6.1035e-05
1254,1255,0,-0.52462,389.86,452.38,0,360.33,531.57,410.06,398.21,-0.014581,0.00093654,-2.2715,0.01467,6.1035e-05
1255,1256,2,-0.23426,522.65,553.36,0,509.55,590.89,539.49,505.1,0.0035904,0.00020955,-1.7753,0.029187,6.1035e-05
1256,1257,0,-0.59099,399.34,491.3,0,378.8,545.57,424.13,425.8,-0.0034607,0.0068703,-1.8301,0.0064026,6.1035e-05
1257,1258,2,-0.17879,399.69,440.48,0,379.04,464.6,420.34,416.37,-0.0078992,0.00072504,-1.7968,0.042582,0.00012207
1258,1259,1,-0.31498,468.22,526.61,0,460.21,547.19,474.07,511.58,-0.0026067,0.0011165,-1.9945,0.019992,6.1035e-05
1259,1260,0,-0.51216,374.2,441.2,0,350.63,511.46,393.74,382.99,0.0095689,0.0035684,-2.2069,-0.0047353,6.1035e-05
1260,1261,2,-0.23703,534.7,590.72,0,508.68,617.52,557.67,567.08,-0.003287,0.00032978,-1.8545,0.0083574,6.1035e-05
1261,1262,0,-0.63789,421.46,531.08,0,397.53,599.87,452.24,442.63,-0.017054,0.003851,-1.781,0.0077629,6.1035e-05
1262,1263,0,-0.62578,440.14,500.26,0,414.92,570.26,463.84,434.49,0.0082811,0.0024788,-2.1053,0.0050133,6.1035e-05
1263,1264,1,-0.34692,511.87,572.13,0,482.96,580.35,544.65,562.82,-0.0071393,0.0014404,-2.2304,0.03738,6.1035e-05
1264,1265,1,-0.22249,322.23,359.9,0,312.58,398.47,331.29,323.66,-0.0084195,0.00211,-1.7458,0.023168,6.1035e-05
1265,1266,1,-0.32527,478.8,530.95,0,466.71,585.01,488.82,486.16,-0.018779,0.00083572,-1.8749,0.099015,9.1553e-05
1266,1267,1,-0.31056,454.65,519.53,0,440.24,548.15,468.2,492.64,0.006543,0.00062913,-1.9836,0.017315,6.1035e-05
1267,1268,2,-0.24284,538.83,603.73,0,524.82,644.48,559.3,544.16,-0.0074933,0.00039466,-1.601,0.04317,0.00012207
1268,1269,3,-0.16426,522.93,541.9,0,499.24,564.86,543.84,521.63,0.009489,0.0002264,-1.4323,0.02736,0.00012207
1269,1270,0,-0.48064,311.32,389.25,0,296.56,435.12,334.35,317.7,-0.0039834,0.0048225,-2.0417,0.0041141,6.1035e-05
1270,1271,2,-0.21921,495.43,527.74,0,488.07,556.75,505.5,487.99,0.012846,0.00067969,-1.6151,0.024617,6.1035e-05
1271,1272,0,-1,454.22,521.39,0.39062,435.72,618.39,467.71,450.61,-0.0069689,0.36474,-2.1618,0.030719,3.0518e-05
1272,1273,2,-0.23262,514.67,576.92,0,500.96,593.59,533.45,554.08,0.027749,0.0015927,-1.903,0.10485,9.1553e-05
1273,1274,2,-0.21816,495.18,568.87,0,483.38,598.28,506.97,539.46,0.028864,0.00054025,-1.5963,0.031139,6.1035e-05
1274,1275,2,-0.20724,461.24,505.07,0,466.95,556.73,455.16,450.07,0.016286,0.00045572,-1.6518,0.079376,6.1035e-05
1275,1276,3,-0.16733,498.08,530.51,0,491.57,548.33,507.6,504.46,-0.00029563,0.00019558,-1.6573,0.017055,9.1553e-05
1276,1277,2,-0.23095,517.59,557.29,0,504.23,594.65,530.14,522.19,-0.0015666,0.00037056,-1.5615,0.032201,0.00012207
1277,1278,1,-0.33034,476.34,554.55,0,467.25,599.77,484.88,512.07,-0.0036925,0.0015871,-2.1836,0.10748,6.1035e-05
1278,1279,1,-0.21057,317.26,364.69,0,294.97,420.58,333.53,323.91,-0.0038528,0.003667,-2.22,0.00033566,6.1035e-05
1279,1280,2,-0.23481,528.72,576.49,0,519.06,608.9,542.85,529.13,-0.0025249,0.00033566,-1.7882,0.0066968,6.1035e-05
1280,1281,3,-0.16604,505.02,513.65,0,492.24,534.76,519.51,489.73,0.0058361,0.00025341,-1.7531,0.024423,0.00012207
1281,1282,3,-0.15789,489.53,502.92,0,473.77,531.46,504.33,476.1,-0.0019223,0.00022476,-1.5242,0.023556,0.00012207
1282,1283,3,-0.18717,567.56,573.57,0,553.47,593.94,583.52,550.48,0.011386,0.00017394,-1.5686,0.030036,0.00012207
1283,1284,1,-0.22437,344.14,360.36,0,319.55,405.63,364.52,322.85,-0.016257,0.000946,-2.0242,0.0079463,6.1035e-05
1284,1285,2,-0.20208,442.85,483.44,0,434.11,492.47,455.62,470.24,-0.0025513,0.0004447,-1.6858,0.011456,9.1553e-05
1285,1286,3,-0.1654,524.9,529.14,0,511.91,561.08,533.23,508.66,0.0040988,0.0001144,-1.7475,0.013814,0.00012207
1286,1287,0,-0.43942,297.38,360.2,0,280.2,405.57,316.86,308.78,-0.002702,0.0032329,-2.1279,-0.00083042,3.0518e-05
1287,1288,0,-0.52815,356.5,435.98,0,334.18,496.01,383.43,363.53,0.00085153,0.0014363,-2.1064,0.0097825,3.0518e-05
1288,1289,3,-0.17255,524.82,549.28,0,513.8,579.77,537.31,514.73,-0.00684,0.00052413,-1.6654,0.026615,0.00012207
1289,1290,3,-0.17474,518.61,554.54,0,519.22,588.79,517.87,513.2,0.0018644,0.00018346,-1.7027,0.051617,0.00012207
1290,1291,2,-0.20607,454.36,509.28,0,449.68,540.9,460.37,468.62,-0.017051,0.00020964,-1.604,0.040901,6.1035e-05
1291,1292,1,-0.34312,504.78,580.15,0,498.03,616.84,511.54,543.47,-0.011268,0.0029488,-2.1194,0.036075,6.1035e-05
1292,1293,0,-0.61282,396.54,506.28,0,373.52,571.03,428.1,417.55,0.018242,0.0018267,-2.2417,0.0058064,6.1035e-05
1293,1294,2,-0.21362,479.01,517.71,0,472.14,534.15,487.84,496.57,-0.0029258,0.0014582,-1.6159,0.022438,6.1035e-05
1294,1295,0,-0.44292,316.19,379.54,0,297.95,446.92,332.28,320.1,-0.0064686,0.002964,-2.027,0.0043789,3.0518e-05
1295,1296,2,-0.19821,481.48,516.63,0,460.72,559.59,492.35,494.13,0.0016546,0.00029883,-1.5626,0.020083,9.1553e-05
1296,1297,3,-0.1603,499.71,525.73,0,475.23,564.98,513.45,503.71,0.0081031,8.0564e-05,-1.7318,0.022941,0.00012207
1297,1298,2,-0.20104,461.72,496.77,0,448.95,538.12,472.99,460.29,0.0044139,0.00013128,-1.5238,0.020842,6.1035e-05
1298,1299,1,-0.25973,375.89,436.61,0,355.63,498.05,394.93,378.89,0.0020162,0.0010289,-2.339,0.015819,3.0518e-05
1299,1300,1,-0.306,438.35,504.88,0,429.14,531.27,450.96,468.71,-0.0042491,0.00084664,-2.2373,0.018163,6.1035e-05
1300,1301,3,-0.16485,506.53,530.95,0,494.1,544.5,518.97,517.39,-0.002436,0.00028977,-1.6671,0.012501,9.1553e-05
1301,1302,1,-0.31746,465.78,549.78,0,457.61,613.75,473.44,489.69,-0.00090701,0.0010697,-2.3244,0.014166,6.1035e-05
1302,1303,3,-0.17326,538.61,571.08,0,526.08,616.1,547.75,538.22,0.0016611,0.00026647,-1.5281,0.039762,0.00012207
1303,1304,2,-0.24514,551.59,601.3,0,541.2,632.45,563.37,565.99,-0.0049981,0.00031311,-1.6683,0.02244,0.00012207
1304,1305,1,-0.29329,420.27,498.97,0,409.97,522.22,432.69,470.91,-0.0044602,0.00051295,-2.355,0.0087377,6.1035e-05
1305,1306,0,-0.63442,412.4,497.4,0.046875,389.13,584.4,434.27,415.66,-0.0051226,0.031716,-1.9939,0.014482,6.1035e-05
1306,1307,1,-0.24677,360.33,416.25,0,346.26,436.42,371.98,399.54,0.013354,0.0015762,-2.3639,0.010271,6.1035e-05
1307,1308,2,-0.22917,513.18,574.22,0,502.89,628.61,523.47,519.83,0.008084,0.00047857,-1.7061,0.024,9.1553e-05
1308,1309,2,-0.22651,531.04,567.93,0,511.25,631.12,542.13,532.49,6.0436e-05,0.00030722,-1.8265,0.039269,0.00012207
1309,1310,0,-0.54574,390.78,471.88,0,357.02,566.8,412.43,411.04,0.0084912,0.0028719,-2.3336,0.023108,3.0518e-05
1310,1311,3,-0.18676,587.41,603.13,0,557.28,636.67,609.39,578.66,0.0060716,0.0002814,-1.7327,0.045269,0.00018311
1311,1312,3,-0.17511,546.88,557.89,0,542.01,591.67,550.67,531.62,0.0080463,0.00014618,-1.7559,0.012765,0.00012207
1312,1313,1,-0.31365,453.1,531.9,0,449.38,586.8,457.32,469.69,-0.0098535,0.0014135,-2.1488,0.031637,6.1035e-05
1313,1314,0,-0.53157,389.5,460.59,0,356.74,552.02,410.51,401.99,-0.0048767,0.0038533,-2.1827,0.0064292,3.0518e-05
1314,1315,3,-0.15499,446.12,500.84,0,435.04,521.67,463.4,468.34,0.0020541,0.0003156,-1.4365,0.021685,6.1035e-05
1315,1316,0,-0.48443,351.67,412.2,0,328.48,479,368.59,363.45,-0.0025328,0.00082389,-1.7666,0.004385,6.1035e-05
1316,1317,1,-0.3133,455.44,517.54,0,442.46,549.78,472.13,476.09,-0.035545,0.0016235,-2.3086,0.020161,6.1035e-05
1317,1318,3,-0.18298,542.66,567.55,0,537.98,593.17,551.61,518.62,0.00164,0.00051895,-1.4444,0.015787,0.00012207
1318,1319,1,-0.32517,477.89,540.64,0,466.12,568.7,488.27,515.88,0.004548,0.001745,-2.1168,0.021082,6.1035e-05
1319,1320,0,-0.9287,427.78,504.91,0.32812,417.25,601.99,436.51,424.48,-0.0032409,0.2034,-1.6545,0.019529,6.1035e-05
1320,1321,3,-0.16539,507.69,537.29,0,483.23,552.79,530.67,522.72,0.0039597,0.0017049,-1.6801,0.017276,0.00012207
1321,1322,3,-0.17861,541.68,546.39,0,541.24,581.38,542.04,517.4,-0.0013887,0.00083817,-1.5097,0.032467,0.00012207
1322,1323,0,-0.59188,399.02,492.48,0,373.82,560.85,425.85,419.69,-0.0038674,0.027345,-1.8997,0.010269,6.1035e-05
1323,1324,0,-0.57813,406.96,488.15,0,386.28,577.01,426.39,404.68,-0.0079223,0.011226,-1.8186,0.014041,6.1035e-05
1324,1325,0,-0.62462,413.61,544.87,0,393.32,631.87,438.09,439.86,-0.0031819,0.012193,-1.6569,0.0097971,6.1035e-05
1325,1326,1,-0.28561,405.74,474.44,0,398.81,493.59,415.25,448.2,0.01844,0.0034978,-1.9687,0.017998,6.1035e-05
1326,1327,3,-0.16345,488.5,538.45,0,478.42,569.21,499.92,503.6,0.0014828,0.00061875,-1.4651,0.0089965,9.1553e-05
1327,1328,2,-0.25259,564.5,620.08,0,547.37,642.1,582.74,596.64,-0.00087214,0.0010462,-1.4712,0.020035,0.00012207
1328,1329,2,-0.22089,507.04,552.56,0,483.62,598.91,526.46,514.15,0.002426,0.00036786,-1.3035,0.018271,6.1035e-05
1329,1330,2,-0.1883,422.64,473.37,0,407.31,491.63,437.97,455.1,-0.0060711,0.00035848,-1.6377,0.018124,6.1035e-05
1330,1331,1,-0.27274,385.1,445.78,0,377.56,480.24,396.85,392.02,-0.0092158,0.00061496,-2.1139,0.0026731,6.1035e-05
1331,1332,2,-0.18629,446.32,473.64,0,423.71,524.13,459,445.31,-0.0072505,0.00019856,-1.7834,0.020935,6.1035e-05
1332,1333,1,-0.29177,404.75,486.29,0,396.82,532.76,416.34,418.36,-0.0096792,0.00098494,-2.1887,0.13351,6.1035e-05
1333,1334,3,-0.14751,449.01,483.43,0,444.42,514.37,453.6,452.49,-0.00058738,0.00024137,-1.4848,0.019288,9.1553e-05
1334,1335,2,-0.19848,458.59,496.7,0,439.58,532.84,472.46,470.33,-0.0072373,0.00013908,-1.8498,0.0133,9.1553e-05
1335,1336,3,-0.16741,500.39,550.68,0,488.26,589.58,515.04,503.73,0.011895,0.00022386,-1.3865,0.022063,9.1553e-05
1336,1337,0,-0.96303,431.59,562.63,0.3125,423.4,643.32,440.3,476.73,-0.0066866,0.22018,-1.6172,0.11064,6.1035e-05
1337,1338,0,-0.48596,361.44,417.6,0,329.14,501.84,382.13,363.6,-0.00053987,0.026613,-2.1241,0.018301,6.1035e-05
1338,1339,1,-0.33935,506.73,570.65,0,491.91,617.42,520.64,526.73,-0.0067714,0.0024305,-2.0201,0.022463,6.1035e-05
1339,1340,2,-0.18664,434.36,471.12,0,420.91,506.86,444.82,443.32,-0.0020351,0.0011391,-1.3715,0.055689,6.1035e-05
1340,1341,0,-0.57893,374.12,474.28,0.015625,356.33,525.35,403.77,389.16,0.0029923,0.016489,-2.0231,0.016403,3.0518e-05
1341,1342,3,-0.17408,520.23,562.3,0,508.41,601.58,535.42,511.8,-0.0078022,0.00066229,-0.97911,0.028539,0.00012207
1342,1343,3,-0.1921,591.28,619.14,0,571.51,678.72,607.65,569.78,0.00061963,0.00020525,-1.2782,0.020457,0.00012207
1343,1344,0,-0.55886,392.04,467.63,0,365.57,539.35,416.91,400.26,-0.0062463,0.00088558,-2.0304,0.027714,3.0518e-05
1344,1345,3,-0.17315,510.35,580.71,0,510.89,636.55,509.85,528.24,-0.01308,0.00012111,-1.2671,0.019882,9.1553e-05
1345,1346,1,-0.30772,444.05,508.18,0,431.28,560.59,456.04,458.95,0.007742,0.0010354,-1.9735,0.014571,6.1035e-05
1346,1347,3,-0.1559,463.31,519.19,0,449.73,552.15,476.9,486.23,0.00023661,0.00027605,-1.1991,0.012615,6.1035e-05
1347,1348,3,-0.17852,552.83,587.86,0,519.53,617.27,580.43,563.5,0.006432,0.00019045,-1.1833,0.01498,0.00012207
1348,1349,2,-0.22147,487.12,558.22,0,484.04,601.04,491.35,499.53,0.0022669,0.00025211,-1.3151,0.042939,6.1035e-05
1349,1350,1,-0.28373,413.44,462.12,0,399.49,490.95,427.38,433.29,-0.0061665,0.00072662,-1.9636,0.018825,6.1035e-05
1350,1351,0,-0.46889,319.47,389.99,0,296.39,451.26,341.14,332.44,0.00010485,0.006234,-1.8826,-0.00089328,3.0518e-05
1351,1352,1,-0.35683,507.85,614.49,0,506.31,657.02,509.39,571.96,-0.00032367,0.0050948,-1.8285,0.021667,6.1035e-05
1352,1353,2,-0.23072,522.06,571.33,0,518.1,617.53,526.02,525.13,-0.0032386,0.00044681,-1.4405,0.020421,0.00012207
1353,1354,3,-0.1921,579.7,636.36,0,566.31,683.96,593.09,588.76,0.0011208,0.00033194,-1.2688,0.038218,0.00012207
1354,1355,0,-0.61082,415.07,484.88,0.03125,391.11,540.29,442.23,422.07,-0.0036355,0.026675,-1.7783,0.01575,6.1035e-05
1355,1356,1,-0.29869,464.46,513.64,0,440.07,559.34,481.14,482.37,-0.011912,0.0008158,-2.0854,0.072866,6.1035e-05
1356,1357,3,-0.15713,497.09,519.16,0,479.68,568.24,507.53,489.71,0.0067853,0.0010877,-1.2622,0.03574,0.00012207
1357,1358,3,-0.16941,536.48,567.37,0,505.69,591.65,565.4,544.56,0.0025052,0.00033999,-1.1315,0.022127,6.1035e-05
1358,1359,3,-0.19062,556.37,620.49,0,535.62,646.58,590.97,577.02,-0.0025937,0.0002125,-1.108,0.02272,0.00012207
1359,1360,2,-0.22035,491.84,551.53,0,466.32,565.28,524.66,533.85,-0.015385,0.0002979,-1.3703,0.018683,9.1553e-05
1360,1361,1,-0.37277,546.36,616.15,0,515.44,641.91,581.39,586.96,0.0052794,0.0029035,-1.7657,0.011493,6.1035e-05
1361,1362,0,-0.5754,380.28,478.65,0,358.64,534.14,414.04,392.1,-0.010337,0.0026568,-1.6957,0.032984,3.0518e-05
1362,1363,0,-0.83972,419.55,529.93,0.23438,385.98,609.67,455.29,445.05,-0.0056504,0.1434,-1.6318,0.0034882,6.1035e-05
1363,1364,3,-0.16799,510.95,536.03,0,484.33,554.41,543.08,513.85,-0.00060028,0.0023376,-1.0914,0.012487,9.1553e-05
1364,1365,0,-0.46849,323.32,376.47,0,298.35,444.01,341.55,327.18,0.0099287,0.035456,-1.6916,0.011717,3.0518e-05
1365,1366,2,-0.23224,523.6,580.61,0,506.97,629.3,538.28,537.64,0.009249,0.00099425,-1.4569,0.012351,6.1035e-05
1366,1367,3,-0.19495,583.95,637.03,0,567.06,689.06,600.85,585.01,-0.00063543,0.00025398,-1.2459,0.025627,0.00012207
1367,1368,1,-0.34767,510.19,590.08,0,478.25,654.42,536.65,536.76,-0.010182,0.0014917,-1.9914,0.012789,6.1035e-05
1368,1369,3,-0.17618,533.33,568.32,0,525.49,596.59,540.69,541.75,-0.0096879,0.00028137,-1.0677,0.016739,0.00012207
1369,1370,1,-0.33923,492.13,585.25,0,476.81,621.98,511.83,538.03,0.001413,0.0018133,-1.667,0.019606,6.1035e-05
1370,1371,1,-0.36661,544.54,622.99,0,543.42,688.32,545.53,565.35,-0.0039165,0.0013107,-1.8172,0.016872,0.00012207
1371,1372,1,-0.3369,496.27,571.01,0,482.26,648.84,506.49,514.21,-0.0017842,0.00070413,-1.8809,0.036379,9.1553e-05
1372,1373,3,-0.18171,559.02,585.08,0,537.14,632.37,579.57,540.66,-0.014475,0.00037408,-1.1829,0.027373,0.00012207
1373,1374,3,-0.15645,480.29,517.21,0,478.04,559.49,482.04,484.33,-0.0031701,0.00024636,-1.0383,0.023766,0.00012207
1374,1375,1,-0.24995,370.35,414.79,0,339.62,488.11,395.82,354.04,-0.0012799,0.0012299,-2.0706,0.0082355,3.0518e-05
1375,1376,0,-0.57798,392.8,486.88,0,363.93,568.16,423.53,400.35,-0.006891,0.0024951,-1.9288,0.0079872,6.1035e-05
1376,1377,0,-0.58197,390.91,490.93,0,378.22,571.7,405.29,399.4,-0.014733,0.0022104,-1.5996,0.063813,6.1035e-05
1377,1378,3,-0.17124,517.65,556.29,0,494.21,595.75,539.66,519.21,0.007429,0.0012498,-0.93004,0.019139,0.00012207
1378,1379,0,-0.602,399.52,480.75,0.03125,362.72,547.17,434.09,418.35,0.0026868,0.022436,-1.7922,0.0013134,6.1035e-05
1379,1380,2,-0.22608,491.27,555.31,0,485.14,590.29,500.83,500.74,-0.0071826,0.00030551,-1.117,0.020936,6.1035e-05
1380,1381,2,-0.21292,493.04,530.12,0,478.52,585.2,501.74,497.08,0.014926,0.00041586,-1.1596,0.039105,9.1553e-05
1381,1382,2,-0.2621,591.56,663.01,0,586.18,707.13,596.62,621.57,0.0049159,0.00054291,-1.1992,0.025536,0.00012207
1382,1383,0,-0.51956,346.69,439.82,0,325.82,499.84,373.54,362.66,-0.005418,0.0029919,-1.6086,-0.00054003,3.0518e-05
1383,1384,1,-0.32183,481.29,555.6,0,464.43,603.76,494.4,518.14,-0.00032531,0.0013999,-1.521,0.012495,6.1035e-05
1384,1385,0,-0.53503,363.44,453.34,0,339.89,520.36,391.86,372.47,-0.0032954,0.0014815,-1.6159,0.015369,3.0518e-05
1385,1386,1,-0.34766,512.68,581.42,0,502.22,616.02,521.91,550.9,-0.0065817,0.0017358,-1.8078,0.010055,6.1035e-05
1386,1387,0,-0.54824,397.06,469.07,0,364.78,542.65,420.61,415.38,-0.0081478,0.0017384,-1.5921,0.012545,3.0518e-05
1387,1388,3,-0.17887,537.82,578.58,0,531.2,590.42,547.48,561.27,0.0052772,0.00048977,-1.0381,0.017361,0.00012207
1388,1389,1,-0.25377,369.6,428.68,0,360.12,455.61,378.5,403.4,0.00039273,0.0013386,-2.0703,0.011582,6.1035e-05
1389,1390,1,-0.36758,517.35,604.62,0,499.36,641.37,543.64,550.91,-0.0036771,0.0018166,-1.8037,0.020765,0.00012207
1390,1391,3,-0.1594,501.04,520.25,0,488.93,545.03,509.32,503.29,0.00065722,0.00071745,-1.1481,0.021611,9.1553e-05
1391,1392,3,-0.16319,486.46,525.7,0,471.01,553.26,501.92,498.15,-0.0092441,0.00030604,-1.1514,0.0098056,9.1553e-05
1392,1393,3,-0.16145,494.2,519.96,0,496.11,551.28,492.17,486.62,-0.0050045,0.00018189,-1.1809,0.018681,0.00012207
1393,1394,3,-0.16895,504.9,550.01,0,489.34,575.93,524.9,516.68,0.0086114,0.00021405,-1.1403,0.0061287,6.1035e-05
1394,1395,0,-0.50151,339.95,410,0,323.22,454.22,358.9,359.88,8.7689e-06,0.00082733,-1.5295,0.022833,6.1035e-05
1395,1396,3,-0.17009,505.64,549.05,0,495.51,572.66,517.88,520.57,0.0059005,0.00024892,-1.0899,0.021727,9.1553e-05
1396,1397,2,-0.25883,586.02,635.39,0,562.02,667.17,608.56,605.55,0.0035674,0.00050248,-1.1827,0.029994,0.00012207
1397,1398,1,-0.28315,407.15,472.15,0,404.08,497.3,410.63,443.65,0.0022718,0.00074946,-1.7056,0.054336,3.0518e-05
1398,1399,3,-0.17395,543.64,559.32,0,541.37,606.19,545.19,527.26,-7.6652e-05,0.00019562,-1.106,0.03821,0.00012207
1399,1400,3,-0.17367,528.22,554.01,0,517.36,568.48,545.16,531.44,0.0097594,0.00024756,-1.2341,0.028696,0.00012207
1400,1401,1,-0.34258,499.52,597.34,0,463.73,625.22,537.63,567.66,0.013485,0.0022294,-1.6968,0.024342,9.1553e-05
1401,1402,1,-0.25363,363.72,437.33,0,357.24,451.41,370.62,422.34,-0.017099,0.0014343,-2.0097,0.0041625,6.1035e-05
1402,1403,1,-0.34015,495.78,574.28,0,483.3,614.08,507.5,536.89,-0.0079472,0.0014977,-1.8809,0.024109,6.1035e-05
1403,1404,1,-0.285,421.38,496.1,0,392.33,536.51,443.98,464.68,0.014095,0.00084507,-1.8995,0.026519,6.1035e-05
1404,1405,0,-0.53914,379.53,468.97,0,352.38,540.52,406.68,397.41,0.00072218,0.0028637,-1.7938,-0.00053354,6.1035e-05
1405,1406,3,-0.18941,595.18,619.22,0,560.71,668.92,622,580.56,0.0035905,0.0002489,-0.952,0.012538,0.00012207
1406,1407,0,-0.6072,410.76,506.6,0,387.79,586.59,436.78,415.94,-0.00078154,0.0031393,-2.0762,0.0016892,6.1035e-05
1407,1408,0,-0.474,327.89,409.33,0,307.93,465.32,350.52,345.87,-0.0089468,0.0028614,-1.7426,0.0019106,6.1035e-05
1408,1409,3,-0.18742,558.55,621.79,0,535.06,644.94,590.74,590.07,0.0035904,0.0002084,-1.1195,0.017716,0.00012207
1409,1410,0,-0.55416,387.99,462.66,0,366.58,538.67,406.87,395.59,-0.018472,0.0018399,-1.8616,0.0028645,6.1035e-05
1410,1411,1,-0.34485,521,574.07,0,507.1,609.83,531.14,547.97,0.0033325,0.0012662,-1.7497,0.026026,6.1035e-05
1411,1412,2,-0.24565,538.72,608.86,0,521.45,631.19,565.66,574.01,-0.00028956,0.0004446,-1.1576,0.030106,6.1035e-05
1412,1413,3,-0.16093,492,541.56,0,477.71,600.99,503.12,495.35,-0.001328,0.00036119,-1.1275,0.040608,0.00012207
1413,1414,2,-0.23648,542.91,586.24,0,523.02,642.32,561.59,533.55,0.0011231,0.00041851,-1.0709,0.018429,0.00012207
1414,1415,3,-0.18816,590.14,618.67,0,569.23,657.9,607.47,586.17,0.0030096,0.00027207,-0.9614,0.011463,0.00012207
1415,1416,1,-0.29133,412.19,478.97,0,385.05,558.32,439.34,399.61,0.0039696,0.00087962,-1.6767,0.020255,6.1035e-05
1416,1417,1,-0.30269,435.77,497.37,0,423.49,538.65,447.31,458.6,-0.006921,0.0011871,-1.8601,0.026417,6.1035e-05
1417,1418,2,-0.23805,572.7,605.42,0,547.74,656.87,593.38,562.79,-0.0010606,0.00030599,-1.2569,0.024886,6.1035e-05
1418,1419,2,-0.21158,486.62,520.55,0,475.77,561.85,495.06,488.42,-0.0069672,0.00021795,-1.2924,0.011182,9.1553e-05
1419,1420,1,-0.26311,398.39,447.97,0,374.21,510.81,413.89,407.69,-0.010509,0.00051686,-1.6915,0.010065,6.1035e-05
1420,1421,0,-0.55648,368.65,458.07,0,347.94,526.94,390.71,384.75,0.0077336,0.0020531,-1.7558,-0.0020729,6.1035e-05
1421,1422,3,-0.19021,565.99,601.97,0,550.81,627.72,584.32,570.9,0.0038717,0.00019538,-1.1422,0.044523,0.00012207
1422,1423,2,-0.23023,495.04,551.85,0,477.75,561.48,530.45,532.13,-0.0082523,0.00048259,-1.4015,0.046567,0.00012207
1423,1424,0,-0.70778,416.98,496.55,0.125,388.66,569.73,441.96,431.98,-0.016374,0.092139,-1.9527,0.018642,6.1035e-05
1424,1425,3,-0.14763,450.98,494.18,0,421.88,509.75,478.32,479.56,0.0068178,0.0020096,-1.2569,0.017447,9.1553e-05
1425,1426,3,-0.17536,564.16,581.42,0,551.94,607.28,574.95,558.6,0.0040069,0.00047792,-1.2753,0.025421,0.00012207
1426,1427,2,-0.21332,452.03,529.98,0,431.19,554.89,489.18,485.57,-0.00034345,0.0010905,-1.4323,0.016279,6.1035e-05
1427,1428,2,-0.22664,511.25,573.31,0,478.29,603.79,540.33,546.41,-0.0033241,0.0010308,-1.3035,0.039614,0.00012207
1428,1429,3,-0.18039,548.32,590.73,0,522.76,604.57,572.34,577.73,-0.0064363,0.00040688,-1.0185,0.042418,0.00012207
1429,1430,1,-0.27072,409.34,457.92,0,391.07,506.39,421.05,426.85,0.00080941,0.003025,-1.9699,0.021561,6.1035e-05
1430,1431,1,-0.22751,356.31,381.02,0,322.47,443.81,376.62,343.35,-0.0027466,0.0016068,-1.8825,0.011547,6.1035e-05
1431,1432,3,-0.15421,483.93,509.49,0,472.56,547.91,492.22,481.45,0.0054598,0.00037798,-1.1648,0.021408,6.1035e-05
1432,1433,2,-0.24084,543,605.52,0,523.83,647.18,566.13,555.24,-0.0010669,0.00044699,-1.188,0.045826,0.00012207
1433,1434,0,-0.55199,391.99,469.44,0,357.24,545.8,415.77,417.18,-0.011595,0.0044651,-1.7306,0.046438,6.1035e-05
1434,1435,3,-0.16275,516.29,537.81,0,508.7,568.94,522.2,513.59,0.0035242,0.00041328,-1.1797,0.026461,9.1553e-05
1435,1436,2,-0.20417,464.13,525.81,0,437.44,560.59,487.68,495.13,-0.020653,0.00028913,-1.234,0.047999,6.1035e-05
1436,1437,0,-0.49232,358.34,424.89,0,331.67,493.1,379.08,371.83,-0.0050132,0.00068366,-2.0643,0.0048848,6.1035e-05
1437,1438,1,-0.23158,330.78,394.21,0,308.17,448.05,353.4,340.37,-0.0031088,0.00068664,-1.7547,0.0081282,6.1035e-05
1438,1439,1,-0.30109,446.51,502.09,0,427.92,537.74,462.91,470.63,0.0038122,0.0010103,-1.7915,0.042062,9.1553e-05
1439,1440,1,-0.25844,363.71,434.23,0,345.46,492.99,385.74,363.31,-0.0062075,0.00094783,-1.7227,0.0080051,6.1035e-05
1440,1441,3,-0.15681,474.28,497.72,0,457.15,527.96,491.4,467.49,0.0036345,0.00032959,-1.2873,0.022165,0.00012207
1441,1442,3,-0.16972,510.57,545.82,0,489.75,567.94,534.16,520.75,-0.0044924,0.00019742,-1.2269,0.045777,0.00012207
1442,1443,2,-0.24032,529.4,580.82,0,509.98,618.73,552.84,535.08,0.0020692,0.00024023,-1.4402,0.017532,0.00012207
1443,1444,1,-0.36249,517.64,602.89,0,505.38,626.67,536.77,565.8,0.00083477,0.0022849,-1.9643,0.023354,6.1035e-05
1444,1445,3,-0.18856,560.59,574.08,0,532.71,604.86,592.18,539.2,7.6866e-05,0.00049704,-1.4731,0.018447,0.00012207
1445,1446,3,-0.16639,496.39,549.68,0,490.77,577.72,502.76,517.9,0.0074843,0.00022572,-1.4356,0.032406,0.00012207
1446,1447,0,-0.50715,350.84,428.99,0,325.96,491.3,374.22,370.45,-0.0010242,0.00099705,-2.1038,0.00095526,6.1035e-05
1447,1448,2,-0.19497,431.61,488.94,0,418.23,530.7,445.86,444.49,0.0035641,0.00046166,-1.6381,0.019708,6.1035e-05
1448,1449,0,-0.44648,306.75,369.6,0,288.72,421.98,325.94,313.84,-0.005194,0.0025009,-1.9345,0.00628,6.1035e-05
1449,1450,2,-0.18176,407.37,450.7,0,396.62,474.96,420.35,421.43,-0.0031314,0.00030507,-1.417,0.010603,9.1553e-05
1450,1451,0,-0.46372,328.24,391.59,0,307.12,453.34,346.87,337.11,-0.0030927,0.0012267,-1.8784,0.015119,6.1035e-05
1451,1452,1,-0.25423,381.76,427.72,0,370.13,458.1,390.8,404.09,-0.0065468,0.00074633,-1.9097,0.0066881,6.1035e-05
1452,1453,2,-0.22385,513.23,554.75,0,475.25,579.23,546.75,533.16,-0.007195,0.00027461,-1.5233,0.020581,0.00012207
1453,1454,3,-0.17056,534.93,553.13,0,513.87,575,548.44,539.11,0.0059937,0.00017485,-1.4384,0.032816,0.00012207
1454,1455,0,-0.54546,401.98,472.46,0,372,553.41,425.29,409.5,0.0091912,0.0019774,-2.3715,0.0026074,6.1035e-05
1455,1456,0,-0.50604,350.82,423.26,0,327.79,488.42,373.84,358.1,-0.020753,0.0014111,-1.9312,0.018129,6.1035e-05
1456,1457,3,-0.17451,524.18,530.99,0,503.46,562.51,547.66,495.27,-0.010415,0.00021544,-1.6271,0.014452,0.00012207
1457,1458,1,-0.32317,478.63,526.22,0,460.13,566.15,493.95,493.13,0.0087567,0.00073286,-1.9702,0.0095436,6.1035e-05
1458,1459,1,-0.29819,439.01,484.25,0,430.13,502.89,446.85,467.8,-0.00352,0.00053881,-2.1828,-0.0015728,6.1035e-05
1459,1460,0,-0.59862,421.66,505.51,0,389.91,594.3,446.35,436.46,0.011801,0.0015951,-1.994,0.020448,6.1035e-05
1460,1461,3,-0.17638,529.73,575.69,0,509.49,613.34,552.66,533.02,-0.0041538,0.00024841,-1.4697,0.024497,0.00018311
1461,1462,0,-0.48677,334.5,401.5,0,316.29,459.3,351.6,347.19,-0.0052154,0.0056725,-1.8479,0.013166,3.0518e-05
1462,1463,0,-0.47587,319.68,396.67,0,306.64,464.43,334.47,319.88,-0.00055811,0.0036981,-2.1043,0.0031424,3.0518e-05
1463,1464,3,-0.17674,548.97,552.91,0,519.07,573.39,585.07,528.21,-0.0018446,0.00028422,-1.3706,0.028672,0.00012207
1464,1465,2,-0.21357,463.41,507.23,0,448.04,537.2,483.18,468.69,-0.0018919,0.00012108,-1.7396,0.019515,9.1553e-05
1465,1466,0,-0.5551,395.02,470.17,0,367.04,546.23,419.7,403.06,-0.002438,0.0074784,-2.102,0.00066658,6.1035e-05
1466,1467,1,-0.30219,442.81,493.57,0,430.75,520.82,454.14,467.97,-0.0013648,0.0007941,-2.0868,0.022863,9.1553e-05
1467,1468,3,-0.1654,488.18,535.2,0,476.02,571.24,499.61,501.35,-0.00037256,0.00022826,-1.4706,0.039692,0.00012207
1468,1469,1,-0.26574,394.7,427.8,0,380.13,459.88,405.34,404.38,-0.017865,0.00039697,-2.3052,0.0056188,6.1035e-05
1469,1470,0,-0.51642,353.37,421.98,0,333.65,474.29,377.16,358.84,-0.00081404,0.0045965,-1.9621,0.0077596,6.1035e-05
1470,1471,2,-0.25087,565.55,613.52,0,546.12,659.51,583.8,570.31,-0.0015443,0.00067042,-1.5198,0.037947,0.00012207
1471,1472,2,-0.26265,582.21,639.24,0,568.2,682.38,598.09,590.35,0.0064131,0.00043689,-1.4187,0.029913,0.00012207
1472,1473,3,-0.17238,508.73,536.98,0,495.4,568.29,523.84,501.5,0.0018888,0.00056661,-1.252,0.019613,9.1553e-05
1473,1474,2,-0.24057,551.98,585.94,0,532.75,622.94,566,558.94,-0.002323,0.00028102,-1.3346,0.019843,0.00012207
1474,1475,1,-0.28118,412.86,468.74,0,400.06,495.07,423.47,446.93,0.0030576,0.00066604,-1.9824,0.028747,6.1035e-05
1475,1476,0,-0.59834,409.13,510.44,0,381.82,570.48,442.1,437.98,-0.0051184,0.0030479,-1.9882,0.0024476,6.1035e-05
1476,1477,0,-0.59559,413.14,483.32,0.015625,379.07,568.57,439.65,417.01,0.029526,0.015582,-1.9768,0.026736,6.1035e-05
1477,1478,2,-0.20063,443.65,504.33,0,428.2,534.1,460.09,472.63,0.0013246,0.0028749,-1.3935,0.02189,9.1553e-05
1478,1479,1,-0.35252,526.59,586.34,0,501.21,631.42,546.32,551.27,-0.010176,0.0012188,-2.2043,0.041672,6.1035e-05
1479,1480,2,-0.21157,456.08,516.47,0,447.99,550.14,466.48,473.18,-0.0034214,0.00040169,-1.5369,0.021745,6.1035e-05
1480,1481,2,-0.24061,542.27,594.84,0,541.8,657.8,542.71,535.69,0.019325,0.00037971,-1.2092,0.026596,0.00012207
1481,1482,2,-0.23239,516.78,574.29,0,507.59,617.02,526.57,528.8,-0.0050871,0.00024826,-1.3197,0.018541,0.00012207
1482,1483,3,-0.16659,497.28,517.44,0,483.65,545.46,511.79,487.62,0.00076849,0.00010141,-1.5001,0.034308,0.00012207
1483,1484,0,-0.49061,319.98,398.98,0,301.44,444.76,343.81,340.11,-0.020456,0.0060683,-1.9312,0.0066205,6.1035e-05
1484,1485,1,-0.26501,382.11,446.51,0,363.52,479.34,403.19,409.3,-0.015023,0.0013842,-2.2254,0.0042904,6.1035e-05
1485,1486,3,-0.15292,461.22,486.5,0,448,501.07,476.22,469.98,0.0013079,0.00026732,-1.3979,0.044005,0.00012207
1486,1487,2,-0.2209,488.98,551.44,0,477.47,573.44,501.23,528.02,-0.0084392,0.00060254,-1.2807,0.024699,6.1035e-05
1487,1488,0,-0.54726,357.79,452.25,0,337.94,506.98,385,377.26,-0.0016848,0.010706,-1.9277,0.001845,6.1035e-05
1488,1489,1,-0.27666,401.28,472.86,0,392.45,518.16,410.11,427.56,-7.1744e-06,0.00093627,-2.1461,0.017096,6.1035e-05
1489,1490,0,-0.53842,380.11,465.57,0,355.15,536.56,399.52,410.35,0.0024167,0.0014054,-1.907,0.0071911,6.1035e-05
1490,1491,1,-0.2943,433.68,481.57,0,414.97,514.75,453.59,446.25,-0.0092329,0.0013363,-1.9123,0.053267,9.1553e-05
1491,1492,0,-0.66823,413.74,525.34,0.015625,393.27,577.11,443.66,449.68,-0.0013318,0.010986,-1.7207,0.0054545,6.1035e-05
1492,1493,3,-0.1627,489.95,523.85,0,482.13,553.56,498.26,492.24,0.0074368,0.00053833,-1.2114,0.029922,9.1553e-05
1493,1494,2,-0.21159,476.94,513.21,0,471.39,553.33,480.99,483.93,-0.0035364,0.00044793,-1.3548,0.023407,0.00012207
1494,1495,3,-0.18229,550.69,581.79,0,534.99,615.85,565.43,549.78,0.0029326,0.00019721,-1.0834,0.020837,0.00012207
1495,1496,2,-0.20759,468.3,517.01,0,475.28,545.65,459.32,480.19,-0.002495,0.00030847,-1.2965,0.044803,9.1553e-05
1496,1497,1,-0.32941,479.28,535.9,0,464.59,582.2,490.01,502.12,-0.015412,0.0009447,-1.6219,0.01866,6.1035e-05
1497,1498,2,-0.20703,447.76,510.04,0,439.32,531.29,458.6,482.73,-0.00083968,0.00033492,-1.2499,0.021996,6.1035e-05
1498,1499,1,-0.29974,438.43,492.61,0,436.21,531.34,440.8,451.38,-0.0082598,0.00045892,-1.8407,0.038891,6.1035e-05
1499,1500,2,-0.22348,478.58,556.46,0,472.3,586.53,487.75,512.5,0.0080393,0.00031983,-1.166,0.028821,9.1553e-05
1500,1501,0,-0.56685,398.69,469.51,0,370.96,537.7,416.46,425.8,-0.0054334,0.0016089,-1.6836,0.0088496,6.1035e-05
1501,1502,2,-0.18647,406.95,460.14,0,391.82,470.84,424.1,448.02,-0.0069507,0.00026251,-1.4196,0.0091007,6.1035e-05
1502,1503,0,-0.45765,306.17,389.81,0,290.81,422.94,323.59,352.26,-0.010382,0.0023972,-1.3989,0.025389,3.0518e-05
1503,1504,2,-0.25132,547.27,590,0,540.96,626.38,554.89,546.09,-0.00096921,0.0010391,-1.4551,0.035353,0.00012207
1504,1505,0,-0.55481,383.58,454.17,0,360.25,525.66,404.17,391.09,-0.011001,0.0020267,-1.694,0.098754,3.0518e-05
1505,1506,3,-0.16642,516.2,520.03,0,506.32,548.99,524.91,494.48,-0.011479,0.00035843,-1.2066,0.13303,9.1553e-05
1506,1507,3,-0.18547,573.22,579.81,0,553.71,612.88,587.46,555.68,0.010059,0.00036449,-1.2355,0.06076,0.00018311
1507,1508,1,-0.27171,402.51,441.27,0,385.09,478.76,416.95,410.22,-0.0057322,0.00083286,-1.9259,0.056822,6.1035e-05
1508,1509,2,-0.21919,497.81,516.16,0,495.83,538.05,499.92,492.85,-0.0038937,0.00019596,-1.4888,0.0046004,9.1553e-05
1509,1510,1,-0.31375,485.85,511.84,0,482.08,554.92,488.26,484.23,-0.0016642,0.0010037,-1.8903,0.031153,6.1035e-05
1510,1511,2,-0.22165,510.9,529.83,0,488.77,555.54,530.43,507.14,-0.0026505,0.00043045,-1.4187,0.0076755,9.1553e-05
1511,1512,3,-0.20912,643.04,618.4,0,615.13,663.05,672.74,570.86,0.0040541,0.00034144,-1.3146,0.015194,0.00012207
1512,1513,0,-0.52094,367.14,428.03,0,336.94,469.38,395.51,389.19,-0.0061816,0.00067841,-1.8084,0.018982,6.1035e-05
1513,1514,3,-0.1678,504.67,516.35,0,481.7,547.97,530.7,480.51,0.0014113,0.00024155,-1.1693,0.017365,0.00012207
1514,1515,0,-0.4745,330.63,384.89,0,309.76,441.61,349.06,334.85,-0.0048267,0.0012506,-2.0055,0.020669,3.0518e-05
1515,1516,3,-0.17421,536.81,537.01,0,519.77,567.48,552.82,508.38,0.0020903,0.0001787,-1.2925,0.064944,0.00012207
1516,1517,1,-0.27902,401.04,451.33,0,395.31,501.71,407.14,397.69,0.00016308,0.00081634,-1.8753,0.036863,6.1035e-05
1517,1518,2,-0.19247,451.51,491.38,0,438.46,514.83,463.01,470.69,-0.017057,0.00029319,-1.3868,0.020372,6.1035e-05
1518,1519,0,-0.59556,390.59,492.35,0,367.79,544.29,421.83,421.17,0.0012424,0.0041272,-1.8487,0.0087188,6.1035e-05
1519,1520,1,-0.23135,351.47,375,0,325.46,433.52,370.46,332.3,-0.0042673,0.0016183,-1.829,0.0067497,3.0518e-05
1520,1521,2,-0.22055,493.58,536.93,0,477.01,571.25,511.22,500.4,-0.0036921,0.00053486,-1.593,0.01824,9.1553e-05
1521,1522,3,-0.1872,567.17,590.1,0,557.18,621.83,577.16,558.37,0.0035844,0.00025632,-1.3964,0.025256,0.00012207
1522,1523,2,-0.21403,486.4,527.43,0,474.73,544.58,498.82,509.18,0.012291,0.00011509,-1.3532,0.026062,9.1553e-05
1523,1524,0,-0.47194,290.01,384.3,0,276.44,413.1,312.63,336.28,-0.017732,0.0057042,-1.7048,0.0014561,3.0518e-05
1524,1525,3,-0.17849,571.45,555.15,0,550.08,574.74,585.15,542.59,-0.0028706,0.0004351,-1.3324,0.037454,0.00012207
1525,1526,0,-0.48069,348.57,404.45,0,323.23,466.7,369.56,352.87,0.0010167,0.0081492,-1.7984,0.00053288,3.0518e-05
1526,1527,2,-0.21283,466.72,502.87,0,453.21,528.33,485.23,467.99,0.010744,0.00039806,-1.4447,0.042674,9.1553e-05
1527,1528,2,-0.25004,587.78,608.3,0,590.68,679.51,585.79,559.58,0.0016066,0.00074082,-1.2762,0.012885,0.00012207
1528,1529,2,-0.20815,485.07,515.2,0,473.46,563.53,493.55,479.94,-0.00040098,0.00027397,-1.3947,0.016156,0.00012207
1529,1530,3,-0.15811,482.08,496.77,0,482.3,528.01,481.89,469.2,0.0043755,0.00024594,-1.3487,0.022429,0.00012207
1530,1531,2,-0.20814,459.02,497.66,0,448.88,534.99,469.82,457.93,-0.0091349,0.00016315,-1.5817,0.043106,9.1553e-05
1531,1532,0,-0.49538,352.66,412.21,0,330.14,464.55,375.17,359.88,-0.0035157,0.0037412,-1.5356,0.00072048,6.1035e-05
1532,1533,2,-0.21236,463.63,514.97,0,452.03,541.38,480.58,476.38,-0.0030144,0.00020185,-1.4994,0.032953,9.1553e-05
1533,1534,2,-0.21982,484.53,528.78,0,483.9,570.87,485.19,483.97,-0.01161,0.00015613,-1.4321,0.14114,9.1553e-05
1534,1535,2,-0.21493,484.66,529.42,0,457.12,550.76,512.19,508.07,0.036354,0.000185,-1.5117,0.039772,6.1035e-05
1535,1536,3,-0.16059,478.03,502.31,0,458.51,517.87,500.15,484.67,-0.0055792,0.00014519,-1.3683,0.01225,9.1553e-05
1536,1537,3,-0.17634,521.52,556.02,0,506.85,580.23,539.23,526.81,0.013723,0.00022091,-1.2002,0.032045,0.00012207
1537,1538,0,-0.53404,372.33,451.58,0,340.89,522.16,400.06,389.3,0.0095171,0.0041978,-1.905,0.021545,6.1035e-05
1538,1539,2,-0.24721,543.96,605.83,0,532.13,622.78,559.17,584.02,0.0097889,0.00039659,-1.1063,0.05644,0.00012207
1539,1540,0,-0.52956,378.53,444.48,0,348.57,505.07,406.67,387.56,-0.003877,0.001721,-1.9852,0.0012031,6.1035e-05
1540,1541,3,-0.16766,546.82,549.4,0,519.7,584.07,561.03,531.25,0.0076998,0.00017448,-1.1773,0.022983,0.00012207
1541,1542,2,-0.20208,463.29,495.08,0,450.49,508.36,478.74,479.06,-0.00014127,0.00070759,-1.3385,0.070753,9.1553e-05
1542,1543,2,-0.24247,557.26,605.9,0,555.69,644.44,558.56,573.96,-0.009611,0.00052913,-1.3499,0.022969,0.00012207
1543,1544,0,-0.5093,359.95,429.71,0,336.35,498.64,379.51,372.6,-0.014091,0.0015786,-1.827,0.025269,6.1035e-05
1544,1545,3,-0.17645,530.67,552.63,0,509.91,568.64,561.02,529.22,-0.0020038,0.00031992,-1.3657,0.033373,0.00012207
1545,1546,1,-0.3056,447.88,502.42,0,439.83,527.47,458.24,470.21,0.0012966,0.00081798,-1.9269,0.0049882,6.1035e-05
1546,1547,3,-0.18601,560.3,591.47,0,552.22,611.64,570.69,565.55,0.0019554,0.00027342,-1.2675,0.060539,0.00012207
1547,1548,1,-0.34128,504.63,558.73,0,482.35,593.81,525.55,525.78,-0.0023037,0.00084911,-1.9109,0.024371,0.00012207
1548,1549,3,-0.17443,541.81,558.66,0,507.64,574.75,558.5,550.8,0.013637,0.00044011,-1.2227,0.025224,0.00012207
1549,1550,2,-0.24604,556.43,608.17,0,530.8,627,585.49,586.82,0.0031636,0.00032627,-1.4844,0.016309,0.00012207
1550,1551,2,-0.25214,575.03,614.03,0,554.98,648.67,597.76,574.78,-0.00065135,0.0003308,-1.5175,0.02702,0.00012207
1551,1552,3,-0.16454,502.83,511.86,0,485.4,527.29,525.24,492.02,-0.0030405,0.0003139,-1.4466,0.023255,0.00012207
1552,1553,3,-0.17238,534.37,542,0,521.5,568.78,546.46,516.83,-0.00019247,0.00018535,-1.6075,0.027685,0.00012207
1553,1554,3,-0.16521,511.26,527.8,0,501.01,553.68,518.74,508.91,0.005722,0.00018545,-1.3741,0.014392,0.00012207
1554,1555,2,-0.216,487.02,538.34,0,470.83,559.01,502.22,518.93,-0.0056198,0.00020975,-1.6122,0.020471,0.00012207
1555,1556,3,-0.18106,564.67,592.59,0,545.08,639.75,578.06,560.31,0.0065752,0.00017512,-1.6908,0.037394,0.00012207
1556,1557,3,-0.17623,527.8,567.02,0,506.26,595.98,559.28,524.69,0.00078261,0.00015558,-1.4545,0.034578,0.00012207
1557,1558,2,-0.19344,447.56,497.61,0,431.29,546.65,460.22,459.47,-0.0036905,0.00029659,-1.7288,0.057518,9.1553e-05
1558,1559,0,-0.53036,385.75,446.27,0,357.38,516.77,407.82,391.45,-0.0058164,0.0020463,-1.726,-0.0021648,6.1035e-05
1559,1560,3,-0.17962,551.79,580.68,0,523.9,620.77,576.39,545.31,0.01259,0.00017561,-1.5178,0.021672,0.00012207
1560,1561,1,-0.24507,362.98,411.22,0,338.61,439.88,379.66,391.61,-0.00015442,0.0012435,-2.1026,0.0066879,6.1035e-05
1561,1562,2,-0.21141,476.04,497.26,0,460.21,530.64,490.02,467.81,-0.0010977,0.00039818,-1.5299,0.014127,6.1035e-05
1562,1563,2,-0.23358,530.91,567.59,0,525.58,602.96,535.33,538.28,0.001233,0.00034996,-1.4806,0.023469,0.00012207
1563,1564,2,-0.18818,422.21,462.39,0,413.67,493.36,430.25,433.3,-0.0089053,0.00046345,-1.5141,0.01894,9.1553e-05
1564,1565,3,-0.16065,484.68,500.81,0,463.34,527.61,506.01,474,-0.0092852,0.00012919,-1.3615,0.018236,9.1553e-05
1565,1566,2,-0.21282,475.63,535.01,0,447.17,572.47,504.09,497.55,-0.00092507,0.00021684,-1.4543,0.018134,6.1035e-05
1566,1567,1,-0.26911,405.33,451.5,0,372.37,531.1,430.97,389.6,-0.0041763,0.0014758,-2.3448,0.0053891,6.1035e-05
1567,1568,3,-0.153,466.43,492.12,0,457.89,528.06,474.46,458.36,-0.0051299,0.00053017,-1.3343,0.024138,9.1553e-05
1568,1569,2,-0.20129,445.83,486.37,0,434.04,512.38,456.9,461.94,0.0065796,0.0001435,-1.347,0.021979,9.1553e-05
1569,1570,1,-0.33688,485.69,557.03,0,475.34,593.31,497.41,515.91,-0.0084362,0.0022182,-2.0895,0.018298,6.1035e-05
1570,1571,1,-0.30646,438.41,511.83,0,417.12,531.65,462.53,489.37,-0.003949,0.00090005,-2.0515,0.031855,9.1553e-05
1571,1572,0,-0.4871,356.1,417.06,0,328.8,481.33,378.72,363.8,-0.0088942,0.0016094,-1.8867,0.039668,3.0518e-05
1572,1573,1,-0.35485,533.8,582.17,0,515.79,610.48,548.72,558.72,0.0095934,0.0013241,-2.0148,0.048944,6.1035e-05
1573,1574,2,-0.20871,467.59,515.65,0,453.52,548.01,482.57,481.2,-0.011053,0.0010168,-1.2863,0.046861,9.1553e-05
1574,1575,1,-0.25801,383.67,433.67,0,355.92,469.2,405.25,406.04,-0.0066729,0.00075521,-2.0546,0.0194,6.1035e-05
1575,1576,1,-0.3335,491.4,553.19,0,470.56,591.08,509.79,519.76,-0.0014153,0.0014076,-2.3205,0.041976,6.1035e-05
1576,1577,1,-0.27303,408.17,450.51,0,396.17,495.93,415.86,421.39,-0.0024139,0.0016063,-2.0509,0.017467,6.1035e-05
1577,1578,1,-0.33911,488.4,559.64,0,462.57,589.71,517.66,525.56,-0.0018613,0.00092106,-2.0121,0.04376,0.00012207
1578,1579,1,-0.27783,397.49,460.96,0,380.98,503.22,417.41,409.97,0.00095538,0.0011457,-2.4074,0.0095442,6.1035e-05
1579,1580,1,-0.29563,449.68,491.18,0,444.49,535.21,453.99,454.71,-0.024926,0.0010404,-2.2962,0.028915,6.1035e-05
1580,1581,3,-0.16299,494.73,534.81,0,475.34,562.71,519.67,498.95,0.0045115,0.00014634,-1.4215,0.035442,9.1553e-05
1581,1582,0,-0.71323,424.85,516.39,0.078125,403.38,594.14,449.19,428.27,-0.012394,0.056847,-2.0019,0.05857,6.1035e-05
1582,1583,1,-0.31044,434.87,512.81,0,424.52,557.44,449.06,451.65,0.0041914,0.0039321,-1.9093,0.030996,9.1553e-05
1583,1584,2,-0.23783,527.05,598.45,0,510.03,632.2,551.93,549.11,0.00075146,0.00095002,-1.4812,0.028462,0.00012207
1584,1585,3,-0.16464,487.42,551.01,0,473.22,578.81,503.52,519.5,0.00088796,0.00036935,-1.4286,0.014818,0.00012207
1585,1586,3,-0.17879,551.22,564.37,0,536.31,594.84,564.37,537.48,-0.0019409,0.00017642,-1.1449,0.021939,0.00012207
1586,1587,0,-0.73402,424.98,531.97,0.09375,401.46,606.69,455.21,435.9,-0.016162,0.056662,-2.0602,0.070822,6.1035e-05
1587,1588,1,-0.3112,445.87,506.17,0,430.17,543.95,463.68,463.35,0.0062959,0.0016563,-1.9426,0.028565,9.1553e-05
1588,1589,1,-0.29987,455.73,498.15,0,444.22,537.16,465.26,465.84,-0.00091262,0.00096744,-2.0057,0.020348,9.1553e-05
1589,1590,1,-0.29584,422.93,477.95,0,406.18,544.33,436.82,422.95,-0.00067176,0.00097073,-2.1658,0.020119,6.1035e-05
1590,1591,0,-1.1651,446.03,542.66,0.51562,427.42,625.32,465.84,454.67,-0.0071938,0.36243,-1.9032,0.00073941,6.1035e-05
1591,1592,3,-0.15667,467.92,509.24,0,451.22,532.93,488.07,480.64,0.0012562,0.0074016,-1.2783,0.015153,0.00012207
1592,1593,0,-0.64647,410.59,522.82,0.015625,387.68,604.74,438.23,423.95,-0.0085083,0.085025,-2.1035,0.009687,6.1035e-05
1593,1594,0,-0.62071,427.88,516.77,0,400.4,589.68,453.69,448.29,-0.0082488,0.018096,-2.0898,0.010576,6.1035e-05
1594,1595,2,-0.26601,602.24,651.53,0,594.08,704.38,609.9,601.88,0.0038795,0.013488,-1.2311,0.020959,0.00012207
1595,1596,0,-0.52376,394.3,441.55,0,365.31,527.7,410.56,393.23,-0.0056419,0.023091,-2.0308,0.011482,6.1035e-05
1596,1597,0,-0.55238,383.14,467.6,0,358.34,535.4,405.03,407.77,-0.0022392,0.0020584,-2.0433,0.0014108,3.0518e-05
1597,1598,2,-0.23239,514.72,586.07,0,499.35,620.58,528.28,555.62,-0.0018806,0.0038215,-1.1782,0.017149,9.1553e-05
1598,1599,2,-0.24894,563.44,608.07,0,547.19,669.86,577.77,553.55,0.00016837,0.00090521,-1.2781,0.022322,0.00012207
1599,1600,3,-0.18531,555.89,588.26,0,531.07,620.48,584.01,551.74,0.0057844,0.00054435,-1.1272,0.019445,0.00012207
1600,1601,0,-0.47118,339.23,410.56,0,313.06,477.08,363.82,348.07,-0.014848,0.0024368,-1.9012,0.010871,3.0518e-05
1601,1602,0,-0.51487,361.03,444.27,0,338.85,516.47,381.87,376.44,-0.016895,0.0015569,-1.8574,0.085371,6.1035e-05
1602,1603,3,-0.1974,616.73,623.26,0,590.01,658.08,643.46,588.44,0.0069856,0.00048726,-1.01,0.02442,0.00012207
1603,1604,1,-0.34027,486.81,552.17,0,460.25,583.95,525.62,505.73,-0.024554,0.001251,-1.7627,0.056091,6.1035e-05
1604,1605,2,-0.23607,542.39,588.89,0,522.76,627.15,560.84,552.95,-0.0044527,0.00067696,-1.2777,0.0071713,0.00012207
1605,1606,2,-0.24183,539.44,588.86,0,543.48,637.31,534.86,533.95,0.0010114,0.00035544,-1.1302,0.025758,0.00012207
1606,1607,0,-0.56607,388.73,486.5,0,367.83,527.27,407.17,450.53,-0.013728,0.0035165,-1.6182,0.012385,3.0518e-05
1607,1608,1,-0.27612,413.29,466.78,0,403.9,518.88,423.94,407.73,-0.013489,0.0012095,-1.6019,0.0029199,6.1035e-05
1608,1609,2,-0.2192,501.61,542.84,0,483.58,589.1,517.52,502.03,-0.0030654,0.00030804,-1.39,0.039249,6.1035e-05
1609,1610,0,-0.5131,353.85,437.43,0,332.76,501.87,377.74,364.39,-0.0033642,0.0015345,-2.062,0.0053516,6.1035e-05
1610,1611,0,-0.68062,443.89,546.53,0.03125,419.89,611.58,471.1,472.81,-0.0073366,0.022022,-2.1365,0.015711,6.1035e-05
1611,1612,3,-0.16253,513.78,520.93,0,505.83,558.08,519.22,495.51,0.016436,0.00088399,-1.4683,0.020994,9.1553e-05
1612,1613,2,-0.23508,534.79,577.61,0,515.58,621.82,551.74,538.6,-0.0018558,0.00096915,-1.5578,0.019158,0.00012207
1613,1614,0,-1.3471,447.66,536.54,0.70312,436.46,653.5,456.94,439.62,-0.026719,0.46991,-1.8782,0.0089916,3.0518e-05
1614,1615,3,-0.19195,585.7,599.8,0,573.13,642.71,597.5,559.5,0.014024,0.0041693,-1.4615,0.090433,0.00012207
1615,1616,3,-0.1522,471.08,480.41,0,469.46,531.66,472.12,447.57,-0.008227,0.0012841,-1.3178,0.029287,9.1553e-05
1616,1617,2,-0.1974,446.36,501.95,0,445.86,553.75,446.81,456.25,0.0027351,0.0010405,-1.5246,0.012387,6.1035e-05
1617,1618,0,-0.62657,423,515.31,0,394.79,589.15,457.04,426.2,0.0079287,0.064909,-2.2408,0.0025566,6.1035e-05
1618,1619,1,-0.22302,331.91,377.96,0,313.39,438.89,349.31,320.73,-0.012758,0.0050129,-1.821,0.00043588,3.0518e-05
1619,1620,2,-0.21961,498.96,544.26,0,482.11,578.09,516.89,508.24,0.016431,0.0024455,-1.3104,0.0044462,6.1035e-05
1620,1621,3,-0.16034,496.27,507.61,0,501.47,565.76,492.71,467.83,0.0074147,0.00043493,-1.6595,0.024426,0.00012207
1621,1622,3,-0.16632,520.6,545.9,0,499.72,594.51,534.88,512.63,0.006548,0.00032166,-1.2486,0.026139,0.00012207
1622,1623,0,-0.44606,313.59,378.03,0,291.88,438.8,331.57,327.67,-0.017208,0.0059925,-1.8136,0.00069295,3.0518e-05
1623,1624,3,-0.16294,519.43,543.97,0,505.87,611.65,528.71,497.66,0.005404,0.00074571,-1.3248,0.035452,0.00012207
1624,1625,2,-0.22259,503.96,562.58,0,495.78,593.7,510.74,536.8,0.00069612,0.00141,-1.2699,0.023943,6.1035e-05
1625,1626,1,-0.22837,330.8,375.38,0,327.74,407.93,333.86,342.83,-0.0060801,0.00022443,-1.7501,0.02129,6.1035e-05
1626,1627,2,-0.21427,477.64,538.53,0,462.83,573.93,494.43,498.41,0.00016111,0.00054192,-1.2398,0.017615,0.00012207
1627,1628,0,-0.58121,386.14,474.47,0,366.58,528.05,412.94,401.04,-0.0063778,0.0092774,-2.1155,0.0011491,6.1035e-05
1628,1629,3,-0.17197,521.75,547.33,0,511.45,576.96,529.27,525.7,0.00026162,0.0006002,-1.0041,0.024792,0.00012207
1629,1630,0,-0.68724,422.9,500.75,0.09375,395.82,559.69,451.72,438.01,-0.014795,0.064152,-1.8964,0.0095665,6.1035e-05
1630,1631,2,-0.20678,458.68,516.5,0,454.22,564.11,462.61,474.49,0.00054217,0.0018527,-1.1674,0.011594,9.1553e-05
1631,1632,1,-0.29859,442.34,498.62,0,430.6,528.2,450.91,477.03,-0.015569,0.0019082,-1.695,0.033783,6.1035e-05
1632,1633,0,-0.49493,329.06,414.9,0,309.54,474.32,351.18,347.56,-0.0037761,0.039789,-1.7866,0.038353,3.0518e-05
1633,1634,1,-0.27923,412.37,460.57,0,418.83,497.59,406.3,425.8,0.010626,0.0011156,-1.7052,0.018166,6.1035e-05
1634,1635,3,-0.19432,593.44,610.37,0,567.67,650.22,614.8,577.35,0.010433,0.00058004,-0.973,0.027247,0.00018311
1635,1636,2,-0.20693,454.26,500.4,0,448.57,525.23,461.57,468.48,-0.00082619,0.00044244,-1.0414,0.025929,9.1553e-05
1636,1637,0,-0.57365,350.14,477.33,0,339.67,524.72,373.18,373.06,-0.017799,0.003153,-1.6095,0.0043294,6.1035e-05
1637,1638,1,-0.30386,428.46,493.22,0,409.84,544.9,449.57,434.65,0.0010855,0.00099129,-1.3423,0.013917,6.1035e-05
1638,1639,0,-0.53021,375.09,433.82,0,350.86,487.42,397.85,383.46,-0.004891,0.0026209,-1.7448,0.0078276,6.1035e-05
1639,1640,3,-0.18557,555.78,603.58,0,542.33,627.45,573.08,572.89,-0.0045291,0.00070103,-0.79411,0.024134,9.1553e-05
1640,1641,1,-0.24986,339.41,399.73,0,322.76,442.04,363.74,337.89,-0.0026324,0.00081031,-1.6699,-0.00013883,6.1035e-05
1641,1642,2,-0.20007,449.04,493.3,0,439.62,535.45,457.35,456.12,0.002365,0.00043783,-1.2597,0.008887,9.1553e-05
1642,1643,1,-0.30968,450.5,517.23,0,438.64,553.65,462.36,480.81,-0.0065989,0.0014095,-1.4525,0.020739,6.1035e-05
1643,1644,0,-0.53644,364.27,461.53,0,345.31,531.98,384.46,386.54,-0.0045353,0.0023199,-1.4417,0.0059801,3.0518e-05
1644,1645,3,-0.16966,532.61,539.56,0,519.53,562.85,543.45,520.27,0.0078469,0.00035157,-1.0844,0.026099,0.00012207
1645,1646,3,-0.16649,511.04,549.01,0,484.33,579.18,533.17,524.01,0.010944,0.00019583,-1.1199,0.017457,0.00012207
1646,1647,3,-0.16411,497.24,527.22,0,480.6,564.72,511.93,494.12,-0.0047117,0.00018282,-1.0061,0.013983,0.00012207
1647,1648,1,-0.27505,408.85,451.13,0,393.07,489.56,423.68,415.04,-0.0061199,0.00071999,-1.6695,0.0020647,9.1553e-05
1648,1649,3,-0.18647,571.68,592.03,0,557.02,625.2,585.45,560.86,0.030424,0.00030836,-0.7153,0.019869,0.00012207
1649,1650,3,-0.1656,499.71,532.03,0,482.72,567.65,513.79,502.53,-0.0099409,0.00016352,-0.90036,0.025064,9.1553e-05
1650,1651,3,-0.17221,508.03,546.62,0,488.63,565.56,532.96,522.29,0.021885,0.00028014,-0.78209,0.02304,0.00012207
1651,1652,1,-0.33162,480.23,558.14,0,468.25,613.77,490.16,512.05,-0.0047264,0.0012388,-1.4108,0.071173,9.1553e-05
1652,1653,3,-0.17885,559.44,578.39,0,542.02,596.3,572.16,565.32,-0.00061679,0.00036405,-0.73125,0.027508,0.00012207
1653,1654,2,-0.22151,514.77,557.44,0,494.66,614.31,526.06,525.54,0.00065009,0.00035345,-0.80414,0.01974,0.00012207
1654,1655,3,-0.17651,520.89,551.05,0,515.73,582.85,527.51,510.17,0.00046324,0.00020375,-0.64159,0.048883,0.00012207
1655,1656,3,-0.17929,520.6,569.59,0,507.42,603.46,534.64,533.54,0.0034257,0.00025159,-0.41551,0.042968,0.00012207
1656,1657,0,-0.61439,387.09,478.37,0.03125,366.48,536.78,409.04,416.2,-0.011892,0.023144,-1.3768,0.023887,3.0518e-05
1657,1658,1,-0.31953,439.14,514.82,0,428.68,539.64,457.79,470.59,-0.0080988,0.0010366,-0.9135,0.050302,6.1035e-05
1658,1659,0,-0.58016,376.1,497.7,0,365.84,551.1,391.08,419.65,-0.03043,0.0029793,-1.1421,0.035656,6.1035e-05
1659,1660,1,-0.31231,446.94,543.21,0,450.99,586.2,443.12,502.82,-0.015714,0.0011688,-1.093,0.030672,6.1035e-05
1660,1661,3,-0.16629,481,537.23,0,468.79,564.5,496.69,502.16,-0.0065677,0.00029504,-0.56137,0.012944,0.00012207
1661,1662,1,-0.34889,504.11,583.65,0,490.67,611.96,519.35,551.58,-0.0086935,0.0016173,-1.1704,0.010645,0.00012207
1662,1663,2,-0.22553,503.9,580.23,0,501.3,624.88,506.51,535.58,-0.0064458,0.00030382,-0.80564,0.013426,0.00012207
1663,1664,2,-0.17986,396.29,475.43,0,387.03,511.57,404.47,443.53,-0.0091868,0.0004472,-1.048,0.017631,6.1035e-05
1664,1665,2,-0.21736,495.01,551.48,0,475.02,594.82,509.59,519.86,0.0010827,0.00028027,-0.8303,0.018637,6.1035e-05
1665,1666,3,-0.15553,459.97,504.34,0,456.13,540.37,463.36,472.56,-0.0061342,0.0001206,-0.92978,0.019062,9.1553e-05
1666,1667,1,-0.34977,523.83,584.22,0,503.3,636.05,541.94,538.49,-0.014164,0.0012718,-1.1269,0.028048,6.1035e-05
1667,1668,1,-0.3453,500.23,585.04,0,491.36,641.68,510.29,520.83,0.0014063,0.00096004,-1.2587,0.015603,0.00012207
1668,1669,2,-0.22702,491.08,554.94,0,476.26,578.31,508.96,526.72,-0.0023288,0.0006898,-0.94896,0.025881,6.1035e-05
1669,1670,0,-0.58195,384.03,501.61,0,364.93,561.07,405.68,434.23,-0.0040627,0.0014952,-1.225,0.0073448,6.1035e-05
1670,1671,0,-0.65553,404.39,505.48,0.0625,374.82,568.29,433.97,442.67,-0.010396,0.04365,-1.4579,0.003733,6.1035e-05
1671,1672,1,-0.30147,443.93,516.17,0,434.81,549.41,453.06,482.92,-0.0036608,0.0010853,-1.2833,0.016046,6.1035e-05
1672,1673,1,-0.29259,419.84,497.59,0,409.06,524.49,430.62,470.7,-0.0030015,0.00073144,-1.3715,0.013367,6.1035e-05
1673,1674,3,-0.1715,508.53,559.08,0,507.46,596.01,509.81,514.52,0.0083366,0.0004392,-0.7572,0.027804,0.00012207
1674,1675,2,-0.20569,453.51,514.65,0,434.64,539.69,469.14,493.89,-0.00086253,0.00028268,-0.81275,0.028393,9.1553e-05
1675,1676,3,-0.16269,474.75,524.29,0,467.76,542.2,487.22,492.35,-0.012595,0.00024576,-1.0797,0.016685,0.00012207
1676,1677,2,-0.19989,444.52,499.92,0,446.79,540.38,441.79,451.1,0.0077657,0.00041824,-0.87324,0.0065573,6.1035e-05
1677,1678,1,-0.22477,324.64,384.77,0,316.79,461.87,331.58,316.74,0.010142,0.0013641,-1.4938,-0.0071283,3.0518e-05
1678,1679,0,-0.54564,346.18,457.76,0,331,511.5,368.37,379.22,-0.0088033,0.0020943,-1.5053,0.01062,3.0518e-05
1679,1680,1,-0.31948,453.78,539.94,0,441.44,577.14,473.03,481.89,-0.00030745,0.0036208,-1.1462,0.013211,6.1035e-05
1680,1681,2,-0.21259,461.12,517.21,0,447.3,533.92,480.06,494.3,0.0089206,0.00039053,-0.99107,0.0076244,9.1553e-05
1681,1682,1,-0.35515,496.74,587.51,0,483.69,627.97,511.52,541.65,-0.0040033,0.0018327,-1.5132,0.011489,6.1035e-05
1682,1683,1,-0.28426,426.16,487.25,0,406.75,532.98,440.33,453.87,-0.0056731,0.00076397,-1.3992,0.008942,6.1035e-05
1683,1684,2,-0.20291,460.82,515.11,0,453.48,556.3,466.9,480.98,-0.0074834,0.00030224,-1.2266,0.012795,6.1035e-05
1684,1685,2,-0.26465,586.26,652.28,0,575.69,701.56,596.19,605.98,-0.008262,0.00056861,-0.96863,0.013489,0.00012207
1685,1686,1,-0.32075,481.2,551.85,0,460.15,605.11,495.6,515.4,-0.0081581,0.00047377,-1.4316,0.015874,6.1035e-05
1686,1687,1,-0.34367,499.78,571.21,0,493.08,611.56,507.36,525.49,0.0011708,0.00049459,-1.198,0.016536,9.1553e-05
1687,1688,1,-0.35382,513.21,588.43,0,503.08,639.57,523.33,537.3,-0.010312,0.00066553,-1.4463,0.029853,6.1035e-05
1688,1689,0,-0.60797,428.11,521.22,0,395.12,610.75,453.78,451.58,-0.0275,0.0016123,-1.7646,0.029993,6.1035e-05
1689,1690,1,-0.35309,492.77,588.61,0,476.47,631.19,515.11,530.27,-0.0017329,0.00070228,-1.3493,0.019541,0.00012207
1690,1691,2,-0.22031,507.12,545.73,0,504.1,620.08,509.19,494.87,-0.00051556,0.00089698,-1.0236,0.010871,9.1553e-05
1691,1692,1,-0.29625,443.44,500.1,0,418.49,526.07,464.11,478.58,-0.0027867,0.0007524,-1.629,0.012837,6.1035e-05
1692,1693,1,-0.24567,371.46,422.2,0,342.81,494.15,395.19,362.58,-0.00084936,0.0023567,-1.3954,0.0021944,6.1035e-05
1693,1694,2,-0.19058,435.06,496.66,0,419.98,549.64,446.78,455.46,-0.0063298,0.00028704,-1.0876,0.013402,6.1035e-05
1694,1695,3,-0.17211,530.37,572.78,0,509.35,602.72,555.75,536.65,-0.0018251,0.00020886,-0.93205,0.019284,0.00012207
1695,1696,3,-0.17258,566.94,562.3,0,532.6,607.24,583.72,540.36,-0.00022117,0.0002178,-1.1794,0.010438,0.00012207
1696,1697,2,-0.23791,536.19,595.8,0,533.43,642.21,539.12,546.4,0.005711,0.00027468,-1.273,0.029094,0.00012207
1697,1698,1,-0.29757,438.19,479.43,0,423.67,506.94,451.01,455.16,0.0052522,0.00054549,-1.7958,0.01198,6.1035e-05
1698,1699,0,-0.53663,395.01,456.79,0,366,533.56,414.87,404.27,0.012163,0.0019467,-2.0318,0.00017455,6.1035e-05
1699,1700,1,-0.24,335.19,402.2,0,318.78,452.55,357.67,333.19,-0.00050193,0.0021663,-1.5716,0.00067279,3.0518e-05
1700,1701,2,-0.22328,503.86,572.26,0,483.1,610.69,521.05,540.41,0.00078297,0.00048782,-1.3713,0.021678,9.1553e-05
1701,1702,3,-0.16309,486.95,538.1,0,476.83,568.21,499.17,501.77,-0.0052694,0.00026419,-1.2395,0.029841,0.00012207
1702,1703,2,-0.22797,515.91,562.83,0,500.11,602.33,531.71,523.34,0.0021148,0.00051266,-1.2392,0.029898,0.00012207
1703,1704,1,-0.28031,404.59,464.64,0,377.61,540.19,429.93,393.66,-0.0025021,0.001338,-1.5864,0.0057371,6.1035e-05
1704,1705,2,-0.23342,508.22,570.55,0,492.99,607.79,529.08,519.51,-0.003242,0.00032464,-1.2917,0.0058576,6.1035e-05
1705,1706,0,-0.49759,348.4,406.47,0,328.26,462.72,369.85,346.6,-0.0054735,0.00085645,-1.8735,0.0018852,3.0518e-05
1706,1707,1,-0.32661,460.44,541.27,0,448.8,568.27,475.4,506.55,-0.011498,0.0012565,-1.3282,0.00874,6.1035e-05
1707,1708,3,-0.14986,464.75,500.33,0,446.28,528.19,480.06,477.25,-0.00034308,0.000631,-1.0905,0.015274,0.00012207
1708,1709,1,-0.29973,444.43,507.52,0,430.55,546.46,454.56,479.11,-0.0071995,0.00052359,-1.7311,0.010998,9.1553e-05
1709,1710,3,-0.17598,535.22,564.4,0,512.17,590.32,558.27,538.48,0.0014286,0.00028063,-1.0937,0.02344,6.1035e-05
1710,1711,2,-0.19683,451.82,514.52,0,429.61,560.96,468.02,480.63,-0.0013352,0.00019262,-1.3107,0.0063531,9.1553e-05
1711,1712,0,-1.2714,428.61,532.8,0.65625,431.88,683.21,426.38,429.89,0.025552,0.4688,-1.8857,0.01475,3.0518e-05
1712,1713,1,-0.23997,360.97,407.63,0,342.92,447.74,370.42,386.62,0.021339,0.025473,-1.5965,0.035371,6.1035e-05
1713,1714,0,-0.50957,357.11,459.3,0,327.27,539.16,381.85,393.12,-0.00025535,0.08387,-1.6017,-0.00058891,6.1035e-05
1714,1715,0,-0.4304,292.25,384.91,0,273.92,448.85,311.76,316.84,-0.0010227,0.051569,-1.6912,0.0016945,6.1035e-05
1715,1716,0,-0.63826,398.89,528.53,0.03125,378.81,594.65,430.23,425.38,-0.0064408,0.036631,-1.8589,0.012812,6.1035e-05
1716,1717,1,-0.26049,362.09,431.16,0,341.4,488.73,387.05,361.67,0.0022477,0.0051047,-1.8563,0.0044496,6.1035e-05
1717,1718,0,-0.60916,404.94,523.97,0,379.48,597.89,432.04,445.28,-0.0021698,0.012911,-1.7956,0.001698,6.1035e-05
1718,1719,0,-0.62531,412.65,532.85,0,387.68,610.28,442.79,439.41,0.0010964,0.0048054,-1.7196,0.0091509,3.0518e-05
1719,1720,1,-0.27441,397.72,471.09,0,387.41,520.32,405.74,432.8,-0.003402,0.0072003,-1.5198,0.0065471,6.1035e-05
1720,1721,1,-0.33006,450.18,573.71,0,432.49,617.64,479.65,500.5,-0.000949,0.0010048,-1.5338,0.00767,6.1035e-05
1721,1722,2,-0.23962,548.58,618.3,0,527.84,670.04,563.71,580.54,0.012658,0.00098514,-1.1383,0.020256,0.00012207
1722,1723,3,-0.17452,531.46,607.45,0,525.32,632.67,537.23,583.75,0.0047671,0.00055533,-0.94837,0.010607,0.00012207
1723,1724,1,-0.32804,470.83,554.93,0,453.37,611.88,488.29,497.98,0.0051044,0.0022619,-1.472,0.021654,6.1035e-05
1724,1725,1,-0.26094,389.73,465.17,0,380.41,507.91,395.32,439.52,0.010587,0.00060706,-1.8111,0.006134,6.1035e-05
1725,1726,1,-0.29808,425.65,516.88,0,409.24,573.8,445.46,448.18,0.0011192,0.0012397,-1.5129,0.005758,6.1035e-05
1726,1727,1,-0.27199,398.34,466.15,0,362.15,500.49,430.27,435.85,-0.014077,0.00040231,-1.5688,0.018192,6.1035e-05
1727,1728,1,-0.23692,339.71,417.91,0,316.23,481.11,363.18,354.71,-0.00038654,0.00096761,-1.6655,-0.00094714,6.1035e-05
1728,1729,1,-0.33679,466.28,584.54,0,454.82,643.52,481.02,508.7,0.0051125,0.0020683,-1.2942,0.013075,6.1035e-05
1729,1730,1,-0.29428,413.25,521.4,0,411.1,573.07,415.83,459.04,-0.0033753,0.00064639,-1.4716,0.0093586,6.1035e-05
1730,1731,3,-0.17772,532.18,570.54,0,511.67,598.15,560.29,532.71,0.00055576,0.00080218,-1.0869,0.024843,0.00012207
1731,1732,3,-0.19994,604.73,652.35,0,586.51,708.34,622.95,596.36,0.0007277,0.00034388,-1.2179,0.02779,0.00012207
1732,1733,1,-0.23757,351.02,412.07,0,341.67,450.62,357.42,385.69,0.0059188,0.00090224,-1.6464,0.052378,6.1035e-05
1733,1734,2,-0.21257,472.51,537.53,0,466.5,569.13,480.75,494.23,-0.0015834,0.0002165,-1.1443,0.0025646,9.1553e-05
1734,1735,2,-0.24041,535.79,617.8,0,513.87,665.48,562.23,560.26,0.0039363,0.00042583,-1.3619,0.021574,0.00012207
1735,1736,3,-0.15934,487.3,528.04,0,479.45,574.08,495.64,479.03,0.026189,0.00040377,-1.3099,0.03574,0.00012207
1736,1737,0,-0.58727,399.28,507.08,0,373.16,573.26,435.08,416.4,-0.0036216,0.0020924,-2.1466,-0.00085155,6.1035e-05
1737,1738,0,-0.97132,440.28,554.62,0.32812,415.22,651.77,465.34,457.46,-0.022794,0.23402,-1.8912,0.021688,6.1035e-05
1738,1739,1,-0.19128,274.46,333.18,0,259.55,383.14,292.44,272.88,0.000712,0.0094733,-1.6299,0.0036192,6.1035e-05
1739,1740,1,-0.28458,418.94,487.1,0,418.85,566.26,419.03,407.94,-0.003048,0.005805,-1.8022,0.0082468,6.1035e-05
1740,1741,0,-0.52219,349.76,447.8,0,326.88,503.71,383.2,366.07,0.0032588,0.021434,-1.7832,0.0054269,6.1035e-05
1741,1742,1,-0.37906,541.63,638.57,0,522.65,685.36,563.14,585.53,0.010558,0.0043743,-1.6198,0.018774,0.00012207
1742,1743,0,-0.53884,377.13,469.36,0,338.64,550.95,409.01,401.76,-0.0037367,0.0030992,-2.1161,0.014447,6.1035e-05
1743,1744,0,-0.48566,343.36,424.94,0,319.08,510.94,363.47,353.68,-0.0091171,0.011288,-1.9469,0.0033466,3.0518e-05
1744,1745,2,-0.1999,453.27,513.32,0,439.48,557.84,467.95,465.92,-0.007964,0.00053974,-1.5712,0.017506,9.1553e-05
1745,1746,2,-0.20614,476.56,522.28,0,457.89,560.2,490.18,494.61,0.0045169,0.00043031,-1.4547,0.031792,9.1553e-05
1746,1747,0,-0.89235,444.87,546.01,0.25,426.94,654.52,461.72,444.08,-0.010836,0.18921,-2.1387,0.016693,3.0518e-05
1747,1748,2,-0.21619,479.58,536.02,0,460.12,546.26,508.03,521.05,0.0094292,0.0018283,-1.3138,0.014262,9.1553e-05
1748,1749,2,-0.19305,417.49,481.34,0,418.71,532.65,416.02,419.41,-0.0016458,0.0020644,-1.4145,0.017827,6.1035e-05
1749,1750,3,-0.15462,493.68,504.74,0,477.35,549.66,502.85,479.54,-0.0055634,0.00049249,-1.4234,0.011532,9.1553e-05
1750,1751,2,-0.25334,566.83,628.06,0,559.54,673.73,572.5,592.55,-0.0046966,0.00082423,-1.3726,0.038962,0.00012207
1751,1752,2,-0.19563,449.11,491.88,0,437.82,540.21,456.34,460.9,-0.0028298,0.00029891,-1.4743,0.016459,9.1553e-05
1752,1753,1,-0.34844,502.05,572.14,0,483.44,622.21,523.14,515.38,-0.0038832,0.0013984,-1.5421,0.014918,6.1035e-05
1753,1754,1,-0.26469,382.87,445.02,0,371.25,473.92,397.81,407.88,-0.032453,0.00097246,-1.6863,0.0053145,6.1035e-05
1754,1755,1,-0.25718,361.8,434.92,0,351.84,474.36,376.35,377.29,-0.018464,0.0012353,-1.6575,0.02501,6.1035e-05
1755,1756,0,-0.53124,352.61,454.88,0,325.97,520.84,384.77,375.27,-0.0089428,0.0094327,-2.109,0.016234,3.0518e-05
1756,1757,1,-0.32553,465.95,555.02,0,466,605.97,465.88,485.19,-0.015808,0.0031729,-1.7546,0.0079109,6.1035e-05
1757,1758,3,-0.17997,536.71,575.91,0,519.25,611.42,557.77,533.05,0.0051823,0.00050415,-1.0608,0.017538,0.00012207
1758,1759,0,-0.81564,431.54,529.45,0.1875,400.93,622.72,460.28,441.83,-0.027384,0.11267,-1.8488,0.053781,6.1035e-05
1759,1760,1,-0.29862,434.89,505.12,0,401.35,549.56,462.69,468.3,-0.0007146,0.0025816,-1.696,0.013793,6.1035e-05
1760,1761,3,-0.15811,477.3,500.16,0,465.43,531.45,489.17,468.87,0.0063854,0.001139,-1.1228,0.018653,0.00012207
1761,1762,3,-0.15627,481.51,503.71,0,468.91,536.77,494.92,468.52,-0.0041761,0.00048674,-1.2378,0.04954,9.1553e-05
1762,1763,1,-0.35348,509.8,592.2,0,500.78,636.57,521.39,535.15,0.0015655,0.0014919,-1.5047,0.024856,9.1553e-05
1763,1764,0,-0.67067,425.83,536.11,0.03125,404.19,605.8,453.66,446.51,-0.007021,0.030077,-1.6957,0.0065065,6.1035e-05
1764,1765,1,-0.23231,330.31,394.17,0,310.57,448.15,354.13,329.02,-0.00304,0.0030834,-1.6378,0.0052876,3.0518e-05
1765,1766,2,-0.21875,479.67,538.36,0,461.69,577.53,497.66,499.2,0.0086148,0.0012096,-1.1646,0.034415,6.1035e-05
1766,1767,3,-0.17701,525.18,572.55,0,512.81,599.38,539.19,542.15,0.019578,0.00050131,-0.89974,0.028238,0.00012207
1767,1768,3,-0.18934,563.67,618.06,0,556.61,682.85,568.82,570.78,-0.0049365,0.00037178,-1.0939,0.080151,6.1035e-05
1768,1769,2,-0.23194,518.31,566.3,0,496.1,617.9,537.91,520.78,0.029842,0.0003074,-1.0312,0.024872,6.1035e-05
1769,1770,0,-0.5379,381.05,465,0,356.98,554.43,400.99,390.9,-0.0086065,0.0055104,-2.0699,0.0042171,6.1035e-05
1770,1771,2,-0.23977,508.64,595.1,0,494.3,630.53,529.6,543.32,-0.0068447,0.0006981,-1.0111,0.02823,6.1035e-05
1771,1772,3,-0.17489,522.44,553.1,0,501.62,573.56,543.27,532.63,-0.0044444,0.00040799,-0.85503,0.018145,0.00012207
1772,1773,2,-0.20497,447.8,516.61,0,433.95,547.75,460.02,489.12,-0.0063092,0.00023942,-1.1408,0.027435,6.1035e-05
1773,1774,2,-0.20976,471.85,525.29,0,451.41,560.04,487.74,498.26,-0.018909,0.00020251,-1.1297,0.021793,0.00012207
1774,1775,2,-0.21704,503.66,558.63,0,483.79,588.87,520.12,533.58,-0.0093198,0.00027906,-1.1767,0.013693,9.1553e-05
1775,1776,0,-0.50162,334.87,430.47,0,312.41,491.17,361.98,357.21,-0.0031195,0.0065128,-1.9344,0.0035955,3.0518e-05
1776,1777,3,-0.16223,478.93,529.85,0,460.55,552.9,498.49,505.31,0.0071849,0.00021847,-0.98275,0.015839,9.1553e-05
1777,1778,3,-0.1727,503.46,575.67,0,490.67,614.55,517.96,531.61,0.0024112,0.00019312,-0.73154,0.040564,0.00012207
1778,1779,3,-0.20138,611.33,633.76,0,590.53,654.56,641.74,603.36,-0.0026245,0.00034127,-0.97353,0.015799,0.00012207
1779,1780,0,-0.51455,362.43,435.87,0,337.71,498.01,388.74,369.72,0.001106,0.0017813,-1.9796,3.1104e-05,6.1035e-05
1780,1781,3,-0.18324,565.54,605.05,0,545.06,646.55,581.47,572.78,-0.0017566,0.00017254,-1.0997,0.016921,0.00012207
1781,1782,1,-0.36854,514.9,605.49,0,504.07,660.12,529.75,530.63,-0.013778,0.0025538,-1.4142,0.028103,6.1035e-05
1782,1783,1,-0.28454,398.49,476.98,0,385.17,510.6,417.96,427.85,-0.0065893,0.00095385,-1.3418,0.0039842,6.1035e-05
1783,1784,3,-0.18386,547.58,593.03,0,533.41,632.15,561.76,553.9,0.0046446,0.00038918,-0.92951,0.014648,0.00012207
1784,1785,3,-0.1654,489.3,533.5,0,479.74,552.13,499.47,513.67,-0.0032408,0.00024201,-0.83439,0.028553,0.00012207
1785,1786,3,-0.18834,575.61,609.38,0,552.51,646.5,598.7,572.27,0.0015722,0.00023474,-0.98167,0.017847,0.00012207
1786,1787,1,-0.28769,445.83,474.03,0,421.91,524.52,459.25,445.7,-0.0025805,0.00064386,-1.4849,0.027183,6.1035e-05
1787,1788,1,-0.25734,367.58,435.33,0,356.65,464.56,382.56,395.27,-0.013639,0.0007098,-1.6201,0.010496,6.1035e-05
1788,1789,0,-1.0433,439.78,541.46,0.39062,432.1,627.25,449.04,437.92,0.0040331,0.25632,-1.8945,0.014418,6.1035e-05
1789,1790,1,-0.25678,384.88,437.92,0,370.64,467.92,392.87,421.08,-0.0050186,0.003892,-1.6005,0.014191,6.1035e-05
1790,1791,2,-0.2354,522.56,566.93,0,506.05,612.47,542.49,511.97,-0.0007371,0.0017404,-1.5085,0.0048597,6.1035e-05
1791,1792,1,-0.3035,446.34,500.96,0,427.6,554.73,462.88,453.52,0.0026132,0.0015159,-1.5671,0.0073056,6.1035e-05
1792,1793,2,-0.20274,460.76,506.97,0,440.43,558.52,477.61,464.26,-0.0078621,0.00047866,-1.3761,0.013648,9.1553e-05
1793,1794,3,-0.13988,423.08,465.4,0,415.57,499.74,427.58,444.79,-0.0062666,0.00042502,-1.3052,0.018112,6.1035e-05
1794,1795,0,-0.63033,410.56,511.74,0,388.64,569.53,442.6,427.29,-0.029877,0.012496,-2.1937,0.074367,6.1035e-05
1795,1796,1,-0.30338,440.72,507.24,0,426.75,553.43,453.84,463.85,0.0043219,0.0029575,-1.7199,0.02929,6.1035e-05
1796,1797,0,-0.57257,370.38,471.56,0,353.04,526.58,395.72,391.14,-0.026078,0.0041922,-2.2377,0.032648,6.1035e-05
1797,1798,0,-0.51598,369.34,443.66,0,340.85,513.6,392.94,385.71,0.0070882,0.0031193,-2.0267,0.0074797,3.0518e-05
1798,1799,0,-0.53205,356.08,443.51,0,335,503.47,381.52,371.14,-0.032778,0.0013395,-2.0108,0.033578,6.1035e-05
1799,1800,2,-0.22823,510.13,548,0,494.42,579.19,523.99,520.47,-0.0025763,0.00085971,-1.4057,0.036041,9.1553e-05
1800,1801,0,-0.56716,385.78,478.58,0,363.94,546.6,409.03,406.17,-0.0092771,0.0049947,-1.8386,0.030101,6.1035e-05
1801,1802,2,-0.19713,455.61,483.91,0,430.58,511.95,479.12,457.57,-0.012268,0.00067047,-1.4081,0.010759,9.1553e-05
1802,1803,3,-0.19497,588.62,614.53,0,556.88,642.29,622.41,584.98,-0.0029689,0.0005789,-1.3691,0.02751,0.00012207
1803,1804,0,-0.54257,406.21,463.69,0,374.37,551.65,425.32,410.91,-0.003568,0.0011756,-2.1582,0.0022043,6.1035e-05
1804,1805,2,-0.23153,510.83,574.06,0,492.3,615.87,530.55,529.55,0.0047992,0.00024661,-1.3689,0.0090494,6.1035e-05
1805,1806,2,-0.1961,441.93,498.29,0,436.74,539.07,448.2,449.07,-0.0063245,0.00043558,-1.5596,0.037036,6.1035e-05
1806,1807,2,-0.17924,404.74,456.16,0,383.66,492.88,425.82,419.45,-0.0036431,0.00018309,-1.5486,0.0042816,6.1035e-05
1807,1808,2,-0.24331,531.67,583.18,0,517.12,619.19,550.38,536.87,-0.0010176,0.00086411,-1.5402,0.037407,9.1553e-05
1808,1809,1,-0.31156,451.48,535.02,0,440.5,583.81,461.17,491.97,0.0063607,0.0015714,-1.6822,0.0047494,6.1035e-05
1809,1810,3,-0.15984,496.38,516.27,0,461.11,560.21,517.55,489.9,0.0061036,0.00051315,-1.2789,0.033767,0.00012207
1810,1811,2,-0.25075,574.69,617.78,0,563.9,672.31,584.2,569.67,-0.0048775,0.00046064,-1.4705,0.031232,0.00012207
1811,1812,3,-0.1839,541.71,585.86,0,521.94,611.39,567.13,553.04,-0.0010393,0.00031894,-1.1379,0.031285,0.00012207
1812,1813,3,-0.16255,500.11,530.25,0,470.64,560.79,521.62,507.96,0.0040588,0.0001522,-1.1861,0.020439,6.1035e-05
1813,1814,1,-0.30951,459.27,526.34,0,435.9,575.62,478.63,485.51,-0.00021919,0.0014158,-1.6725,0.058117,9.1553e-05
1814,1815,0,-0.46428,328.59,403.91,0,302.83,471.94,351.32,343.88,-0.0076719,0.0028654,-1.9132,0.026619,6.1035e-05
1815,1816,0,-0.76559,428.04,509.75,0.15625,392.3,586.49,457.67,446.17,0.0085569,0.10331,-2.2149,0.014828,6.1035e-05
1816,1817,3,-0.18185,542.05,587.14,0,527.37,605.54,562.16,561.92,0.0081304,0.00052877,-1.2691,0.0080762,0.00012207
1817,1818,2,-0.2307,507.3,564.95,0,488.98,588.53,530.85,534.63,0.0021636,0.00050372,-1.3553,0.029175,0.00012207
1818,1819,3,-0.16891,523.26,547.2,0,500.94,588.16,542.96,511.06,0.0030843,0.00028536,-1.3473,0.022486,0.00012207
1819,1820,1,-0.33459,484.71,539.44,0,474.24,559.96,495.85,517.6,-0.0011796,0.001082,-1.668,0.013201,6.1035e-05
1820,1821,2,-0.19601,432.78,479.76,0,414.55,506.44,457.76,443.19,-0.00036598,0.00062897,-1.458,0.01452,9.1553e-05
1821,1822,1,-0.24482,355.92,393.69,0,344.99,422.02,366.18,367.08,-0.010295,0.00072854,-2.0224,0.017109,6.1035e-05
1822,1823,1,-0.33032,489.88,539,0,473,578.66,505.73,501.75,-0.018536,0.0026165,-1.7603,0.0065702,6.1035e-05
1823,1824,3,-0.18155,555.99,571.75,0,524.26,594.25,585.81,550.61,0.0045407,0.00033154,-1.3372,0.016383,0.00012207
1824,1825,3,-0.17499,533.57,563.64,0,511.75,599.14,555.38,528.13,-0.0046834,0.00022668,-1.3484,0.029076,0.00018311
1825,1826,3,-0.18861,552.7,599.28,0,541.14,615.14,571.97,572.84,0.00077914,0.00016794,-1.1246,0.019823,0.00012207
1826,1827,1,-0.25162,352.82,406.17,0,333.28,458.06,374.95,347.37,-0.00993,0.0012454,-1.9633,0.0050027,6.1035e-05
1827,1828,1,-0.27118,387.29,452.78,0,370.47,502.14,404.11,403.43,0.039016,0.00081854,-1.5536,0.10397,6.1035e-05
1828,1829,2,-0.23346,514.55,583.7,0,497.31,612.86,531.79,554.54,0.0046408,0.00028929,-1.0256,0.021494,6.1035e-05
1829,1830,0,-0.41484,284.52,345.47,0,265.44,389.81,304.82,298.26,-0.0032234,0.013386,-1.9989,0.0025882,3.0518e-05
1830,1831,1,-0.34978,497.67,582.7,0,484.27,620.44,518.57,523.83,-0.014433,0.0033107,-1.6656,0.016551,0.00012207
1831,1832,3,-0.18582,564.36,597.77,0,547.22,622.58,585.03,567.83,0.012386,0.0004977,-1.1348,0.029447,0.00012207
1832,1833,3,-0.17323,527.1,571.87,0,492.72,584.75,561.48,558.99,0.0035298,0.00021807,-1.3311,0.020789,0.00012207
1833,1834,2,-0.21176,466.09,517.37,0,456.33,545.46,478.63,481.26,0.0034076,0.00023787,-1.4951,0.010714,9.1553e-05
1834,1835,3,-0.17932,514.89,560.59,0,496.59,589.41,545.39,512.54,0.0088769,0.00019988,-1.2383,0.026855,6.1035e-05
1835,1836,1,-0.32635,464.47,544.4,0,455.38,594.58,475.45,483.84,0.021723,0.0018677,-1.8486,0.02814,9.1553e-05
1836,1837,0,-0.70413,417.62,512.49,0.10938,387.67,584.43,445.76,444.92,-0.015959,0.072747,-2.1959,0.025355,6.1035e-05
1837,1838,1,-0.2878,418.6,491.78,0,401.07,519.08,439.76,458.84,-0.017476,0.0011725,-1.8749,0.010941,9.1553e-05
1838,1839,1,-0.25573,347.52,436.03,0,337.82,470.44,361.68,385.75,-0.023245,0.00085133,-1.4699,0.015381,6.1035e-05
1839,1840,0,-0.49736,335.06,419.48,0,314.67,471.94,361.29,352.04,-0.0055773,0.010649,-1.8185,0.0062133,6.1035e-05
1840,1841,1,-0.32312,467.69,543.32,0,451.52,596.07,481.95,496.77,-0.017536,0.0019786,-1.7525,0.036532,6.1035e-05
1841,1842,2,-0.23591,533.6,584.2,0,515.06,632.72,548.02,546.46,0.0078183,0.00034864,-1.3274,0.011964,0.00012207
1842,1843,0,-0.60666,389.66,487.46,0,366.35,535.06,421.6,422.23,-0.011268,0.0030639,-1.9109,0.020545,6.1035e-05
1843,1844,2,-0.20724,462.38,517.54,0,440.15,545.94,484.61,489.14,-0.0018742,0.00032445,-1.6619,0.028175,6.1035e-05
1844,1845,0,-0.49202,340.1,425.62,0,320.68,493.28,362.11,348.94,-0.0077705,0.0028158,-1.9925,-0.0011327,3.0518e-05
1845,1846,1,-0.37597,535.9,624.02,0,529.11,685.12,543.12,558.98,-0.0041935,0.0035647,-1.8304,0.017725,9.1553e-05
1846,1847,3,-0.18682,567.52,609.92,0,540.66,633.23,594.37,586.61,0.0015776,0.00062405,-1.207,0.029585,0.00018311
1847,1848,3,-0.17678,534.69,567.51,0,511.91,589.84,558.95,543.74,0.0036913,0.00019224,-1.2548,0.01771,0.00012207
1848,1849,3,-0.17507,524.88,541.23,0,497.22,572.09,552.54,510.37,-0.0097316,0.00023228,-1.3483,0.024514,9.1553e-05
1849,1850,0,-0.4396,328.64,379.83,0,301.26,443.66,347.37,336.15,-0.0066074,0.0025602,-2.3795,0.017136,3.0518e-05
1850,1851,3,-0.17687,557.86,587.94,0,531.46,626.39,574.78,563.29,0.0011203,0.00031232,-1.2506,0.024703,0.00012207
1851,1852,3,-0.15993,476.26,550.58,0,464.43,585.25,488.86,513.68,0.0052959,0.0001712,-1.3861,0.018662,9.1553e-05
1852,1853,1,-0.26768,362.15,443,0,350.27,490.09,379.51,374.18,-0.013938,0.0011825,-1.661,0.016712,6.1035e-05
1853,1854,3,-0.16853,537.09,554.36,0,502.66,591.62,560.65,528.87,-0.00086549,0.00025728,-1.3182,0.018197,0.00012207
1854,1855,2,-0.23261,529.98,587.94,0,500.68,623.6,554.26,558.4,-0.0046828,0.00017673,-1.4433,0.012659,0.00012207
1855,1856,3,-0.18056,538.46,580.67,0,520.93,582.24,555.98,579.09,0.0049793,0.00026622,-1.1585,0.018548,0.00012207
1856,1857,2,-0.21093,477.94,529.66,0,480.49,566.16,475.22,490.8,0.011505,0.00060366,-1.3713,0.015482,0.00012207
1857,1858,3,-0.17281,512.7,570.71,0,497.05,601.99,532.83,530.5,-0.00071611,0.00015028,-1.221,0.020891,0.00012207
1858,1859,1,-0.21798,310.4,368.98,0,294.95,400.08,326.85,335.88,-0.014062,0.0014779,-1.7148,0.010824,3.0518e-05
1859,1860,2,-0.26821,568.15,647.55,0,565.48,687.02,572.31,585.98,-0.0030833,0.00056912,-1.2967,0.017626,0.00012207
1860,1861,3,-0.17141,521.18,547.03,0,503.62,590.71,533.19,517.15,0.022082,0.00027646,-1.1824,0.019599,9.1553e-05
1861,1862,1,-0.28492,415.59,480.75,0,403.6,514.63,425.52,452.68,-0.007285,0.00065222,-1.6165,0.046382,6.1035e-05
1862,1863,0,-0.70735,420.66,501.26,0.125,382.45,575.01,454.37,436.18,-0.016216,0.089743,-1.9782,0.015683,6.1035e-05
1863,1864,1,-0.27121,383.47,446.56,0,363.77,497.14,410.48,377.25,3.6266e-05,0.0036609,-1.7288,0.0045272,6.1035e-05
1864,1865,1,-0.39524,576.65,647.98,0,566.19,722.61,583.8,596.91,-0.0043065,0.0020606,-1.6115,0.024927,6.1035e-05
1865,1866,2,-0.26349,598.03,648.08,0,577.81,695.81,612.79,613.25,-0.0014562,0.00052703,-1.3388,0.015128,0.00012207
1866,1867,2,-0.20488,442.01,516.66,0,434.79,550.81,454.05,459.74,-0.002493,0.0022962,-1.3076,0.022308,9.1553e-05
1867,1868,0,-0.51095,361.28,428.73,0,333.51,491.67,387.37,369.6,0.0041688,0.011822,-1.8944,0.015341,6.1035e-05
1868,1869,3,-0.15738,470.85,533.04,0,457.05,557.1,483.81,510.44,-0.0020345,0.00061934,-1.2392,0.013507,6.1035e-05
1869,1870,1,-0.30574,442.49,526.97,0,449.58,572.9,433.94,471.55,-0.012043,0.0012968,-1.6932,0.070889,6.1035e-05
1870,1871,0,-0.54883,389.29,454.74,0,361.41,523.11,415.49,390.52,-0.0083253,0.0047704,-2.372,0.0086109,6.1035e-05
1871,1872,0,-0.53041,389.32,451.32,0,360.75,526.5,411.54,392.84,-0.0013219,0.0022069,-2.3998,0.0092338,6.1035e-05
1872,1873,0,-0.52516,375.13,435.84,0,341.86,494.92,406.39,380.35,-0.014277,0.00089962,-2.1536,0.036848,3.0518e-05
1873,1874,3,-0.18032,555.76,589.54,0,541.43,616.07,566.22,570.18,0.0042619,0.0013028,-1.0467,0.029705,0.00012207
1874,1875,3,-0.18411,541.32,587.04,0,517.73,599.02,580.65,567.08,0.0010874,0.00047917,-1.1986,0.022624,0.00012207
1875,1876,2,-0.2039,477.92,506.58,0,465.84,539.45,490.78,471.59,0.0047106,0.00060358,-1.4653,0.034487,9.1553e-05
1876,1877,1,-0.30191,445.91,516.89,0,436.62,548.85,455.79,482.86,0.0068397,0.0013547,-1.735,0.035488,6.1035e-05
1877,1878,2,-0.24934,582.48,630.37,0,543.69,638.46,618.91,622.77,-0.0093784,0.00049027,-1.4035,0.03213,0.00012207
1878,1879,3,-0.15566,476.32,518.69,0,456.07,549.99,494.18,491.07,0.010724,0.00049068,-1.2458,0.0089996,9.1553e-05
1879,1880,0,-0.45699,299.92,371.96,0,280.4,420.13,326.66,305.94,-0.0042597,0.0059617,-2.0892,0.00055045,3.0518e-05
1880,1881,0,-0.55301,371.39,434.19,0,344.03,487.8,402.4,373.43,0.00018532,0.0027746,-2.4278,0.0093067,3.0518e-05
1881,1882,1,-0.33095,478.11,547.79,0,462.97,599,493.24,496.58,0.026896,0.0025242,-1.7261,0.009804,6.1035e-05
1882,1883,2,-0.21799,468.27,536.55,0,457.73,558.77,487.06,496.92,0.005674,0.0005388,-1.3495,0.0091293,0.00012207
1883,1884,1,-0.2608,371.46,422.59,0,342.34,468.98,404.47,370.01,-0.0012583,0.00059261,-1.7925,-0.00033936,6.1035e-05
1884,1885,3,-0.18276,561.07,589.85,0,535.82,616.16,589.68,560.04,-0.0011654,0.00034773,-1.1131,0.016581,0.00012207
1885,1886,0,-0.55344,376.84,450.3,0,343.09,505.38,415.09,387.89,0.012637,0.0014491,-2.115,0.022692,6.1035e-05
1886,1887,0,-0.53216,381.76,429.74,0,362.45,498.77,397.76,372.55,-0.0058277,0.0015241,-2.082,0.0024502,3.0518e-05
1887,1888,0,-0.48554,352.74,391.55,0,327.71,454.61,369.86,348.4,-0.0065243,0.00097043,-2.1467,0.0063346,6.1035e-05
1888,1889,1,-0.28849,437.84,481.69,0,418.25,519.5,453.07,452.28,-0.00095336,0.0011659,-1.533,0.0087523,6.1035e-05
1889,1890,1,-0.36956,553.98,620.74,0,532.18,665.47,570.94,585.95,-0.0034623,0.0026198,-1.7025,0.039561,0.00012207
1890,1891,3,-0.20686,627.56,645.56,0,607.61,654.71,663.12,629.27,0.022445,0.00089458,-1.1796,0.036856,0.00012207
1891,1892,0,-0.5648,425.86,469.23,0,394.05,543.03,447.63,418.74,-0.021405,0.0026159,-2.0865,0.031569,6.1035e-05
1892,1893,2,-0.20918,471.59,507.28,0,456.64,534.1,489.64,474.91,0.0029921,0.0010642,-1.2889,0.023378,6.1035e-05
1893,1894,0,-0.55058,400.82,456.66,0,373.76,527.82,423.23,397.7,-0.0060885,0.00086239,-2.1294,0.008434,6.1035e-05
1894,1895,1,-0.30551,457.09,503.96,0,430.35,546.48,477.89,470.88,-0.0049883,0.0010002,-1.5096,0.021185,9.1553e-05
1895,1896,2,-0.22293,499.29,534.96,0,480.13,561.36,521.01,505.03,-0.010314,0.00028579,-1.2164,0.042669,9.1553e-05
1896,1897,1,-0.28667,416.5,474.81,0,421.41,534.31,412.68,428.53,0.0098398,0.00061292,-1.4754,0.017181,9.1553e-05
1897,1898,3,-0.17605,529.48,555.06,0,504.65,575.2,563.51,527.46,-0.0047163,0.00039328,-0.99118,0.015478,0.00012207
1898,1899,2,-0.22428,494.38,549.99,0,477.19,571.79,516.49,521.97,0.00031156,0.00014077,-1.2896,0.038358,9.1553e-05
1899,1900,3,-0.18538,569.67,597.77,0,549.86,619.76,589.48,575.78,-0.0014227,0.00034135,-0.95933,0.025473,0.00012207
1900,1901,2,-0.19908,448.11,492.5,0,445.06,542.42,450.81,448.46,0.0019391,0.0003745,-1.368,0.020903,0.00012207
1901,1902,1,-0.31391,463.91,518.05,0,441.98,581.23,480.96,468.91,0.0065488,0.00070214,-1.3911,0.019817,0.00012207
1902,1903,3,-0.17302,526.07,540.57,0,508.03,562.67,547.84,513.9,-0.0072846,0.00023863,-0.99639,0.020979,0.00012207
1903,1904,1,-0.28048,388.76,452.53,0,367.42,500.14,418,387.28,-0.0055731,0.0014694,-1.4784,0.0042675,6.1035e-05
1904,1905,2,-0.23708,542.3,581.77,0,532.02,604.01,551.97,560.88,-0.0076399,0.00035785,-1.2013,0.026701,0.00012207
1905,1906,2,-0.20686,466.86,518.65,0,433.14,550.66,496.62,490.41,-0.0026214,0.00037074,-1.2872,0.012594,6.1035e-05
1906,1907,1,-0.31555,476.76,524.93,0,464.26,585.83,486.47,477.56,-0.016251,0.0010585,-1.6268,0.045888,9.1553e-05
1907,1908,2,-0.22355,489.91,529.55,0,470.47,554.26,516.54,495.7,-0.0019531,0.00041377,-1.1546,0.0065953,6.1035e-05
1908,1909,0,-0.58531,405.35,475.1,0,381.82,551.45,427.45,403.38,-0.0012262,0.0018804,-2.1365,0.011672,6.1035e-05
1909,1910,1,-0.31225,446.63,515.26,0,432.08,557.68,463.13,467.18,-0.00028808,0.00049003,-1.5647,0.057514,6.1035e-05
1910,1911,2,-0.2086,465.54,517.91,0,449.2,543.72,481.87,492.11,-0.009925,0.00041486,-1.2143,0.037081,9.1553e-05
1911,1912,1,-0.31882,455.97,521.9,0,443.86,549.16,472.58,484.54,-0.0019651,0.00056756,-1.2803,0.0074324,9.1553e-05
1912,1913,0,-0.5126,376.6,435.16,0,346.16,501.28,397.44,389.93,0.019609,0.0017237,-1.8997,0.060772,6.1035e-05
1913,1914,2,-0.24591,568.46,601.01,0,551.83,633.09,580.59,577.61,0.0021828,0.00029499,-1.1513,0.023563,0.00012207
1914,1915,0,-0.49038,329.08,393.65,0,303.94,437.29,355.83,347.19,-0.010074,0.0036272,-1.8491,0.0070501,6.1035e-05
1915,1916,1,-0.31984,477.69,536.8,0,465.57,576.89,485.46,511.1,-0.0057531,0.0015084,-1.3035,0.027863,9.1553e-05
1916,1917,0,-0.60844,399.51,491.29,0,381.2,540.06,428.06,415.23,-0.0024687,0.0042335,-1.8882,0.015822,3.0518e-05
1917,1918,0,-0.50236,336.58,408.95,0,315.78,465.43,358.73,348.83,-0.0073838,0.0018086,-1.7507,0.0050797,3.0518e-05
1918,1919,2,-0.22008,499.1,545.93,0,492.4,587.39,504.66,511.58,0.00020466,0.00036074,-1.2627,0.028543,0.00012207
1919,1920,1,-0.32533,468.72,534.55,0,457.44,553.51,480.72,514.37,-0.011671,0.0010346,-1.5235,0.028304,6.1035e-05
1920,1921,0,-0.58505,406.64,467.6,0.015625,379.96,524.16,431.7,414.47,-0.0054568,0.012324,-1.8908,0.024151,6.1035e-05
1921,1922,1,-0.30144,445.65,502.97,0,428.97,538.44,462.33,467.5,-0.0045839,0.00046075,-1.4869,0.018163,6.1035e-05
1922,1923,1,-0.27884,403.34,453.24,0,382.99,486.67,422.46,421.83,-0.0024412,0.0012225,-1.2498,0.016937,6.1035e-05
1923,1924,1,-0.34748,501.97,569.57,0,487.39,597.01,518.49,538.47,-0.0058844,0.0010148,-1.3323,0.010932,0.00012207
1924,1925,1,-0.25757,385.51,418.26,0,371.2,447.13,397.36,394.33,-0.00044566,0.00086733,-1.7256,0.016775,6.1035e-05
1925,1926,3,-0.16735,498.94,548.96,0,483.16,578.67,515.75,517.33,-0.0071889,0.0003908,-0.90603,0.03925,9.1553e-05
1926,1927,1,-0.29598,424.69,505.29,0,416.83,523.09,432.06,488.58,-0.01543,0.0011859,-1.2736,0.046272,6.1035e-05
1927,1928,1,-0.34041,477.97,558.7,0,473.88,602.8,482.91,505.47,-0.002003,0.0016729,-1.4098,0.01099,9.1553e-05
1928,1929,1,-0.23472,331.19,401.92,0,310.08,449.33,356.66,344.69,-0.00258,0.0026399,-1.5167,0.0077236,6.1035e-05
1929,1930,3,-0.17375,548.99,546.77,0,512.26,566.03,575.79,532.72,0.00356,0.00043319,-1.0648,0.017251,0.00012207
1930,1931,3,-0.18937,602.47,617.59,0,572.55,658.09,624.3,588.04,0.0054414,0.00044777,-1.0744,0.031909,0.00018311
1931,1932,3,-0.18103,548.48,575.59,0,522.22,605.89,578.25,541.24,0.0044026,0.00034378,-1.0853,0.020449,0.00012207
1932,1933,3,-0.17785,537.22,582.07,0,516.79,615.1,556.4,551.04,0.00081806,0.00019429,-1.0115,0.017576,0.00012207
1933,1934,3,-0.16741,488.29,556.37,0,473.98,571.97,504.51,538.69,-0.00099611,0.00024372,-1.1599,0.028903,0.00012207
1934,1935,2,-0.23159,499.38,582.47,0,481.69,603.91,522.13,554.9,0.0026266,0.0002834,-1.1993,0.030597,0.00012207
1935,1936,0,-0.53409,368.14,458.73,0,348.96,526.34,388.56,386.77,-0.012985,0.0019512,-1.6339,0.024261,6.1035e-05
1936,1937,0,-0.52747,368.83,427.31,0,348.76,486.39,387.69,371.8,-0.00529,0.001225,-1.74,0.011071,3.0518e-05
1937,1938,2,-0.24592,541.92,612.98,0,527.96,654.44,556.78,568.84,-0.0069994,0.00026499,-1.3157,0.046776,0.00012207
1938,1939,0,-0.50825,334.64,424.29,0,314.37,475.13,359.11,362.93,-0.0026883,0.0018495,-2.0596,0.0025493,3.0518e-05
1939,1940,2,-0.22585,512.82,555.42,0,485.12,594.9,535.77,522.72,-0.0086651,0.00029226,-1.2391,0.051563,0.00012207
1940,1941,1,-0.35697,503.83,579.33,0,493.36,616.97,520.17,520.6,-0.012862,0.0019899,-1.443,0.02524,6.1035e-05
1941,1942,3,-0.17052,509.33,544.35,0,494.25,570.01,525.39,517.04,-0.0050982,0.00087028,-1.0497,0.018177,0.00012207
1942,1943,1,-0.2078,317.71,367.36,0,294.83,427.96,334.41,323.14,-0.021201,0.0015744,-1.6768,0.01521,3.0518e-05
1943,1944,0,-0.63136,414.57,503.88,0,393.18,552.04,450.21,423.61,-0.034167,0.0091131,-1.8992,0.014579,6.1035e-05
1944,1945,0,-0.63344,434.38,508.71,0,414.96,558.35,457.81,448.8,-0.0025186,0.001797,-1.8204,0.025389,6.1035e-05
1945,1946,3,-0.15979,476.07,505.02,0,469.97,540.71,482.57,467.03,0.0046676,0.00099055,-1.0555,0.021416,9.1553e-05
1946,1947,3,-0.16074,473.81,523.5,0,463.48,536.99,491.03,501.02,0.001537,0.00035709,-0.99187,0.029648,0.00012207
1947,1948,0,-0.94317,435.16,518.38,0.29688,417.44,585.94,455.24,441.8,-0.0078789,0.20246,-1.5133,0.021542,6.1035e-05
1948,1949,3,-0.1796,548.8,572.59,0,537.23,604.72,559,544.24,0.0030965,0.0017962,-0.98475,0.024057,0.00012207
1949,1950,2,-0.20745,470.89,521.38,0,451.21,547.69,489.38,496.65,-0.0015598,0.0011795,-1.2285,0.014924,6.1035e-05
1950,1951,0,-1.1172,445.32,507.22,0.5,434.94,608.73,451.98,442.16,-0.0071682,0.23743,-1.5821,0.0056569,6.1035e-05
1951,1952,1,-0.30132,421.85,515.36,0,411.82,554.19,435.59,462.17,0.00041519,0.0058984,-1.328,0.011696,6.1035e-05
1952,1953,1,-0.30375,437.98,519.31,0,422.38,564.15,455.65,468.49,0.0017734,0.0015067,-1.3357,0.014995,6.1035e-05
1953,1954,0,-0.54428,385.01,450.46,0,354.85,501.19,410,408.43,-0.0014556,0.058906,-1.707,0.01149,6.1035e-05
1954,1955,1,-0.25819,398.22,427.73,0,376.46,466.61,413.1,401.13,-0.023156,0.0050467,-1.2158,0.004479,6.1035e-05
1955,1956,0,-0.58467,415.25,490.46,0,389.05,554.73,436.97,437.2,-0.012576,0.0074794,-1.7585,0.021581,6.1035e-05
1956,1957,2,-0.22505,495.46,555.63,0,487.35,581.48,504.08,528.12,0.0017191,0.0012688,-1.0431,0.031427,6.1035e-05
1957,1958,0,-0.57681,402.84,483.94,0,371.91,537.33,433.76,430.55,-0.0037243,0.0022155,-1.7775,0.011782,6.1035e-05
1958,1959,1,-0.28931,428.95,490.97,0,407.03,506.19,447.11,478.36,-0.016532,0.00089789,-1.0732,0.038329,6.1035e-05
1959,1960,2,-0.2094,471.32,523.87,0,460.11,555.08,481.85,494.54,-0.0018306,0.0018244,-1.1564,0.041037,0.00012207
1960,1961,0,-0.62501,422.86,494.2,0.015625,397.64,551.5,448.08,436.9,-0.0044955,0.017623,-1.512,0.013527,6.1035e-05
1961,1962,0,-0.55062,376.14,446.46,0,363.39,509.2,389.71,379.67,0.002212,0.0044556,-1.6827,0.0039295,6.1035e-05
1962,1963,0,-0.51472,337.84,406.64,0,320.12,450.45,360.63,350.32,-0.0047374,0.0061968,-1.8269,0.0044162,6.1035e-05
1963,1964,1,-0.30287,407.73,483.11,0,386.48,528.48,438.79,416.79,-0.0081103,0.0025973,-1.4332,-0.0022503,6.1035e-05
1964,1965,2,-0.22006,498.04,546.38,0,489.8,595.08,506.82,494.54,-0.0034756,0.00083462,-1.0101,0.01027,9.1553e-05
1965,1966,0,-0.55597,389.47,459.04,0,368.01,516.17,413.79,394.29,-0.0070451,0.0061463,-1.7145,0.029787,6.1035e-05
1966,1967,2,-0.24305,530.3,584.58,0,522.73,614.77,541.38,540.46,0.0085653,0.00098457,-1.0744,0.016091,6.1035e-05
1967,1968,2,-0.23716,534.83,570.84,0,516.66,602.15,554.17,537.5,0.0054431,0.00062306,-0.90582,0.020567,9.1553e-05
1968,1969,0,-0.59863,394.93,497.75,0,372.34,569.64,418.97,421.21,0.012197,0.011555,-1.8177,0.00072737,6.1035e-05
1969,1970,3,-0.18182,538.61,554.99,0,519.2,577.57,566.97,521.98,0.0070394,0.00024108,-0.93045,0.022726,0.00012207
1970,1971,1,-0.36557,530.21,593.76,0,505.57,627.04,556.45,558.33,0.0001161,0.0017461,-1.5134,0.029531,6.1035e-05
1971,1972,0,-0.95528,446.43,505.14,0.34375,424.48,585.05,461.46,450.47,-0.0031598,0.21484,-1.8503,-0.001432,6.1035e-05
1972,1973,2,-0.21066,479.28,527.14,0,466.18,556.16,488.84,505.96,0.0064059,0.011871,-1.3027,0.043574,6.1035e-05
1973,1974,1,-0.33487,497.66,552.17,0,482.97,595.7,510.63,513.76,-0.007517,0.0057379,-1.5502,0.028694,6.1035e-05
1974,1975,2,-0.2559,560.74,616.88,0,540.88,643.36,587.96,580.59,0.0011354,0.0007774,-1.2245,0.036792,0.00012207
1975,1976,1,-0.27464,401.81,449.43,0,382.99,471.65,421.84,425.77,-0.01531,0.0013737,-1.4772,0.045016,6.1035e-05
1976,1977,2,-0.22573,516.83,551.86,0,503.25,592.35,526.75,522.31,-0.0093982,0.0006259,-1.1521,0.015431,0.00012207
1977,1978,2,-0.25181,575.24,612.71,0,556.51,640.18,593.96,585.24,-0.00026267,0.00054541,-1.1202,0.021183,0.00012207
1978,1979,1,-0.34641,496.94,550.88,0,489.65,600.32,505.2,494.86,-0.007219,0.0015299,-1.1755,0.028424,9.1553e-05
1979,1980,3,-0.19284,581.61,609.16,0,574.56,649.69,587.83,573.39,-0.0040923,0.00060634,-0.80411,0.025687,0.00012207
1980,1981,1,-0.26293,386.45,437.77,0,356.96,480.36,419.86,389.5,-0.010913,0.0015386,-1.4554,0.024231,6.1035e-05
1981,1982,1,-0.30464,438.02,493.14,0,432.36,524.01,446.28,448.02,0.0060602,0.0012753,-1.2884,0.028901,6.1035e-05
1982,1983,1,-0.29452,445.13,495.59,0,420.82,539.99,462.87,463.2,0.0037168,0.00089909,-1.5119,0.031732,6.1035e-05
1983,1984,3,-0.16989,516.36,534.87,0,500.53,552.02,534.29,515.43,0.015482,0.00041014,-0.91023,0.021419,0.00012207
1984,1985,2,-0.20223,446.76,491.65,0,438.27,504.89,459.17,472.28,0.011489,0.00051573,-1.0779,0.024821,9.1553e-05
1985,1986,3,-0.19061,588.27,592.82,0,561.17,621.48,610.71,569.08,0.008919,0.00030935,-0.77537,0.015582,0.00012207
1986,1987,1,-0.3008,432.44,505.3,0,413.86,532.13,449.9,480.11,-0.0049694,0.00067978,-1.2359,0.018458,9.1553e-05
1987,1988,3,-0.18487,567.41,584.06,0,530.76,593.05,594.15,577.51,-0.00283,0.00024555,-0.83444,0.01849,0.00012207
1988,1989,2,-0.23228,504.57,544.82,0,492.49,566.36,523.41,511.22,-0.011059,0.0004893,-0.79263,0.029425,0.00012207
1989,1990,1,-0.26368,385.5,434.6,0,376.18,475.81,393.73,398.23,-0.0098304,0.00088675,-1.3343,0.024009,6.1035e-05
1990,1991,0,-0.591,394,466.89,0.015625,367.2,521.06,420.8,412.72,-0.030553,0.035452,-1.9588,0.01226,6.1035e-05
1991,1992,2,-0.19847,433.02,486.58,0,427.97,502.33,438.06,470.83,-0.0040953,0.0036483,-0.99508,0.027462,9.1553e-05
1992,1993,1,-0.2859,422.84,454.46,0,412.54,469.58,434.51,437.31,-0.00062886,0.0042286,-1.1085,0.025949,6.1035e-05
1993,1994,1,-0.30889,444.92,506.07,0,426.6,524.07,465.69,485.66,-0.0020614,0.0013647,-1.1831,0.010848,6.1035e-05
1994,1995,1,-0.28603,427.37,462.81,0,409.54,473.13,445.19,452.5,0.016945,0.00072293,-1.2598,0.02759,6.1035e-05
1995,1996,1,-0.33655,486.89,554.62,0,467.22,584.52,507.83,522.79,0.001657,0.0012567,-1.1762,0.029038,6.1035e-05
1996,1997,0,-0.94991,433.46,513.78,0.3125,416.71,579.67,449.2,451.89,-0.00084457,0.18538,-1.5076,0.043226,6.1035e-05
1997,1998,2,-0.20769,470.38,503.69,0,444.73,526.44,491.63,484.83,0.0013444,0.0064601,-0.85364,0.007614,9.1553e-05
1998,1999,0,-0.53355,376.75,434.01,0,356.53,473.99,394.58,398.73,6.4063e-05,0.028458,-1.6581,0.0077958,6.1035e-05
1999,2000,3,-0.16981,513.78,515.93,0,508.34,533.7,519.22,498.16,0.0012717,0.00094047,-0.78001,0.019978,9.1553e-05
2000,2001,0,-0.54934,376.22,436.48,0,368.34,486.76,384.61,382.95,-0.015534,0.0077456,-1.6739,0.022469,6.1035e-05
2001,2002,1,-0.3623,523.58,567.32,0,517.15,600.18,530.86,530.09,0.004584,0.0019307,-1.0851,0.0097514,6.1035e-05
2002,2003,1,-0.33818,500.1,551.04,0,481.52,591.73,513.67,521.35,0.0012244,0.00090418,-1.163,0.021089,0.00012207
2003,2004,2,-0.2152,480.54,514.79,0,480.46,541.61,480.63,484.39,-0.015926,0.0026307,-0.95343,0.028005,9.1553e-05
2004,2005,3,-0.16156,498.62,510.81,0,483.66,537.58,508.2,493.64,-0.0033478,0.00037416,-0.86114,0.034517,6.1035e-05
2005,2006,1,-0.29751,429.88,466.25,0,425.27,486.14,435.8,440.68,-0.0043971,0.0013912,-1.2604,0.013133,6.1035e-05
2006,2007,1,-0.25809,391.89,415.36,0,378.42,455.61,400.52,389.56,-0.0097437,0.00061953,-1.3156,0.012009,6.1035e-05
2007,2008,1,-0.31614,479.1,502.8,0,466.51,526.14,488.28,485.76,-0.0037159,0.0013795,-1.4506,0.025795,6.1035e-05
2008,2009,3,-0.18453,562.48,558.9,0,537.69,570.5,588.86,546.56,0.002232,0.00084715,-0.93403,0.021673,0.00012207
2009,2010,0,-0.47675,325.75,391.54,0,310.18,436.13,341.31,346.96,-0.006462,0.0074879,-2.0039,0.00047818,3.0518e-05
2010,2011,1,-0.32684,482.08,509.7,0,479.4,527.99,485.32,487.61,-0.0067691,0.0027987,-1.4173,0.022428,6.1035e-05
2011,2012,3,-0.18928,601.28,587.4,0,577.81,600.92,621.99,575.48,-0.0013108,0.0003382,-1.0405,0.021958,0.00018311
2012,2013,3,-0.18338,551.62,549.8,0,530.78,567.28,572.46,532.31,0.0014478,0.00018471,-1.1418,0.017277,0.00012207
2013,2014,0,-0.60228,412.26,470.72,0,398.49,511.53,426.03,429.91,0.0048486,0.0036776,-2.1791,0.015683,6.1035e-05
2014,2015,3,-0.18371,571.95,558.01,0,549.81,569.11,588.11,549.92,0.00014161,0.000231,-1.0754,0.036419,0.00012207
2015,2016,1,-0.25725,391.37,415.02,0,377.54,431.7,402.84,401.19,-0.0098999,0.00094829,-1.456,0.035276,6.1035e-05
2016,2017,2,-0.19695,453.13,473.54,0,434.23,496.34,468.8,454.65,-0.004234,0.00021647,-1.2477,0.012021,9.1553e-05
2017,2018,3,-0.1792,562.89,532.77,0,542.48,554.75,579.8,514.56,-0.0026839,0.00018496,-1.0216,0.019228,0.00012207
2018,2019,1,-0.26131,384.75,414.01,0,367.35,450.5,399.16,383.77,-0.0099602,0.00026917,-1.5128,0.0025654,6.1035e-05
2019,2020,3,-0.17436,549.89,524.65,0,538.46,559.77,557.22,502.13,0.0017104,0.00016352,-1.0642,0.029033,0.00012207
2020,2021,0,-0.80416,444.25,531.05,0.14062,435.56,585.42,452.94,476.67,-0.0084025,0.095811,-2.027,0.016567,6.1035e-05
2021,2022,0,-1.2545,442.9,530.98,0.64062,434.75,611.87,448.12,479.12,-0.011004,0.56943,-1.6824,0.010329,6.1035e-05
2022,2023,1,-0.31553,471.07,501.41,0,455.75,546.26,482.98,466.53,-0.0065174,0.0096664,-1.4012,0.013578,6.1035e-05
2023,2024,2,-0.22876,504.82,550.19,0,494.93,575.83,518.36,515.04,-0.0048004,0.0042911,-1.281,0.027107,0.00012207
2024,2025,3,-0.16913,525.5,525.62,0,505.88,556.67,540.76,501.48,-0.0039657,0.00057732,-1.0597,0.024025,9.1553e-05
2025,2026,0,-0.61519,403.46,482.25,0.03125,381.1,518.95,427.26,443.18,0.0036753,0.052454,-1.8947,0.018961,6.1035e-05
2026,2027,0,-0.56715,390.06,469.2,0,374.5,513.05,408.85,416.29,0.012835,0.031454,-1.6299,0.012936,6.1035e-05
2027,2028,2,-0.22236,516.87,531.32,0,511.08,567.7,523.04,492.61,0.0038287,0.0056943,-1.0239,0.0073814,6.1035e-05
2028,2029,3,-0.16236,505.78,511.2,0,482.76,536.35,524.84,490.36,0.0030866,0.00059237,-0.87784,0.024897,0.00018311
2029,2030,3,-0.15618,468.19,487.68,0,458.65,498.98,478.99,474.87,0.0059529,0.00029421,-0.81586,0.033724,6.1035e-05
2030,2031,3,-0.1935,599.23,591.03,0,586.96,629.06,608.78,561.46,0.008102,0.00043013,-0.95413,0.015594,0.00012207
2031,2032,3,-0.15562,484.41,495.35,0,471.08,521.13,497.73,469.58,-0.0048794,0.00022067,-0.90986,0.020467,0.00012207
2032,2033,2,-0.25725,568.01,601.19,0,555.1,617.38,584.62,580.36,0.0052129,0.0010983,-0.94533,0.015206,0.00012207
2033,2034,1,-0.30969,460,503.47,0,448.94,540.3,469.17,472.95,-0.0091409,0.0016688,-1.3173,0.0078246,6.1035e-05
2034,2035,1,-0.27871,398.49,436.61,0,388.26,468.68,410.85,397.91,0.00060731,0.00064513,-1.1784,0.0070468,6.1035e-05
2035,2036,3,-0.16602,512.09,517.35,0,489.77,531.69,534.41,503,0.001899,0.00099337,-1.0201,0.019366,0.00012207
2036,2037,3,-0.19273,552.22,616.06,0,537.92,644.48,579.52,561.82,0.0077743,0.00038118,-0.71673,0.019093,0.00012207
2037,2038,1,-0.34431,492.36,555.47,0,472.96,567.52,522.63,536.68,-0.0054458,0.0016938,-1.1514,0.0069334,6.1035e-05
2038,2039,3,-0.18279,572.56,591,0,545.98,629.21,591.95,563.12,0.0046106,0.00060204,-0.88887,0.024085,0.00018311
2039,2040,0,-0.52946,374.68,444.74,0,361.7,498.42,385.43,400.27,-0.0096233,0.0064492,-1.6809,0.013597,6.1035e-05
2040,2041,2,-0.23083,513.04,559.27,0,493.96,580.47,534.67,535.25,0.00051614,0.00038115,-0.93659,0.02621,0.00012207
2041,2042,1,-0.33782,489.11,550.22,0,465.51,571.47,511.28,530.25,0.0084915,0.0017079,-1.0768,0.037352,6.1035e-05
2042,2043,2,-0.19899,456.08,494.56,0,445.92,545.18,462.18,464.19,0.0021864,0.00080136,-1.195,0.024591,9.1553e-05
2043,2044,3,-0.17132,529.11,544.24,0,514.24,568.6,542.23,522.76,0.00015048,0.00023147,-0.93991,0.015994,0.00012207
2044,2045,3,-0.14891,454.24,479.88,0,439.52,498.44,468.06,462.44,0.006837,0.0004065,-0.9585,0.015867,9.1553e-05
2045,2046,3,-0.16367,507.1,517.53,0,477.63,545.08,527.26,498.68,-0.0062196,0.00021944,-0.97808,0.0038879,0.00012207
2046,2047,0,-0.45292,307.89,386.46,0,291.71,435.93,325.13,333.8,-0.012108,0.0032023,-1.3744,0.01255,3.0518e-05
2047,2048,3,-0.20579,635.62,641.69,0,603.45,685.15,659.09,609.97,0.0051698,0.00038827,-0.85955,0.0097313,0.00012207
2048,2049,1,-0.23886,338.91,394.9,0,319.77,440.22,362,340.21,-0.0037972,0.00054626,-1.2098,0.00060348,6.1035e-05
2049,2050,2,-0.20452,477.05,512.97,0,464.18,550.91,485.3,488.66,0.00094306,0.00037204,-1.0627,0.0148,9.1553e-05
2050,2051,0,-0.64586,438.75,532.14,0.015625,415.47,603.9,463.53,455.75,0.0019419,0.021143,-1.8374,0.0097671,6.1035e-05
2051,2052,0,-0.50099,332.24,419.61,0,314.57,470.9,353.57,357.7,-0.0049837,0.0080868,-1.7217,0.086042,3.0518e-05
2052,2053,2,-0.2108,468.71,501.62,0,456.17,525.93,480.49,478.79,-0.0086442,0.00055558,-0.8374,0.019566,6.1035e-05
2053,2054,1,-0.33109,490.78,555.85,0,468.63,584,510.33,531.02,-0.0065258,0.0027217,-1.1556,0.023067,0.00012207
2054,2055,1,-0.27467,378.86,444.62,0,362.39,490.21,402.93,378,-0.0043698,0.00059946,-1.3129,0.0011942,6.1035e-05
2055,2056,2,-0.22069,492.55,540.93,0,467.22,577.06,513.53,510.99,0.0030637,0.0011237,-0.75203,0.010059,6.1035e-05
2056,2057,0,-0.51055,366.15,446.16,0,349.65,504.45,377.45,406.28,-0.018029,0.0012207,-1.5999,0.0087838,6.1035e-05
2057,2058,2,-0.21527,478.06,537.46,0,458.51,568,495.31,510.51,-0.0036926,0.00045985,-0.80089,0.0082058,6.1035e-05
2058,2059,2,-0.24743,545.6,605.34,0,514.06,625.73,591.69,575.54,-0.0034272,0.00057579,-0.83937,0.020994,0.00012207
2059,2060,2,-0.21553,490.71,536.99,0,487.11,585.73,494.3,488.25,-0.0013289,0.00036061,-0.86748,0.0045366,9.1553e-05
2060,2061,0,-0.43981,330.76,386.9,0,311.01,448.41,343.41,347.47,-0.0029199,0.0034189,-1.873,0.0050747,3.0518e-05
2061,2062,3,-0.17388,530.72,553.23,0,508.61,571.5,546.85,539.89,-0.00092607,0.00034293,-0.87174,0.018949,0.00012207
2062,2063,2,-0.20074,447.63,492.15,0,407.91,502.51,487.36,481.79,-0.0052021,0.00034469,-0.98516,0.032477,6.1035e-05
2063,2064,0,-0.55507,378.98,455.14,0,361.44,511.44,397.65,395.21,-0.0127,0.0034207,-1.6899,0.0095005,6.1035e-05
2064,2065,1,-0.26008,369.75,421.07,0,363.05,434.77,382.55,394.9,-0.0035752,0.00064555,-1.3828,0.0012167,6.1035e-05
2065,2066,2,-0.22144,516.44,567.56,0,497.37,604.99,529.49,541.94,0.0067965,0.00030679,-0.83654,0.022261,0.00012207
2066,2067,3,-0.17342,523.84,567.85,0,508.08,599.35,539.61,536.34,0.0066791,0.00015201,-0.68528,0.023986,0.00012207
2067,2068,3,-0.16665,492.47,541.29,0,476.53,562.45,514.31,512.29,0.0074041,0.00015014,-0.84288,0.039101,0.00012207
2068,2069,1,-0.26629,401.77,449.91,0,379.36,497.62,421.54,407.82,-0.007167,0.00045583,-1.2753,0.013777,6.1035e-05
2069,2070,3,-0.16546,518.22,550.96,0,494.44,591.9,535.58,521.08,0.0029064,0.00023446,-0.71157,0.01658,0.00012207
2070,2071,0,-0.46915,295.84,385.11,0,284.65,427.57,312.2,323.06,-0.01132,0.011355,-1.5384,0.0079223,3.0518e-05
2071,2072,1,-0.32169,465.16,523,0,453.96,553.34,475.67,494.5,-0.0032533,0.0016529,-1.1447,0.016662,9.1553e-05
2072,2073,3,-0.15659,487.66,521.45,0,458.59,549.32,511.76,498.35,0.0089421,0.00029824,-1.1052,0.013372,0.00015259
2073,2074,2,-0.21903,491.92,528.36,0,476.05,559.78,509.89,492.75,-0.006441,0.00014484,-1.0349,0.012957,9.1553e-05
2074,2075,1,-0.29851,449.21,499.06,0,434.53,533.88,458.62,476.75,0.0038917,0.00094343,-1.1957,0.013665,9.1553e-05
2075,2076,3,-0.18183,550.38,587.09,0,517.31,601.69,587.85,570.55,0.0015264,0.00019001,-0.94581,0.026962,0.00012207
2076,2077,2,-0.23859,527.1,584.69,0,513.27,614.93,541.82,552.49,0.0077855,0.00019973,-1.0105,0.02424,6.1035e-05
2077,2078,2,-0.22988,517.93,573.38,0,493.92,611.66,539.12,539.6,-0.0029601,0.00034591,-1.0691,0.014216,0.00012207
2078,2079,3,-0.16157,469.82,531.42,0,453.71,558.33,488.07,500.92,0.00061926,0.00021942,-0.90299,0.020665,9.1553e-05
2079,2080,1,-0.32696,466.2,543.66,0,453.33,591.02,477.55,501.88,-0.0010057,0.0011426,-1.2608,0.019833,9.1553e-05
2080,2081,3,-0.18726,566.43,599.94,0,532.75,618.17,602.29,580.52,0.0034953,0.0002795,-0.84277,0.013742,0.00012207
2081,2082,0,-0.45613,301.27,384.79,0,284.35,433.47,324.46,318.07,-0.0026374,0.0063534,-1.6672,0.00038348,3.0518e-05
2082,2083,2,-0.20406,459.37,487.25,0,447.56,503.61,470.46,471.88,-0.0022431,0.00051461,-1.1182,0.033326,9.1553e-05
2083,2084,1,-0.34326,487.53,566.68,0,479.83,595.98,498.08,526.53,-0.0040901,0.0034661,-1.3396,0.020432,9.1553e-05
2084,2085,1,-0.31234,464.76,529.57,0,453.75,571.2,470.94,506.22,-0.0058352,0.0013671,-1.5186,0.006437,6.1035e-05
2085,2086,0,-0.82815,422.32,518.33,0.20312,399.93,583.83,447.69,444.1,-0.038439,0.15029,-1.8133,0.058946,6.1035e-05
2086,2087,3,-0.18732,566.93,601.81,0,551.11,629.2,586.03,568.75,0.0046674,0.0025055,-0.90438,0.030555,0.00012207
2087,2088,3,-0.16075,495.1,527.89,0,473.87,560.82,511.62,502.29,-0.0010684,0.0013616,-1.1281,0.032968,9.1553e-05
2088,2089,0,-0.50772,330.58,415.11,0,314.44,462.05,351.32,354.75,-0.0041536,0.01773,-1.8666,0.0066642,6.1035e-05
2089,2090,1,-0.29141,431.03,500.71,0,416.4,547.36,443.95,459.55,0.0058264,0.00088534,-1.5822,0.01346,6.1035e-05
2090,2091,3,-0.15572,462.89,519.81,0,457.27,565.5,468.51,474.12,0.0013907,0.00024986,-1.0964,0.034197,9.1553e-05
2091,2092,0,-0.53509,373.25,461.75,0,353.06,521.86,391.08,408.71,-0.0040929,0.0041645,-1.8724,0.0086359,3.0518e-05
2092,2093,0,-1.4658,408.25,533.81,0.85938,400.82,608.87,413.01,485.7,-0.006805,0.78676,-1.633,0.068701,6.1035e-05
2093,2094,3,-0.18425,549.49,599.9,0,533.93,633.97,568.27,558.78,-0.00082428,0.0013481,-1.0196,0.026922,0.00024414
2094,2095,1,-0.2665,387.96,457.47,0,377.19,509.49,398.72,405.45,-0.012708,0.0049879,-1.4626,0.01198,6.1035e-05
2095,2096,3,-0.19319,607.79,628.66,0,571.76,673.47,635.82,593.8,0.0028917,0.0010919,-1.0575,0.04421,0.00012207
2096,2097,1,-0.19992,297.87,336.11,0,288.65,362.7,306.53,311.14,0.0014601,0.0076499,-1.6614,0.0074322,3.0518e-05
2097,2098,2,-0.21036,472.34,527.73,0,457.9,553.5,483.57,507.7,0.0095466,0.0010753,-1.2688,0.018053,9.1553e-05
2098,2099,2,-0.21512,487.87,522.21,0,471.97,567.01,501.89,482.69,-0.0082555,0.00054922,-1.3178,0.020788,9.1553e-05
2099,2100,1,-0.3297,480.95,541.95,0,479.09,582.13,482.49,508.66,-0.0029573,0.0014129,-1.2987,0.0096965,6.1035e-05
2100,2101,2,-0.19987,468.33,511.01,0,422.37,553.35,501.87,480.11,-9.8984e-05,0.00035475,-1.2843,0.013967,6.1035e-05
2101,2102,2,-0.20816,477.03,526.96,0,458.18,568.64,490.78,496.55,-0.0044595,0.00039149,-1.261,0.023304,9.1553e-05
2102,2103,1,-0.30606,439.4,510.81,0,419.44,549.25,460.66,469.89,-0.021509,0.0010419,-1.6424,0.015092,6.1035e-05
2103,2104,1,-0.31368,455.87,539.28,0,447.26,595.62,463.47,489.58,-0.0078592,0.0017443,-1.5735,0.012862,9.1553e-05
2104,2105,3,-0.1713,539.18,579.52,0,508.56,616.17,563.01,551.02,0.011519,0.00030244,-1.0867,0.025168,0.00012207
2105,2106,1,-0.23243,354.35,404.75,0,346.31,440.42,362.39,369.07,-0.0274,0.0029737,-1.6771,0.011509,6.1035e-05
2106,2107,2,-0.2232,508.37,555.65,0,488.23,603.27,523.06,520.9,0.0094805,0.00093147,-1.2854,0.013995,9.1553e-05
2107,2108,2,-0.24408,550.14,619.08,0,531.36,660.33,570.13,575.17,0.0058501,0.00080699,-1.0814,0.025755,0.00012207
2108,2109,2,-0.21939,478.65,554.87,0,460.61,590.66,501.85,508.85,0.0018111,0.00041602,-1.4955,0.022639,6.1035e-05
2109,2110,2,-0.21977,502.05,556.66,0,490.35,613.37,511.15,512.55,0.002661,0.00035902,-1.3287,0.013078,0.00012207
2110,2111,1,-0.31231,435.17,540.14,0,425.25,579.65,449.67,482.38,0.0046595,0.0013371,-1.5447,0.0095044,6.1035e-05
2111,2112,3,-0.17783,540.04,574.93,0,513.57,593.99,564.91,557.04,-0.0050545,0.00038509,-1.1882,0.029881,0.00012207
2112,2113,2,-0.216,497.19,540.73,0,472.96,572.72,517.26,514.23,-0.0058463,0.00047213,-1.0086,0.0084198,0.00012207
2113,2114,1,-0.2512,359.3,435.13,0,354.75,472.21,365.15,387.45,-0.023295,0.0012215,-1.6626,0.022352,6.1035e-05
2114,2115,0,-0.48148,334.07,426.22,0,318.58,504.31,346.13,365.49,0.013905,0.0084295,-1.877,0.013622,6.1035e-05
2115,2116,0,-0.50908,339.59,451.82,0,319.76,515.44,358.22,392.04,-0.0066383,0.0030382,-1.9191,0.0143,3.0518e-05
2116,2117,3,-0.1572,487.75,529.16,0,465.8,568.16,509.69,490.15,0.0093591,0.0024778,-1.2832,0.027847,0.00012207
2117,2118,3,-0.14805,458.76,500.18,0,430.42,533.74,483.76,470.57,0.0012277,0.00030622,-1.2791,0.0094642,9.1553e-05
2118,2119,2,-0.2395,543.15,618.58,0,510.05,650.46,572.36,590.45,-0.011169,0.0010771,-1.3936,0.018938,0.00012207
2119,2120,3,-0.1895,565.85,620.55,0,542.13,662.09,592.73,573.48,0.0047018,0.00026202,-1.2118,0.026172,0.00012207
2120,2121,1,-0.26384,379.45,462.9,0,371.91,491.69,388,430.29,-0.011381,0.000778,-1.6209,0.0019174,6.1035e-05
2121,2122,2,-0.20295,446.27,510.47,0,419.73,529.66,478.29,487.31,-0.0039073,0.0010111,-1.3817,0.014623,6.1035e-05
2122,2123,3,-0.19289,593.92,619.76,0,562.26,664.95,621.86,579.89,-0.0021438,0.00048692,-1.2138,0.016981,0.00012207
2123,2124,1,-0.28798,418.42,477.29,0,401.56,524.53,432.38,438.15,-0.015259,0.00082664,-1.9235,0.0071127,6.1035e-05
2124,2125,0,-0.8195,416.41,523.06,0.23438,388.5,600.7,441.04,454.54,-0.020776,0.21417,-1.9397,0.044106,6.1035e-05
2125,2126,0,-0.46948,319.54,409.71,0,307.79,471.68,328.68,361.51,-0.012599,0.024227,-1.8412,0.049151,3.0518e-05
2126,2127,3,-0.16427,506.09,542.09,0,477.93,579.4,524.14,518.18,-0.0017098,0.00053089,-1.1776,0.0069712,0.00012207
2127,2128,0,-0.63187,408.52,535.96,0,385.29,603.39,438.37,449.26,-0.0035169,0.012244,-1.9093,0.013724,6.1035e-05
2128,2129,1,-0.28128,413.81,489.71,0,398.1,530.06,425.27,460.26,-0.0032477,0.00079611,-1.5578,0.01421,6.1035e-05
2129,2130,1,-0.21624,313.57,360.09,0,293.56,416.25,332.36,307.33,-0.0034123,0.003976,-1.5992,0.0074433,3.0518e-05
2130,2131,2,-0.19725,455.72,489.78,0,449.37,552.8,460.66,440.77,-0.0053028,0.00079356,-1.5182,0.018188,6.1035e-05
2131,2132,3,-0.17998,549.73,583.24,0,523.57,616.12,577.59,548.24,-0.004065,0.00043908,-1.3355,0.020639,0.00012207
2132,2133,1,-0.3037,458.75,530.35,0,445.88,595.98,470.1,472.45,0.00056311,0.0016601,-1.6536,0.019403,6.1035e-05
2133,2134,3,-0.16674,517.17,544.58,0,504.4,589.8,529.16,502.1,-0.0078464,0.00033238,-1.397,0.038231,0.00012207
2134,2135,0,-0.57673,398.44,503.05,0.015625,368.5,588.08,423.25,432.6,-0.010267,0.012159,-1.5913,0.0098063,6.1035e-05
2135,2136,1,-0.32888,490.42,570.62,0,476.95,628.53,498.49,535.87,-0.010097,0.0015162,-1.4793,0.044123,9.1553e-05
2136,2137,2,-0.20805,487.51,535.21,0,465.58,587.97,506.87,488.67,-0.00023169,0.00052758,-1.3688,0.01105,9.1553e-05
2137,2138,2,-0.20751,468.33,534.06,0,441.88,573.9,494.78,494.22,0.0082465,0.00033857,-1.4415,0.012601,0.00012207
2138,2139,3,-0.15389,469.65,517.31,0,435.98,545.74,492.68,497.85,0.00034843,0.00018351,-1.3545,0.017076,9.1553e-05
2139,2140,1,-0.29318,428.8,505.81,0,420.26,553.14,434.27,475.47,-0.0052486,0.0011089,-1.5602,0.018181,6.1035e-05
2140,2141,0,-0.5967,394.03,513.04,0,379.11,586.41,414.48,412.5,-0.0040073,0.0024249,-1.9115,0.035245,6.1035e-05
2141,2142,2,-0.23369,524.66,588.97,0,497.31,624.17,557.66,546.48,-0.0034656,0.00033072,-1.4546,0.019925,6.1035e-05
2142,2143,1,-0.31013,442.08,542.1,0,423.48,579.59,465.98,493.89,-0.0026292,0.0012946,-1.6416,0.009556,6.1035e-05
2143,2144,0,-0.58333,412.19,510.44,0,384.5,590.11,438.21,435.61,0.0039239,0.0020214,-1.7967,0.011748,6.1035e-05
2144,2145,3,-0.15532,476.03,526.88,0,433.48,564.25,516.01,491.78,0.010545,0.00023312,-1.5389,0.038718,0.00012207
2145,2146,2,-0.2164,509.72,577.1,0,479.64,614.81,530.3,551.3,0.015232,0.00021693,-1.5457,0.010237,0.00012207
2146,2147,0,-0.66714,405.63,540.98,0.046875,373.87,608.69,449.15,448.2,-0.016053,0.034245,-1.886,0.028409,6.1035e-05
2147,2148,3,-0.19165,591.41,630.59,0,556.87,663.03,635.82,588.89,0.0036807,0.00038421,-1.4922,0.023964,0.00018311
2148,2149,1,-0.28462,400.61,481.3,0,390.76,509.02,417.03,435.1,0.0082574,0.00096535,-1.8465,0.063593,6.1035e-05
2149,2150,3,-0.13969,407.82,480.74,0,394.46,497.13,426.12,458.27,0.0047241,0.00025036,-1.4288,0.060165,9.1553e-05
2150,2151,3,-0.18144,564.21,615.68,0,528.11,632.94,602.65,597.31,0.0024377,0.00022877,-1.4635,0.013283,0.00012207
2151,2152,3,-0.17282,535.54,573.09,0,523.25,620.07,543.95,540.95,0.0015489,0.0001213,-1.5176,0.027267,0.00012207
2152,2153,0,-0.54923,383.66,470.38,0,358.15,569.05,406.17,383.32,-0.0047139,0.010013,-1.955,0.0048956,6.1035e-05
2153,2154,3,-0.14213,445.31,494.39,0,421.04,535.96,466.72,457.71,0.011374,0.00018578,-1.5174,0.020291,9.1553e-05
2154,2155,3,-0.17075,520.59,586.45,0,504.82,629.1,537.36,541.04,0.0028416,0.00010718,-1.319,0.029623,0.00012207
2155,2156,3,-0.16832,525.83,586.28,0,486.19,630.25,552.95,556.2,-0.0041234,0.00014112,-1.6417,0.055585,0.00012207
2156,2157,0,-0.61307,409.63,535.61,0,385.03,616.48,435.8,449.52,-0.009089,0.0012896,-1.9087,0.020014,6.1035e-05
2157,2158,0,-0.47719,317.17,422.06,0,291.72,480.02,346,356.38,-0.0012612,0.0034616,-2.0104,0.0027006,6.1035e-05
2158,2159,0,-0.41064,259.54,349.76,0,247.23,394.82,280.06,274.65,-0.012731,0.020037,-1.8551,0.0099405,3.0518e-05
2159,2160,1,-0.27495,411.07,476.84,0,395.52,546.74,423.16,422.48,0.015222,0.001616,-1.8483,0.01402,6.1035e-05
2160,2161,3,-0.19375,591.53,631.32,0,573.04,661.24,612.49,597.41,0.0095803,0.00034247,-1.6066,0.032812,0.00012207
2161,2162,0,-0.87263,428.44,548.9,0.23438,403.15,649.17,453.74,448.62,-0.016533,0.17653,-2.0062,0.031054,6.1035e-05
2162,2163,1,-0.21892,320.31,378.93,0,317.06,418.46,323.17,344.05,-0.024641,0.0036435,-1.6446,0.035873,3.0518e-05
2163,2164,1,-0.34233,478.55,581.82,0,463.02,626.59,502.77,511.99,-0.0053459,0.0022594,-1.8207,0.029917,6.1035e-05
2164,2165,3,-0.18056,547.04,598.94,0,522.25,630.62,576.96,560.71,0.0035535,0.000587,-1.427,0.014387,0.00012207
2165,2166,2,-0.17678,391.44,456.17,0,381.17,484.26,403.09,424.35,-0.00072503,0.0023239,-1.6056,0.021991,9.1553e-05
2166,2167,1,-0.32202,476.97,567.51,0,460.22,577.92,495.96,555.72,-0.0010781,0.001366,-1.7946,0.025313,6.1035e-05
2167,2168,2,-0.22188,477.96,561.51,0,462.64,601.33,493.29,521.69,0.015029,0.0013079,-1.557,0.02106,6.1035e-05
2168,2169,0,-0.43425,307.35,387.2,0,291.58,476.49,319.62,317.75,-0.018317,0.02376,-2.0102,0.011589,3.0518e-05
2169,2170,2,-0.21817,508.78,558.31,0,490.18,588.26,526.25,530.17,-0.0014911,0.00057305,-1.6295,0.035183,6.1035e-05
2170,2171,3,-0.1714,499.16,558.84,0,484.42,590.92,519.35,514.88,0.0020561,0.00023214,-1.4186,0.019377,0.00012207
2171,2172,1,-0.23471,342.85,406.01,0,334.95,434.62,347.29,389.96,-0.0074714,0.0011599,-1.828,0.019968,6.1035e-05
2172,2173,2,-0.23342,537.82,607.08,0,523.11,667,547.25,568.66,-0.0046731,0.00052179,-1.5241,0.01365,6.1035e-05
2173,2174,0,-0.57211,390.54,496.38,0,367.2,572.5,412.47,424.87,-0.0022592,0.0034182,-1.8407,-0.0060082,6.1035e-05
2174,2175,2,-0.20845,473.51,542.72,0,463.13,577.72,483.25,509.84,-0.0033898,0.00023062,-1.6256,0.017585,6.1035e-05
2175,2176,0,-0.53994,359.05,468,0,330.63,537.88,389.29,393.62,-0.00732,0.003266,-1.9136,0.0069118,6.1035e-05
2176,2177,2,-0.21053,463.18,530,0,451.42,565.26,475.69,492.46,0.0008784,0.00036647,-1.5182,0.016416,6.1035e-05
2177,2178,3,-0.16298,475.48,565.21,0,474.08,600.44,477.26,519.91,-0.00040067,0.0001753,-1.5513,0.023477,9.1553e-05
2178,2179,0,-0.49943,331.38,440.57,0,307.17,504.77,358.83,367.81,-0.0048157,0.003463,-2.1036,0.0030955,3.0518e-05
2179,2180,0,-1.2233,445.49,579.99,0.54688,430.47,665.8,462.51,482.75,-0.012684,0.53448,-1.771,0.015354,6.1035e-05
2180,2181,0,-0.45424,330.74,413.22,0,304.84,499.32,348.45,354.31,-0.0049633,0.035512,-2.0351,0.0038891,6.1035e-05
2181,2182,0,-0.5044,355.87,451.66,0,331.43,540.92,372.59,390.58,-0.009226,0.02059,-1.9224,0.022936,3.0518e-05
2182,2183,3,-0.17033,497.79,580.22,0,482.21,618.04,515.45,537.36,0.0067081,0.00094613,-1.503,0.035285,0.00012207
2183,2184,2,-0.23591,503.45,608.15,0,489.26,641.91,525.59,555.5,-0.003009,0.000543,-1.3472,0.012778,0.00012207
2184,2185,1,-0.33046,474.96,594.94,0,460.68,638,487.56,556.95,0.00039036,0.0026721,-1.5613,0.017855,0.00012207
2185,2186,0,-0.5253,383.64,485.2,0,355.4,573.36,410.16,402.37,-0.0027855,0.0033518,-2.058,0.0014237,6.1035e-05
2186,2187,1,-0.3398,494.94,605.15,0,476.72,658.06,513.16,552.23,-0.0015023,0.001411,-1.5602,0.018314,6.1035e-05
2187,2188,2,-0.19604,429.91,517.35,0,420.99,575.26,440.68,447.46,-0.00063997,0.0017214,-1.3049,0.024469,6.1035e-05
2188,2189,0,-0.45872,305.93,405.42,0,294.72,478.38,316.45,336.88,-0.0049463,0.0081036,-1.6537,0.0036407,6.1035e-05
2189,2190,0,-0.5646,382.47,498.23,0,359.63,575.08,403.91,426.05,-0.0088506,0.0033424,-1.8266,0.0032773,3.0518e-05
2190,2191,0,-0.4911,321.6,438.98,0,308.14,506.32,332.76,383.19,-0.011229,0.0021572,-1.7146,0.057258,3.0518e-05
2191,2192,0,-0.47087,321.52,427.83,0,300.51,497.02,340.06,366.79,0.0069305,0.00070579,-1.7775,0.0081967,6.1035e-05
2192,2193,0,-1.0572,431.12,557.92,0.4375,419.33,665.89,440.28,473.94,-0.020473,0.31365,-1.6758,-0.0019275,6.1035e-05
2193,2194,1,-0.25208,359.1,442.48,0,340.85,515.97,378.52,364.25,-0.002194,0.002287,-1.6324,-0.0014999,6.1035e-05
2194,2195,0,-0.50721,331.6,452.86,0,317.35,521.15,347.74,375.45,-0.004685,0.020158,-1.7339,0.0013751,6.1035e-05
2195,2196,2,-0.18448,411.02,489.28,0,397.24,530.1,424.81,448.46,-0.0048181,0.0016341,-1.4605,0.012599,9.1553e-05
2196,2197,3,-0.16588,483.2,568.43,0,463.57,600.39,515.94,515.16,-0.0084387,0.00038605,-1.3447,0.027089,0.00012207
2197,2198,3,-0.16905,519.12,567.53,0,502.12,608.77,536.12,526.29,0.0022299,0.00023079,-1.3603,0.0083442,0.00012207
2198,2199,3,-0.17933,543.44,621.58,0,526.46,654.03,560.43,589.13,0.010335,0.00024686,-1.4311,0.019197,0.00018311
2199,2200,3,-0.15011,451.13,513.4,0,445.31,537.3,455.11,497.04,-0.0038104,0.00030972,-1.2694,0.042326,9.1553e-05
2200,2201,1,-0.3164,470.43,558.24,0,456.19,641.26,480.82,497.66,0.0096603,0.0017255,-1.3731,0.014962,9.1553e-05
2201,2202,0,-0.57038,387.63,515.84,0,370.69,608.03,403.54,429.23,0.014277,0.0071912,-1.6182,0.0093932,6.1035e-05
2202,2203,3,-0.16633,520.98,572.45,0,487.75,615.2,539.63,548.47,-0.00030798,0.0002587,-1.1515,0.026706,0.00012207
2203,2204,2,-0.19626,444.07,515.22,0,424.45,571.74,461.38,465.34,-0.0067413,0.00053836,-1.2007,0.017416,9.1553e-05
2204,2205,1,-0.38069,527.55,652.54,0,526.77,710.29,528.56,578.29,-0.00010463,0.0036774,-1.4657,0.055753,6.1035e-05
2205,2206,0,-0.69492,428.18,570.8,0.03125,406.27,644.67,450.08,496.93,-0.0012667,0.023416,-1.5663,0.010774,6.1035e-05
2206,2207,0,-0.65457,435.23,570.72,0,412.92,646.89,456.19,499.18,-0.001868,0.0034056,-1.736,0.015257,6.1035e-05
2207,2208,0,-0.50481,334.87,446.03,0,318.84,511.02,349.01,388.68,-0.0010739,0.010239,-1.6144,0.0052195,3.0518e-05
2208,2209,1,-0.33288,488.39,587.5,0,479.03,625.98,494.39,562.83,-0.0054879,0.0012658,-1.7299,0.022833,0.00012207
2209,2210,1,-0.36426,516.31,640.28,0,501,686.87,538.7,572.19,-0.0065832,0.0020093,-1.4638,0.03144,6.1035e-05
2210,2211,1,-0.24165,339.81,408.44,0,316.81,474.05,364.3,338.59,-0.003816,0.001575,-1.6738,0.0060761,3.0518e-05
2211,2212,1,-0.25621,364.45,446.54,0,347.94,527.95,382.02,359.89,-0.00036558,0.0012443,-1.5478,0.0028631,3.0518e-05
2212,2213,0,-0.68819,422.9,524.12,0.10938,388.91,639.64,440.7,463.61,-0.013839,0.072149,-1.9857,0.0086358,6.1035e-05
2213,2214,2,-0.19913,456.22,529.77,0,445.1,569.21,464.34,501,0.0056281,0.0014671,-1.3962,0.035731,6.1035e-05
2214,2215,1,-0.32296,461.91,560.66,0,441.77,618.64,482.05,502.68,0.00088675,0.001325,-1.5042,0.0095777,6.1035e-05
2215,2216,2,-0.24026,520.62,607.49,0,507.49,639.55,542.51,554.07,-0.00025251,0.00056539,-1.2426,0.027696,0.00012207
2216,2217,2,-0.19856,439.72,521.1,0,414.18,540.9,468.67,498.67,0.010752,0.00081077,-1.3548,0.020628,0.00012207
2217,2218,0,-1.3871,440.9,575.29,0.71875,428.53,664.1,453.28,486.48,-0.0039671,0.43344,-1.51,0.027758,6.1035e-05
2218,2219,3,-0.16435,511.82,579.24,0,473.89,609.78,541.33,555.49,-0.0080826,0.0003595,-1.249,0.032065,0.00012207
2219,2220,3,-0.19083,565.92,638.6,0,547.21,673.87,593.27,587.04,0.0020631,0.00044245,-1.219,0.044872,0.00012207
2220,2221,1,-0.32982,486.09,590.15,0,462.34,659.02,508.39,525.46,-0.00027675,0.0036566,-1.4256,0.018055,6.1035e-05
2221,2222,1,-0.34171,495.68,595.62,0,479.98,673.56,511.37,517.67,0.017383,0.0019381,-1.4624,0.027864,0.00012207
2222,2223,3,-0.17971,538.74,610.97,0,519.48,640.54,558,581.41,0.010953,0.00021547,-0.96985,0.04892,0.00012207
2223,2224,3,-0.14735,442.64,498.75,0,414.65,515.18,470.64,482.33,0.0035793,0.00020229,-1.1268,0.02723,0.00012207
2224,2225,3,-0.16016,482.27,563,0,452.77,579.6,517.88,542.97,0.0054076,0.00017889,-1.0796,0.023683,0.00012207
2225,2226,0,-0.6094,388.2,527.49,0,369.82,591.38,416.89,427.83,-0.0049846,0.037472,-1.9429,0.0012945,6.1035e-05
2226,2227,1,-0.27426,381.09,485.78,0,371.97,505.33,398.51,448.45,-0.0017316,0.0017979,-1.4961,0.011852,6.1035e-05
2227,2228,3,-0.17029,533.08,587.46,0,505.2,626.04,556.19,555.5,7.6092e-05,0.00040803,-1.0416,0.023301,0.00012207
2228,2229,2,-0.2287,503.19,599.88,0,479.87,627.82,531.33,566.15,-0.0094166,0.00060504,-1.1205,0.010396,0.00012207
2229,2230,2,-0.21222,462.4,540.03,0,445.77,578.09,480.11,499.51,0.0099378,0.00041404,-1.0277,0.012873,6.1035e-05
2230,2231,0,-0.58788,409.78,512.65,0,386.52,626.83,427.88,423.84,-0.0082565,0.0077281,-1.707,0.0042912,6.1035e-05
2231,2232,3,-0.18051,540.04,596.42,0,519.9,619.35,562.86,570.44,-2.1462e-05,0.00039167,-0.88434,0.03171,0.00012207
2232,2233,0,-0.57729,386.43,505.82,0,365.36,585.45,407.5,426.19,0.0088779,0.0021818,-1.4231,0.01416,6.1035e-05
2233,2234,0,-0.51835,348.89,458.02,0,330.06,531.1,366.58,389.38,0.0042889,0.011584,-1.7116,0.0056683,3.0518e-05
2234,2235,2,-0.21309,471.26,544.4,0,445.71,587.55,493.81,506.33,-0.0026438,0.00064666,-1.1625,0.013105,9.1553e-05
2235,2236,2,-0.23516,509.98,597.01,0,496.72,630.66,528.15,550.9,0.0053611,0.0005082,-1.0374,0.0066641,6.1035e-05
2236,2237,0,-0.48286,326.02,422.48,0,305.48,484.96,345.3,363.78,-0.01017,0.0027769,-1.8994,0.0030933,6.1035e-05
2237,2238,1,-0.31057,476.12,548.17,0,444.35,584.8,491.63,530.28,-0.0023086,0.0028128,-1.3579,0.018153,6.1035e-05
2238,2239,0,-0.58797,391.79,518.06,0,364.59,597.91,415.79,447.6,7.5601e-05,0.0041789,-1.7955,0.0041045,3.0518e-05
2239,2240,3,-0.16769,486.3,569.73,0,469.62,604.23,501.02,539.28,-0.0064674,0.0006372,-0.80818,0.030406,0.00012207
2240,2241,3,-0.16612,509.8,566.3,0,480.34,593.64,541.15,537.19,0.021046,0.00018583,-0.90118,0.025621,0.00012207
2241,2242,2,-0.23156,514.1,606.22,0,488.67,627.58,541.17,583.47,-0.0069983,0.0003092,-1.3601,0.042733,0.00012207
2242,2243,0,-0.62082,398.79,549.52,0,372.58,623.02,434.69,448.8,-0.0077515,0.0051001,-1.7713,0.00057449,6.1035e-05
2243,2244,1,-0.28471,417.8,498.84,0,395.75,548.89,442.8,442.12,-0.003401,0.0015535,-1.4684,0.011737,6.1035e-05
2244,2245,2,-0.20489,448.69,549.22,0,421.95,601.6,477.15,493.46,-0.0049498,0.00027262,-1.3275,0.01254,9.1553e-05
2245,2246,3,-0.1703,512.09,561.03,0,491.54,584.58,535.39,534.34,-0.00042142,0.00018593,-1.0822,0.023994,9.1553e-05
2246,2247,1,-0.33806,487.99,579.83,0,465.52,638.42,510.47,521.24,-0.010567,0.0015038,-1.3096,0.013522,6.1035e-05
2247,2248,2,-0.21886,497.59,574.65,0,461.52,619.87,533.67,529.43,-0.0035052,0.00079754,-1.1993,0.019712,6.1035e-05
2248,2249,2,-0.20696,460.11,542.62,0,415.48,560.88,510.7,521.93,-0.0088355,0.00025684,-1.3767,0.022703,0.00012207
2249,2250,0,-0.51661,354.34,461.87,0,326.96,536.52,380.07,391.74,-0.01912,0.001763,-2.0923,0.028812,6.1035e-05
2250,2251,3,-0.19319,586.61,647.14,0,568.31,680.16,608.69,607.28,0.0050831,0.00025719,-0.92977,0.032288,0.00018311
2251,2252,0,-0.58004,409.52,514.97,0,389.82,630.11,423.89,430.95,-0.010492,0.0034992,-1.8024,0.0051907,3.0518e-05
2252,2253,3,-0.17736,559.42,606.12,0,517.05,632.34,594.53,584.39,0.015816,0.00021177,-1.2009,0.025705,0.00018311
2253,2254,2,-0.25846,595,673.79,0,569.48,711.65,617.52,640.38,0.033191,0.00060776,-1.1666,0.052913,0.00012207
2254,2255,2,-0.21141,474.95,540.46,0,453.66,582.49,497.62,495.71,-0.0041151,0.00032351,-1.1879,0.019293,9.1553e-05
2255,2256,3,-0.17751,518.5,592.39,0,501.93,626.69,544.35,538.89,-0.0061553,0.00018115,-1.1659,0.04336,0.00012207
2256,2257,3,-0.17696,536.8,589.07,0,520.33,620.02,556.68,551.71,-0.0066847,0.0001365,-1.1565,0.01174,0.00012207
2257,2258,2,-0.21661,477.86,572.65,0,466.25,615.3,493.77,514.2,0.0012561,0.00039325,-1.2715,0.029212,9.1553e-05
2258,2259,2,-0.20664,481.9,542.81,0,449.82,589.91,505.31,508.45,-0.0093232,0.00015327,-1.4816,0.022217,9.1553e-05
2259,2260,3,-0.16806,512.54,559.91,0,484.57,596.86,540.51,522.97,-0.013959,0.00013231,-1.3021,0.025116,0.00012207
2260,2261,2,-0.22427,485.77,585.67,0,469.64,634.85,505.23,526.33,0.0032651,0.00027919,-1.4224,0.023271,0.00012207
2261,2262,1,-0.29066,432.39,513.87,0,410.87,556.92,451.38,475.87,0.011692,0.00077198,-1.8353,0.049344,9.1553e-05
2262,2263,2,-0.23342,515.06,589.4,0,474.66,607.15,567.02,566.58,-0.0059838,0.00045333,-1.4391,0.016912,9.1553e-05
2263,2264,1,-0.25992,383.78,458.95,0,356.36,490.58,414.85,423.1,-0.006764,0.00048161,-1.6249,0.022157,6.1035e-05
2264,2265,2,-0.23318,543.96,587.07,0,527.88,616.91,558.14,560.74,0.004847,0.00026784,-1.5109,0.0099375,0.00012207
2265,2266,3,-0.17739,517.38,567.09,0,494.33,586.22,558.48,532.98,0.00016844,0.00014622,-1.2785,0.021136,0.00012207
2266,2267,3,-0.15882,480.37,530.83,0,457.12,564.36,499.63,503.05,0.0051501,0.00016922,-1.2442,0.029375,9.1553e-05
2267,2268,1,-0.29429,417.09,506.52,0,402.17,548.07,437.54,449.58,0.0072355,0.00054319,-1.8856,0.028552,6.1035e-05
2268,2269,0,-0.54154,359.13,476.1,0,335.24,546.37,386.2,396.48,0.0011417,0.00055014,-2.0587,0.011014,3.0518e-05
2269,2270,1,-0.32839,474.29,577.6,0,450.23,634.13,498.35,521.07,0.011632,0.0012421,-1.8007,0.019233,9.1553e-05
2270,2271,1,-0.28983,401.66,506.08,0,385.68,542.87,425.02,452.31,-0.0049611,0.00055756,-1.9477,0.027245,6.1035e-05
2271,2272,0,-0.91121,442.15,563.36,0.26562,418.32,670.43,465.98,456.3,-0.003857,0.16275,-2.0855,3.4062e-05,6.1035e-05
2272,2273,0,-0.53798,347.33,464.12,0,330.7,535.75,368.71,372.01,-0.009818,0.03208,-1.9793,0.0094786,6.1035e-05
2273,2274,1,-0.33217,473.79,561.21,0,454.72,606.78,494.09,512.69,0.0025576,0.0025906,-1.7555,0.019614,6.1035e-05
2274,2275,2,-0.22798,510.16,572.54,0,506.63,602.65,514.7,533.82,-0.0014635,0.00063016,-1.4611,0.019906,0.00012207
2275,2276,1,-0.33874,485.12,584.3,0,462.49,619.17,518.2,533.32,0.011285,0.0010159,-1.5828,0.01804,6.1035e-05
2276,2277,0,-0.5164,350.58,445.26,0,324.49,515.02,382.07,361.07,-0.0064176,0.0083053,-2.0689,0.012367,3.0518e-05
2277,2278,3,-0.17361,507.8,579,0,506.58,626.98,509.38,517.33,0.0035634,0.00028015,-1.3205,0.0096141,9.1553e-05
2278,2279,2,-0.24027,548.42,615.3,0,529.65,654.16,564.99,581.01,0.0062926,0.00026737,-1.4926,0.025663,0.00012207
2279,2280,3,-0.15617,464.14,526.39,0,459.58,563.69,470.01,478.42,-0.0013748,0.00013949,-1.3881,0.020018,9.1553e-05
2280,2281,1,-0.28614,426.03,493.5,0,396.33,542.2,453.94,447.74,-0.0064526,0.00042226,-1.8501,0.014575,6.1035e-05
2281,2282,3,-0.17728,527.65,579.62,0,500.21,612.06,558.75,542.85,0.00037106,0.00017238,-1.1781,0.029545,0.00012207
2282,2283,3,-0.17267,531.88,574.55,0,509.25,604.93,555.96,542.2,0.0011845,0.00010648,-1.4101,0.030061,0.00012207
2283,2284,3,-0.18824,563.13,614.64,0,545.61,660.87,581.78,565.42,0.00919,0.00015993,-1.2454,0.032065,0.00012207
2284,2285,0,-0.43531,297.53,368.15,0,279.6,423.51,313.34,319.3,-0.007051,0.0076243,-2.0042,0.011569,3.0518e-05
2285,2286,0,-0.50305,345.15,418.04,0,321.77,483.2,367.11,356.82,0.0019766,0.0031733,-2.0044,-0.00027051,3.0518e-05
2286,2287,0,-0.97508,447.85,533.91,0.32812,425.76,633.82,467.35,445.75,-0.0073515,0.24754,-2.1684,0.027765,6.1035e-05
2287,2288,3,-0.19322,586.43,622.22,0,560.14,664.18,608.21,587.45,-0.0058567,0.0010239,-1.2409,0.044795,0.00012207
2288,2289,3,-0.14313,444.32,491.28,0,429.05,526.67,453.48,470.04,0.0073128,0.000567,-1.2756,0.01128,9.1553e-05
2289,2290,0,-0.63896,428.62,542.4,0,396.86,628.44,460.38,456.36,-0.0046114,0.013241,-2.0485,0.015232,6.1035e-05
2290,2291,0,-0.54255,369.88,470.31,0,347.53,540.52,395.21,390.72,-0.0026931,0.011234,-1.9565,0.013743,6.1035e-05
2291,2292,1,-0.31029,456.13,531.67,0,441.6,570.95,471.6,489.85,-0.004742,0.0043625,-1.7701,0.0071362,6.1035e-05
2292,2293,1,-0.2699,407.81,459.86,0,384.4,510.12,431.21,409.61,-0.0060409,0.00083148,-1.7371,0.015341,6.1035e-05
2293,2294,2,-0.2056,458.15,504.99,0,437.35,525.92,481.73,481.28,-0.0059384,0.0004282,-1.5695,0.029305,9.1553e-05
2294,2295,2,-0.23412,502.82,574.72,0,483.67,611.2,534.72,513.92,0.00037877,0.00027842,-1.3555,0.03815,0.00012207
2295,2296,1,-0.26266,387.51,439.85,0,380.05,457.54,394.53,423.23,0.0035832,0.00032153,-2.0523,0.00078777,6.1035e-05
2296,2297,3,-0.15112,467.29,490.99,0,443.71,526.87,485.62,463.08,0.0079632,0.00019258,-1.1399,0.011138,6.1035e-05
2297,2298,3,-0.17466,536.97,567.75,0,517.39,598.23,552.21,544.05,0.0077765,0.00016298,-1.2742,0.030294,0.00012207
2298,2299,0,-1.2786,443.25,582.62,0.57812,433.1,666.06,457.15,468.27,-0.020774,0.56303,-1.7488,0.035611,9.1553e-05
2299,2300,3,-0.16857,514.58,559.06,0,490.91,581.35,536.81,538.12,0.0085979,0.0012385,-1.2958,0.028613,0.00012207
2300,2301,2,-0.21523,494.84,546.78,0,478.43,579.82,508.44,519.4,0.0053839,0.0015454,-1.6814,0.016748,0.00012207
2301,2302,0,-0.45954,305.78,389.1,0,291.06,443.58,322.45,327.35,-0.0060056,0.12158,-1.672,0.016929,3.0518e-05
2302,2303,0,-0.45827,315.27,395.22,0,293.83,458.76,334.18,339.16,0.0048472,0.045144,-1.9076,0.018065,3.0518e-05
2303,2304,1,-0.22198,369.22,394.27,0,330.88,485.56,386.65,352.78,-0.0069753,0.0053861,-1.928,0.011568,6.1035e-05
2304,2305,2,-0.18671,406.12,474.91,0,390.05,500.49,429.62,437.52,0.0030028,0.0023513,-1.5964,0.016882,6.1035e-05
2305,2306,3,-0.18048,559.6,616.07,0,541.88,639.6,578.46,591.02,0.0039325,0.00046725,-1.5411,0.021798,0.00012207
2306,2307,0,-1.1074,443.14,593.89,0.42188,428.46,667.72,462.02,498.97,-0.013724,0.42392,-1.9674,0.017782,6.1035e-05
2307,2308,3,-0.14337,411.08,484.59,0,405.71,516.15,419.44,435.37,0.013977,0.003119,-1.4477,0.029086,9.1553e-05
2308,2309,3,-0.16255,485.21,538.53,0,474.98,576.03,493.69,507.47,-0.0035548,0.00050351,-1.318,0.029532,0.00012207
2309,2310,0,-0.53644,358.8,463.01,0,346.93,531.53,369.27,402.56,-0.0079052,0.037849,-1.6644,0.017142,6.1035e-05
2310,2311,0,-0.48846,341.98,427.8,0,324,502.21,355.11,373.51,0.011101,0.027885,-1.819,0.012397,3.0518e-05
2311,2312,0,-0.53733,329.22,445.26,0,316.17,486.46,352.48,371.8,-9.4107e-05,0.013965,-1.6365,0.017089,3.0518e-05
2312,2313,3,-0.15593,474.11,504.93,0,463.1,533.34,482.14,484.2,0.0060696,0.0013865,-1.5307,0.021053,0.00012207
2313,2314,2,-0.21683,494.7,553.61,0,483.92,623.25,503.09,499.45,0.0012996,0.00043843,-1.7371,0.02111,9.1553e-05
2314,2315,1,-0.29252,423.73,502.12,0,419.86,567.02,426.56,454.76,-0.0091592,0.0007581,-1.7065,0.03848,6.1035e-05
2315,2316,2,-0.2409,527.81,626,0,510.97,653.6,554.08,582.95,-0.00022964,0.00042783,-1.4323,0.018439,0.00012207
2316,2317,2,-0.21762,498.76,554.08,0,482.06,620.38,510.18,508.71,-0.0010277,0.00024009,-1.4876,0.025774,0.00012207
2317,2318,2,-0.22339,509.86,565.53,0,493.54,622.46,526.18,508.61,-0.0079207,0.0004861,-1.4756,0.049335,0.00012207
2318,2319,0,-0.58911,392.63,514.35,0,374.02,562.3,412.43,463.31,-0.0057931,0.0049186,-1.6577,0.010043,3.0518e-05
2319,2320,1,-0.2972,425.29,490.05,0,412.33,529.25,439.98,445.63,-0.004787,0.0010657,-1.551,0.028449,6.1035e-05
2320,2321,0,-0.77586,414.4,543.35,0.15625,402.59,611.99,424.19,486.47,-0.054117,0.08632,-1.8015,0.098272,6.1035e-05
2321,2322,2,-0.23491,533,592.44,0,520.32,630.58,545.68,554.3,-0.0048658,0.00088105,-1.2208,0.023666,0.00012207
2322,2323,0,-0.55375,354.1,445.12,0,340.51,476.35,375.3,396.41,-0.00096587,0.014296,-1.6824,-0.0012228,6.1035e-05
2323,2324,1,-0.25881,370.54,431.07,0,344.96,493.51,397.77,364.61,-0.0047928,0.0024974,-1.648,0.011033,6.1035e-05
2324,2325,0,-0.60445,408.97,524.25,0,390.26,591.28,426.55,461.27,-0.027226,0.0079309,-1.9137,0.019993,6.1035e-05
2325,2326,2,-0.2238,505.12,585.67,0,493.46,628.65,518.34,536.95,-0.0011107,0.00064001,-1.2523,0.0094547,0.00012207
2326,2327,1,-0.36565,513.66,615.23,0,493.71,654.48,539.32,564.78,-0.00757,0.0025691,-1.5029,0.049228,6.1035e-05
2327,2328,0,-1.2734,461.27,594.01,0.57812,452.16,680.25,470.37,507.77,-0.0062869,0.41152,-1.8341,0.0168,3.0518e-05
2328,2329,1,-0.26982,403.55,462.95,0,383.68,501.57,418.05,434.77,-0.0076704,0.008654,-1.6158,-0.00043269,6.1035e-05
2329,2330,2,-0.21208,473.61,530.85,0,454.77,569.15,487.37,502.9,0.0064868,0.0026321,-1.3318,0.018032,0.00012207
2330,2331,2,-0.22083,475.8,553.86,0,458.39,587.48,495.53,515.75,-0.0027552,0.0010406,-1.161,0.035878,9.1553e-05
2331,2332,3,-0.1859,564.14,602.54,0,542.12,641.86,586.17,563.23,0.00083308,0.00026179,-1.0702,0.011285,0.00012207
2332,2333,2,-0.22476,482.39,564.33,0,471.85,581.49,498.83,537.55,-0.0092904,0.00048385,-1.1851,0.0077932,9.1553e-05
2333,2334,1,-0.33167,473.09,564.53,0,471.79,595.66,474.25,537.07,-0.0074701,0.0011724,-1.446,0.021164,6.1035e-05
2334,2335,2,-0.19562,437.4,496.21,0,409.85,518.31,464.96,474.11,-0.01172,0.00039495,-1.463,0.039468,6.1035e-05
2335,2336,1,-0.30481,440.94,512.56,0,428.25,549.34,455.33,470.88,0.0033334,0.00046929,-1.59,0.0034878,6.1035e-05
2336,2337,0,-0.61017,405.35,536.84,0,386.92,592.72,426.23,473.52,-0.0045581,0.032754,-1.9747,0.0052613,6.1035e-05
2337,2338,0,-0.53174,373.76,460.03,0,354.49,507.12,391.85,415.8,-0.0050875,0.016222,-1.8792,0.001398,6.1035e-05
2338,2339,2,-0.21998,502.71,554.74,0,484.87,585.89,517.5,528.93,-0.014665,0.0031931,-1.3165,0.035177,9.1553e-05
2339,2340,1,-0.29655,422.72,489.43,0,406.58,532.75,442.21,437.16,-0.0093288,0.0019561,-1.6504,0.013584,6.1035e-05
2340,2341,2,-0.21107,460.35,519.88,0,444.5,543.31,477.21,494.93,0.0063619,0.0007824,-1.454,0.014073,6.1035e-05
2341,2342,2,-0.18841,412.55,478.26,0,405.26,517.29,421.92,428.07,-0.0031911,0.00044624,-1.409,0.019847,6.1035e-05
2342,2343,0,-0.58323,383.17,495.02,0,362.37,548.36,406.75,434.57,-0.0078124,0.0050599,-1.8525,0.0033684,6.1035e-05
2343,2344,0,-0.58556,413.71,505.14,0,388.78,559.63,429.69,470.22,-0.0077884,0.0067731,-1.6883,0.0087927,6.1035e-05
2344,2345,1,-0.24189,373.78,407.87,0,344.1,479.18,392.81,362.16,-0.0072942,0.0005521,-1.4992,0.0043488,6.1035e-05
2345,2346,0,-0.5973,400.23,528.06,0,378.66,585.2,421.79,470.91,0.0098132,0.005282,-1.8214,0.0047793,6.1035e-05
2346,2347,2,-0.19134,434.65,475.65,0,421.68,496.78,445.4,458.15,0.0028912,0.0013856,-1.5008,0.00529,9.1553e-05
2347,2348,3,-0.18278,547.14,597.32,0,546.19,639.82,548.09,554.82,0.0014497,0.00064025,-1.2275,0.012579,0.00012207
2348,2349,0,-0.67164,435.56,564.2,0,420.29,618.28,459.37,479.82,-0.0025513,0.0036352,-1.8559,0.010083,6.1035e-05
2349,2350,0,-1.1328,449.37,612.46,0.42188,440.24,681.54,459.72,534.18,-0.025575,0.30931,-1.6802,0.025451,9.1553e-05
2350,2351,1,-0.23121,346.92,380.52,0,321.99,436.24,366.3,337.19,-0.0076939,0.0035725,-1.4566,0.015878,6.1035e-05
2351,2352,0,-0.65055,417.77,526.77,0.046875,391.29,597.73,439.71,467.97,-0.011531,0.065535,-1.9858,0.0087924,6.1035e-05
2352,2353,0,-0.62351,408.6,514.12,0,391.04,553.81,431.19,463.09,-0.0045456,0.010291,-1.7948,0.0032675,6.1035e-05
2353,2354,1,-0.23041,326.72,393.17,0,312.2,424.94,346.63,349.62,0.0040962,0.0010906,-1.5166,0.0093776,6.1035e-05
2354,2355,3,-0.16383,481.96,513.86,0,478.36,534.59,487.95,479.32,-0.0044515,0.00022961,-1.0906,0.021405,0.00012207
2355,2356,0,-0.57398,391.68,496.67,0,371.04,549.66,413.66,440.26,-0.0036376,0.0038345,-1.9361,0.0059691,6.1035e-05
2356,2357,3,-0.18188,534.19,573.61,0,516.88,585.21,565.05,552.92,-3.7557e-05,0.0003457,-0.99661,0.018507,0.00012207
2357,2358,1,-0.30856,432.36,502.06,0,421.72,531.15,448.95,456.68,-0.0074352,0.00063526,-1.2551,0.013601,9.1553e-05
2358,2359,2,-0.2149,487.62,524.05,0,474.86,551.92,498.89,499.45,0.0039476,0.00038532,-1.3265,0.015342,9.1553e-05
2359,2360,1,-0.28655,400.17,476.69,0,385.32,497.1,417.01,453.56,-0.0091976,0.00094716,-1.1634,0.012935,6.1035e-05
2360,2361,2,-0.23108,507.04,573.91,0,494.75,608.97,521.88,531.59,-0.0023041,0.00026877,-1.1533,0.021415,0.00012207
2361,2362,1,-0.26069,375.17,436.8,0,367.22,476.95,383.63,394.06,-0.008934,0.00091185,-1.3279,0.038239,6.1035e-05
2362,2363,3,-0.17003,515,510.82,0,501.74,533.48,532.04,481.69,0.009285,0.0002367,-1.1195,0.032628,9.1553e-05
2363,2364,1,-0.30942,439.76,491.51,0,427.95,517.71,455.96,455.61,-0.0081473,0.00087595,-1.3908,0.0039476,6.1035e-05
2364,2365,1,-0.30762,455.24,507.02,0,435.89,546.6,469.36,478.13,-0.0050778,0.00092528,-1.5104,0.0079345,6.1035e-05
2365,2366,1,-0.24026,346.06,385.95,0,345.56,412.27,346.79,347.49,-0.023013,0.0014729,-1.4061,0.00828,3.0518e-05
2366,2367,3,-0.17234,543.08,545.9,0,520.96,590.17,554.67,522.71,0.0017233,0.00037424,-1.1783,0.015907,0.00012207
2367,2368,2,-0.19876,450.24,487.09,0,427.27,521.77,470.5,456.5,-0.0077697,0.00045816,-1.4073,0.021593,9.1553e-05
2368,2369,0,-0.58611,395.39,505.4,0,376.18,556.91,414.6,453.89,-0.0025756,0.0028905,-1.8036,0.001466,6.1035e-05
2369,2370,3,-0.16941,508.91,545.44,0,495.36,581.26,525.26,502.22,-0.0013072,0.00019856,-1.3063,0.010212,0.00012207
2370,2371,2,-0.23923,554.91,589.65,0,528.04,618.89,574.52,568.32,0.011118,0.00064889,-1.2842,0.014122,0.00012207
2371,2372,0,-0.49754,335.88,433.8,0,316.62,487.25,351.83,389.51,-0.0067157,0.006168,-1.6648,0.0038587,3.0518e-05
2372,2373,0,-0.57873,399.09,490.85,0,379.29,545.19,416.56,442.91,-0.013688,0.0017062,-1.6386,0.020383,3.0518e-05
2373,2374,3,-0.17385,533.65,538.5,0,515.24,566.1,554.51,507.22,-0.00025842,0.00021662,-0.95458,0.022151,0.00012207
2374,2375,2,-0.21789,490.81,538.02,0,484.65,579.6,496.25,501.33,0.0031526,0.00026789,-1.4212,0.01396,9.1553e-05
2375,2376,3,-0.16783,526.73,547.41,0,508.09,576.68,542.18,523.16,0.0065032,0.00018574,-1.2225,0.011166,0.00012207
2376,2377,0,-0.55061,359.38,453.6,0,348.87,496.3,370.57,408.14,-0.016768,0.00083087,-1.3267,0.0055018,6.1035e-05
2377,2378,3,-0.17104,537.3,528.63,0,512.02,552.46,561.04,506.24,-0.0031803,0.00024913,-1.1686,0.029776,0.00012207
2378,2379,2,-0.20595,459.72,504.52,0,447.42,515.6,477.68,488.32,-0.004351,0.00023861,-1.4333,0.036022,6.1035e-05
2379,2380,1,-0.29747,431.43,484.97,0,410.16,511.94,451.41,459.64,-0.0028264,0.00069873,-1.4767,0.0096835,6.1035e-05
2380,2381,2,-0.2466,549.14,603.48,0,519.13,623.6,583.15,580.67,-0.008232,0.00052121,-1.4688,0.024683,0.00012207
2381,2382,2,-0.22811,514.77,563.57,0,501.09,593.39,524.75,541.81,0.0030002,0.00027143,-1.3612,0.018387,9.1553e-05
2382,2383,3,-0.17351,523.71,555.12,0,502.74,574.02,544.69,536.21,-0.00038132,0.00019531,-1.1078,0.022156,0.00012207
2383,2384,2,-0.25431,570.18,619.69,0,553.36,635.56,588.09,602.79,-0.0059502,0.0004952,-1.4099,0.043393,0.00012207
2384,2385,1,-0.30445,444.04,507,0,420.03,547.37,466.6,469.08,0.021507,0.00066729,-1.2191,0.032933,9.1553e-05
2385,2386,2,-0.19788,435.33,477.17,0,429.02,506.18,442.48,444.29,-0.00396,0.00065497,-1.4548,0.014858,9.1553e-05
2386,2387,3,-0.17423,523.05,555.19,0,501.71,568.82,541.89,543.16,0.0011575,0.00017413,-0.90625,0.029728,0.00012207
2387,2388,1,-0.3509,509.63,558.37,0,497.27,579.86,526.56,528.91,-0.0042775,0.002009,-1.1101,0.023834,6.1035e-05
2388,2389,0,-0.56592,409.75,493.75,0,386.79,563.36,421.78,457.29,0.00039628,0.002445,-1.6627,0.013515,6.1035e-05
2389,2390,3,-0.16679,529.24,517.17,0,508.29,541.53,543.57,500.5,0.0070949,0.00051245,-0.93381,0.0052607,0.00012207
2390,2391,0,-0.56162,364.4,466.54,0,350.2,497.74,386.55,417.85,-0.011172,0.0022363,-1.5495,0.018699,6.1035e-05
2391,2392,0,-0.5915,394.03,509.66,0,370.32,539.17,420.89,476.23,-0.019894,0.0043419,-1.4881,0.027232,6.1035e-05
2392,2393,3,-0.16757,514.27,503.41,0,484.36,520.15,540.67,488.64,0.0016173,0.00034221,-1.0251,0.016237,0.00012207
2393,2394,0,-0.5897,393.78,496.24,0,380.43,546.95,404.84,454.22,-0.0062683,0.0017055,-1.4724,0.0039516,6.1035e-05
2394,2395,3,-0.187,561.27,578.18,0,540.34,600.97,588.16,548.89,-0.0047533,0.00015272,-0.69457,0.020844,0.00018311
2395,2396,3,-0.1659,514.4,494.3,0,503.08,513.1,524.4,477.7,-0.0031951,0.00032923,-0.88275,0.0081689,6.1035e-05
2396,2397,1,-0.27354,400.24,439.07,0,383.03,470.38,417.44,407.76,-0.0068631,0.00059658,-1.4411,0.016685,6.1035e-05
2397,2398,0,-0.80038,426.42,525.12,0.15625,417.09,573.46,436.35,473.65,-0.012508,0.096985,-1.4098,0.031446,6.1035e-05
2398,2399,3,-0.19972,610.66,599.64,0,592.55,615.05,631.19,582.18,-0.0043852,0.00033762,-0.67355,0.0163,0.00012207
2399,2400,2,-0.23825,541.55,574.75,0,511.95,604.59,569.36,546.72,0.0085361,0.00044805,-1.0932,0.036051,0.00012207
2400,2401,1,-0.324,465.28,512.66,0,457.31,525.68,476.2,494.81,-0.0032401,0.0013101,-1.3057,0.013699,6.1035e-05
2401,2402,0,-0.62772,404.53,511.05,0,397,566.75,413.08,447.92,-0.016648,0.0079899,-1.526,0.040096,6.1035e-05
2402,2403,2,-0.21567,480.09,507.86,0,472.42,536.83,488.78,475.03,-0.0078017,0.00049782,-0.95145,0.0035249,6.1035e-05
2403,2404,1,-0.31169,458.93,510.41,0,442.18,538.95,473.71,485.22,-0.0097977,0.00079577,-1.3823,0.0013483,6.1035e-05
2404,2405,0,-0.88749,444.09,535.55,0.23438,430.77,589.66,459.18,474.23,-0.019653,0.17523,-1.5922,0.038017,3.0518e-05
2405,2406,2,-0.19384,438.81,473,0,428.53,509.01,447.33,443.17,0.0045734,0.0026188,-1.2072,0.0090593,9.1553e-05
2406,2407,2,-0.23411,522.89,545.86,0,511.69,577.3,537.28,505.44,-0.0020884,0.00037312,-1.1078,0.015407,0.00012207
2407,2408,3,-0.18389,565.4,575.59,0,552.29,603.76,576.97,550.73,-0.0019883,0.00036292,-0.85833,0.022401,0.00012207
2408,2409,1,-0.27788,396.13,429.98,0,393.49,454.37,400.84,386.51,-0.014486,0.001613,-1.3936,0.0043468,9.1553e-05
2409,2410,2,-0.2389,529.96,564.39,0,521.6,602.32,542.19,508.95,-0.00071069,0.00038815,-1.1149,0.016087,6.1035e-05
2410,2411,2,-0.2142,493.44,528.64,0,488.57,563.42,497.73,497.95,-0.013815,0.00025052,-1.0398,0.035043,9.1553e-05
2411,2412,3,-0.1869,562.5,584.89,0,552.2,615.97,575.75,544.93,0.0078235,0.00026869,-0.89974,0.017107,0.00018311
2412,2413,1,-0.31868,457.14,487.46,0,443.79,523.18,474.31,441.54,-0.0035884,0.0012288,-1.2036,0.010155,9.1553e-05
2413,2414,1,-0.26214,383.14,425.98,0,369.26,439.9,398.88,410.2,-0.012332,0.002358,-1.535,0.0038935,6.1035e-05
2414,2415,0,-0.67879,427.51,546.49,0,417.37,586.85,444.4,479.22,-0.0077308,0.013717,-1.2528,-3.9589e-05,6.1035e-05
2415,2416,2,-0.23785,551.42,573.67,0,539.5,608.34,561.94,543.09,0.0055207,0.00061151,-1.2405,0.017094,0.00012207
2416,2417,0,-0.5667,403.01,481.65,0,384.56,542.56,417.36,434.28,-0.017719,0.0019519,-1.7964,0.03346,6.1035e-05
2417,2418,3,-0.16082,489.45,507.21,0,484.11,539.14,494.47,477.22,-0.0025018,0.00028687,-1.0719,0.027356,9.1553e-05
2418,2419,1,-0.3686,547.83,591.78,0,526.59,628.1,564.35,563.53,0.0022009,0.0029569,-1.2802,0.019977,0.00012207
2419,2420,2,-0.21416,482.1,513.48,0,460.87,543.61,506.16,479.33,-0.0051312,0.0004138,-1.1883,0.068248,9.1553e-05
2420,2421,0,-0.54243,382.23,478.67,0,360.01,535.54,400.65,431.55,-0.0051719,0.0015019,-1.8509,0.015695,6.1035e-05
2421,2422,2,-0.23305,527.98,556.53,0,516.63,580.41,540.84,529.48,-0.0090101,0.00020454,-1.1808,0.008141,0.00012207
2422,2423,3,-0.18972,591.26,587.85,0,575.96,623.51,601.06,564.98,0.0016491,0.00032701,-0.70956,0.033139,0.00012207
2423,2424,0,-0.58683,420.85,498.05,0,400.54,546.15,434.74,465.15,-0.0028538,0.00091545,-1.6265,0.0065227,6.1035e-05
2424,2425,3,-0.17152,519.99,550.88,0,509,589.06,529.69,517.19,-0.0040955,0.00019039,-0.71083,0.021875,0.00012207
2425,2426,1,-0.26924,398.68,432.73,0,378.79,443.14,415.16,424.11,-0.0082514,0.00073363,-1.3684,0.00065706,3.0518e-05
2426,2427,1,-0.25181,376.51,409.2,0,355.51,455.95,397.51,362.45,-0.010444,0.0019793,-1.3431,0.025991,6.1035e-05
2427,2428,0,-0.54497,377.93,467.18,0,363.24,518.76,389.35,427.06,-0.014585,0.002555,-1.5123,0.018172,3.0518e-05
2428,2429,3,-0.19048,552.93,575.58,0,537.66,596.54,580.15,538.23,0.0098504,0.0002318,-0.97651,0.027267,0.00012207
2429,2430,0,-0.55882,379.86,476.53,0,367.4,531.06,391.56,425.31,-0.0021059,0.0015065,-1.8393,0.026828,6.1035e-05
2430,2431,3,-0.16434,506.43,518.07,0,485.4,535.11,530.26,498.76,0.012789,0.00027309,-0.95246,0.034777,0.00012207
2431,2432,3,-0.16032,487.56,488.56,0,464.49,499.62,507.92,478.79,-0.0017989,0.00019609,-0.96824,0.030135,0.00012207
2432,2433,3,-0.16295,505.99,523.54,0,476.54,537.14,528.89,512.97,-0.0030888,0.00014215,-0.91233,0.015315,0.00012207
2433,2434,0,-0.52024,352.54,437.56,0,342.41,485.38,362.67,389.73,-0.0026684,0.0014204,-1.6752,0.010248,6.1035e-05
2434,2435,2,-0.21927,486.47,519.93,0,469.92,538.1,506.45,498.01,0.0044051,0.00037787,-0.97708,0.038907,6.1035e-05
2435,2436,1,-0.32453,464.43,506.89,0,443.24,524.47,493.48,482.8,-0.010024,0.00090363,-1.2111,0.016963,6.1035e-05
2436,2437,1,-0.27108,392.7,434.85,0,376.52,475.55,405.29,403.2,-0.0045494,0.00060436,-1.1437,0.013386,6.1035e-05
2437,2438,1,-0.30575,434.89,488.24,0,429.67,529.97,440.82,440.94,0.0078708,0.00059034,-1.108,0.033877,6.1035e-05
2438,2439,2,-0.23364,529.01,572.93,0,513.13,604.31,545.91,539.52,-0.011842,0.00016937,-1.2053,0.042568,0.00012207
2439,2440,3,-0.17158,530.61,536.58,0,516.01,557.46,541.26,521.34,-0.0075356,0.00024251,-0.95299,0.020193,0.00012207
2440,2441,0,-0.61692,410.71,523.83,0,391.1,582.05,430.33,465.61,-0.010302,0.0032475,-1.7386,0.0047259,6.1035e-05
2441,2442,2,-0.2241,487.72,531.69,0,478.89,543.86,502.43,511.41,0.0054734,0.0002738,-1.2625,0.026858,9.1553e-05
2442,2443,0,-0.51299,346.89,437.6,0,329.73,491.95,363.02,386.55,-0.0087097,0.0065027,-1.9008,0.017375,3.0518e-05
2443,2444,2,-0.21158,469.33,515.86,0,443.87,554.53,494.78,477.19,-0.00056075,0.00016304,-1.3738,0.025268,6.1035e-05
2444,2445,0,-0.50306,335.97,411.79,0,320.57,455.9,352.38,364.83,-0.003313,0.0014547,-1.7254,0.0028947,3.0518e-05
2445,2446,0,-0.50454,332.83,420.31,0,321.03,465.59,348.99,358.27,-0.019855,0.0012333,-1.6131,0.0048484,3.0518e-05
2446,2447,2,-0.17956,430.66,456.95,0,406.63,487.85,443.25,440.77,-0.0053462,0.00013908,-1.5214,0.013136,6.1035e-05
2447,2448,3,-0.18656,563.61,570.66,0,546.94,593.59,582.5,544.67,-0.002881,0.00019926,-1.0984,0.036983,0.00012207
2448,2449,2,-0.23429,531.2,548.08,0,516.47,584.16,546.87,509.66,9.5374e-05,0.00038308,-1.4952,0.017922,0.00012207
2449,2450,3,-0.16572,531.95,540.88,0,519.05,573.46,541.36,517.11,0.010478,0.00015432,-1.1161,0.025923,0.00012207
2450,2451,2,-0.22131,499.39,550.06,0,484.72,583.42,513.18,518.72,0.0079571,0.00025066,-1.2493,0.017116,6.1035e-05
2451,2452,2,-0.18505,406.31,447.47,0,397.75,468.75,416.64,421.78,-0.0038179,0.00029245,-1.2046,0.0062656,9.1553e-05
2452,2453,2,-0.21196,465.55,509.24,0,453.63,534.33,480.87,476.97,0.0083665,0.00013139,-1.4708,0.018127,9.1553e-05
2453,2454,1,-0.33103,471.3,529.09,0,454.4,564.61,489.28,491.28,0.0019033,0.0015906,-1.3617,0.018437,6.1035e-05
2454,2455,2,-0.19248,428.81,469.94,0,408.66,494.57,446.6,448.22,-0.013535,0.00049748,-1.3797,0.034683,6.1035e-05
2455,2456,3,-0.17383,523.11,570.03,0,502.36,589.06,545.2,549.76,0.0013357,0.00014552,-0.98126,0.013036,0.00012207
2456,2457,0,-0.52217,358.64,436.18,0,347.3,500.38,368.64,379.53,-0.0086433,0.0016946,-1.8282,0.01394,3.0518e-05
2457,2458,1,-0.2196,350.63,368.49,0,321.28,425.39,367.1,336.58,-0.00093676,0.0010772,-1.5553,0.0074093,3.0518e-05
2458,2459,0,-0.61293,436.48,504.83,0,408.86,556.76,459.37,461.81,0.013112,0.0048981,-2.0091,0.016289,6.1035e-05
2459,2460,3,-0.15823,476.96,520.92,0,450.23,529.71,500.54,513.16,0.0035692,0.00029715,-0.96232,0.0117,6.1035e-05
2460,2461,0,-0.54051,366.22,438.83,0,349.97,482.18,385.84,386.5,-0.012081,0.0017558,-1.9228,0.0048255,6.1035e-05
2461,2462,0,-0.55507,411.25,476.16,0,382.62,541.76,429.61,434.11,-0.0082906,0.0013373,-2.1722,0.026499,6.1035e-05
2462,2463,1,-0.27466,396.06,436.69,0,385.05,471.61,408.54,397.1,-0.0074316,0.00059718,-1.2567,0.012296,6.1035e-05
2463,2464,0,-0.47483,316.21,382.2,0,307.03,423.95,327.29,331.8,-0.0035244,0.0067645,-1.4525,0.0013142,6.1035e-05
2464,2465,0,-0.53106,380.75,432.34,0,356.46,474.21,402.19,395.39,-0.011446,0.0024677,-1.7651,0.0021049,3.0518e-05
2465,2466,3,-0.15724,459.09,486.97,0,434.71,488.39,488.52,485.25,0.0021765,0.00014179,-1.0918,0.017123,9.1553e-05
2466,2467,1,-0.31728,464.71,522.85,0,458,555.51,470.26,495.79,-0.010293,0.002257,-1.526,0.022747,6.1035e-05
2467,2468,1,-0.27922,420.9,448.38,0,392.46,475.88,443.02,427,-0.011969,0.00051765,-1.5951,0.02257,6.1035e-05
2468,2469,3,-0.16331,495.75,517.75,0,480.45,531.88,510.14,504.47,0.014239,0.00030395,-1.301,0.017136,9.1553e-05
2469,2470,3,-0.16589,507.79,543.71,0,483.27,554.69,529.42,534.01,-0.0010935,0.00012364,-1.4645,0.021931,0.00012207
2470,2471,1,-0.35486,500.56,568.41,0,485.81,588.12,520.76,541.4,-0.0027198,0.0022138,-1.476,0.016751,6.1035e-05
2471,2472,0,-0.50333,353.47,400.57,0,333.87,444.72,371.88,359.09,-0.0072103,0.0014586,-1.7882,0.011671,6.1035e-05
2472,2473,2,-0.22946,514.92,559.08,0,495.07,589.98,537.41,524.06,-0.0019635,0.00035853,-1.4811,0.013997,0.00012207
2473,2474,2,-0.20841,459.9,515.37,0,444.9,539.02,478,486.81,0.0033699,0.00033908,-1.4926,0.0064464,9.1553e-05
2474,2475,2,-0.2223,497.72,548.58,0,484.25,560.54,512.98,535.03,-0.0011774,0.00010986,-1.4495,0.016422,9.1553e-05
2475,2476,1,-0.24103,354.51,383.1,0,339.58,410.41,366.89,360.47,-0.0092077,0.00059437,-1.74,-0.0041138,3.0518e-05
2476,2477,1,-0.28037,405.74,451.13,0,395.85,459.14,416.94,442.05,0.0075289,0.00031764,-1.5309,-0.00067718,6.1035e-05
2477,2478,2,-0.25118,559.49,603.67,0,539,615.64,578.74,592.42,-0.0050246,0.00036287,-1.5979,0.026005,0.00012207
2478,2479,3,-0.16364,501.1,527.71,0,482.8,545.58,519.41,509.83,0.0036154,0.00029948,-1.4454,0.031386,0.00012207
2479,2480,1,-0.31945,457.21,522.45,0,439.83,536.4,482.62,502.07,-0.023082,0.0010647,-1.7713,0.057979,6.1035e-05
2480,2481,3,-0.16375,484.17,526.7,0,467.77,546.09,501.63,506.06,-0.0069138,0.0002533,-1.5646,0.039986,0.00012207
2481,2482,2,-0.22843,509.27,546.05,0,495.9,574.97,524.43,513.27,-0.0023035,0.00015815,-1.5282,0.013446,0.00012207
2482,2483,2,-0.22249,509.84,533.17,0,492,563.33,523.72,509.72,0.002206,0.00016838,-1.4809,0.022863,6.1035e-05
2483,2484,2,-0.24149,561.32,584.31,0,556.4,606.04,565.16,567.41,-0.0033098,0.00025153,-1.4931,0.0228,0.00012207
2484,2485,0,-0.56511,402.88,470.4,0,378.93,540.75,421.51,415.68,-0.0015853,0.0052103,-1.9836,0.0088055,6.1035e-05
2485,2486,3,-0.17036,525.44,561.5,0,511.53,590.46,536.26,538.98,0.0022275,0.00032228,-1.2027,0.020507,0.00012207
2486,2487,3,-0.1761,524.08,543.6,0,515.31,557.02,538.71,521.24,0.0026873,0.00026007,-1.2922,0.023645,0.00012207
2487,2488,3,-0.16143,508.07,515.58,0,487.08,549.9,524.39,488.89,-0.0031458,0.00018657,-1.3703,0.023817,0.00012207
2488,2489,2,-0.20297,444.29,501.84,0,428.17,548.6,460.41,455.07,0.0043033,0.00026107,-1.2725,0.033443,6.1035e-05
2489,2490,3,-0.16853,481.22,531.17,0,473.23,545.69,494.55,506.97,0.0043027,8.2172e-05,-1.2563,0.020667,9.1553e-05
2490,2491,2,-0.19901,435,485.24,0,418.3,513.76,456.46,448.56,-0.00788,0.00014877,-1.2625,0.036292,6.1035e-05
2491,2492,2,-0.22583,499.81,568.64,0,479.52,595.8,520.11,541.48,-0.00034604,0.00022593,-1.3789,0.024132,0.00012207
2492,2493,3,-0.1668,494.33,538.52,0,478.82,559.94,508.9,518.39,0.0047747,0.00011762,-1.0498,0.016455,0.00012207
2493,2494,2,-0.21321,490.68,552.82,0,464.78,594.05,513.54,516.44,-0.0064577,0.00017339,-1.2379,0.015956,6.1035e-05
2494,2495,3,-0.19004,542.88,593.73,0,528.55,611.66,568.43,561.75,0.0022864,0.0001963,-1.3262,0.02386,0.00012207
2495,2496,1,-0.29348,440.8,500.3,0,431.24,543.97,449.78,459.27,-0.0058402,0.00075741,-1.5714,0.019489,6.1035e-05
2496,2497,0,-0.59751,402.73,488.66,0,379.19,561.82,422.22,428.05,-0.0033521,0.0023508,-2.0684,0.010179,6.1035e-05
2497,2498,0,-0.60842,419.52,507.2,0,400.53,579.88,435.26,446.99,0.020196,0.0015588,-2.0068,0.0026711,3.0518e-05
2498,2499,3,-0.15461,478.58,511.2,0,462.05,540.16,491.43,488.67,0.0058166,0.00024848,-1.2873,0.02167,0.00012207
2499,2500,3,-0.16495,502.28,550.88,0,474.01,586.38,520.41,528.12,-0.00518,0.00015401,-1.5311,0.022462,9.1553e-05
2500,2501,0,-0.50347,365.92,444.79,0,344,521.43,382.96,385.18,-0.0096359,0.0021643,-2.1665,0.033584,3.0518e-05
2501,2502,1,-0.32817,489.73,557.31,0,481.63,611.41,496.03,515.24,0.018604,0.0020211,-1.888,0.15467,9.1553e-05
2502,2503,2,-0.20286,463.12,518.33,0,454.63,556.99,470.16,486.29,0.010096,0.00022227,-1.6723,0.046827,9.1553e-05
2503,2504,1,-0.29657,407.44,482.13,0,383.38,526.64,440.43,421.14,-0.0084442,0.00056298,-1.7836,0.012159,6.1035e-05
2504,2505,3,-0.16285,493.48,511.96,0,467.92,545.96,513.37,485.51,-0.0023889,0.00012912,-1.4247,0.013711,0.00012207
2505,2506,1,-0.34237,497.98,582.41,0,485.64,622.56,511.96,536.9,-0.0035832,0.0010396,-1.7286,0.021978,9.1553e-05
2506,2507,3,-0.17423,522.72,555.83,0,519.93,582.36,526.31,521.73,-0.0018601,0.00033467,-1.4333,0.02768,0.00012207
2507,2508,1,-0.27451,400.39,453.82,0,385.61,485.38,416.13,420.23,-0.013485,0.00064349,-1.8653,0.017708,6.1035e-05
2508,2509,1,-0.33936,485.73,573.72,0,477.65,632.1,493.8,515.33,0.0040261,0.0014796,-1.8585,0.014183,6.1035e-05
2509,2510,3,-0.16815,506.44,562.44,0,486.76,607.74,531.75,504.2,-0.0095375,0.00041528,-1.5258,0.019605,0.00012207
2510,2511,1,-0.23925,345.37,398.89,0,318.85,452.28,375.42,338.37,-5.3e-05,0.0016435,-1.8422,0.0038327,6.1035e-05
2511,2512,0,-0.56056,396.68,474.8,0,366.54,552.8,418.67,417.88,-0.015481,0.00085978,-1.8838,-0.0050098,6.1035e-05
2512,2513,2,-0.22563,500.49,578.98,0,482.36,609.09,525.32,537.72,8.7989e-06,0.0002412,-1.7204,0.013949,0.00012207
2513,2514,3,-0.17864,535.29,574.95,0,518.96,614.88,549.69,539.71,-0.0048622,0.00011287,-1.4156,0.032673,0.00012207
2514,2515,0,-0.55587,372.08,468.61,0,350.91,528.54,394.61,404.82,-0.001093,0.0018553,-2.2497,0.013218,3.0518e-05
2515,2516,3,-0.17371,544.92,580.72,0,512.15,617.47,565.93,557.16,0.0060747,0.00013384,-1.634,0.019393,0.00012207
2516,2517,3,-0.16976,530.94,551.64,0,512.86,593.07,546.9,515.1,0.0026683,9.4414e-05,-1.3152,0.032345,0.00012207
2517,2518,3,-0.16318,501.6,538.24,0,493.98,549.94,510.8,524.11,-0.006456,6.0291e-05,-1.4731,0.019964,9.1553e-05
2518,2519,1,-0.33697,479.17,558.42,0,466.59,606.58,496.4,492.42,0.010667,0.0013367,-1.5995,0.032601,6.1035e-05
2519,2520,2,-0.2174,479.81,544.41,0,468.39,581.11,491.97,505.35,0.00083719,0.00024432,-1.5602,0.017931,0.00012207
2520,2521,0,-0.56975,388.38,485.18,0,368.86,563.54,409.16,401.77,-0.031416,0.0016857,-2.1324,0.00075592,3.0518e-05
2521,2522,2,-0.21667,487.48,558.94,0,466.45,597.02,507.24,523.16,-0.0028904,0.0001536,-1.7724,0.043551,9.1553e-05
2522,2523,2,-0.22389,510.49,570.93,0,493.56,596.88,526.39,546.56,0.0083904,0.00012448,-1.7636,0.025498,0.00012207
2523,2524,3,-0.18171,537.19,594.51,0,511.73,629.8,569.93,549.15,0.0085887,0.00016827,-1.3591,0.0068156,9.1553e-05
2524,2525,1,-0.36884,538.28,614.85,0,532.42,663.98,544.92,559.16,-0.0016467,0.0013661,-1.8992,0.023455,6.1035e-05
2525,2526,1,-0.26177,384.09,438.35,0,368.84,464.83,397.55,414.98,-0.022299,0.0009874,-1.771,0.016434,6.1035e-05
2526,2527,1,-0.26659,388.86,453.43,0,375.87,495.13,404.53,403.09,-0.003294,0.0005621,-1.5772,0.010245,6.1035e-05
2527,2528,1,-0.3285,483.31,544.75,0,479.97,601.59,485.91,500.55,-0.0026168,0.00088946,-1.756,0.018631,6.1035e-05
2528,2529,3,-0.13968,434.67,471.43,0,417.55,508.32,447.99,442.74,0.0088115,0.00041191,-1.176,0.024527,9.1553e-05
2529,2530,0,-0.43159,282.73,339.33,0,265.97,377.43,302.96,293.36,-0.0087585,0.0053808,-2.024,0.012523,3.0518e-05
2530,2531,0,-0.67334,404.26,497.33,0.078125,379.59,563.72,430.52,426.67,-0.012109,0.05941,-1.7086,0.0092619,3.0518e-05
2531,2532,2,-0.2235,503.35,549.28,0,496.26,593.23,511.38,499.46,0.004485,0.00048757,-1.7603,0.033504,0.00012207
2532,2533,1,-0.2729,394.69,453.75,0,391.57,495.1,398.23,406.89,-0.011466,0.00078209,-1.7826,0.048112,6.1035e-05
2533,2534,1,-0.30527,426.02,487.62,0,418.07,505.38,441.18,453.7,0.0043946,0.00063901,-1.916,0.006729,6.1035e-05
2534,2535,1,-0.33429,465.34,536.27,0,453.45,574.98,485.14,471.76,0.009421,0.0012441,-1.4907,0.030148,6.1035e-05
2535,2536,1,-0.28332,415.77,460.98,0,399.71,495.3,435.16,419.55,-0.0071092,0.00068581,-1.6201,0.021483,9.1553e-05
2536,2537,1,-0.27643,398.2,440.94,0,386.98,475.34,411.73,399.43,-0.014091,0.0016437,-1.5496,0.0083057,6.1035e-05
2537,2538,1,-0.30408,449.09,495.09,0,428.47,541.6,465.12,458.92,0.0020768,0.0012177,-1.5355,0.010723,6.1035e-05
2538,2539,2,-0.22248,495.96,546.5,0,496.17,562.3,495.65,523.4,-0.00082668,0.00054959,-1.5658,0.029557,9.1553e-05
2539,2540,1,-0.26911,393.81,436.62,0,372.14,455.64,414.17,418.76,-0.0043743,0.00037509,-1.5017,0.0088531,6.1035e-05
2540,2541,0,-0.48724,343.47,419.48,0,317.49,487.68,367.88,355.41,0.00056364,0.0034064,-2.0344,0.007143,6.1035e-05
2541,2542,0,-0.63863,440.68,527.86,0,411.65,599.72,467.94,460.36,-0.022205,0.0049742,-2.0706,0.015552,6.1035e-05
2542,2543,3,-0.17022,531.62,536.5,0,499.97,551.95,561.35,521.99,0.0063119,0.00026416,-1.3929,0.018416,0.00012207
2543,2544,2,-0.23665,547.51,566.8,0,527.17,611.86,564.36,529.46,-0.0076046,0.00032043,-1.5871,0.03442,0.00012207
2544,2545,2,-0.20535,471.13,514.38,0,451.91,551.69,485.15,487.15,-0.002449,0.00023799,-1.6326,0.028621,9.1553e-05
2545,2546,1,-0.23532,354.12,380.73,0,340.85,406.22,367.38,355.25,-0.016418,0.00076139,-1.5993,0.003523,3.0518e-05
2546,2547,3,-0.15608,468.98,497.63,0,450.86,526.69,484.97,471.99,-0.0046249,0.00023442,-1.0989,0.03947,0.00012207
2547,2548,1,-0.33224,480.81,531.62,0,471.95,569.24,490.86,488.97,-0.0014817,0.0014447,-1.2951,0.005807,6.1035e-05
2548,2549,1,-0.28539,421.79,455.53,0,409.73,494.58,433.85,416.48,-0.0067299,0.00076662,-1.4847,0.018907,9.1553e-05
2549,2550,0,-0.5915,415.59,510.02,0,389.61,591.1,437.12,442.84,-0.001745,0.0024517,-2.1568,0.0034931,6.1035e-05
2550,2551,1,-0.28005,403.81,461.63,0,376.67,519.27,427.76,410.76,-0.0051878,0.00032975,-1.6649,0.023476,6.1035e-05
2551,2552,3,-0.17986,544.68,553.05,0,528.2,574.86,562.21,529.84,0.0067354,0.0001902,-0.98726,0.020035,0.00018311
2552,2553,0,-0.58309,396.55,484.79,0,368.76,556.12,424.33,413.46,-0.015422,0.00093798,-2.2075,0.03803,6.1035e-05
2553,2554,0,-0.55682,397.36,459.18,0,371.14,527.52,421.99,394.98,-0.0071535,0.0015074,-2.1018,0.0032455,6.1035e-05
2554,2555,3,-0.18749,580.46,579.87,0,558.93,595.27,601.99,564.48,0.0084949,0.00044384,-1.0923,0.010517,0.00012207
2555,2556,0,-0.54625,412.8,468.05,0,382.12,552.69,433.78,410.14,-0.021109,0.0015786,-2.1921,0.026839,6.1035e-05
2556,2557,1,-0.33209,475.27,544.63,0,462.9,589.6,494.55,474.46,-0.0052839,0.0012766,-1.5708,0.011333,6.1035e-05
2557,2558,1,-0.35103,527.08,603.1,0,493.15,657.84,561.01,548.36,-0.0094948,0.0012491,-1.5744,0.016675,6.1035e-05
2558,2559,0,-0.56758,393.05,468.87,0,376.54,554.98,407.63,392.89,-0.0048134,0.0020933,-1.66,0.0051848,3.0518e-05
2559,2560,3,-0.186,572.17,606.65,0,547.24,626.08,597.09,587.22,0.0070839,0.0012571,-1.2673,0.022612,0.00012207
2560,2561,2,-0.20301,459.56,503.87,0,438.93,543.88,475.6,472.75,0.00047227,0.00063873,-1.4261,0.013978,9.1553e-05
2561,2562,3,-0.18742,568.59,600.33,0,542.21,619.35,604.74,574.27,0.0006187,0.00023213,-1.3172,0.024556,0.00012207
2562,2563,2,-0.21811,500.57,541.14,0,483.68,558.36,517.47,523.93,-0.0073156,0.00017063,-1.4523,0.012976,9.1553e-05
2563,2564,1,-0.29767,443.08,500.77,0,421.45,554.84,459.9,458.71,-0.0040701,0.00042865,-1.3222,0.01804,6.1035e-05
2564,2565,2,-0.22162,476.41,532.95,0,458.51,571.47,499.43,483.42,-0.0061851,0.00022503,-1.4907,0.020286,0.00012207
2565,2566,3,-0.15646,476.64,516.14,0,452.55,539.57,497.88,495.47,0.010392,8.4472e-05,-1.2402,0.025104,9.1553e-05
2566,2567,0,-0.65525,420.27,522.37,0.03125,396.61,586.44,450.69,439.99,-0.01314,0.022461,-1.9677,0.021588,6.1035e-05
2567,2568,3,-0.1739,536.98,558.91,0,520.66,592.44,548.88,534.44,0.00012023,0.00020569,-1.1341,0.057437,0.00012207
2568,2569,3,-0.16844,511.04,541.98,0,496.02,556.4,524.3,529.25,-0.00056596,0.00016146,-1.1352,0.013498,0.00012207
2569,2570,1,-0.38333,584.31,632.73,0,556.33,675.59,600.01,608.68,0.00065402,0.0017056,-1.8181,0.021336,0.00012207
2570,2571,1,-0.34891,527.13,590.15,0,489.13,610.08,553.13,576.51,-0.0010336,0.00062365,-1.6142,0.023337,0.00012207
2571,2572,2,-0.21876,495.54,560.37,0,489.1,580.07,504.36,533.36,0.0024491,0.00070387,-1.4966,0.015232,0.00012207
2572,2573,3,-0.14901,461.27,485.99,0,455.61,528.48,464.45,462.16,-0.00087669,0.00031412,-1.3759,0.015443,9.1553e-05
2573,2574,2,-0.21192,470.37,524.07,0,458.58,548.59,487.61,488.25,-0.011794,0.00017861,-1.4648,0.010887,9.1553e-05
2574,2575,3,-0.14673,453.36,498.14,0,426.43,526.33,473.02,477.57,0.0032186,0.00018145,-1.3303,0.013972,9.1553e-05
2575,2576,0,-0.50608,333.82,423.03,0,314.13,471.08,357.58,365.03,-0.0025343,0.0077921,-2.1657,0.0071216,6.1035e-05
2576,2577,2,-0.21758,492.99,550.53,0,473.26,570.98,513.99,528.77,0.0092579,0.00099368,-1.4012,0.042073,6.1035e-05
2577,2578,1,-0.35113,509.77,569.7,0,497.64,614,521.89,525.4,-0.0028101,0.0023552,-1.5925,0.012108,0.00012207
2578,2579,0,-0.49485,348.04,422.44,0,321.04,487.84,371.86,364.73,-0.0022649,0.0017725,-1.9496,0.00972,3.0518e-05
2579,2580,3,-0.16164,501.37,513.23,0,479.57,548.04,520.6,482.52,0.0034193,0.00066263,-1.1495,0.046916,9.1553e-05
2580,2581,0,-0.56943,380.65,481.2,0,357.38,541.23,407.02,413.17,-0.0013387,0.0013913,-1.8378,-0.0007503,6.1035e-05
2581,2582,3,-0.15962,450.53,515.5,0,448.13,538.82,455.45,467.77,-0.0023521,0.00017296,-1.2585,0.016814,9.1553e-05
2582,2583,0,-0.50906,363.51,450,0,338.43,520.19,385.64,388.06,-0.0086835,0.0012488,-1.7099,0.0065418,6.1035e-05
2583,2584,0,-0.51159,353.61,439.77,0,334.02,497.11,372.01,385.9,-0.0076073,0.0015265,-1.8859,0.0071297,3.0518e-05
2584,2585,1,-0.34342,486.23,576.49,0,470.2,627.77,504.39,518.37,-0.01959,0.0016346,-1.4932,0.025544,9.1553e-05
2585,2586,0,-0.56241,359.29,470.29,0,342.02,525.12,384.53,390.14,-0.028702,0.0015751,-1.5475,0.059994,6.1035e-05
2586,2587,2,-0.24,520.3,611.74,0,510.03,641.44,536.33,565.41,-0.0045203,0.00033176,-1.3363,0.024488,0.00012207
2587,2588,3,-0.13577,411.04,435.51,0,406.61,469.56,414.96,405.46,-0.0023841,0.00038705,-1.1394,0.013819,6.1035e-05
2588,2589,2,-0.19476,439.18,485.07,0,419.67,509.95,453.41,466.91,-0.0079019,0.00021424,-1.4137,0.044768,9.1553e-05
2589,2590,1,-0.23358,379.91,399.26,0,351.57,463.99,393.75,367.65,-0.010159,0.0010969,-1.6059,0.027078,6.1035e-05
2590,2591,3,-0.17152,510.94,558.22,0,492.81,583.99,531.49,529.02,-0.001799,0.00020812,-0.92153,0.023931,0.00012207
2591,2592,0,-0.5385,375.95,461.53,0,350.49,519.99,398.41,409.94,-0.015209,0.002135,-1.5088,0.0056717,6.1035e-05
2592,2593,3,-0.15007,444.25,504.97,0,428.19,539.1,458.43,474.86,-0.0054916,0.00010355,-1.3529,0.017123,9.1553e-05
2593,2594,2,-0.2121,495.75,540.35,0,477.08,590.59,508.52,505.98,0.007055,0.00022979,-1.2728,0.01414,0.00012207
2594,2595,3,-0.17421,514.75,558.56,0,501.69,576.34,530.52,537.1,0.010668,0.00014239,-1.0028,0.016502,9.1553e-05
2595,2596,0,-0.54669,371.12,470.72,0,350.72,545.57,392.85,391.05,-0.0046263,0.0017302,-1.6294,0.0011657,6.1035e-05
2596,2597,1,-0.30535,464.92,526.91,0,441.58,571.86,479.88,498.1,-0.01031,0.00069629,-1.5853,0.021653,6.1035e-05
2597,2598,3,-0.18722,562.17,595.95,0,537.05,623.42,590.64,564.82,-0.00047575,0.00022269,-1.0431,0.024378,0.00012207
2598,2599,3,-0.16216,495.99,543.85,0,470.82,569.18,514.36,525.37,0.00084727,0.00020525,-1.2202,0.0094889,0.00012207
2599,2600,2,-0.21301,492.5,546.71,0,467.15,603.72,505.78,516.85,0.0027518,0.00014161,-1.2429,0.014297,6.1035e-05
2600,2601,0,-0.61501,420.29,514.98,0.015625,393.98,605.09,438.29,453.33,-0.009365,0.010853,-1.6582,0.015265,6.1035e-05
2601,2602,2,-0.24154,522.16,598.8,0,512.7,618.69,539.03,563.33,-0.00066541,0.00024588,-1.1661,0.018411,9.1553e-05
2602,2603,1,-0.34237,481.59,578.27,0,463.88,630.18,500.44,523.01,-0.010128,0.00055519,-1.3799,0.030286,6.1035e-05
2603,2604,2,-0.20697,458.36,514.76,0,443.73,544.1,476.02,479.35,0.0097556,0.00043125,-1.3121,0.013947,9.1553e-05
2604,2605,1,-0.31166,455.33,515.86,0,441.09,525.18,470.48,505.93,-0.0042427,0.0003869,-1.5459,0.051787,9.1553e-05
2605,2606,0,-0.42913,294.58,355.52,0,275.78,410.32,313.38,300.73,-0.0056681,0.0096685,-2.0936,0.0041495,3.0518e-05
2606,2607,3,-0.17234,519.26,563.7,0,500.6,582.96,535.72,546.71,0.0028167,0.00031289,-1.2769,0.015637,0.00012207
2607,2608,3,-0.16404,475.04,523.7,0,459.7,547.16,497.47,489.41,0.0057644,9.7768e-05,-0.99509,0.024547,9.1553e-05
2608,2609,1,-0.27,402.17,466.92,0,386.85,510.21,414.87,431.06,-0.00097674,0.00062201,-1.8191,0.0025729,6.1035e-05
2609,2610,1,-0.29002,424.57,480.17,0,411.8,532.16,435.85,434.3,0.0012505,0.00075031,-1.5828,0.0077355,6.1035e-05
2610,2611,2,-0.19173,424.57,473.46,0,418.79,504.65,430.72,440.26,-0.002658,0.00044868,-1.2396,0.013046,9.1553e-05
2611,2612,1,-0.25392,372.87,430.92,0,355.98,487.57,387.77,380.93,-0.0072649,0.00056278,-1.4298,0.0031845,6.1035e-05
2612,2613,1,-0.23838,338.67,386.55,0,325.34,410.1,353.77,359.87,-0.0017487,0.00051881,-1.2224,0.036832,6.1035e-05
2613,2614,0,-0.58171,395.33,484.86,0,377.6,528.09,419.62,425.63,0.0087025,0.0066234,-1.719,0.0322,6.1035e-05
2614,2615,1,-0.3257,462.13,533.4,0,448.39,554.85,482.2,502.04,-0.0016413,0.0010166,-1.2676,0.017201,6.1035e-05
2615,2616,2,-0.21443,491.79,531.34,0,476.84,557.21,503.41,511.22,0.027209,0.00030359,-1.1699,0.019395,6.1035e-05
2616,2617,2,-0.24546,559.88,622.45,0,535.08,658.4,583.19,588.68,0.0003672,0.00021875,-1.1711,0.0014889,0.00012207
2617,2618,3,-0.17693,532.18,560.93,0,517.4,590.64,547.92,529.31,0.01005,0.00018217,-1.0205,0.034313,0.00012207
2618,2619,0,-0.53583,361.46,448.64,0,338.55,504.55,390.92,376.75,-0.002339,0.00035118,-1.8787,0.0012408,6.1035e-05
2619,2620,2,-0.19042,428.06,472.07,0,409.24,488.3,445.75,456.82,-0.0062419,0.0004453,-1.4573,0.038808,9.1553e-05
2620,2621,3,-0.15977,481.4,518.38,0,468.57,539.8,492.02,500.63,-0.00067477,0.00014977,-1.2615,0.0026005,9.1553e-05
2621,2622,0,-0.66955,434.86,537.83,0.046875,411.01,608.09,455.91,475.84,-0.010707,0.037579,-1.7068,0.0046943,6.1035e-05
2622,2623,3,-0.14529,424.97,493.72,0,412.57,520.13,438.17,465.6,0.0064719,0.0009995,-0.80273,0.038942,9.1553e-05
2623,2624,0,-0.6027,412.12,497.11,0.015625,385.59,561.3,438.64,432.92,-0.026676,0.025124,-1.9608,0.0028982,6.1035e-05
2624,2625,0,-0.59563,402.34,519.1,0,373.84,584.58,436.74,440.08,-0.010872,0.0030434,-1.7135,0.018805,6.1035e-05
2625,2626,0,-0.57667,380.15,478.59,0,359.39,520.98,408.6,420.5,0.0057305,0.0011417,-1.435,0.026828,6.1035e-05
2626,2627,0,-0.85201,440.29,508.07,0.26562,411.3,579.76,456.56,467.86,-0.013371,0.19173,-1.7289,0.022139,9.1553e-05
2627,2628,3,-0.184,564.04,618.85,0,542.84,644.52,580.53,598.88,0.003729,0.00064617,-0.65229,0.015867,0.00012207
2628,2629,2,-0.20633,444.45,525.69,0,433.03,548.78,459.14,496,-0.0021765,0.0011498,-1.0425,0.03039,9.1553e-05
2629,2630,2,-0.21869,487.33,542.32,0,473.65,580.68,500.18,506.28,-8.5953e-05,0.0006712,-0.91807,0.017857,6.1035e-05
2630,2631,0,-0.64126,434.15,522.69,0.046875,402.82,610.18,458.52,454.63,-0.0035919,0.035674,-1.7346,0.0057361,6.1035e-05
2631,2632,2,-0.2366,518.97,571.49,0,504.61,600.79,538.65,531.34,-0.0064273,0.0020471,-0.85353,0.015277,9.1553e-05
2632,2633,0,-0.6166,436.17,519.46,0,403.14,598.71,457.35,468.66,0.0041258,0.0028668,-1.5419,0.0019326,6.1035e-05
2633,2634,2,-0.20448,459.55,503.12,0,449.6,531.45,470.14,472.96,-0.0023887,0.00052535,-1.111,0.011131,9.1553e-05
2634,2635,3,-0.16271,483.43,532.13,0,475.04,540.99,491.81,523.27,0.00091808,0.00034865,-0.73369,0.012588,6.1035e-05
2635,2636,0,-0.60216,427.52,504.88,0.015625,398.8,586.85,449.86,441.12,0.010478,0.013781,-1.7538,0.0088159,6.1035e-05
2636,2637,0,-0.58537,416.28,482.6,0.015625,377.08,544.54,444.89,437.4,-0.00014084,0.011459,-1.6315,0.010858,3.0518e-05
2637,2638,0,-0.53164,364.29,435.69,0,344.31,483.71,388.4,377.73,-0.011585,0.0029748,-1.5903,0.002325,6.1035e-05
2638,2639,3,-0.15984,486.39,526.26,0,464.15,542.89,506.01,511.59,0.00081333,0.001146,-0.66699,0.020804,9.1553e-05
2639,2640,2,-0.23388,517.95,575.71,0,497.45,591.37,538.46,560.04,-0.0071812,0.0005641,-0.89892,0.017732,9.1553e-05
2640,2641,3,-0.17869,547.57,580.7,0,521.85,596.57,567.57,568.36,-0.0008712,0.00038505,-0.52391,0.021734,0.00012207
2641,2642,0,-0.45949,291.79,376.98,0,278.54,408.29,315.43,321.17,-0.0019261,0.0022075,-1.5129,0.0012561,6.1035e-05
2642,2643,2,-0.19398,429.51,472.48,0,422.62,502.7,437.32,438.23,0.0040626,0.00031538,-0.83701,0.0077112,9.1553e-05
2643,2644,3,-0.15245,449.32,501.28,0,443.2,520.26,455.44,482.31,-0.0022755,0.00015565,-0.70773,0.0042315,6.1035e-05
2644,2645,1,-0.34456,479.46,567.52,0,469.62,610.72,491.32,515.37,-0.0038077,0.001846,-1.1304,0.0057184,6.1035e-05
2645,2646,3,-0.17159,484.74,549.49,0,477.02,571.52,498.52,510.2,-0.0073719,0.00083424,-0.67589,0.035421,0.00012207
2646,2647,0,-0.50562,329.65,412.43,0,314.55,450.73,350.34,359.95,-0.019787,0.0015677,-1.2441,0.029097,6.1035e-05
2647,2648,2,-0.24396,533.44,613.31,0,516.55,642.9,551.42,581.81,-0.003382,0.00065592,-0.85453,0.043023,0.00012207
2648,2649,2,-0.20498,467.12,514.94,0,448.01,544.82,485.08,486.87,-0.0033868,0.00067788,-0.80328,0.018205,6.1035e-05
2649,2650,3,-0.16459,491.39,536.27,0,487.66,557.82,494.48,518.42,-0.0027241,0.00027611,-0.47455,0.0085321,0.00012207
2650,2651,1,-0.36432,536.15,606.27,0,527.92,655.86,543.4,562.52,-0.0012718,0.001947,-0.97494,0.010231,6.1035e-05
2651,2652,1,-0.35062,507.64,568.78,0,502.47,599.43,513.15,536.15,-0.0032017,0.0011016,-1.1197,0.006242,6.1035e-05
2652,2653,2,-0.20608,469.42,515.4,0,457.11,546.23,477.32,495.63,-0.0050693,0.0012446,-0.69391,0.00071765,6.1035e-05
2653,2654,2,-0.21638,502.04,544.03,0,487.58,565.15,514.02,526.53,-0.0059398,0.00028007,-0.86207,0.026052,9.1553e-05
2654,2655,0,-0.52845,370.63,436.07,0,350.44,493.15,383.57,399.49,0.0011616,0.0017864,-1.2451,0.0060077,6.1035e-05
2655,2656,2,-0.24178,544.16,616.22,0,521.64,638.43,564.03,596.62,0.0014425,0.00044243,-0.87179,0.0061247,0.00012207
2656,2657,2,-0.24083,551.8,601.91,0,531.93,645.68,567.26,567.87,-0.0043375,0.00031164,-1.0103,0.014315,0.00012207
2657,2658,0,-0.5967,427.47,497.88,0,410.27,589.46,439.24,435.22,-0.0075511,0.0056905,-1.6466,0.019159,6.1035e-05
2658,2659,0,-0.5238,364.73,441.15,0,346.98,509.36,377.68,391.37,-0.018709,0.0020062,-1.1691,0.033194,3.0518e-05
2659,2660,3,-0.16937,512.76,549.64,0,496.67,583.87,528.84,515.4,0.0041332,0.00017458,-0.62703,0.010708,0.00012207
2660,2661,3,-0.1784,542.78,563.64,0,528.04,602.38,556.62,527.24,-0.0053811,0.00014283,-0.67648,0.022807,0.00018311
2661,2662,0,-0.53144,337.4,430.85,0,326.5,477.52,354.41,358.05,-0.0072379,0.002417,-1.6399,0.0095983,3.0518e-05
2662,2663,2,-0.20576,464.16,506.62,0,451.93,533.62,476.39,479.61,0.021678,0.00049693,-1.1394,0.019244,9.1553e-05
2663,2664,0,-0.47421,361.67,417.06,0,333.37,485.52,376.49,381.2,-0.0068269,0.0016435,-1.9882,0.0022248,6.1035e-05
2664,2665,1,-0.29973,438.24,505.78,0,418.44,530.66,459.32,479.29,-0.0048309,0.00038818,-1.2118,0.016067,6.1035e-05
2665,2666,3,-0.16636,498.54,518.51,0,477.84,548.6,520.57,486.47,-0.0078338,0.00025759,-0.84847,0.021045,0.00015259
2666,2667,3,-0.18115,547.58,575.31,0,533.38,596.96,560.93,554.98,0.0058178,0.00018392,-0.80831,0.017823,0.00012207
2667,2668,1,-0.34289,504.83,574.22,0,480.48,620.49,522.6,540.45,-0.0067877,0.00076876,-1.3398,0.051764,9.1553e-05
2668,2669,2,-0.20684,461.37,513.64,0,439.75,536.39,485.88,487.85,0.0054088,0.00054201,-1.0335,0.017863,9.1553e-05
2669,2670,1,-0.26523,382.64,446.14,0,364.3,485.88,400.99,406.4,-0.00058623,0.00057281,-1.3444,0.0044167,6.1035e-05
2670,2671,0,-0.63582,399.23,500.14,0.03125,379.99,552.57,421.04,440.71,-0.008309,0.037855,-2.016,-0.0060196,6.1035e-05
2671,2672,3,-0.1695,516.45,560.1,0,493.47,590.25,536.72,533.51,0.00034842,0.0004668,-0.92857,0.023744,0.00012207
2672,2673,0,-0.79837,444.91,505.39,0.20312,422.26,579.37,460.4,454.76,-0.01631,0.14706,-1.6926,0.029162,6.1035e-05
2673,2674,2,-0.19615,434.35,494.95,0,423.13,513.33,450.74,468.07,-0.0062097,0.0023798,-1.0317,0.0084985,9.1553e-05
2674,2675,1,-0.23768,338.22,387.76,0,330.58,405.85,347.45,365.93,-0.0009145,0.0040892,-1.2465,0.014795,6.1035e-05
2675,2676,1,-0.30098,457.85,505.9,0,432.96,546.46,471.82,483.14,-0.010826,0.0018564,-1.2344,0.012239,6.1035e-05
2676,2677,2,-0.23759,521.34,581.56,0,499.04,614.62,550.02,539.06,-0.00051345,0.0010414,-1.076,0.010035,0.00012207
2677,2678,2,-0.22562,490.39,558.29,0,474.75,590.56,511.82,514.06,0.0085906,0.00037687,-1.135,0.023114,6.1035e-05
2678,2679,1,-0.25607,362.95,415.04,0,348.12,415.07,382.01,415.01,-0.011738,0.003267,-1.3643,0.026974,6.1035e-05
2679,2680,3,-0.15834,477.88,511.95,0,455.47,532.74,506.69,485.21,0.016832,0.0004349,-0.63595,0.011441,0.00012207
2680,2681,2,-0.23181,519.51,564.18,0,499.34,601.29,540.98,524.68,-0.00096326,0.00040256,-0.83508,0.00083844,0.00012207
2681,2682,2,-0.21478,489.45,534.9,0,481.24,570.6,497.66,499.21,0.00093169,0.00031775,-1.1682,0.015859,9.1553e-05
2682,2683,2,-0.22791,499.12,576.89,0,488.29,601.96,514.96,540.24,0.0034966,0.00032854,-0.98057,0.023429,0.00012207
2683,2684,0,-0.62526,406.24,524.14,0,387.13,585.02,430.81,445.88,0.041778,0.0037611,-1.8213,0.034143,6.1035e-05
2684,2685,2,-0.22899,521.07,584.91,0,506.99,633.82,536.06,532.83,0.0015177,0.00023632,-1.1187,0.010249,0.00012207
2685,2686,0,-0.56707,367.57,466.42,0,352.44,522.99,383.68,406.2,0.00074945,0.005721,-1.6419,0.034936,6.1035e-05
2686,2687,0,-0.61628,426.16,520.99,0.015625,396.5,594.19,452.33,456.4,-0.0079366,0.015371,-1.7578,0.013764,3.0518e-05
2687,2688,0,-0.62851,388.86,500.98,0.015625,374.78,551.81,408.17,431.33,-0.0088338,0.011646,-1.363,0.018757,6.1035e-05
2688,2689,1,-0.22195,328.65,365.85,0,320.12,395.15,335.28,343.06,-0.0041771,0.0013638,-1.229,0.013123,6.1035e-05
2689,2690,1,-0.29913,428.58,493.98,0,421.98,511.33,440.34,463.06,-0.004429,0.00095272,-1.2665,0.0091396,6.1035e-05
2690,2691,2,-0.25406,569.8,613.78,0,557.35,633.26,586.87,587.08,0.00067713,0.00045342,-1.3537,0.013297,0.00012207
2691,2692,2,-0.20454,450.9,517.68,0,432.49,546.97,470.49,486.51,0.0078739,0.00021319,-1.0801,0.015424,9.1553e-05
2692,2693,0,-0.48996,314.31,400.76,0,298.92,436.39,341.73,337.26,-0.0035297,0.0047902,-1.6346,0.0013983,3.0518e-05
2693,2694,3,-0.15406,459.07,510.36,0,446.32,519.8,474.46,498.96,0.00017869,0.00018581,-1.1157,0.066002,6.1035e-05
2694,2695,3,-0.17317,531.81,552.05,0,516.06,576.67,544.06,532.91,0.020999,0.00017187,-0.88906,0.040859,0.00012207
2695,2696,3,-0.16675,510.6,557.21,0,486.74,590.77,531.66,527.6,-0.00041543,0.00015318,-1.042,0.0061835,0.00012207
2696,2697,0,-0.59472,394.78,482.88,0,383.22,533.78,411.67,408.5,-0.010257,0.0028989,-1.7444,0.028911,6.1035e-05
2697,2698,3,-0.18418,547.17,601.87,0,537.16,636.52,557.83,564.98,0.0048923,0.00016156,-0.96452,0.028563,6.1035e-05
2698,2699,3,-0.17177,530.33,570.14,0,513.48,599.88,541.85,549.79,0.0044272,0.00014352,-1.0559,0.022525,0.00012207
2699,2700,3,-0.14892,467.05,499.76,0,458.5,526.13,472.53,482.86,0.0030551,0.00021088,-1.108,0.011337,0.00012207
2700,2701,0,-0.71672,434.29,551.5,0.046875,417.8,610.38,460.02,459.65,0.0037656,0.03167,-1.537,0.0080556,6.1035e-05
2701,2702,3,-0.15904,505.79,540.56,0,476.72,564.22,525.69,524.37,-0.0024603,0.00018769,-1.038,0.02906,0.00012207
2702,2703,2,-0.24623,545.02,588.79,0,527.6,637.72,564.76,533.33,-0.0072766,0.00028955,-1.2364,0.027827,6.1035e-05
2703,2704,0,-0.56389,367.74,477.99,0,333.75,513.95,417.4,425.44,-0.0080532,0.013171,-1.8191,0.010229,3.0518e-05
2704,2705,0,-0.51555,382.68,444.01,0,365.6,509.76,393.63,401.85,-0.036574,0.0024855,-1.6585,0.042751,3.0518e-05
2705,2706,1,-0.30175,439.97,508.73,0,425.19,550.61,451.46,476.16,0.0030065,0.002164,-1.6208,0.015569,6.1035e-05
2706,2707,1,-0.23059,337.64,382.88,0,312.71,440.68,358.29,334.98,0.0028994,0.00060412,-1.5406,0.016249,3.0518e-05
2707,2708,3,-0.18811,562.38,580.91,0,544.71,610.67,581.19,549.23,0.0149,0.00033632,-0.97474,0.029981,0.00012207
2708,2709,2,-0.2126,458.58,500.74,0,447.47,518.53,475.91,472.99,-0.0012806,0.00025808,-1.3714,0.017459,6.1035e-05
2709,2710,3,-0.17632,545.15,593.89,0,526.29,647.67,559.81,552.06,-0.0064986,0.00011789,-1.2516,0.037762,0.00012207
2710,2711,2,-0.21499,492.59,526.58,0,478.06,592.21,503.19,478.7,0.0043727,0.00040708,-1.3298,0.011417,9.1553e-05
2711,2712,3,-0.1596,486.94,516.69,0,475.97,537.58,495.48,500.45,0.0054161,0.00014484,-1.2079,0.019623,0.00012207
2712,2713,0,-0.58006,403.87,485.09,0,377.38,551.3,428.75,422.89,-0.0082979,0.0061529,-1.8777,-0.00032754,6.1035e-05
2713,2714,3,-0.18494,583.42,594.34,0,566.23,631.95,598.58,561.17,0.011096,0.00031995,-1.1414,0.031482,0.00012207
2714,2715,2,-0.20835,463.47,515.7,0,460.56,542.85,466.99,482.93,-3.3314e-05,0.00041683,-1.4398,0.015079,9.1553e-05
2715,2716,2,-0.2156,493.21,512.69,0,479.1,553.18,505.65,476.96,-0.00071969,0.00028608,-1.2606,0.033295,9.1553e-05
2716,2717,1,-0.25628,376.32,419.03,0,368.27,446.41,384.36,391.66,-0.010757,0.00087437,-1.5517,0.010983,6.1035e-05
2717,2718,1,-0.309,447.33,531.28,0,441.77,547.52,452.56,516.03,-0.009948,0.0016247,-1.2547,0.0083374,6.1035e-05
2718,2719,2,-0.22501,478.18,559.24,0,464.46,600.91,502.64,484.94,0.0039752,0.00043696,-1.2676,0.014923,9.1553e-05
2719,2720,0,-0.59337,402.55,501.63,0,377.17,566.14,433.17,423.77,-0.014873,0.0021013,-1.9185,0.006106,6.1035e-05
2720,2721,0,-0.55365,378.95,465.18,0,353.84,516.01,409.26,403.83,-0.00055582,0.0036027,-1.6893,0.01519,6.1035e-05
2721,2722,2,-0.22263,501.67,554.19,0,489.54,583.87,513.8,524.51,-0.014611,0.00048147,-1.2046,0.043185,9.1553e-05
2722,2723,3,-0.15319,457.01,513.61,0,446.94,543.83,467.07,483.39,-0.0033899,0.00016192,-0.94643,0.01133,9.1553e-05
2723,2724,2,-0.21611,485.91,526.8,0,475.76,554.47,493.81,505.28,-0.0060242,0.00030453,-0.99641,0.0053091,9.1553e-05
2724,2725,3,-0.16638,492.63,518.32,0,475.33,535.25,509.93,501.38,-0.010958,0.00015598,-0.82176,0.034761,9.1553e-05
2725,2726,1,-0.25898,384.64,432.72,0,375.2,471.86,392.46,400.3,-0.0040118,0.00090801,-1.1357,0.0034836,3.0518e-05
2726,2727,0,-0.50565,350.07,434.9,0,328.43,492.4,368.01,387.26,-0.0066514,0.00096106,-1.4646,0.0031424,3.0518e-05
2727,2728,1,-0.34313,509.48,578.6,0,485.78,602.83,536.33,551.14,0.0024291,0.0021199,-1.2714,0.019905,9.1553e-05
2728,2729,2,-0.20582,457.97,507.54,0,440.8,542.91,476.24,469.89,0.006409,0.00056206,-1.1687,0.0097098,6.1035e-05
2729,2730,0,-0.53147,395.95,477.74,0,369.28,590.7,413.04,405.34,-0.010592,0.0011003,-1.7746,0.0078355,6.1035e-05
2730,2731,2,-0.20884,470.47,537.74,0,448.99,563.44,490.65,513.6,-0.0028049,0.00039973,-1.1338,0.020064,9.1553e-05
2731,2732,2,-0.23587,543.89,599.56,0,525.49,647.94,555.68,568.56,-0.0026227,0.00048641,-1.2269,0.035318,6.1035e-05
2732,2733,1,-0.24849,352.22,433.01,0,338.35,442.78,375.32,416.73,-0.022195,0.00089893,-1.3729,0.01567,6.1035e-05
2733,2734,2,-0.22348,499.07,561.35,0,491.73,594.01,506.42,528.68,-0.0012863,0.00013172,-1.0679,0.031127,0.00012207
2734,2735,1,-0.3395,494.31,591.49,0,481.97,652.22,505.9,534.45,-0.0068257,0.0012779,-1.3302,0.025958,6.1035e-05
2735,2736,2,-0.22019,488.94,557.51,0,483.49,585.68,494.06,531.04,0.0024082,0.00043212,-1.1054,0.02873,0.00012207
2736,2737,2,-0.22758,503.28,561.66,0,463.18,563.05,548.72,560.08,-0.0020898,0.00018656,-1.0986,0.055425,6.1035e-05
2737,2738,2,-0.20718,471.89,514.73,0,455.48,570.63,483.86,473.94,0.0047999,0.00017633,-1.022,0.012153,6.1035e-05
2738,2739,0,-0.5655,377.21,484.9,0,350.71,546.32,407.25,415.28,-0.010818,0.00066423,-1.705,0.017116,6.1035e-05
2739,2740,3,-0.17347,515.88,586.42,0,503.19,634.73,528.56,538.12,0.0055222,0.00014002,-0.9112,0.026838,6.1035e-05
2740,2741,0,-0.61914,417.22,528.57,0,394.91,600.51,438.17,460.99,0.024214,0.0019418,-1.3654,0.0018212,6.1035e-05
2741,2742,0,-0.54466,397.85,467.39,0,376.9,535.49,409.6,429.2,-0.031405,0.0018042,-1.5182,0.053815,6.1035e-05
2742,2743,0,-0.55747,400.97,475.45,0,378.15,532.31,418.71,431.23,-0.017088,0.0022243,-1.6061,0.01412,6.1035e-05
2743,2744,3,-0.18204,560.85,577.3,0,551.55,614.33,567.64,550.28,-0.0011342,0.00016833,-0.80921,0.014158,0.00012207
2744,2745,1,-0.26817,412.6,443.9,0,391.41,490.56,424.48,417.73,0.0094686,0.00079627,-1.3201,0.0043772,6.1035e-05
2745,2746,3,-0.18586,551.03,625.78,0,534.68,658.23,569.55,589.02,-0.0083178,0.00016072,-0.74335,0.026639,0.00012207
2746,2747,0,-0.59641,418.18,511.74,0,396.59,565.35,437.22,464.44,-0.0041607,0.0039373,-1.4907,0.0017117,6.1035e-05
2747,2748,3,-0.19092,564.15,641.34,0,548.67,687.81,577.82,600.34,0.0035161,0.00022757,-0.846,0.005165,0.00012207
2748,2749,3,-0.16967,499.56,568.46,0,486.32,603.29,515.53,526.43,-0.004767,0.00014116,-0.85896,0.023153,0.00012207
2749,2750,2,-0.22651,520,569.06,0,504.48,590.65,536.52,546.07,-0.0035781,0.00030189,-1.3285,0.019367,0.00012207
2750,2751,0,-0.62225,424.9,517.44,0,399.63,578.69,448.64,459.9,-0.0040452,0.00088896,-1.6186,0.016815,6.1035e-05
2751,2752,1,-0.24985,365.4,407.59,0,354.41,435.59,376.38,379.59,0.001289,0.0015622,-1.4725,0.0021133,6.1035e-05
2752,2753,3,-0.16503,483.3,526.8,0,476.06,550.07,493.23,494.91,-0.0016088,0.00037905,-0.72084,0.0041546,0.00012207
2753,2754,3,-0.1716,510.78,559.02,0,496.49,592.08,523.39,529.86,0.0086385,0.00018468,-0.76201,0.025969,0.00012207
2754,2755,3,-0.17707,510.66,579.41,0,501.84,597.11,530.08,540.48,0.0080313,0.00017329,-0.85342,0.016664,6.1035e-05
2755,2756,2,-0.22033,496.95,544.14,0,474.87,572.63,521.98,511.85,0.0001068,0.00013012,-1.2322,0.013674,6.1035e-05
2756,2757,3,-0.14308,441.52,499.6,0,421.46,541.97,458.15,464.5,-0.0005614,0.00023733,-0.99015,0.014543,9.1553e-05
2757,2758,0,-0.59364,430.04,512.91,0,402.86,586.4,449.88,459.28,-0.0044972,0.0010787,-1.9084,0.0030333,6.1035e-05
2758,2759,1,-0.28015,409.13,482.6,0,400.12,507.83,414.54,467.46,-0.023371,0.00091461,-1.2422,0.034189,6.1035e-05
2759,2760,2,-0.22508,512.06,534.72,0,499.89,565.02,522.8,507.98,-0.0062476,0.00024694,-1.1482,0.020575,0.00012207
2760,2761,2,-0.1937,444.52,493.37,0,426.34,515.5,455.44,480.09,-0.0021137,0.00028696,-1.2951,0.014552,9.1553e-05
2761,2762,3,-0.16673,503.17,522.23,0,477.83,547.67,525.53,499.78,0.0058437,0.00012243,-1.0446,0.021765,0.00015259
2762,2763,0,-0.42211,273.37,356,0,262.78,382.35,286.16,324.19,-0.005295,0.0079243,-1.5209,0.0026215,3.0518e-05
2763,2764,2,-0.19243,442.98,474.94,0,446.29,509.31,440.56,449.86,-0.0096836,0.00033631,-1.1605,0.008169,6.1035e-05
2764,2765,3,-0.16857,507.37,583.85,0,494.61,619.94,516.68,557.51,0.0093584,0.00018525,-0.86235,0.017157,9.1553e-05
2765,2766,3,-0.16221,474.67,532.26,0,465.27,565.46,484.69,496.91,0.0030504,0.00010101,-1.076,0.010464,9.1553e-05
2766,2767,2,-0.2118,484.95,537.19,0,476.55,561.91,491.07,519.15,0.00061891,0.00021483,-1.1821,0.015163,9.1553e-05
2767,2768,2,-0.22542,485.52,549.66,0,467.59,592.43,503.45,506.9,-0.00090325,0.00021639,-1.2738,0.0072032,9.1553e-05
2768,2769,0,-0.82456,443.69,562.8,0.1875,426.73,635.64,458.66,498.53,-0.012652,0.13926,-1.7162,0.010971,6.1035e-05
2769,2770,3,-0.16465,490.14,526.52,0,485.09,550.79,496.64,495.32,0.013775,0.0016085,-0.88856,0.034195,6.1035e-05
2770,2771,1,-0.24907,361,426.88,0,338.74,482.13,381.9,374.98,-0.0024514,0.0052134,-1.49,-0.0028355,6.1035e-05
2771,2772,3,-0.1518,439.29,500.34,0,428.05,531.26,450.54,469.41,0.0097453,0.00055622,-0.91242,0.028836,9.1553e-05
2772,2773,3,-0.18298,546.96,572.61,0,528.24,595.06,568.18,547.15,0.00078348,0.00024435,-0.80976,0.015237,0.00012207
2773,2774,2,-0.20909,459.45,498.9,0,448.29,515.67,476.86,472.74,-0.0058139,0.00026683,-1.2886,0.0046472,6.1035e-05
2774,2775,2,-0.19684,434.07,486.27,0,420.74,512.62,447.4,459.93,-0.0039328,0.00016025,-1.1995,0.025041,9.1553e-05
2775,2776,2,-0.20649,457.74,507.18,0,449.47,530.19,463.77,490.39,-0.0016985,0.00018555,-1.2134,0.019889,6.1035e-05
2776,2777,3,-0.157,472.57,517.42,0,472.48,544.22,472.66,492.24,-0.0032341,0.00010779,-0.79244,0.02038,6.1035e-05
2777,2778,0,-0.58912,387.81,486.8,0,372.92,530.64,401.8,445.62,0.0089283,0.0042052,-1.8685,0.0048037,6.1035e-05
2778,2779,1,-0.2746,387.99,476.09,0,382.01,490.64,394.78,459.61,0.0043011,0.0010648,-1.2403,0.0085474,6.1035e-05
2779,2780,3,-0.1499,453.46,493.22,0,450.8,512.05,455.67,477.61,0.0048873,0.00018674,-0.69775,0.025868,9.1553e-05
2780,2781,1,-0.32208,462.41,544.73,0,451.62,582.37,473.9,504.67,0.0014109,0.0010863,-1.3957,0.024643,9.1553e-05
2781,2782,1,-0.21594,321.05,371.88,0,303.33,425.14,333.17,335.45,-0.0033988,0.0015323,-1.3717,0.014451,3.0518e-05
2782,2783,3,-0.16059,474.56,539.29,0,468.2,571.06,481.34,505.46,0.0016498,0.00018123,-0.65396,0.02349,9.1553e-05
2783,2784,1,-0.30435,452.53,512.3,0,433.33,543.1,464.84,492.55,-0.0099194,0.0009268,-1.4211,0.026215,6.1035e-05
2784,2785,0,-0.56098,371.59,477.66,0,357.92,522.64,386.15,429.78,-0.012781,0.0018497,-1.3883,0.013272,3.0518e-05
2785,2786,1,-0.2586,369.28,439.76,0,342.78,483.6,397.5,393.09,-0.00068439,0.00076835,-1.3838,0.00281,6.1035e-05
2786,2787,2,-0.21218,475.93,546.46,0,457.19,569.85,491.45,527.07,0.00014873,0.00016059,-1.1728,0.026353,9.1553e-05
2787,2788,0,-0.62343,386.38,521.87,0,370.97,557.97,412.07,461.7,-0.0015722,0.0014107,-1.4972,-0.0011296,3.0518e-05
2788,2789,1,-0.24432,352.8,404.47,0,334.78,451.74,369.73,360.06,-0.0061447,0.0013366,-1.5001,-0.000692,3.0518e-05
2789,2790,2,-0.22928,517.68,574.33,0,497.58,610.17,535.42,542.71,-0.00021593,0.00039623,-1.2221,0.034615,6.1035e-05
2790,2791,1,-0.3244,479.39,538,0,467.81,571.35,491.72,502.5,-0.0027613,0.00086944,-1.4311,0.032925,6.1035e-05
2791,2792,1,-0.36598,535.51,609.65,0,515.73,643.15,555.3,576.16,-0.0063706,0.0012686,-1.4592,0.016144,0.00012207
2792,2793,1,-0.25257,371.67,422.14,0,359.63,447.24,381.65,401.35,-0.011272,0.0018212,-1.333,0.02174,6.1035e-05
2793,2794,0,-0.46625,305.27,388.74,0,293.15,423.88,317.39,353.61,0.013799,0.010473,-1.4841,-0.0065454,3.0518e-05
2794,2795,1,-0.33299,460.11,554.05,0,444.04,571.18,488.74,523.51,0.0092229,0.0019602,-1.3683,0.0062027,9.1553e-05
2795,2796,3,-0.16158,484.79,522.34,0,465.3,564.23,505.54,477.74,0.0041167,0.00040037,-0.9459,0.029613,9.1553e-05
2796,2797,1,-0.34434,503.95,567.78,0,495.25,602.49,512.12,535.17,-0.0089504,0.0024523,-1.5417,0.021939,6.1035e-05
2797,2798,3,-0.15168,470.35,505.14,0,451.01,526.12,486.39,487.76,-0.0048712,0.00066524,-0.95361,0.020527,9.1553e-05
2798,2799,0,-0.46882,299.61,378.94,0,292.68,418.59,308.52,327.96,-0.0080419,0.0077637,-1.6899,0.014919,3.0518e-05
2799,2800,0,-0.63614,430.85,533.55,0,410.85,587.48,452.14,476.13,0.0070607,0.019525,-1.6915,0.0053307,3.0518e-05
2800,2801,2,-0.2082,479.31,516.46,0,465.94,551.02,496.49,472.01,0.017942,0.00033571,-1.4103,0.0046163,9.1553e-05
2801,2802,3,-0.17616,523.95,566.79,0,514.33,583.25,538.01,542.73,0.0069918,0.00021885,-0.67939,0.016735,0.00012207
2802,2803,3,-0.16415,508.72,508.73,0,490.65,518.78,526.79,498.67,-0.002348,0.00014093,-0.78954,0.018381,9.1553e-05
2803,2804,2,-0.20244,470.27,496.03,0,442.79,519.54,493.04,476.55,-0.0073631,0.00018417,-1.348,0.020138,6.1035e-05
2804,2805,0,-0.67195,408.23,544.14,0,395.14,579.61,433.22,476.43,0.013343,0.0023365,-1.8742,0.01349,6.1035e-05
2805,2806,3,-0.15035,463.04,493.33,0,449.42,497.82,476.66,488.85,0.0060927,0.00019496,-1.0839,0.0097704,9.1553e-05
2806,2807,0,-0.68109,435.22,566.16,0.03125,416.44,625.98,451.8,513.37,-0.0097732,0.021132,-1.6981,0.012997,6.1035e-05
2807,2808,2,-0.19747,443.47,475.7,0,425.58,487.06,463.75,462.84,0.001971,0.00075063,-1.2808,0.012542,9.1553e-05
2808,2809,0,-0.65064,430.47,545.22,0,412.02,596.59,452.74,483.21,-0.0187,0.0026069,-1.957,0.0088899,6.1035e-05
2809,2810,2,-0.20052,453.56,493.64,0,443.89,516.36,462.1,473.6,0.0036093,0.00036598,-1.458,0.017151,9.1553e-05
2810,2811,1,-0.31074,453.58,507.57,0,438,538.87,471.23,472.1,0.00082439,0.00074468,-1.5084,0.028898,6.1035e-05
2811,2812,3,-0.17869,545.27,588.54,0,525.4,599.53,565.13,577.55,0.002736,0.00022435,-0.86067,0.015637,0.00012207
2812,2813,3,-0.15651,471.72,515.73,0,459.23,519.8,485.02,511.4,-0.001929,0.00015691,-0.97646,0.0060256,9.1553e-05
2813,2814,3,-0.17353,544.98,573.66,0,531.89,613.98,556.54,538.08,0.0079932,0.00016019,-1.0789,0.024125,0.00012207
2814,2815,1,-0.32264,460.78,540.03,0,456.17,557.24,466.34,519.25,-0.0083161,0.0010001,-1.4783,0.016621,9.1553e-05
2815,2816,1,-0.28683,409.76,468.68,0,403.33,489.75,418.58,439.81,0.0070458,0.0010313,-1.687,0.018337,6.1035e-05
2816,2817,2,-0.21838,495.45,555.34,0,473.96,593,513.26,524.13,0.00049471,0.00025245,-1.3265,0.011439,0.00012207
2817,2818,2,-0.21767,500.6,552.59,0,482.78,593.54,513.6,522.72,-0.0019028,0.00028549,-1.4452,0.017553,9.1553e-05
2818,2819,0,-0.53743,358.71,450.54,0,340.65,484.02,380.51,410.13,-0.014346,0.0023522,-1.6659,0.02572,6.1035e-05
2819,2820,0,-0.76894,425.8,585.5,0.09375,409.84,647.69,447.68,500.28,-0.014591,0.066672,-1.8107,0.019267,6.1035e-05
2820,2821,1,-0.33327,460.75,552.57,0,450.75,595.17,475.38,490.3,-0.0085315,0.00054415,-1.4519,0.024335,9.1553e-05
2821,2822,1,-0.27447,416.32,461.77,0,398.34,514.95,430.3,420.41,-0.0008917,0.0014941,-1.3338,0.0048718,6.1035e-05
2822,2823,0,-0.58591,353.61,478.99,0,343.48,510.67,371.67,422.52,-0.0097283,0.011015,-1.44,0.0044466,3.0518e-05
2823,2824,3,-0.17457,540.97,592.67,0,522.78,600.47,551.88,587.99,0.0055033,0.00055652,-0.72901,0.015874,0.00012207
2824,2825,2,-0.19313,437.57,485.61,0,419.04,511.23,451.09,466.92,0.018234,0.00015904,-1.1226,0.018123,9.1553e-05
2825,2826,3,-0.17239,522.66,570.32,0,495.69,577.82,546.45,563.69,0.0059075,0.0001951,-0.65595,0.027094,0.00012207
2826,2827,2,-0.2134,495.12,531.94,0,470.87,557.42,510.67,515.61,-0.015778,0.00024565,-1.4008,0.017534,0.00012207
2827,2828,0,-0.486,337.7,414.37,0,320.93,460.42,353.45,371.11,-0.0019331,0.0021382,-1.9253,0.0055509,3.0518e-05
2828,2829,0,-0.67511,436.3,535.23,0.046875,413.46,593.01,460.62,473.73,-0.0074886,0.040488,-1.8822,0.019488,6.1035e-05
2829,2830,1,-0.34474,506.78,589.86,0,493.32,623.83,518.65,559.89,-0.00080899,0.0011671,-1.5611,0.012419,0.00012207
2830,2831,1,-0.26603,393.97,453.69,0,383.54,469.24,400.22,444.36,-0.0078252,0.0037978,-1.5448,0.014494,3.0518e-05
2831,2832,2,-0.2365,531.13,561.81,0,522.01,592.01,541.46,527.59,-0.0045575,0.00025646,-1.2257,0.035734,0.00012207
2832,2833,1,-0.25539,360.27,415.47,0,346.11,440.74,379.68,380.84,0.00059052,0.0010829,-1.3853,0.0093659,6.1035e-05
2833,2834,1,-0.29085,414.13,475.49,0,399.07,507.78,432.31,436.53,-0.023905,0.001207,-1.6002,0.024284,6.1035e-05
2834,2835,3,-0.15072,456.18,504.06,0,457.78,528.18,454.59,479.94,-0.00091245,0.00019116,-0.90725,0.02904,9.1553e-05
2835,2836,1,-0.23923,333.73,381.65,0,328.06,427.35,342.03,314.86,-0.015215,0.0014857,-1.579,-0.0017675,6.1035e-05
2836,2837,3,-0.16714,493.31,566.35,0,479.93,614.13,507.57,515.48,0.0046883,0.00017669,-0.85554,0.025892,0.00012207
2837,2838,1,-0.32934,486.57,550.26,0,469.66,591.55,500.58,516.05,-0.0044224,0.0015968,-1.6492,0.015189,9.1553e-05
2838,2839,0,-0.45884,299.27,406.51,0,285.09,451.23,318.71,345.22,-0.016256,0.011456,-1.6307,-0.00020167,3.0518e-05
2839,2840,3,-0.16304,486.51,545.66,0,478.33,565.24,493.72,528.39,-0.0026471,0.00025657,-0.96791,0.025773,6.1035e-05
2840,2841,0,-0.62132,395.63,528.99,0.015625,377.34,586.88,413.91,471.11,-0.0089174,0.014397,-1.9465,0.014481,6.1035e-05
2841,2842,3,-0.16191,479.75,547.1,0,468.7,569.3,492.28,521.93,0.010032,0.00058166,-0.89348,0.015494,9.1553e-05
2842,2843,2,-0.24269,548.23,624.83,0,533.46,642.93,563.01,606.73,-0.0016355,0.00032149,-1.3732,0.01518,0.00012207
2843,2844,2,-0.21701,491.58,591.11,0,462.07,637.19,516.04,552.94,0.0081206,0.00037374,-1.454,0.023155,9.1553e-05
2844,2845,0,-0.56062,375.51,462.41,0,358.17,505.52,399.26,403.35,-0.0031255,0.0062274,-1.8191,0.0048184,6.1035e-05
2845,2846,2,-0.23223,521.93,577.86,0,500.44,617.49,543.43,538.22,0.0014244,0.00037702,-1.5039,0.028627,0.00012207
2846,2847,3,-0.19663,574.46,617.61,0,556.74,649.85,600.37,570.49,0.01163,0.00019365,-1.1595,0.023639,0.00012207
2847,2848,3,-0.17236,522.81,576.72,0,507.23,609.45,534.92,551.27,-0.01281,0.00014118,-1.0093,0.041773,0.00012207
2848,2849,2,-0.21285,484.26,553.9,0,463.85,596.14,502.27,516.64,0.00019313,0.00024635,-1.5551,0.0062231,6.1035e-05
2849,2850,0,-0.58894,416.54,524.53,0,396.35,591.86,430.35,478.47,0.00045766,0.0016076,-2.1636,0.00035231,9.1553e-05
2850,2851,0,-0.48826,332.6,424.63,0,313.76,475.05,351.44,374.22,-0.0081838,0.0042586,-1.5546,0.016237,3.0518e-05
2851,2852,3,-0.15316,486.73,497.58,0,478.65,514.46,493.86,482.68,0.0063441,0.00044997,-1.2046,0.015248,0.00012207
2852,2853,3,-0.16159,486.18,537.08,0,476.32,567.1,497.35,503.06,-0.0027966,0.00017796,-0.93964,0.018636,0.00012207
2853,2854,1,-0.23991,349.3,391.36,0,335.95,412.54,366.48,364.13,-0.002554,0.00048293,-1.7563,0.011037,3.0518e-05
2854,2855,2,-0.2261,493.89,558.33,0,480.99,605.69,507.62,507.92,-0.0077434,0.00024512,-1.4487,0.013855,9.1553e-05
2855,2856,2,-0.18435,422.95,463.3,0,406.77,491.62,436.36,439.84,-0.0013119,0.00022876,-1.3011,0.010882,9.1553e-05
2856,2857,0,-0.49774,371.76,436.18,0,346.53,512.79,386.9,390.21,-0.0043732,0.001634,-2.3487,0.014336,6.1035e-05
2857,2858,1,-0.30405,447.38,502.56,0,435.82,547.9,457.58,462.55,-0.013644,0.00070536,-1.7696,0.028416,6.1035e-05
2858,2859,3,-0.16326,491.41,531.63,0,478.38,560.15,502.92,506.48,-0.00084873,0.0002578,-1.0273,0.020104,0.00012207
2859,2860,0,-0.4349,300.95,361.06,0,287.2,395.76,315.6,324.13,-0.0099353,0.0050641,-1.9796,0.036027,3.0518e-05
2860,2861,0,-0.59571,394.02,503.77,0,374.64,560.74,415.98,439.21,-0.017955,0.0035575,-1.9144,0.01845,6.1035e-05
2861,2862,1,-0.29174,436.14,495.59,0,414.18,526.14,462.65,458.71,-0.001408,0.0014979,-1.9272,0.012253,6.1035e-05
2862,2863,2,-0.20327,455.68,506.16,0,445.97,542.36,466.67,465.13,-0.004278,0.00036071,-1.3998,0.011918,6.1035e-05
2863,2864,1,-0.24785,377,429.23,0,352.67,465.02,394.75,403.11,-0.0063008,0.00090046,-2.1277,0.014694,6.1035e-05
2864,2865,3,-0.16885,507.85,564.02,0,484.91,598.95,532.26,526.84,-0.0038253,0.00019609,-1.0485,0.014603,0.00012207
2865,2866,3,-0.1483,446.83,493.68,0,442.17,539.09,451.49,448.26,-0.0010467,0.00010686,-1.1381,0.025215,0.00012207
2866,2867,2,-0.21109,482.81,519.54,0,470.04,538.16,494.08,503.12,-0.0062274,0.00024678,-1.8279,0.014929,9.1553e-05
2867,2868,2,-0.20488,453.47,507.07,0,447.22,524.5,463.89,478.02,-0.0057255,0.00015185,-1.5019,0.060713,6.1035e-05
2868,2869,1,-0.24092,351.51,405.93,0,341.13,433.73,365.73,367.82,0.0083977,0.00054258,-1.697,0.036488,3.0518e-05
2869,2870,0,-1.6831,439.71,560.32,1.0312,431.93,645.3,446.58,485.33,0.0013606,1.1249,-1.4623,0.044834,3.0518e-05
2870,2871,0,-0.54739,363.36,463.56,0,342.88,515.27,389.69,397.08,-0.011218,0.022845,-1.9282,0.0028104,6.1035e-05
2871,2872,2,-0.23534,518.75,597.34,0,513.44,625.51,528.21,547.13,-0.0056121,0.0016976,-1.2267,0.01359,0.00012207
2872,2873,1,-0.31843,473.27,546.27,0,457.33,586.87,486.48,512.63,-0.0031159,0.0045762,-1.6433,0.027644,6.1035e-05
2873,2874,1,-0.33287,491.55,579.4,0,479.33,614.46,499.38,556.92,-0.0037934,0.0014882,-1.5055,0.014384,6.1035e-05
2874,2875,2,-0.19672,471.4,504.2,0,453.81,529.78,481.96,488.85,-0.010612,0.0012607,-1.4946,0.010932,0.00012207
2875,2876,3,-0.17196,522.92,566.6,0,505.85,590.08,542.26,539.99,0.0025927,0.00038658,-1.1361,0.025975,0.00012207
2876,2877,3,-0.16725,494.35,541.84,0,483.44,583.96,506.71,494.1,-0.0072606,0.00027392,-0.98971,0.021084,9.1553e-05
2877,2878,2,-0.23549,528.09,577.1,0,515.55,602.73,543.22,546.17,0.011868,0.00038477,-1.11,0.0091929,0.00012207
2878,2879,2,-0.24274,540.63,610,0,534.59,652.49,546.67,567.51,-0.0058739,0.00051518,-1.3498,0.039617,0.00012207
2879,2880,3,-0.1616,474.88,529.63,0,466.98,540.08,486.43,514.36,0.001009,0.00034215,-0.78302,0.030802,0.00012207
2880,2881,3,-0.17357,525.35,576.76,0,516.19,601.67,533.96,553.37,-0.0042002,0.00018129,-1.0495,0.016989,0.00012207
2881,2882,1,-0.25887,372.75,433.3,0,360.85,458.24,386.24,405.03,-0.00536,0.0025075,-1.6398,0.021855,3.0518e-05
2882,2883,2,-0.20501,450.61,519.69,0,446.65,542.13,455.7,490.84,-0.0051486,0.00073886,-1.1937,0.042695,9.1553e-05
2883,2884,0,-0.6307,420.86,553.68,0,397.71,616.17,447.09,482.87,-0.010893,0.0037746,-2.1226,0.016885,6.1035e-05
2884,2885,1,-0.27704,375.68,469.69,0,366.19,489.78,396.57,425.48,0.012785,0.00076256,-1.714,0.013561,6.1035e-05
2885,2886,2,-0.23694,512.76,582.25,0,503.1,621.3,525.17,532.03,0.016687,0.00052238,-1.0541,0.015232,0.00012207
2886,2887,2,-0.22221,477.13,548.7,0,467.92,568.24,491.49,518.21,0.0056743,0.00014487,-0.96162,0.020872,6.1035e-05
2887,2888,2,-0.22832,492.57,564.79,0,494.75,612.4,490.25,514.11,0.019709,0.00032921,-1.1244,0.053082,0.00012207
2888,2889,1,-0.25708,362.13,434.9,0,351.85,460.58,376.21,399.7,-0.017118,0.0017085,-1.8612,0.028033,6.1035e-05
2889,2890,0,-1.2315,442.18,546.83,0.60938,432.3,654.17,448.11,482.43,-0.025804,0.44612,-1.8726,0.045353,6.1035e-05
2890,2891,2,-0.22628,491.02,557.96,0,485.9,582.07,498.5,522.71,0.0019497,0.0037475,-1.0418,0.013287,0.00012207
2891,2892,2,-0.19087,432.87,464.2,0,429.63,494.58,435.92,435.67,-0.011445,0.0018716,-1.2468,0.018776,6.1035e-05
2892,2893,2,-0.23196,519.51,556.29,0,508.56,590.94,531.91,517.01,0.0046326,0.0017692,-1.2139,0.010935,0.00012207
2893,2894,2,-0.22321,494.19,545.81,0,488.25,573.68,499.11,522.72,-0.0052624,0.00096086,-1.0681,0.024565,6.1035e-05
2894,2895,1,-0.28054,393.2,458.48,0,367.73,514.43,422.08,395.07,-0.0025922,0.0040152,-1.2305,0.013411,6.1035e-05
2895,2896,1,-0.30323,438.69,505.82,0,422.99,527.19,452.55,486.96,0.00035622,0.0017903,-1.2696,0.003984,6.1035e-05
2896,2897,3,-0.18559,535.24,614.37,0,521.58,620.17,553.97,606.42,-0.0065337,0.00084402,-0.81619,0.020275,0.00012207
2897,2898,3,-0.1633,476.19,539.15,0,457.82,555,499.8,518.77,-0.01094,0.00017194,-0.88533,0.050565,0.00012207
2898,2899,1,-0.3248,460.9,570.26,0,450.87,599.33,471.59,539.33,-0.0010895,0.0016469,-1.4438,0.020923,6.1035e-05
2899,2900,0,-0.47294,325.87,413.16,0,309.27,460.57,336.51,382.76,-0.021029,0.06363,-1.5092,0.016354,3.0518e-05
2900,2901,0,-0.81475,419.37,552.8,0.1875,399.9,622.37,434.51,498.7,-0.013329,0.14203,-1.6311,0.019483,6.1035e-05
2901,2902,1,-0.31408,443.13,530.74,0,425.96,574.64,462.59,480.99,-0.0055567,0.0034191,-1.5023,0.01414,6.1035e-05
2902,2903,0,-0.62707,395.93,557.02,0,381.85,609.01,414.03,490.19,0.0015515,0.0044288,-1.6392,0.011104,6.1035e-05
2903,2904,3,-0.16094,495.18,560.36,0,476.08,594.14,507.42,538.7,-0.0041675,0.00060898,-0.91938,-0.00030062,0.00012207
2904,2905,2,-0.228,501.33,576,0,491.54,591.79,511.75,559.19,-0.0012152,0.00032,-0.97748,0.011865,6.1035e-05
2905,2906,2,-0.23341,514.62,599.68,0,501.86,638.12,524.55,569.78,0.00078964,0.00030904,-1.1645,0.018952,0.00012207
2906,2907,0,-0.56813,357.31,466.2,0,346.06,499.28,372.73,420.87,-0.00030271,0.0066074,-1.6168,0.0078857,6.1035e-05
2907,2908,3,-0.16571,509.83,558.47,0,501.58,585.92,515.47,539.69,0.0031994,0.00026737,-0.58087,0.026731,6.1035e-05
2908,2909,3,-0.17738,529.52,571.3,0,516.87,594.16,540.69,551.12,0.0054481,0.00016113,-0.84436,0.013283,0.00012207
2909,2910,0,-0.52613,353.95,456.54,0,337.23,510.38,371.75,399.23,-0.0072025,0.0091242,-1.5702,0.0053447,3.0518e-05
2910,2911,2,-0.22278,490.18,546.97,0,474.98,582.3,503.58,515.79,-0.00087325,0.00050242,-0.9703,0.0072463,0.00012207
2911,2912,0,-0.60653,412.75,525.53,0,387.64,598,437.86,453.06,-2.3744e-05,0.0049492,-2.0014,0.0025813,6.1035e-05
2912,2913,2,-0.22231,485.62,557.26,0,478.53,593.15,494.73,511.12,-0.018147,0.0004624,-1.1947,0.019824,0.00012207
2913,2914,3,-0.16407,494.27,547.17,0,485,559.44,504.13,534.1,-0.0052942,0.00026128,-0.94945,0.025494,0.00012207
2914,2915,2,-0.19365,419.36,480.99,0,410.95,506.48,428.9,452.11,-0.0027487,0.00018663,-1.2799,0.022324,9.1553e-05
2915,2916,1,-0.33763,483.43,584.1,0,461.88,631.11,503.67,539.93,0.0047582,0.0017171,-1.8321,0.012177,6.1035e-05
2916,2917,2,-0.19573,449.89,504.18,0,423.64,548.28,473.05,465.26,-0.0056594,0.00064368,-1.5245,0.060749,6.1035e-05
2917,2918,3,-0.17129,512.24,565.93,0,502.91,588.52,521.57,543.34,-0.0093051,0.00017804,-1.0317,0.014721,0.00012207
2918,2919,2,-0.2223,493.21,554.65,0,473.81,590.56,512.61,518.74,0.0011401,0.00023527,-1.5064,0.023531,0.00012207
2919,2920,3,-0.15656,480.1,521.28,0,466.48,550.65,491.38,496.95,0.0043812,0.00017093,-1.1699,0.010433,0.00012207
2920,2921,2,-0.18521,401.68,472.72,0,394.19,492.44,414.15,439.86,0.0033573,0.00013723,-1.3207,0.012731,6.1035e-05
2921,2922,3,-0.14437,437.96,458.87,0,427.27,462.97,449.33,454.5,-0.00041088,0.00011944,-1.2544,0.017956,9.1553e-05
2922,2923,2,-0.20901,464.13,516.56,0,460.17,549.35,468.1,483.77,0.0055763,0.00030968,-1.3814,0.02841,9.1553e-05
2923,2924,0,-0.53148,365.96,455.72,0,349.89,523.68,383.08,383.37,-0.014668,0.0035881,-1.9215,0.019581,6.1035e-05
2924,2925,1,-0.31061,444.33,525.45,0,439.22,546.73,452.29,492.24,-0.0034665,0.00091232,-1.6967,0.010892,6.1035e-05
2925,2926,3,-0.15798,478.6,510.66,0,473.81,539.37,484.75,473.74,0.0039382,0.00055582,-1.3129,0.010153,9.1553e-05
2926,2927,3,-0.17843,526.4,579.99,0,519.28,595.82,536.17,558.29,0.020894,0.00026713,-0.99073,0.03332,0.00012207
2927,2928,0,-0.63706,402.51,530.85,0,382.91,595.31,427.7,447.97,-0.0072462,0.0028501,-1.864,0.011241,6.1035e-05
2928,2929,1,-0.26384,400.54,460.37,0,392.87,533.08,406.89,400.13,-0.011108,0.0013913,-1.9099,0.024226,6.1035e-05
2929,2930,3,-0.17182,501.27,556.63,0,490.79,565.05,517.63,543.49,-0.003302,0.00021367,-0.98613,0.0066125,9.1553e-05
2930,2931,2,-0.21555,473.39,551.38,0,463.12,577.95,485.03,521.27,-0.0031051,0.00014092,-1.3165,0.016854,9.1553e-05
2931,2932,2,-0.21642,499.94,559.41,0,477.28,598.17,517.57,529.26,-0.00055734,0.00017698,-1.3318,0.031238,6.1035e-05
2932,2933,3,-0.16907,509.63,545.49,0,490.26,566.72,531.6,521.42,-0.0032117,0.00019422,-1.1661,0.017032,0.00012207
2933,2934,0,-0.55782,366.33,475.37,0,343.92,537.21,393.37,400.73,-0.00028403,0.001153,-1.9842,0.00066657,6.1035e-05
2934,2935,3,-0.14761,454.77,483.44,0,437.4,508.21,473.26,457.08,0.0079607,0.0001511,-0.86493,0.020731,9.1553e-05
2935,2936,3,-0.17119,521.83,554.55,0,494.46,590.07,544.51,525.13,-0.0077472,0.00013846,-1.1126,0.023577,0.00012207
2936,2937,0,-0.58663,361.3,488.48,0,347.61,526.03,387.43,416.77,-0.0074726,0.0013767,-1.6539,0.0082668,3.0518e-05
2937,2938,3,-0.15438,481.88,509.7,0,461.53,548.62,498.75,477.45,-0.0023131,0.00012488,-1.1089,0.022284,9.1553e-05
2938,2939,3,-0.1561,475.45,501.22,0,458.67,517.1,493.32,484.32,0.0021088,0.00011258,-1.1413,0.016293,9.1553e-05
2939,2940,0,-0.59341,393.62,516.89,0,372.04,594.18,418.07,429.29,-0.015791,0.0031841,-1.8072,0.011208,3.0518e-05
2940,2941,2,-0.21245,474.74,534.31,0,460.83,585.86,485.55,494.21,-0.0038813,0.00031605,-1.4459,0.013448,9.1553e-05
2941,2942,3,-0.16692,513.1,569.43,0,493.84,597.29,528.09,547.76,0.0087015,0.00012932,-1.0396,0.013085,0.00012207
2942,2943,2,-0.21366,475.56,532.41,0,464.28,568.3,487.56,494.2,-0.0083151,0.00018442,-1.485,0.033303,6.1035e-05
2943,2944,0,-0.4545,295.4,404.75,0,279.48,450.84,315.86,345.5,-0.018424,0.0061239,-1.8539,0.0073673,3.0518e-05
2944,2945,1,-0.31696,442.86,551.92,0,428.99,598.62,458.59,498.99,-0.012925,0.0033635,-1.8999,0.0097103,6.1035e-05
2945,2946,1,-0.27848,408.95,487.81,0,404.67,531.48,412.28,453.84,0.0043412,0.00072712,-1.377,0.017818,9.1553e-05
2946,2947,0,-0.52235,356.08,460.68,0,337.83,521.76,372.18,406.78,-0.00049565,0.0037026,-1.7504,0.00015579,6.1035e-05
2947,2948,0,-0.5641,367.79,496.79,0,350.2,556.94,384.31,440.29,-0.0012558,0.0015539,-1.6209,0.0019975,3.0518e-05
2948,2949,2,-0.24041,538.91,616.06,0,529.27,651.23,550.53,573.62,-0.005663,0.00065327,-1.1203,0.014694,0.00012207
2949,2950,1,-0.30579,443.49,524.89,0,438.14,552.81,449.17,495.16,-0.0028248,0.00095714,-1.578,0.0097931,9.1553e-05
2950,2951,3,-0.15131,452.45,507.96,0,433.02,513.21,473.13,502.37,0.0029312,0.00053845,-0.80246,0.013588,9.1553e-05
2951,2952,1,-0.25685,364.57,445.86,0,353.22,479.56,378.28,405.18,-0.018295,0.00048666,-1.6824,0.019489,6.1035e-05
2952,2953,2,-0.22471,495.98,587.02,0,482.18,635.85,508.95,541.15,-0.010043,0.00021119,-1.2443,0.037489,9.1553e-05
2953,2954,3,-0.16564,476.48,561.83,0,462.86,583.83,495.15,531.68,0.0028806,0.00017398,-0.94092,0.022691,9.1553e-05
2954,2955,1,-0.24595,334.35,430.21,0,317.39,476.58,357.6,366.66,0.028369,0.00063341,-1.7797,0.017544,6.1035e-05
2955,2956,2,-0.2035,473.54,523.84,0,453.38,573,490.24,483.1,0.0072431,0.00032657,-1.1747,0.045476,6.1035e-05
2956,2957,1,-0.38538,543.95,659.61,0,518.47,703.66,578.86,599.24,-0.0026163,0.0032232,-1.7799,0.07107,0.00012207
2957,2958,3,-0.17488,548.08,580.3,0,539.29,611.23,554.09,559.14,-0.0095658,0.0012743,-1.079,0.046481,0.00018311
2958,2959,2,-0.20667,446.88,524.23,0,436.49,557.51,458.66,486.51,-0.0023408,0.00023495,-1.4311,0.043177,0.00012207
2959,2960,3,-0.17079,534.31,588.86,0,516.55,633.88,547.27,556.01,0.0094967,0.00026047,-1.0236,0.025866,0.00012207
2960,2961,3,-0.16284,493.11,537.39,0,485.73,561.53,500.04,514.72,0.0086229,0.00026986,-1.1425,0.02327,9.1553e-05
2961,2962,0,-0.55004,361.42,474.33,0,344.44,524.97,383.24,409.22,0.014949,0.0023946,-1.8205,-0.010135,3.0518e-05
2962,2963,0,-0.55793,362.6,473.01,0,345.4,528.52,386.16,396.93,0.021466,0.0015162,-1.8821,0.016342,6.1035e-05
2963,2964,2,-0.2287,510.19,586.83,0,503.75,619.03,517.48,550.34,-0.0073618,0.00056315,-1.4173,0.017065,6.1035e-05
2964,2965,0,-0.59316,393.1,536.09,0,374.51,600.86,415.55,457.91,0.0011637,0.0034646,-1.7413,0.0011806,3.0518e-05
2965,2966,3,-0.1629,487.88,550.73,0,468.42,589.22,508.6,509.75,0.0010828,0.00041056,-1.2421,0.01426,9.1553e-05
2966,2967,0,-0.53478,352.28,464.45,0,334.84,521.93,370.85,403.27,-0.010313,0.0020271,-1.8009,0.019179,6.1035e-05
2967,2968,2,-0.23362,518.04,594.19,0,509.74,641.7,525.84,549.57,0.0011001,0.00046511,-1.4373,0.028594,0.00012207
2968,2969,1,-0.37268,520.78,642.97,0,506.29,687.03,541.96,578.59,0.0016944,0.0025597,-1.7661,0.0073516,0.00012207
2969,2970,1,-0.27833,414.71,490.5,0,406.1,557.97,421,441.27,-0.015639,0.0014827,-1.8943,0.012354,6.1035e-05
2970,2971,1,-0.33519,479.16,579.88,0,464.83,624.05,495.41,529.83,-0.0088687,0.00099377,-1.8425,0.013488,6.1035e-05
2971,2972,2,-0.20454,457.9,536.76,0,447.52,577.13,467.66,498.83,-0.0078056,0.00072182,-1.6777,0.050993,9.1553e-05
2972,2973,2,-0.21748,513.19,578.06,0,492.77,648.64,530.11,519.58,-0.013992,0.00031886,-1.6025,0.019797,9.1553e-05
2973,2974,2,-0.21134,499.33,561.59,0,478.42,598.3,515.59,533.03,0.0057275,0.00017461,-1.4081,0.020069,6.1035e-05
2974,2975,1,-0.28946,413.1,500.11,0,401.43,544.05,427.18,447.08,-0.011872,0.00043751,-1.9362,0.012645,6.1035e-05
2975,2976,2,-0.17267,383.51,450.93,0,374.46,477.76,392.02,425.74,5.7257e-05,0.00059549,-1.6823,0.017349,6.1035e-05
2976,2977,1,-0.29891,429.94,521.58,0,413.13,551.63,450.22,485.31,-0.007739,0.0027439,-1.7097,0.035263,6.1035e-05
2977,2978,2,-0.21625,485.84,545.63,0,473.24,592.88,498.43,498.38,0.0048513,0.00067938,-1.5639,0.026914,6.1035e-05
2978,2979,0,-0.56456,362.77,471.43,0,344.3,524.47,386.51,403.23,0.000367,0.0027326,-1.4228,0.0035728,6.1035e-05
2979,2980,2,-0.20791,473.36,528.97,0,460.63,589.93,482.64,484.49,-0.014029,0.00032812,-1.3241,0.032395,9.1553e-05
2980,2981,2,-0.20334,460.87,518.56,0,454.8,565.01,467.75,465.93,-0.0094102,0.00030395,-1.7178,0.020042,9.1553e-05
2981,2982,0,-0.47642,334.8,429.39,0,311.04,495.32,358.55,363.45,-0.0081227,0.00036425,-2.2041,0.0090583,6.1035e-05
2982,2983,2,-0.18981,420.86,497.1,0,403.01,522.43,438.71,471.77,-0.00011382,0.00040655,-1.3448,0.017402,6.1035e-05
2983,2984,0,-0.48207,348.05,429.28,0,324.6,494.57,371.5,363.99,-0.0010272,0.00067021,-1.9374,-0.0043344,6.1035e-05
2984,2985,3,-0.17428,500.2,587.24,0,487.63,620.27,512.77,554.22,0.00028502,0.00022282,-1.0163,0.017896,9.1553e-05
2985,2986,3,-0.18756,544.27,628.65,0,527.79,665.13,568.37,575.34,0.0031493,0.00023939,-1.0261,0.017747,0.00012207
2986,2987,0,-0.48717,336.16,425.38,0,320.44,484.47,351.87,366.29,-0.0034932,0.0020599,-1.8944,0.0059714,6.1035e-05
2987,2988,0,-0.50406,322.58,440.07,0,309.13,493.53,338.81,375.54,-0.0092844,0.00087932,-1.7272,0.027062,6.1035e-05
2988,2989,3,-0.15519,456.65,532.03,0,444.51,555.17,468.05,510.3,0.0098211,0.00013672,-1.0607,0.020285,9.1553e-05
2989,2990,2,-0.2263,498.13,589.61,0,490.72,626.81,505.54,552.42,0.0012896,0.00024026,-1.3325,0.044706,0.00012207
2990,2991,0,-0.75858,431.04,561.28,0.14062,403.51,654.05,452.45,489.12,-0.018094,0.12225,-1.7942,-0.00012712,6.1035e-05
2991,2992,2,-0.20364,465.25,533.26,0,446.52,596.16,478.92,487.36,-0.0051648,0.0013613,-1.5445,0.011403,9.1553e-05
2992,2993,1,-0.23043,348.86,407.2,0,328.91,455.3,361.65,376.37,-0.0043988,0.0015771,-2.1802,0.0056366,6.1035e-05
2993,2994,1,-0.31708,451.27,542.48,0,435.4,587.97,469.26,490.92,-0.0047635,0.00086571,-1.7752,0.020188,6.1035e-05
2994,2995,2,-0.21762,496.94,563.11,0,486.39,614.27,505.14,523.31,-0.0026839,0.00025049,-1.5745,0.029484,6.1035e-05
2995,2996,2,-0.20431,466.67,539.06,0,452.21,586.69,474.25,514.11,0.0032046,0.00018318,-1.5219,0.022133,6.1035e-05
2996,2997,3,-0.16254,486.98,547.1,0,471.66,577.71,502.31,516.49,0.0025037,0.00014047,-0.97446,0.034025,0.00012207
2997,2998,0,-0.72751,408.38,536.48,0.10938,388.71,599.49,432.12,460.44,-0.024969,0.064402,-1.9065,0.059527,6.1035e-05
2998,2999,1,-0.30684,436.17,523.5,0,427.72,574.87,447.05,457.44,-0.0052082,0.00094476,-1.6278,0.01747,9.1553e-05
2999,3000,2,-0.22278,489.41,573.7,0,472.42,612.29,508.68,529.97,0.0023851,0.00049969,-1.2543,0.025831,6.1035e-05
3000,3001,1,-0.28539,425.07,485.06,0,406.15,546.71,439.78,437.11,-0.0043888,0.0015694,-1.7745,0.0070059,6.1035e-05
3001,3002,0,-0.58788,404.74,531.57,0,372.18,607.48,431.71,468.67,0.0063361,0.0034397,-2.0254,0.0093758,6.1035e-05
3002,3003,2,-0.21484,489.34,561.02,0,464.01,606.15,506.67,530.14,-0.0067852,0.0004324,-1.2142,0.038027,9.1553e-05
3003,3004,2,-0.21294,470.52,535.75,0,461.07,568.75,478.86,506.63,-0.01419,0.0003221,-1.405,0.018619,9.1553e-05
3004,3005,1,-0.31261,450.03,546.4,0,430.68,571.8,473.38,515.74,-0.0048475,0.00062803,-1.8988,0.0080918,6.1035e-05
3005,3006,2,-0.20594,445.61,515.48,0,438.16,540.31,454.59,485.52,-0.0056578,0.00019579,-1.3487,0.01149,6.1035e-05
3006,3007,2,-0.25276,550.17,643.13,0,536.93,670.95,569.52,602.46,0.00029352,0.00042343,-1.3063,0.022854,0.00012207
3007,3008,3,-0.16671,497.59,565.31,0,486.77,589.99,507.13,543.54,0.0044979,0.00041646,-1.0087,0.010267,0.00012207
3008,3009,3,-0.1681,503.92,574.83,0,477.37,615.45,530.47,534.21,0.00056857,0.00032177,-1.1093,0.022757,9.1553e-05
3009,3010,3,-0.17538,519.05,579.89,0,502.41,609.6,537.9,546.21,0.007958,0.00019866,-0.83391,0.015497,0.00012207
3010,3011,3,-0.18037,546.71,609.39,0,523.38,645.67,570.04,573.12,0.0019452,0.00012658,-0.93732,0.0094624,0.00012207
3011,3012,0,-0.61074,392.35,543.2,0,372.82,596.68,415.93,478.65,-0.023196,0.0018316,-1.9723,0.017748,3.0518e-05
3012,3013,1,-0.31216,436.75,536.82,0,430.47,559.38,447.22,499.22,-0.006034,0.00055312,-1.5414,0.047356,6.1035e-05
3013,3014,2,-0.20927,480.72,544.93,0,465.13,582.22,494.48,512.02,-0.019566,0.00021138,-1.3842,0.029939,6.1035e-05
3014,3015,0,-0.58747,398.12,525.66,0,375.52,601.22,418.07,458.98,-0.0094032,0.0021025,-1.923,0.0091517,6.1035e-05
3015,3016,0,-0.61208,403.75,540.6,0.015625,374.38,596,429.66,491.72,-0.0010734,0.01292,-1.843,0.023794,6.1035e-05
3016,3017,0,-0.49176,348.29,436.86,0,326.37,511.02,365.34,379.18,-0.0066204,0.0061837,-1.7975,0.010481,6.1035e-05
3017,3018,2,-0.21856,451.06,561.3,0,442,587.24,468.37,511.78,-0.007108,0.00021668,-1.2767,0.0096791,6.1035e-05
3018,3019,2,-0.2146,477.32,548.29,0,456.01,585.98,496.13,515.04,-0.0048864,0.00012021,-1.1725,0.020095,9.1553e-05
3019,3020,3,-0.17256,531.38,586.85,0,513.16,628.03,543.06,560.46,0.020702,0.00018508,-0.92521,0.015449,0.00012207
3020,3021,3,-0.17068,512.25,563.61,0,497.09,591.42,528.39,533.99,0.001351,0.00010198,-0.94618,0.018401,0.00012207
3021,3022,3,-0.17366,560.96,601.8,0,520.81,649.02,581.99,577.06,0.0014679,0.00015084,-0.94391,0.015343,0.00018311
3022,3023,3,-0.16255,505.48,552.53,0,476.43,602.1,525.36,518.61,0.015194,0.00014838,-1.1225,0.028037,0.00012207
3023,3024,2,-0.19982,461.26,512.13,0,444.45,548.16,473.53,485.84,0.0022918,0.0002503,-1.3563,0.013415,9.1553e-05
3024,3025,1,-0.34741,523.63,599.46,0,498.57,640.65,536.75,577.88,-0.0085572,0.0015252,-1.8259,0.020216,0.00012207
3025,3026,3,-0.16795,487.93,562.84,0,475.92,595.52,504.39,518.05,0.010993,0.00069626,-1.0151,0.019952,9.1553e-05
3026,3027,2,-0.21451,466.57,532.8,0,456.2,549.43,480.78,510,-0.0080322,0.00027593,-1.4946,0.018311,0.00012207
3027,3028,3,-0.13868,414.44,482.94,0,402.39,499.05,423.23,471.18,0.0061732,0.00024773,-0.98092,0.01967,9.1553e-05
3028,3029,1,-0.25097,366.3,437.77,0,351.55,488.41,378.53,395.82,0.0024556,0.00069441,-1.4718,0.017834,6.1035e-05
3029,3030,2,-0.22627,508.49,571.19,0,491.32,612.25,525.67,530.14,-0.0034492,0.00056205,-1.3356,0.0032255,0.00012207
3030,3031,1,-0.26406,384.51,445.19,0,363.61,487.84,398.8,416.01,-0.012988,0.00048812,-1.7876,0.015763,6.1035e-05
3031,3032,2,-0.20856,486.06,542.74,0,456.13,568.84,506.54,524.88,-0.0026346,0.00023125,-1.728,0.012498,9.1553e-05
3032,3033,3,-0.16104,487.02,535.11,0,468.18,561.71,508.37,504.96,-0.0043212,0.00017601,-1.1329,0.029841,0.00012207
3033,3034,2,-0.20377,467.64,523.36,0,455.64,558.51,477.59,494.23,0.0036298,0.00017193,-1.3947,0.020315,9.1553e-05
3034,3035,3,-0.16118,478.03,545.67,0,465.77,567.54,491.08,522.38,-0.00075785,8.8949e-05,-1.134,0.0083608,9.1553e-05
3035,3036,2,-0.24175,533.37,617.8,0,514.94,657.32,557.07,566.99,-0.0012339,0.00027075,-1.4882,0.01918,6.1035e-05
3036,3037,3,-0.17254,520.98,584.19,0,495.09,626.43,539.87,553.38,-0.0034854,0.00011341,-1.0769,0.01402,0.00012207
3037,3038,1,-0.26119,381.07,446.47,0,377.23,474.36,384.91,418.57,0.0026449,0.0006832,-1.6843,0.033665,6.1035e-05
3038,3039,0,-0.63892,431.18,559.96,0,412.06,629.46,451.54,485.97,-0.016133,0.0025903,-1.9714,0.0061808,6.1035e-05
3039,3040,0,-0.46464,319.08,408.02,0,297.21,468.06,337.21,358.28,-0.018194,0.004678,-1.9222,0.0011324,3.0518e-05
3040,3041,1,-0.33205,480.7,581.87,0,461.79,625.95,499.61,537.79,-0.0080314,0.0012196,-1.8856,0.019892,9.1553e-05
3041,3042,3,-0.16568,500.13,579.26,0,483,618.06,517.26,540.45,0.0023227,0.00034835,-1.1006,0.037368,0.00012207
3042,3043,3,-0.17604,509.46,598.52,0,499.45,642.28,523.19,538.56,0.0027834,0.00018346,-1.06,0.030268,0.00012207
3043,3044,1,-0.20957,321.84,368.79,0,310.95,461.11,328.82,309.61,-0.0073086,0.0014241,-1.8431,0.011431,3.0518e-05
3044,3045,3,-0.16753,499.19,574.57,0,479,601.5,514.9,553.63,0.00093667,0.0001918,-1.1573,0.024234,0.00012207
3045,3046,3,-0.15842,473.45,567.8,0,449.46,595.09,502.4,534.86,0.0030165,0.00012575,-1.2006,0.011157,9.1553e-05
3046,3047,3,-0.16194,490.96,560.04,0,480.3,598.21,499.79,528.41,0.0027987,0.00016165,-0.9962,0.025034,9.1553e-05
3047,3048,0,-0.7407,401.74,525.94,0.14062,385.41,596.41,420.25,446.08,-0.011337,0.087993,-1.9012,0.051581,6.1035e-05
3048,3049,0,-0.55294,392.4,493.06,0,370.12,568.7,409.74,434.23,0.0050008,0.0025659,-1.921,0.015533,6.1035e-05
3049,3050,1,-0.29022,419.75,498.25,0,413.24,546.24,425.87,453.16,-0.0066062,0.00081311,-2.049,0.015553,6.1035e-05
3050,3051,2,-0.21308,475.27,559.41,0,461.71,614.62,486.51,513.67,-0.022368,0.00026787,-1.4317,0.097158,9.1553e-05
3051,3052,1,-0.28375,409.91,508.67,0,401.56,542.39,419.98,467.98,-0.0038159,0.00056656,-2.1355,0.045625,9.1553e-05
3052,3053,1,-0.28913,431.01,509.17,0,422.19,532.17,441.01,483.09,-0.0051333,0.00051075,-1.7277,0.032097,9.1553e-05
3053,3054,0,-0.61305,396.27,546.12,0,375.21,614.8,421.68,463.22,0.016079,0.0038374,-2.0756,0.013849,6.1035e-05
3054,3055,2,-0.21751,490.45,556.33,0,470.55,576.52,511.64,534.83,-0.020238,0.00041279,-1.2979,0.032141,6.1035e-05
3055,3056,1,-0.28392,410.41,486.96,0,391.69,544.83,425.92,439.02,-0.0024179,0.0005851,-1.4824,0.011496,6.1035e-05
3056,3057,1,-0.26956,380.12,464.56,0,365.61,490.33,400,429.25,-0.014809,0.00076494,-1.8466,0.070853,6.1035e-05
3057,3058,0,-0.54304,344.49,463.06,0,328.91,517.22,364.53,393.43,0.024498,0.0027871,-1.8586,0.0068852,3.0518e-05
3058,3059,1,-0.29572,413.26,518.12,0,402.38,556.77,428.18,465.14,-0.0095828,0.00078524,-1.8378,0.025523,9.1553e-05
3059,3060,1,-0.23389,347.48,407.6,0,338.73,443.3,353.87,381.55,-0.026338,0.00082749,-1.7925,0.02397,6.1035e-05
3060,3061,0,-0.61583,395.17,525.92,0,373.9,588.01,422.52,446.1,-0.0036202,0.0050407,-2.1415,0.0054886,6.1035e-05
3061,3062,0,-1.3432,389.63,504.49,0.75,364.75,555.43,417.83,446.75,-0.010779,0.57389,-1.7025,0.077775,6.1035e-05
3062,3063,1,-0.31605,461.75,542.84,0,444.46,580.2,476.08,511.88,-0.0062781,0.010851,-1.7606,0.012734,6.1035e-05
3063,3064,3,-0.14317,431.32,482.34,0,421.15,497.57,439.24,470.5,-0.0054437,0.0015254,-1.1935,0.013382,0.00012207
3064,3065,1,-0.26143,373.65,445.78,0,359.17,474.63,390.06,413.09,0.0012978,0.0045281,-1.9367,0.0099128,6.1035e-05
3065,3066,1,-0.35074,504.65,591.28,0,487.6,634.3,523.98,542.53,0.002805,0.0016978,-1.8596,0.013345,9.1553e-05
3066,3067,1,-0.24331,350.68,411.48,0,340.1,438.64,360.62,385.97,-0.012727,0.0034317,-1.5134,0.01823,6.1035e-05
3067,3068,0,-0.55895,375.48,480.13,0,362.13,551.67,388.02,412.93,-0.020562,0.028131,-2.0953,0.015475,6.1035e-05
3068,3069,0,-0.54351,358.22,461.78,0,341.49,523.57,374.96,399.98,0.012076,0.0073431,-2.0078,0.025311,6.1035e-05
3069,3070,0,-0.6023,388.44,499.81,0,374.08,558.69,406.9,424.12,-0.0029621,0.012345,-1.8722,0.0060139,6.1035e-05
3070,3071,2,-0.18919,425.52,483.76,0,402.71,499.69,445.65,469.71,-0.016385,0.0043833,-1.1756,0.040487,6.1035e-05
3071,3072,2,-0.24189,558.48,606.07,0,537.63,649.09,571.85,578.5,0.032305,0.0010008,-1.1306,0.044274,0.00012207
3072,3073,1,-0.29005,429.28,497.61,0,420.05,541.39,441.14,441.31,0.0073962,0.00055329,-1.6477,0.012442,6.1035e-05
3073,3074,2,-0.19565,438.36,492.42,0,417.92,503.76,461.52,479.57,0.0053783,0.00029843,-1.2857,0.0062475,9.1553e-05
3074,3075,0,-0.51529,331.01,441.59,0,318.06,485.87,346.63,388.15,-0.0043784,0.015202,-1.8428,0.011734,3.0518e-05
3075,3076,2,-0.19587,439.43,493.35,0,421.38,539.92,455.35,452.25,-0.0098418,0.0010015,-1.3108,0.018784,9.1553e-05
3076,3077,3,-0.15474,445.76,532.45,0,432.1,545.25,462.26,517,0.0039549,0.0002238,-0.97912,0.020733,9.1553e-05
3077,3078,1,-0.35263,515.19,597.97,0,488.5,627.93,545.45,564.02,-0.0010302,0.0038008,-1.745,0.019375,0.00012207
3078,3079,3,-0.15522,444.91,500.13,0,430.66,511.44,463.23,485.59,-0.015747,0.00071931,-1.0446,0.023056,6.1035e-05
3079,3080,1,-0.31974,465.09,535.19,0,449.04,571.32,483.29,494.24,0.0078059,0.0015472,-1.7823,0.011747,6.1035e-05
3080,3081,0,-1.2857,452.67,580.03,0.60938,433.74,662.41,467.39,515.96,-0.012638,0.59931,-2.1043,0.071339,6.1035e-05
3081,3082,3,-0.18126,532.48,621.16,0,525.73,635.65,538.82,607.55,0.0016153,0.0037594,-0.98826,0.01369,0.00012207
3082,3083,1,-0.27948,381.74,471,0,378.91,493.09,387.55,425.76,0.0086544,0.0031688,-1.5544,0.050609,6.1035e-05
3083,3084,0,-0.54917,378.48,480.97,0,356.62,544.86,395.48,431.27,-0.0075416,0.020811,-2.0937,0.0021594,6.1035e-05
3084,3085,3,-0.16824,485.01,555.37,0,476.81,573.72,494.89,533.23,0.010495,0.0018582,-1.068,0.013916,0.00012207
3085,3086,0,-0.59439,383.85,496.62,0,367.53,543.65,406.21,432.18,0.011722,0.0031281,-2.1076,0.014412,6.1035e-05
3086,3087,3,-0.17489,533.97,588.47,0,517.55,613.84,547.58,567.45,0.008335,0.00033843,-0.95584,0.042075,0.00012207
3087,3088,0,-0.4932,332.1,424.83,0,312.13,475.88,350.86,376.88,-0.014843,0.0030867,-1.9083,0.027714,6.1035e-05
3088,3089,3,-0.16511,475.72,538.51,0,464.18,546.22,492.58,527.23,-0.00035927,0.00044099,-1.0281,0.027968,9.1553e-05
3089,3090,3,-0.1691,477.92,563.71,0,466.83,585.08,496.38,528.08,-0.004006,0.00021836,-0.932,0.018402,6.1035e-05
3090,3091,3,-0.15655,459.96,515.72,0,455.9,533.62,463.76,498.89,0.0014599,0.00015423,-1.0527,0.014942,9.1553e-05
3091,3092,0,-0.51242,367.53,448.3,0,343.99,524.12,383.63,396.43,-0.0088449,0.003272,-2.1986,0.07569,6.1035e-05
3092,3093,1,-0.26297,383.69,457.87,0,363.94,500.84,404.73,412.13,-0.0074692,0.00082759,-1.7003,0.021609,6.1035e-05
3093,3094,3,-0.17614,523.93,595.05,0,512.61,607,538.49,579.68,0.0084922,0.00041522,-0.93881,0.025516,0.00012207
3094,3095,0,-0.51684,349,442,0,328.16,502.7,368.57,384.98,-0.0083077,0.0008995,-2.1666,0.0052473,3.0518e-05
3095,3096,2,-0.23611,519.32,585.8,0,504.67,600.6,538.16,566.77,-0.0027617,0.00057754,-1.3178,0.010499,0.00012207
3096,3097,3,-0.16903,505.38,583.01,0,486.54,613.35,520.03,559.41,-0.0032206,0.00025929,-1.0652,0.016831,6.1035e-05
3097,3098,1,-0.24481,360.1,422.37,0,347.24,459.86,368.33,398.34,0.0037337,0.0015049,-1.474,0.012113,6.1035e-05
3098,3099,3,-0.16848,493.96,567.14,0,478.83,583.15,508.17,552.11,-0.0083224,0.00043828,-0.95758,0.014791,0.00012207
3099,3100,3,-0.18148,525.73,608.82,0,512.28,626.49,545.37,583,0.0021065,0.00017152,-0.80332,0.013672,9.1553e-05
3100,3101,0,-0.57178,382.92,496.79,0,362.27,559.54,406.33,425.66,-0.010211,0.0023971,-2.0068,0.0042937,6.1035e-05
3101,3102,2,-0.23172,498.71,563.53,0,495.14,599.63,504.27,507.2,-0.0040299,0.00018664,-1.2548,0.014303,0.00012207
3102,3103,0,-0.67353,415.97,538.1,0.03125,396.65,593.29,439.29,471.5,-0.006627,0.02719,-1.9052,0.048226,6.1035e-05
3103,3104,1,-0.29436,425.42,509.66,0,415.36,540.97,435.49,478.34,-0.0038491,0.0009506,-1.4986,0.012416,6.1035e-05
3104,3105,0,-0.53162,397.43,476.42,0,371.11,560.59,413.23,425.91,-0.00038755,0.0044973,-1.9161,0.015598,6.1035e-05
3105,3106,3,-0.18666,562.09,631.43,0,531.06,664.97,591.23,599.93,0.0053823,0.00055955,-1.0204,0.01541,0.00012207
3106,3107,0,-0.48899,355.1,428.79,0,333.84,486.12,372.72,381.3,-0.008095,0.0043233,-1.7011,0.018469,3.0518e-05
3107,3108,1,-0.24948,353.05,436.05,0,336.95,475.68,370.2,393.86,-0.00098257,0.0005603,-1.3902,0.01839,6.1035e-05
3108,3109,1,-0.31552,455.3,531.62,0,439.27,563.2,473.46,495.82,-0.0073698,0.0020799,-1.4962,0.033209,6.1035e-05
3109,3110,1,-0.23333,358.8,406.12,0,330.61,479.21,378.09,356.11,-0.0019944,0.00073299,-1.8021,0.0044694,6.1035e-05
3110,3111,2,-0.21277,478.58,565.03,0,473.24,612.27,482.74,528.29,0.0063053,0.00024011,-1.1447,0.037879,9.1553e-05
3111,3112,1,-0.27828,404.93,486.84,0,389.75,505.93,425.73,460.67,0.0082007,0.0014939,-1.6518,0.034213,6.1035e-05
3112,3113,2,-0.20098,471.2,517.45,0,448.86,547.87,487.51,495.26,-0.00026816,0.00041111,-1.3988,0.016366,6.1035e-05
3113,3114,2,-0.22218,490.33,557.65,0,477.59,597.83,503.06,517.47,-0.00094257,0.00019004,-1.2626,0.0055232,0.00012207
3114,3115,1,-0.28445,411.03,479.54,0,391.45,522.16,430.62,436.91,-0.0026674,0.0005489,-1.7051,0.0084108,6.1035e-05
3115,3116,3,-0.15085,456.57,517.35,0,459.94,549.18,454.11,494.12,0.0056959,0.0004497,-1.0914,0.013295,9.1553e-05
3116,3117,0,-0.39297,257.98,342.78,0,244.37,396.42,273.4,281.98,-0.0043208,0.0090632,-1.5965,0.01857,3.0518e-05
3117,3118,3,-0.16909,496.7,566.39,0,473.62,589.33,530.42,532.85,0.0065727,0.00097562,-0.88169,0.023781,0.00012207
3118,3119,1,-0.29895,429.2,519.41,0,418.01,559.98,441.87,473.44,-0.0085313,0.0015528,-1.5815,0.016319,9.1553e-05
3119,3120,3,-0.18412,564.57,623.18,0,546.07,667.12,577.24,593.12,0.00086934,0.00048368,-1.0819,0.011738,0.00012207
3120,3121,2,-0.21131,468.48,549.71,0,458.2,591.96,480.13,501.82,-0.0070824,0.00022751,-1.3668,0.020799,9.1553e-05
3121,3122,2,-0.18972,420.2,475.85,0,413.14,518.96,428.2,427,0.0041525,0.0002547,-1.4657,0.019891,9.1553e-05
3122,3123,3,-0.14932,437.42,518.25,0,433.74,549.97,440.47,491.98,0.014786,0.00018062,-1.0122,0.021011,9.1553e-05
3123,3124,2,-0.20618,458.94,535.99,0,434.75,579.96,486.35,486.16,-0.0049044,0.00022868,-1.4832,0.020478,6.1035e-05
3124,3125,0,-0.51619,371.02,474.03,0,347.87,554.09,385.86,422.71,-0.0017166,0.0062505,-2.0233,0.0052476,3.0518e-05
3125,3126,0,-0.4964,326.86,434.13,0,306.94,498.1,352.47,351.89,-0.011919,0.0016257,-1.6762,0.0031549,3.0518e-05
3126,3127,0,-0.40305,278.61,365.58,0,260.64,435.48,292.59,311.2,-0.0039839,0.0051501,-1.5097,0.009292,3.0518e-05
3127,3128,3,-0.1678,501.12,590.18,0,465.16,622.14,527.36,566.86,-0.0019464,0.00021942,-1.0474,0.01555,6.1035e-05
3128,3129,0,-0.49288,308.63,415.76,0,294.43,465.28,329.39,343.37,-0.0014012,0.00057493,-1.8232,0.0035408,3.0518e-05
3129,3130,3,-0.16757,519.82,577.59,0,500.06,616.4,539.57,538.78,0.0085365,0.00014978,-1.1313,0.043602,0.00012207
3130,3131,2,-0.21707,481.4,561.97,0,469.72,590.14,499.63,518.03,0.0039993,0.00025058,-1.4273,0.023921,9.1553e-05
3131,3132,1,-0.28169,414.5,475.85,0,407.39,507.85,420.03,450.97,0.0073104,0.00054552,-1.8168,0.016605,6.1035e-05
3132,3133,2,-0.20155,468.97,534.17,0,449.09,578.73,481.71,505.6,-0.003001,0.00028856,-1.3471,0.05397,9.1553e-05
3133,3134,3,-0.17974,538.73,603.35,0,519.94,646.11,556.39,563.18,-0.0032306,0.00022649,-0.95687,0.022512,0.00012207
3134,3135,3,-0.18956,552.61,621.44,0,541.17,639.66,569.32,594.8,0.01625,0.00015428,-0.80122,0.038349,0.00012207
3135,3136,3,-0.19105,564.47,643.22,0,555.89,677.9,573.6,606.31,-0.00060433,0.00012857,-0.83027,0.010655,0.00012207
3136,3137,0,-0.64375,427.26,553.97,0,408.41,622.71,447.33,480.8,-0.012865,0.01051,-1.9843,0.005967,6.1035e-05
3137,3138,3,-0.15745,477.13,542.44,0,457.75,582.13,488,520.17,0.00040938,0.00069816,-1.1564,0.033645,0.00012207
3138,3139,0,-0.57471,375.92,499.2,0,354.82,556.92,397.01,441.49,-0.0048749,0.00086391,-1.8393,0.012599,3.0518e-05
3139,3140,1,-0.26638,392.89,450.58,0,381.47,489.42,401.77,420.37,-0.0072366,0.00081039,-1.7328,0.0054544,6.1035e-05
3140,3141,1,-0.31001,434.22,525.48,0,428.28,550.11,442.91,489.48,-0.0012319,0.0011937,-1.6923,0.019622,6.1035e-05
3141,3142,1,-0.22765,323.74,372.95,0,306.12,425.16,346.39,305.81,-0.0022072,0.002329,-1.7988,0.0087776,6.1035e-05
3142,3143,3,-0.16838,502.32,535.19,0,488.71,566.25,518.75,497.7,0.0018751,0.00035291,-1.2541,0.026619,0.00012207
3143,3144,0,-0.4698,325.82,410.47,0,306.81,475.02,340.6,360.27,-0.01262,0.0016965,-1.7187,0.00010383,6.1035e-05
3144,3145,2,-0.22327,490.16,572.67,0,471.1,608.95,513.17,528.88,0.0097838,0.00059754,-1.3936,0.019383,9.1553e-05
3145,3146,2,-0.2162,485.45,566.74,0,467.32,601.64,507.33,524.62,0.00067111,0.00024544,-1.3316,0.025136,9.1553e-05
3146,3147,3,-0.17569,506.35,580.39,0,495.54,589.16,524.36,565.77,0.0039911,0.00017575,-1.104,0.015473,0.00012207
3147,3148,0,-0.47597,342.67,412.52,0,323.88,471.5,359.25,360.48,0.0054198,0.0012703,-1.9139,-0.003024,3.0518e-05
3148,3149,1,-0.28177,414.34,475.55,0,402.69,508.82,427.56,437.84,-0.018394,0.00064851,-1.6774,0.040013,6.1035e-05
3149,3150,3,-0.14245,440.36,491.12,0,423.57,525.22,452.61,466.24,-0.003057,0.00032909,-1.4093,0.041707,9.1553e-05
3150,3151,1,-0.33187,499.47,557.26,0,484.01,577.41,513.99,538.32,-0.011001,0.0024512,-1.9355,0.0067921,6.1035e-05
3151,3152,2,-0.20192,467.46,518.77,0,450.79,565.5,476.81,492.55,-0.010566,0.00019411,-1.4566,0.016513,0.00012207
3152,3153,3,-0.16801,534.95,576.05,0,518.68,637.02,544.07,541.85,0.0040325,0.00014149,-1.1824,0.028873,0.00012207
3153,3154,3,-0.16957,488,564.56,0,474.61,582.17,515.41,528.49,-0.00067982,0.00017091,-0.9064,0.024162,0.00012207
3154,3155,1,-0.20796,302.08,347.63,0,287.55,391.45,317.54,300.98,-0.002969,0.001092,-1.4714,0.010565,3.0518e-05
3155,3156,1,-0.31445,458.26,544.64,0,452.91,600.48,463.61,488.8,-0.0032462,0.0019862,-1.8406,0.0049736,9.1553e-05
3156,3157,0,-0.54291,360.04,472.85,0,340.38,542.65,378.52,407.28,-0.017414,0.0017691,-1.93,0.021008,6.1035e-05
3157,3158,1,-0.31602,462.76,554.2,0,452.86,592.53,474.7,507.95,-0.0018709,0.0011104,-1.6851,0.0091722,6.1035e-05
3158,3159,3,-0.16737,525.85,572.45,0,487.2,600.12,549.03,555.85,-0.0018624,0.00074763,-1.1809,0.033904,0.00012207
3159,3160,3,-0.15085,459.89,502.05,0,438.09,524.33,483.09,478.34,-0.0057263,0.00029727,-1.2325,0.038181,9.1553e-05
3160,3161,1,-0.3387,490.65,571.71,0,472.8,644.94,505.44,511.03,-0.0040553,0.0013106,-1.7176,0.014018,6.1035e-05
3161,3162,1,-0.22129,324.34,375.02,0,296.77,435.39,348.66,321.75,-0.0043057,0.0020606,-1.8513,0.011908,6.1035e-05
3162,3163,0,-0.48755,331.59,408.61,0,315.52,457.9,350.99,349.12,-0.0099192,0.0030072,-1.7187,0.014936,3.0518e-05
3163,3164,1,-0.26233,355.92,441.93,0,340.28,493.91,381.97,355.28,-0.0036898,0.00089589,-1.5263,0.014688,6.1035e-05
3164,3165,3,-0.17477,538.52,565.28,0,521.92,588.98,557.33,538.41,0.00077809,0.0003683,-1.3163,0.011553,0.00012207
3165,3166,1,-0.27148,398.27,462.45,0,375.09,515.94,418.72,415.25,0.0041077,0.00088439,-1.8208,0.021587,6.1035e-05
3166,3167,2,-0.21991,484.28,549.83,0,479.19,588.46,491.26,496.89,-0.00049649,0.00052695,-1.5535,0.018669,6.1035e-05
3167,3168,3,-0.15186,451.77,525.68,0,444.86,556.11,459.6,491.18,-0.0039692,0.00044086,-1.3177,0.022293,9.1553e-05
3168,3169,1,-0.3233,471.07,549.07,0,459.98,579.92,486.25,506.79,-0.027465,0.0020953,-1.7408,0.029285,6.1035e-05
3169,3170,3,-0.15526,473.05,508.02,0,467.16,545.29,477.93,477.14,0.0054942,0.00049758,-1.3484,0.023032,9.1553e-05
3170,3171,0,-0.62285,406.56,542.1,0,389.19,601.88,425.05,478.46,-0.005135,0.004608,-2.1195,0.024886,6.1035e-05
3171,3172,3,-0.16398,504.37,561.48,0,489.8,589.48,515,541.05,-0.0023338,0.0002358,-1.2922,0.014024,6.1035e-05
3172,3173,3,-0.16772,508.88,554.79,0,493.49,579.8,525.26,528.15,-0.0073018,0.0003108,-1.2055,0.025839,0.00012207
3173,3174,1,-0.2707,403.79,457.01,0,387.5,479.05,419.1,436.31,0.0043033,0.00061841,-1.7835,0.0042856,3.0518e-05
3174,3175,1,-0.2541,340.71,422.28,0,329.48,479.11,357.12,339.23,-0.0096571,0.0011935,-1.6762,0.012956,6.1035e-05
3175,3176,1,-0.23899,351.08,404.5,0,338.39,425.64,364.59,381.99,-0.010184,0.00061534,-1.7439,0.0010459,3.0518e-05
3176,3177,2,-0.21424,489.2,545.3,0,470.89,564.92,505.36,527.98,-0.0073614,0.00036864,-1.5551,0.031917,6.1035e-05
3177,3178,0,-0.48903,330.76,415.45,0,310.55,486.61,348.59,352.67,-0.0047517,0.0033921,-1.8307,0.00042389,6.1035e-05
3178,3179,2,-0.23834,550.63,586.38,0,530.09,615.55,571.17,557.21,-0.014495,0.00038268,-1.7282,0.026059,0.00012207
3179,3180,1,-0.2651,388.09,461.34,0,374.46,484.6,403.53,434.99,-0.0037864,0.00050141,-1.7097,0.011379,6.1035e-05
3180,3181,2,-0.22622,513.17,583.2,0,500.05,619.31,530.04,536.77,0.0091439,0.00026781,-1.6359,0.016828,6.1035e-05
3181,3182,1,-0.29081,422.46,488.67,0,407.89,552.33,436.14,428.86,0.00087514,0.0008793,-1.8941,0.0019902,6.1035e-05
3182,3183,0,-0.53653,373.34,476.75,0,352.42,544.91,391.8,416.62,0.0014788,0.0010146,-2.0735,0.0068321,6.1035e-05
3183,3184,2,-0.23158,538.75,594.51,0,531.87,633.21,544.1,564.41,-0.0055353,0.0001965,-1.6682,0.031525,0.00012207
3184,3185,2,-0.18111,448.51,473.8,0,433.94,526.71,455.13,449.75,0.002591,0.00044868,-1.6885,0.01134,6.1035e-05
3185,3186,0,-0.65333,420,550.92,0.015625,403.15,617.99,439.11,474.9,0.012914,0.017362,-2.0729,0.017569,6.1035e-05
3186,3187,1,-0.28804,419.9,481.04,0,405.18,517.99,436.59,439.17,-0.0028968,0.00050698,-1.7044,0.016043,9.1553e-05
3187,3188,1,-0.34302,491.32,587.02,0,481.22,640.68,502.77,526.2,0.0052558,0.0014756,-1.9152,0.0091394,6.1035e-05
3188,3189,1,-0.31009,465.37,527.75,0,453.4,554.79,475.93,503.89,-0.0038293,0.0010044,-1.9397,0.017344,6.1035e-05
3189,3190,1,-0.26572,394.23,448.45,0,384.17,479.53,404.94,415.36,-0.032693,0.001253,-1.8448,0.023618,6.1035e-05
3190,3191,0,-0.50765,364.18,452.3,0,342.12,526.79,379.28,401.34,0.00040469,0.0022458,-2.1441,0.008289,6.1035e-05
3191,3192,1,-0.27228,389.29,445.13,0,371.98,458.94,407.72,430.43,-0.0098619,0.00066635,-1.6444,0.0090513,6.1035e-05
3192,3193,0,-0.56324,400.54,488.97,0,377.96,550.8,419.25,437.74,0.0024323,0.0021038,-1.8293,0.0084976,3.0518e-05
3193,3194,1,-0.34368,513.44,587.09,0,498.79,635.47,524.13,551.78,-0.0027488,0.0024554,-1.8944,0.020212,9.1553e-05
3194,3195,2,-0.1946,443.53,486.61,0,429.65,511.59,456.57,463.14,-0.0038973,0.00095556,-1.54,0.018725,6.1035e-05
3195,3196,2,-0.20147,457.57,501.09,0,454.62,543.56,460.72,455.88,0.0036222,0.00031515,-1.5053,0.027861,9.1553e-05
3196,3197,1,-0.335,501.41,565.33,0,488.71,597.66,511.28,540.19,-0.00394,0.0017189,-2.0101,0.023819,6.1035e-05
3197,3198,2,-0.20927,458.31,516.72,0,453.43,543.9,465.91,474.31,-0.017373,0.00029808,-1.421,0.020432,6.1035e-05
3198,3199,1,-0.31178,457.79,522.38,0,444.55,565.55,469.48,484.3,-0.0035361,0.0011466,-1.9583,0.0015891,6.1035e-05
3199,3200,2,-0.19859,468.07,503.29,0,456.15,556.43,475.71,469.22,0.010434,0.0005232,-1.414,0.031348,9.1553e-05
3200,3201,1,-0.37297,541.95,618.54,0,537.49,667.14,546.15,572.89,-0.0078784,0.003033,-1.7622,0.013299,6.1035e-05
3201,3202,2,-0.21926,497.57,548.75,0,490.81,582.11,507.45,499.99,-0.0024753,0.00047227,-1.4893,0.017613,6.1035e-05
3202,3203,0,-0.58199,397.72,504.42,0,373.94,559.06,426.43,438.48,-0.010968,0.0011365,-1.8358,0.035727,6.1035e-05
3203,3204,3,-0.17465,513.59,567.93,0,496.46,587.83,534.27,543.92,0.0020639,0.00036442,-0.94908,0.010721,0.00012207
3204,3205,3,-0.17529,518.09,570.32,0,503.62,592.45,540.67,535.8,0.0063198,0.00023424,-1.0325,0.013507,0.00012207
3205,3206,2,-0.21194,474.59,524.63,0,459.84,543.76,492.39,501.54,0.0081664,0.00021796,-1.3157,0.012642,6.1035e-05
3206,3207,3,-0.14899,442.89,518.14,0,431.51,551.65,452.93,488.58,-0.0046547,0.00025401,-1.0039,0.025748,0.00012207
3207,3208,3,-0.16928,511.08,554.3,0,501.84,574.13,519.77,535.67,0.0061659,0.00027007,-1.0747,0.034598,0.00012207
3208,3209,1,-0.28562,418.17,477.95,0,400.08,516.85,433.16,445.71,-0.0077538,0.00058324,-1.7436,0.0021279,6.1035e-05
3209,3210,0,-0.51403,344.95,428.33,0,323.94,471.34,373.75,369.4,-0.016246,0.00079633,-1.7855,0.020037,3.0518e-05
3210,3211,3,-0.16187,497.98,544.34,0,458.56,567.1,532.76,524.25,-0.0043643,0.00047748,-1.0812,0.017105,9.1553e-05
3211,3212,1,-0.32997,479.85,536.33,0,467.96,583.72,492.5,485.88,0.0048952,0.0013799,-1.5313,0.012276,6.1035e-05
3212,3213,3,-0.16125,493.73,529.89,0,484.55,559.81,501.84,503.5,0.0044588,0.00025573,-0.92174,0.027039,9.1553e-05
3213,3214,0,-0.53659,351.32,459.97,0,336.31,515.24,369.42,393.27,-0.0056776,0.0019462,-1.7485,0.0032564,6.1035e-05
3214,3215,0,-0.66214,420.54,545.75,0,404.16,597.28,440.31,483.57,-0.057231,0.0037867,-2.0711,0.016087,6.1035e-05
3215,3216,1,-0.23293,345.22,394.94,0,331.69,449.06,355.74,352.85,-0.00042771,0.0012821,-1.6794,0.011696,6.1035e-05
3216,3217,1,-0.20787,283.71,338.18,0,271.96,372.97,303.29,280.22,-0.0013634,0.0016328,-1.5995,0.0027683,3.0518e-05
3217,3218,3,-0.16326,481.99,518.31,0,473.09,539.45,494.18,489.34,-0.0074322,0.00041053,-1.1104,0.016016,9.1553e-05
3218,3219,0,-0.63507,408.35,526.33,0,390.84,576.2,428.18,469.81,-0.0063772,0.0024402,-1.9768,0.0035825,3.0518e-05
3219,3220,2,-0.22982,516.16,554.98,0,501.83,581.24,532.4,525.22,0.00090396,0.00034007,-1.1274,0.026648,0.00012207
3220,3221,3,-0.17192,511.31,541.1,0,497.77,542.15,525.72,539.99,0.003859,0.00021869,-1.1752,0.013046,9.1553e-05
3221,3222,0,-0.56659,376.06,478.02,0,358.95,522.79,394.29,430.37,-0.00075817,0.0021238,-2.1418,0.022125,6.1035e-05
3222,3223,3,-0.16998,541.32,567.74,0,511.9,593.87,561.44,549.86,-0.00077411,0.00022022,-1.1168,0.023277,0.00018311
3223,3224,1,-0.26823,387.47,435.26,0,374.14,468.42,400.8,402.09,0.0068617,0.00028044,-1.6132,0.0032117,6.1035e-05
3224,3225,1,-0.30721,475.01,515.13,0,453.18,587.91,489,468.48,-0.012751,0.0011608,-1.6674,0.019914,6.1035e-05
3225,3226,3,-0.17073,511.95,552.03,0,497.85,578.32,530.09,518.22,0.00047497,0.00033826,-1.0009,0.012937,0.00012207
3226,3227,2,-0.2197,486.43,527.04,0,479.55,558.95,494.74,488.52,-0.0060447,0.00025456,-1.2491,0.011286,9.1553e-05
3227,3228,2,-0.21746,486.1,527.19,0,482.13,536.69,491.2,514.98,-0.00062255,0.00041502,-1.4949,0.039224,9.1553e-05
3228,3229,2,-0.23615,540.79,562.75,0,518.72,602.1,561.53,525.79,-0.0030687,0.00030196,-1.2418,0.013191,6.1035e-05
3229,3230,0,-0.55958,386.91,464.81,0,373.89,516.39,397.04,424.68,-0.015733,0.0012095,-1.7295,0.07239,6.1035e-05
3230,3231,1,-0.28343,422.82,467.76,0,411.62,505.97,434.01,429.55,-0.0068611,0.0006178,-1.7031,-0.0039406,6.1035e-05
3231,3232,3,-0.17084,518.99,532.46,0,497.26,543.34,542.13,520.89,-0.0029063,0.00021171,-1.083,0.018514,0.00012207
3232,3233,2,-0.23162,525.56,563.91,0,514.15,590.69,537.71,535.4,0.0022104,0.00029236,-1.3013,0.017877,0.00012207
3233,3234,1,-0.25331,379.32,419.05,0,374.47,426.86,383.88,411.72,0.025741,0.0005241,-1.7973,-0.0015599,6.1035e-05
3234,3235,2,-0.20517,467.15,492.64,0,453.4,518.66,481.79,464.93,0.0010643,0.00018038,-1.3377,0.017996,6.1035e-05
3235,3236,2,-0.23287,534.8,575.04,0,526.82,606.14,541,550.84,7.5936e-05,0.00042458,-1.4131,0.026625,0.00012207
3236,3237,3,-0.16883,531.88,538.94,0,509.43,562.66,550.48,519.29,-0.0072515,0.0003198,-1.1605,0.020639,0.00012207
3237,3238,3,-0.15216,467.61,503.58,0,454.18,523.89,478.74,486.75,-0.0024857,0.00018737,-1.1549,0.031948,6.1035e-05
3238,3239,3,-0.16856,507.59,545.2,0,494.46,578.49,519.93,513.93,-0.0025936,0.00012258,-1.2116,0.014178,0.00012207
3239,3240,0,-0.57869,364.61,472.3,0,352.61,505.43,383.33,420.61,0.005512,0.00068566,-2.1935,-0.00076343,6.1035e-05
3240,3241,3,-0.17029,510.99,540.67,0,500.92,570.33,522.41,507.05,-0.0030599,9.197e-05,-1.0917,0.010327,9.1553e-05
3241,3242,1,-0.32099,458.68,532.9,0,448.34,559.44,472.86,496.53,-0.00069027,0.00099072,-1.747,0.015811,6.1035e-05
3242,3243,2,-0.21145,486.78,519.8,0,475.77,538.44,494.32,507.04,0.018375,0.00041454,-1.4505,0.039071,9.1553e-05
3243,3244,0,-0.53414,348.32,442.89,0,333.84,481.79,365.78,395.94,-0.011259,0.0023506,-2.1787,0.0058158,6.1035e-05
3244,3245,0,-0.58188,383.4,494.87,0,365.74,542.04,401.05,447.7,-0.0079527,0.001034,-2.2351,0.024586,6.1035e-05
3245,3246,0,-0.43622,284.44,363.07,0,270.94,399.28,300.74,319.38,0.0419,0.0063354,-2.0774,0.0011584,3.0518e-05
3246,3247,1,-0.22628,344.69,381.13,0,329.57,436.92,355.03,342.96,-0.0075513,0.0013157,-1.492,0.019351,6.1035e-05
3247,3248,0,-0.36942,262,323.78,0,242.53,364.03,284.06,278.16,0.020836,0.0020247,-2,0.16203,6.1035e-05
3248,3249,0,-0.62702,418.48,540.06,0,395.54,603.43,442.89,472.59,0.012521,0.018308,-2.077,0.0045265,3.0518e-05
3249,3250,0,-0.56978,390.95,496.21,0,364.83,543.53,412.59,457,0.0024529,0.0030316,-2.4499,4.9815e-05,6.1035e-05
3250,3251,3,-0.17918,575.31,583.9,0,546.83,629.25,591.29,558.46,0.00088758,0.00060885,-1.3031,0.011061,0.00012207
3251,3252,2,-0.21945,514.68,552.81,0,492.64,599.72,529.76,520.72,0.0064329,0.00025921,-1.5823,0.028605,6.1035e-05
3252,3253,2,-0.20591,483.41,511.53,0,458.59,554.24,497.33,487.57,-0.0016738,0.00031761,-1.4289,0.0085132,6.1035e-05
3253,3254,1,-0.37701,534.56,628.53,0,521.15,652.04,551.81,598.31,-0.0074821,0.001922,-1.6882,0.01321,6.1035e-05
3254,3255,2,-0.21339,479.75,527.96,0,462.95,552.35,500.03,498.52,-0.012296,0.00048807,-1.2789,0.022311,9.1553e-05
3255,3256,0,-0.61529,407.28,533.88,0,398.55,608.68,415.48,463.61,-0.0044513,0.0025818,-2.0655,0.016251,6.1035e-05
3256,3257,3,-0.1691,498.08,547.5,0,487.9,567.22,512.97,518.68,-0.0020871,0.0002247,-0.96071,0.030372,0.00012207
3257,3258,0,-0.53087,359.31,459.78,0,345.33,533.19,370.89,398.96,-0.0056533,0.0043172,-2.2555,0.041821,6.1035e-05
3258,3259,0,-0.65948,427.78,567.05,0,413.26,618.51,444.23,508.72,-0.012273,0.0028529,-2.1766,0.057881,6.1035e-05
3259,3260,1,-0.33551,479.09,570.92,0,461.58,626.05,500.24,504.38,-0.0080231,0.0012077,-1.7419,0.0075141,6.1035e-05
3260,3261,1,-0.32595,487.16,567.9,0,483.67,613.5,489.87,532.43,-0.00054102,0.0013116,-1.7676,0.018023,6.1035e-05
3261,3262,0,-0.48023,327.04,418.99,0,309.3,464.51,344.79,373.47,0.033992,0.0099773,-1.9619,0.015872,3.0518e-05
3262,3263,3,-0.18108,540.88,599.16,0,526.37,627.29,556.32,569.22,0.0012123,0.00027044,-0.86475,0.029593,0.00012207
3263,3264,0,-0.81402,440.49,586.63,0.125,431.51,644.39,452.04,512.38,-0.012902,0.10335,-2.1489,0.020054,6.1035e-05
3264,3265,3,-0.16794,504.63,573.89,0,483.79,597.34,529.77,545.58,0.0067111,0.00059535,-0.85765,0.038985,0.00012207
3265,3266,2,-0.22702,526.76,569.54,0,507.82,600.02,536.68,553.57,0.00626,0.00039085,-1.3465,0.018006,6.1035e-05
3266,3267,1,-0.32723,472.69,555.81,0,466.88,603.07,478.14,511.41,-0.0036418,0.0011828,-1.8601,0.0098687,9.1553e-05
3267,3268,0,-0.63649,402.56,539.02,0,389.94,587.35,418.78,476.88,-0.0090003,0.0039489,-2.2857,0.012486,3.0518e-05
3268,3269,2,-0.18857,460.18,480.03,0,449.59,522.2,466.97,453,-0.0048601,0.00085682,-1.4209,0.022531,6.1035e-05
3269,3270,0,-0.58019,414.88,529.31,0,391.8,612.57,426.97,485.7,-0.0064044,0.0014654,-2.3882,0.01067,6.1035e-05
3270,3271,1,-0.30142,434.25,513.08,0,412.53,555.25,458.86,465.3,0.0084953,0.00044286,-1.5462,0.015502,6.1035e-05
3271,3272,2,-0.21778,486.79,544.25,0,465.01,559.39,507.25,530.03,-0.018102,0.0002815,-1.2603,0.034624,0.00012207
3272,3273,1,-0.32836,469.94,552.65,0,454.49,583.5,492.52,507.55,0.0004057,0.00056762,-1.6462,0.010644,6.1035e-05
3273,3274,0,-0.56297,372.18,482.42,0,351.02,526.39,393.34,438.45,-0.015311,0.0041999,-2.2529,0.019899,6.1035e-05
3274,3275,2,-0.21787,478.55,536.13,0,466.24,557.15,497.74,503.34,0.014329,0.00043188,-1.3804,0.031309,0.00012207
3275,3276,0,-0.64623,406.02,547.6,0,389.84,598.58,425.55,486.07,-0.0014431,0.0073156,-2.4663,0.0014932,3.0518e-05
3276,3277,0,-0.43265,310.78,378.66,0,286.29,440.91,328.64,333.24,-0.00079471,0.0053069,-2.1993,0.0031826,3.0518e-05
3277,3278,1,-0.28572,410.37,492.56,0,398.03,542.73,421.26,448.3,-0.010244,0.00079125,-1.6127,0.015562,6.1035e-05
3278,3279,0,-0.51068,341.67,428.61,0,326.85,471.96,358.46,379.47,-0.010137,0.0048696,-2.2373,0.0083775,6.1035e-05
3279,3280,1,-0.32348,466.67,540.53,0,448.19,561.31,492,512.05,0.0021845,0.0014723,-1.8398,0.011837,6.1035e-05
3280,3281,3,-0.19221,583.21,602.3,0,570.66,619.91,595,585.76,-0.00033358,0.00032411,-1.0805,0.025153,0.00012207
3281,3282,1,-0.23597,342.16,388.35,0,318.37,440.82,365.96,335.88,-0.003991,0.00093261,-1.7454,0.010601,3.0518e-05
3282,3283,0,-0.80962,433.56,544.84,0.15625,415.26,601.48,453.04,484.54,-0.015561,0.16284,-2.169,0.026789,6.1035e-05
3283,3284,0,-0.67069,418.8,539.11,0.03125,396.93,586.05,445.19,482.45,0.0024912,0.02281,-2.2966,0.08212,6.1035e-05
3284,3285,0,-0.39082,277.19,332.97,0,263.15,379.58,288.1,296.72,-0.0051146,0.027495,-2.128,0.0024424,6.1035e-05
3285,3286,1,-0.26907,407.84,443.8,0,400.34,465.86,414.89,423.08,-0.0080772,0.0018459,-1.8287,0.012057,6.1035e-05
3286,3287,2,-0.23455,504.38,564.52,0,482.88,585.4,537.92,531.95,0.0074221,0.00052581,-1.421,0.030982,0.00012207
3287,3288,1,-0.30692,427.28,496.66,0,409.07,531.4,452.23,449.05,-0.0008088,0.00079635,-1.7399,0.018985,6.1035e-05
3288,3289,2,-0.24678,575.05,611.89,0,545.16,621.43,608.91,601.07,0.0061734,0.00020325,-1.4909,0.015836,0.00018311
3289,3290,3,-0.17601,517.65,553.9,0,508.15,574.53,534.57,517.14,-0.0061626,0.00021199,-1.0965,0.03657,0.00012207
3290,3291,1,-0.30555,452.59,522.18,0,431.49,558.41,479.73,475.6,-0.0070174,0.001384,-1.8028,0.027879,6.1035e-05
3291,3292,1,-0.28302,416.64,480.66,0,394.96,532.33,439.71,425.65,0.0042065,0.00067614,-1.7049,0.016655,6.1035e-05
3292,3293,2,-0.2319,505.79,587.8,0,494.4,608.15,514.11,572.95,-0.0019377,0.0005394,-1.2311,0.014103,0.00012207
3293,3294,0,-0.72422,442.24,575.67,0.0625,424.25,633.59,462.62,510.04,-0.0066449,0.049994,-2.2095,0.044179,6.1035e-05
3294,3295,3,-0.16181,519,544.34,0,501.48,580.23,529.51,522.81,0.001013,0.00065114,-1.0687,0.0097136,0.00012207
3295,3296,2,-0.21843,486.27,535.38,0,473.14,577.89,501.17,487.2,0.001393,0.00041571,-1.2863,0.014155,9.1553e-05
3296,3297,3,-0.17879,537.82,579.08,0,516.62,597.87,565.08,554.92,-0.0019578,0.00028736,-1.2322,0.013563,0.00012207
3297,3298,0,-0.49327,342.58,438.67,0,321.66,485.72,358.84,402.08,-0.00047334,0.0098434,-2.0601,0.0086717,6.1035e-05
3298,3299,3,-0.15838,478.3,525.27,0,456.35,548.84,495.38,506.93,-0.0067445,0.00023006,-1.1254,0.023311,9.1553e-05
3299,3300,3,-0.17625,524.65,571.81,0,513.11,599.9,537.71,539.97,0.0046825,0.00020725,-1.1223,0.019128,0.00012207
3300,3301,2,-0.19945,435.68,510.87,0,421.2,533.91,451.11,486.33,-0.0018932,0.00029085,-1.2051,0.034783,9.1553e-05
3301,3302,0,-0.6511,417.72,548.48,0,403.74,604.02,435.69,477.07,-0.0037325,0.003881,-1.8573,0.017532,6.1035e-05
3302,3303,0,-0.53111,370.86,470.47,0,347.7,534.31,386.72,426.79,-0.031498,0.0025758,-2.3001,0.0060335,6.1035e-05
3303,3304,1,-0.30654,430.64,512.57,0,420.63,544.25,442.72,474.34,-0.0095081,0.00049003,-1.4895,0.013943,6.1035e-05
3304,3305,2,-0.20078,453.7,521.04,0,450.04,560.97,457.59,478.53,0.0025366,0.00032028,-1.2591,0.0042623,9.1553e-05
3305,3306,0,-0.60869,388.7,526.88,0,374.25,567.21,409.82,467.94,-0.0062127,0.00072729,-2.3194,0.068978,6.1035e-05
3306,3307,2,-0.20278,457.91,519.28,0,447.15,552.46,467.41,490.01,-0.0004456,0.00039347,-1.148,0.023598,6.1035e-05
3307,3308,3,-0.14263,426.55,483.21,0,413.53,497.05,441.3,467.53,0.0011121,0.00018243,-1.1337,0.019729,9.1553e-05
3308,3309,0,-0.59251,403.15,530.49,0,379.78,594.62,419.15,486.61,0.0057427,0.0010349,-2.0522,0.0036693,6.1035e-05
3309,3310,3,-0.14119,433.66,474.23,0,414.88,500.51,451.29,449.54,0.0012208,0.00012012,-1.2909,0.024004,9.1553e-05
3310,3311,0,-0.61973,390.55,535.35,0,377.33,583.69,407.55,473.21,-0.0088427,0.00071568,-2.0335,-0.00085951,6.1035e-05
3311,3312,0,-0.46521,309.23,400.08,0,294.52,451.65,325.92,341.63,0.014498,0.013389,-1.9886,0.027542,6.1035e-05
3312,3313,0,-0.53001,372.24,471.16,0,343.54,532.05,399.19,413.97,-0.011528,0.00087489,-2.0866,0.057261,6.1035e-05
3313,3314,3,-0.17888,524.46,580.9,0,508.72,604.09,542.3,554.62,0.0016235,0.0005596,-0.80998,0.018351,0.00012207
3314,3315,0,-0.551,388.43,474.73,0,368.7,529.77,404.78,429.13,-0.028305,0.001092,-1.9392,0.022963,6.1035e-05
3315,3316,0,-0.54824,372.96,477.69,0,356.34,532.43,391.79,415.66,-0.010449,0.00063217,-2.3353,0.017227,6.1035e-05
3316,3317,0,-0.51676,334.15,445.87,0,319.3,494.77,349.96,393.83,0.0080644,0.0007388,-2.4047,0.010587,6.1035e-05
3317,3318,2,-0.19764,441.44,497.07,0,437.73,560.07,444.14,451.09,-0.00089693,0.0003598,-1.4084,0.0030624,6.1035e-05
3318,3319,3,-0.17048,503.6,575.34,0,507.45,606.3,499.23,540.24,-0.012035,0.00018128,-1.2801,0.030179,0.00012207
3319,3320,3,-0.17081,515.68,564.2,0,521.75,614.35,511.52,529.89,0.0024795,0.00013468,-1.2795,0.030886,6.1035e-05
3320,3321,0,-0.51312,357.64,450.64,0,336.11,509.33,375.49,402,-0.026466,0.00067972,-2.4179,0.012242,3.0518e-05
3321,3322,3,-0.17114,502.14,585.44,0,485.39,632.38,521.11,532.23,-0.00287,0.00011054,-1.112,0.014413,6.1035e-05
3322,3323,3,-0.16815,521.68,552.21,0,517.24,587.96,526.12,516.47,0.0040563,9.8726e-05,-1.445,0.036502,0.00012207
3323,3324,2,-0.20964,477.95,536.71,0,460.04,566.81,494.77,508.44,-0.0020946,0.00025539,-1.3119,0.028762,9.1553e-05
3324,3325,0,-0.51345,348.92,442.22,0,329.34,502.4,367.31,385.68,0.00028864,0.0014838,-2.2666,0.0043493,3.0518e-05
3325,3326,2,-0.20651,460.27,528.54,0,448.19,563.94,471.61,495.28,0.013608,0.00014109,-1.4336,0.0068543,6.1035e-05
3326,3327,0,-0.58072,410.54,513.73,0,386.3,577.97,430.62,460.51,-0.0025086,0.0040692,-2.2429,0.00076393,6.1035e-05
3327,3328,2,-0.2183,488.97,560.33,0,479.3,595.32,500.65,518.1,-0.0030858,0.00026924,-1.5305,0.016277,0.00012207
3328,3329,3,-0.16455,499.91,560.07,0,482,588.11,515.71,535.32,-0.009987,0.00016214,-1.1591,0.011331,0.00012207
3329,3330,0,-0.56083,369.83,484.57,0,353.84,534.54,389.13,424.26,-0.010225,0.0011576,-2.186,0.010704,6.1035e-05
3330,3331,3,-0.16341,498.77,558.22,0,478.26,574.18,518.03,543.23,-0.0087722,0.00012197,-1.0917,0.025754,9.1553e-05
3331,3332,0,-0.52704,349.37,452.98,0,331.29,517.38,363.43,402.9,-0.00011912,0.0016194,-2.0156,0.0019795,6.1035e-05
3332,3333,3,-0.16005,480.93,536.96,0,460.58,563.44,500.04,512.08,0.014358,0.00011672,-1.2335,0.039615,9.1553e-05
3333,3334,3,-0.14504,448.6,515.87,0,425.9,550.49,462.23,495.1,-0.00011422,0.00013043,-0.99904,0.027066,9.1553e-05
3334,3335,0,-0.59663,393.46,512.91,0,375.41,564.38,412.67,458.13,-0.0012813,0.0014296,-2.272,0.024839,6.1035e-05
3335,3336,0,-0.5756,388.21,515.71,0,369.33,578.38,408.31,449,0.0013877,0.0012812,-2.2642,0.00052575,6.1035e-05
3336,3337,0,-0.52427,344.81,461.3,0,329.56,512.95,364.42,394.9,-0.0089636,0.0011405,-2.2048,0.02118,6.1035e-05
3337,3338,3,-0.16264,486.8,559.95,0,471.42,592.03,502.19,527.87,-0.0057875,0.00012173,-1.1483,0.012834,0.00012207
3338,3339,3,-0.16014,488.97,544.39,0,472.02,570.47,503.92,521.38,-3.9242e-05,6.2098e-05,-1.3394,0.031188,9.1553e-05
3339,3340,3,-0.16446,501.24,554.58,0,491.01,582.94,509.72,531.09,-0.00085522,7.0667e-05,-1.1822,0.01583,0.00018311
3340,3341,1,-0.24584,340.83,418.52,0,335.6,434.86,348.98,393.01,-0.017664,0.00051428,-1.936,0.013725,6.1035e-05
3341,3342,0,-0.61118,382.2,532.29,0,367.6,580.12,403.55,462.38,0.005449,0.00096823,-2.3718,-0.00050647,3.0518e-05
3342,3343,3,-0.18284,550.56,599.99,0,537.19,633.3,566.69,559.79,-0.0006037,0.00015402,-1.172,0.013872,0.00012207
3343,3344,2,-0.21102,464.03,531.47,0,445.84,551.55,484.65,508.71,-0.0077081,0.00015126,-1.642,0.02176,9.1553e-05
3344,3345,0,-0.50327,338.98,438.43,0,317.44,495.28,361.92,377.92,-0.016984,0.0019057,-2.4171,0.030259,6.1035e-05
3345,3346,0,-0.46745,328.18,411.21,0,307.52,473.43,343.25,365.8,-0.022632,0.0016626,-2.2599,0.024745,6.1035e-05
3346,3347,3,-0.16543,475,542.17,0,464.13,579.4,491.96,484.09,0.0065655,0.00018258,-1.2075,0.015946,9.1553e-05
3347,3348,1,-0.34399,499.92,579.5,0,483.15,624.63,515.68,537.1,0.0018198,0.0021283,-2.0951,0.015277,6.1035e-05
3348,3349,3,-0.16638,498.81,539.63,0,479.5,562.45,519.37,515.33,-0.0049034,0.00044213,-1.1766,0.011749,0.00012207
3349,3350,3,-0.16019,472.57,512.27,0,456.67,530.28,494.35,487.58,-0.012923,0.00010943,-1.1234,0.027543,9.1553e-05
3350,3351,2,-0.21903,491.78,543.76,0,478.08,584.09,501.15,516.17,0.001691,0.00020054,-1.4896,0.019148,9.1553e-05
3351,3352,0,-0.78452,426.63,564.52,0.125,413.03,616.98,445.25,492.63,-0.010235,0.10025,-2.2818,0.025137,6.1035e-05
3352,3353,1,-0.26866,392.68,472.44,0,377.7,519.7,404.33,435.67,-0.0052386,0.0010214,-1.8673,0.019278,6.1035e-05
3353,3354,3,-0.15591,460.29,517.23,0,447.48,536.17,473.94,497.07,0.00038168,0.00061369,-1.2572,0.0195,9.1553e-05
3354,3355,3,-0.16996,514,579.72,0,500.41,615.11,527.58,544.33,0.0043166,0.00016845,-1.1331,0.036061,0.00012207
3355,3356,0,-0.61886,433.22,547.92,0,411.9,632.86,450.89,477.54,-0.0097599,0.0022395,-2.0501,0.010822,3.0518e-05
3356,3357,3,-0.15734,459.43,522.92,0,451.98,541.62,466.89,504.22,-0.0024348,0.0001665,-0.99975,0.009174,9.1553e-05
3357,3358,1,-0.23654,338.52,400.61,0,313.01,452.29,361.03,355.01,-0.0058679,0.0012254,-1.897,0.016962,6.1035e-05
3358,3359,3,-0.16973,512.54,568.68,0,502.21,592.32,522.25,546.48,-0.0012302,0.00030107,-1.1263,0.023465,9.1553e-05
3359,3360,1,-0.24175,357.77,412.27,0,334.12,476.74,377.36,358.85,-0.0053083,0.0011249,-1.9716,0.00013619,6.1035e-05
3360,3361,2,-0.2115,468.47,533.35,0,453.3,568.77,484.61,495.64,-0.0017094,0.0002539,-1.4525,0.031528,0.00012207
3361,3362,2,-0.22234,489.63,577.3,0,476.2,595.95,506.9,553.32,-0.0040694,0.00016588,-1.3869,0.018708,9.1553e-05
3362,3363,0,-0.57538,410.21,506.21,0,385.97,572.07,431.59,448.1,-0.0014127,0.0011121,-2.3143,0.00136,6.1035e-05
3363,3364,3,-0.16876,512.13,589,0,496.33,632.97,522.95,558.91,-0.0053196,0.00011087,-1.2312,0.029334,0.00012207
3364,3365,3,-0.17783,529.46,586.91,0,515.1,606.55,543.82,567.27,-0.0014023,8.9722e-05,-1.2058,0.020223,0.00012207
3365,3366,2,-0.21567,472.4,542.35,0,459.77,573.53,486.71,507.01,-0.0099334,0.0001369,-1.4976,0.040458,6.1035e-05
3366,3367,0,-0.57174,390.34,503.08,0,387.34,589.27,393.17,422.13,-0.010951,0.0034138,-1.9718,0.011694,6.1035e-05
3367,3368,0,-0.58258,376.09,501.44,0,360.86,550.28,395.68,438.65,-0.0031,0.0007016,-2.2557,0.0026141,6.1035e-05
3368,3369,0,-0.47541,337.5,419.5,0,317.76,475.21,356.03,367.16,-0.020106,0.0044731,-2.2679,0.076026,6.1035e-05
3369,3370,3,-0.16185,472.47,542.59,0,460.71,569.19,484.99,514.27,8.2378e-05,0.00033634,-1.2483,0.031984,0.00012207
3370,3371,3,-0.17343,528.26,587.18,0,517.68,623.85,537.6,554.83,0.0057789,0.00012048,-1.2187,0.0069335,0.00012207
3371,3372,0,-0.53288,357.08,478.4,0,338.92,534.06,376.4,419.14,-0.007471,0.0012437,-2.261,0.00050491,6.1035e-05
3372,3373,1,-0.30274,448.69,526.93,0,432.78,584.07,461.05,482.5,-0.0086815,0.00097137,-1.9772,0.013444,6.1035e-05
3373,3374,2,-0.18197,398.3,461.61,0,389.05,477.58,408.79,443.5,-0.00036142,0.00049834,-1.6125,0.010557,6.1035e-05
3374,3375,1,-0.31747,449.7,550.41,0,429,593.93,473.15,501.08,0.013067,0.00095428,-1.9669,0.012347,6.1035e-05
3375,3376,1,-0.27722,410.38,474.16,0,388.1,516.58,424.67,446.97,0.005612,0.00044488,-2.036,0.011071,6.1035e-05
3376,3377,2,-0.19986,444.99,502.57,0,428.21,527.33,465.23,472.69,-0.0078294,0.00025474,-1.3397,0.0098934,9.1553e-05
3377,3378,1,-0.31109,452.17,538.2,0,434.88,589.8,467.43,492.67,0.018008,0.00088037,-1.7742,0.022904,9.1553e-05
3378,3379,1,-0.36729,526.04,631.85,0,515.03,686.7,537.05,577,-0.0019483,0.0021452,-2.0129,0.047742,0.00012207
3379,3380,3,-0.15333,450.06,524.67,0,434.44,541.37,464.73,508.98,-0.0012563,0.00095695,-1.3605,0.009471,9.1553e-05
3380,3381,1,-0.30262,428.28,515.82,0,423.08,549.49,433.8,479.98,-0.015576,0.00080021,-1.7647,0.060947,9.1553e-05
3381,3382,3,-0.17475,505.59,574.06,0,493.43,601.05,524.55,531.96,0.0019827,0.00030611,-1.4146,0.034525,0.00012207
3382,3383,1,-0.31937,463.38,563.55,0,450.3,619.99,472.33,524.93,0.0042498,0.0014076,-1.6854,0.013062,6.1035e-05
3383,3384,3,-0.17606,520.76,577.38,0,511.56,598.26,529.41,557.76,-0.0028069,0.00019012,-1.3436,0.010489,0.00012207
3384,3385,3,-0.18258,543.11,582.38,0,534.02,608.66,554.07,550.65,0.0016967,0.00011619,-1.2794,0.017628,0.00012207
3385,3386,1,-0.23604,336.47,393.83,0,319.45,453.37,354.59,330.45,-0.0086151,0.0019072,-1.7746,0.0084524,3.0518e-05
3386,3387,1,-0.23586,332.4,403.43,0,321.03,431.78,344.5,373.26,-0.0089401,0.001916,-1.9146,0.0011864,6.1035e-05
3387,3388,0,-0.58296,372.92,502.43,0,355.63,552.12,393.79,442.46,-0.0083435,0.0014941,-2.3326,0.029308,6.1035e-05
3388,3389,1,-0.24204,340.71,419.35,0,333.54,438.16,345.31,407.29,-0.004335,0.00050169,-1.7247,0.0087463,6.1035e-05
3389,3390,0,-0.57591,373.66,512.02,0,362.07,565.58,385.99,455.01,-0.0038694,0.0026168,-2.1503,0.025687,6.1035e-05
3390,3391,3,-0.15654,471.06,524.41,0,453.84,554.01,487.23,496.59,-0.0015347,0.0003264,-1.493,0.020997,6.1035e-05
3391,3392,1,-0.2478,351.37,411.75,0,331.72,457.52,376.63,352.91,-0.0048591,0.0013259,-2.2077,0.011048,6.1035e-05
3392,3393,0,-0.61327,408.94,532.51,0,391.53,585.2,427.48,476.42,-0.0084869,0.0038463,-2.4217,-0.00095936,6.1035e-05
3393,3394,3,-0.15025,457.75,501.87,0,443.3,523.53,469.73,483.92,0.00031072,0.00029754,-1.5525,0.018281,9.1553e-05
3394,3395,2,-0.22296,516.11,570.87,0,501.45,631.91,525.51,531.74,0.007539,0.00057752,-1.9034,0.014004,6.1035e-05
3395,3396,2,-0.21384,472.55,538.23,0,464.34,565.58,483.1,503.07,0.022457,0.00019593,-1.8737,0.029005,9.1553e-05
3396,3397,2,-0.20198,454.83,504.67,0,441.67,553.51,466.44,461.58,0.011792,0.0002243,-1.926,0.068302,6.1035e-05
3397,3398,2,-0.22185,493.75,552,0,478.96,581.74,510.51,518.29,0.0041664,0.00033184,-1.7884,0.027871,9.1553e-05
3398,3399,3,-0.17443,510.67,593.05,0,496.92,613.47,524.41,572.63,-0.003782,0.00018759,-1.2482,0.04519,0.00012207
3399,3400,1,-0.35599,505.25,620.44,0,489.89,679.81,520.62,561.07,-0.0065876,0.0015591,-2.0593,0.026343,0.00012207
3400,3401,1,-0.33616,486.21,600.86,0,473.77,640.86,494.71,573.49,0.0049634,0.001162,-2.2564,0.0098672,6.1035e-05
3401,3402,2,-0.2,449.53,515.01,0,439.51,551.04,458.95,481.16,-0.0085985,0.00092014,-1.4961,0.019243,9.1553e-05
3402,3403,2,-0.21396,497.49,552.91,0,468.72,590.47,517.17,527.21,-0.0034635,0.00043316,-1.6653,0.020407,6.1035e-05
3403,3404,1,-0.28809,410.71,495.14,0,401.35,516.19,420.68,472.73,-0.002639,0.0011827,-2.3287,0.027013,6.1035e-05
3404,3405,2,-0.19549,454.51,506.19,0,432.03,540.06,473.13,478.13,0.00062331,0.00015905,-1.5714,0.01176,6.1035e-05
3405,3406,0,-0.61914,425.68,553.05,0,398.87,627.67,445.24,498.6,0.00051352,0.0028306,-2.417,0.017742,6.1035e-05
3406,3407,0,-0.54448,360.45,466.95,0,341.36,521.51,380.77,408.87,-0.003885,0.0038477,-2.4228,0.004281,3.0518e-05
3407,3408,1,-0.24169,355.57,426.02,0,344.4,452.21,362.72,409.24,-0.0089316,0.00051346,-1.8861,0.028924,6.1035e-05
3408,3409,1,-0.3343,480,578.15,0,473.3,628.16,485.9,534.01,-0.0018845,0.0019986,-2.37,0.022544,6.1035e-05
3409,3410,0,-0.60405,419.7,549.8,0,398.42,615.13,432.46,510.61,-0.019354,0.0040415,-2.5466,0.038042,6.1035e-05
3410,3411,0,-0.55699,376.81,501.59,0,358.83,574.78,389.93,448.17,-0.015965,0.00077211,-2.2043,0.021332,3.0518e-05
3411,3412,3,-0.16922,501.62,572.94,0,488.2,593.93,517.8,547.6,-0.00041219,0.00039419,-1.174,0.014068,0.00012207
3412,3413,3,-0.1538,437.46,519.82,0,431.41,537.89,449.02,485.34,-0.002243,0.00027777,-1.3754,0.018047,9.1553e-05
3413,3414,3,-0.16368,486.14,559.79,0,476.44,584.5,496.47,533.5,0.0067884,0.00014222,-1.4735,0.013775,6.1035e-05
3414,3415,1,-0.25304,346.87,427.48,0,329.87,473.86,370.16,363.93,-0.0014406,0.0015755,-2.0651,0.0081235,6.1035e-05
3415,3416,1,-0.33765,465.97,596.43,0,453.64,626.63,479.94,562.2,0.0013728,0.0010967,-2.1191,0.022043,6.1035e-05
3416,3417,1,-0.25476,361.89,432.08,0,356,456.25,367.42,409.39,-0.021365,0.00090756,-2.0522,0.0018997,3.0518e-05
3417,3418,1,-0.2551,360.02,442.52,0,353.36,471.3,368.06,407.79,-0.0057416,0.00044601,-2.2004,0.007243,6.1035e-05
3418,3419,1,-0.30929,433.01,534.36,0,417.7,574.52,448.32,494.19,-0.0032596,0.0012135,-1.9075,0.011163,9.1553e-05
3419,3420,2,-0.19976,438.01,513.77,0,425.13,539.39,449.37,491.16,-0.0028265,0.00031765,-1.4756,0.032907,9.1553e-05
3420,3421,2,-0.22414,489.65,568.16,0,473.31,604.4,508.17,527.09,-0.0063139,0.00017458,-1.4732,0.014254,0.00012207
3421,3422,0,-0.54115,358.23,477.12,0,338.99,533.33,376.29,424.32,0.0051293,0.0014585,-2.4394,0.00048205,6.1035e-05
3422,3423,1,-0.2813,391.25,484.69,0,363.48,514.47,429.31,443.88,0.0053307,0.00058248,-1.816,0.00070366,6.1035e-05
3423,3424,0,-0.55621,389.17,473.07,0,364.29,542.98,409.79,415.15,-0.0058028,0.0010079,-2.4411,0.0027854,6.1035e-05
3424,3425,0,-0.68103,425.79,608.96,0,417.67,676.36,433.42,545.65,-0.0060407,0.011614,-2.4738,0.02771,6.1035e-05
3425,3426,0,-0.57121,388.84,499.58,0,369.46,556.12,410.8,435.5,0.016831,0.0020324,-2.6269,0.019533,6.1035e-05
3426,3427,1,-0.35333,498.19,599.72,0,476.21,627.1,520.17,572.35,-0.0073581,0.0021098,-1.9827,0.015689,6.1035e-05
3427,3428,0,-0.58748,366.18,506.9,0,355.97,550.94,384.4,428.38,-0.0015875,0.0055565,-2.5669,0.016802,3.0518e-05
3428,3429,1,-0.2964,414.74,512.72,0,398.93,546.63,435.07,469.12,0.0039104,0.00076971,-2.104,0.0227,6.1035e-05
3429,3430,0,-0.53013,366.93,461.9,0,342.72,526.22,389.68,401.48,0.00071636,0.0016459,-2.4374,0.0065955,6.1035e-05
3430,3431,1,-0.28406,398.77,489.4,0,384.68,505.78,416.89,468.34,-0.0054484,0.00031632,-2.146,0.02351,6.1035e-05
3431,3432,0,-0.52112,380.94,464,0,351.86,534.03,402.16,412.9,0.0017229,0.00079756,-2.6181,0.0099659,6.1035e-05
3432,3433,0,-0.5644,365.31,488.01,0,347.63,537.31,388.04,424.63,-0.0091307,0.0011544,-2.4366,0.015168,6.1035e-05
3433,3434,0,-0.44146,294.42,379.63,0,277.94,431.98,308.07,336.26,-0.00409,0.0063086,-2.2549,0.0028903,3.0518e-05
3434,3435,0,-0.54387,359.15,469.36,0,341.16,512.72,380.86,417.04,-0.0029855,0.0012624,-2.4561,0.0027715,6.1035e-05
3435,3436,0,-0.5568,379.77,492.49,0,354.52,554.94,403.49,433.84,-0.0059508,0.0060419,-2.3607,0.0088885,3.0518e-05
3436,3437,0,-0.50806,324.69,433.13,0,307.54,485.77,344.13,373.47,-0.037955,0.0018552,-2.0568,0.013725,3.0518e-05
3437,3438,2,-0.20464,465.08,532.4,0,451.47,571.31,474.39,505.77,0.0086706,0.00074751,-1.7752,0.015476,0.00012207
3438,3439,1,-0.3058,429.93,535.34,0,411.18,561.77,447.55,510.52,0.0011375,0.00093935,-2.1282,0.0064265,9.1553e-05
3439,3440,3,-0.16667,505.95,559.83,0,482.91,589.76,521.71,539.36,0.0042665,0.00035762,-1.106,0.013377,0.00012207
3440,3441,3,-0.17526,519.51,567.3,0,500.07,595.69,542.97,533.05,-0.0083472,0.00019386,-1.2744,0.034355,0.00012207
3441,3442,2,-0.23097,511.48,591.6,0,493.09,619.94,535.12,555.16,-0.0017632,0.00023732,-1.5122,0.01736,0.00012207
3442,3443,3,-0.16655,487.87,591.75,0,472.07,612,503.67,571.5,0.013843,0.00011763,-1.1313,0.034757,0.00015259
3443,3444,1,-0.22798,313.14,380.16,0,294.69,419.49,340.12,322.69,-0.0033562,0.0019196,-1.8649,0.0097969,6.1035e-05
3444,3445,1,-0.24606,347.74,430.12,0,325.55,482.99,376.27,362.15,-0.00053993,0.00086049,-1.7643,0.0016053,6.1035e-05
3445,3446,0,-0.61342,411.37,535.68,0,386.25,601.12,430.92,484.79,-0.0091546,0.0038748,-2.3442,0.012754,6.1035e-05
3446,3447,3,-0.17944,536.32,593.69,0,524.01,627.09,546.51,566.02,-0.0014109,0.00030437,-1.3506,0.010442,0.00018311
3447,3448,3,-0.18645,552.01,626.04,0,536.58,657.77,570.63,587.75,0.017489,0.00027281,-1.3353,0.027442,0.00012207
3448,3449,1,-0.2965,413.88,507.97,0,395.15,539.26,435.11,472.51,-0.011889,0.0019227,-2.0908,0.020203,6.1035e-05
3449,3450,0,-1.0911,441.34,557.34,0.42188,426.53,633.13,458.13,471.44,-0.0099565,0.34781,-2.3225,0.035896,6.1035e-05
3450,3451,2,-0.23361,515.19,569.66,0,500.72,604.97,533.8,524.27,0.0020157,0.0042287,-1.631,0.026573,0.00012207
3451,3452,3,-0.17698,519.61,577.24,0,512.59,608.73,527.57,541.55,0.00040054,0.0010144,-1.2434,0.036295,0.00012207
3452,3453,1,-0.27808,404.45,469,0,385.73,503.64,419.95,440.3,-0.0021015,0.0031032,-2.0954,0.0024368,6.1035e-05
3453,3454,0,-0.70534,430.35,579.38,0.03125,412.31,638.76,455.08,498.02,-0.0024588,0.035691,-2.4278,0.004876,6.1035e-05
3454,3455,2,-0.23235,516.83,583.54,0,503.37,615.68,533.07,544.75,0.00092083,0.0015065,-1.6834,0.027315,0.00012207
3455,3456,2,-0.20459,467.86,522.69,0,452.16,559.38,477.93,499.17,-0.00057787,0.00030353,-1.6757,0.023566,9.1553e-05
3456,3457,0,-0.5534,368.26,482.7,0,349.39,543.37,385.98,425.72,-1.1077e-05,0.0038257,-2.5695,0.006591,6.1035e-05
3457,3458,2,-0.19618,443.32,516.82,0,428.83,553.85,453.23,491.48,-0.0035567,0.00053111,-1.7561,0.018023,6.1035e-05
3458,3459,1,-0.30251,428.78,521.8,0,411.85,568.28,446.8,472.31,-0.01155,0.001067,-1.8648,0.017434,9.1553e-05
3459,3460,2,-0.20014,435.43,520.4,0,417.92,545.32,457.95,488.35,-0.012892,0.00033679,-1.1517,0.029904,6.1035e-05
3460,3461,0,-0.57738,360.11,493.31,0,348.68,541.61,377.95,417.98,-0.0044117,0.0013893,-2.3682,0.0042894,3.0518e-05
3461,3462,3,-0.16921,508.8,545.81,0,495.66,571.14,521.94,520.48,0.0019462,0.00035855,-0.73437,0.01236,9.1553e-05
3462,3463,2,-0.21542,459.88,548.51,0,452.39,572.92,473.21,505,-0.0049498,0.00020985,-1.1608,0.03211,9.1553e-05
3463,3464,2,-0.25627,558.97,641.52,0,544.42,670.91,580.23,598.57,0.00074691,0.00039887,-1.3366,0.018886,6.1035e-05
3464,3465,2,-0.1895,423.7,496.26,0,410.24,520.94,435.58,474.49,-0.0084993,0.00042779,-1.1843,0.030523,9.1553e-05
3465,3466,3,-0.19221,563.95,648.13,0,544.81,673.49,585.64,619.38,0.0044956,0.00020915,-0.60899,0.04622,0.00012207
3466,3467,1,-0.28374,386.64,469.49,0,378.53,499.79,400.15,418.99,-0.0058938,0.00042684,-1.89,0.013064,6.1035e-05
3467,3468,3,-0.18649,557,623.42,0,543.04,644.78,572.83,599.21,0.0016361,0.00023256,-0.54417,0.034562,0.00012207
3468,3469,3,-0.15938,486.98,522.94,0,452.22,537.05,523.98,507.92,-0.014655,0.00023531,-0.80261,0.035248,9.1553e-05
3469,3470,3,-0.19365,554.53,641.43,0,545.02,670.8,569.37,595.62,0.003677,0.00023096,-0.35572,0.023459,0.00018311
3470,3471,0,-0.44792,294.75,388.67,0,277.28,435.85,317.22,328,-0.0095358,0.00427,-2.1865,0.015457,3.0518e-05
3471,3472,2,-0.21836,504.08,565.92,0,481.28,618.47,516.87,536.44,-0.0023441,0.00061523,-1.36,0.014747,0.00012207
3472,3473,2,-0.19249,420.6,484.72,0,410.88,506.5,431.61,460.05,-0.0018203,0.00028997,-1.4151,0.011498,6.1035e-05
3473,3474,0,-0.53994,370.01,481.04,0,348.36,547.73,390.34,418.4,-0.021832,0.0037656,-2.4523,0.00025539,3.0518e-05
3474,3475,3,-0.16412,498.4,556.66,0,486.11,595.2,509.94,520.45,-0.0065463,0.00032057,-1.0424,0.019597,9.1553e-05
3475,3476,0,-0.52319,348.46,438.54,0,332.08,487.77,367.03,382.74,-0.012968,0.0018222,-2.1507,0.0069987,6.1035e-05
3476,3477,3,-0.17438,515.04,581.82,0,497.02,607.18,536.79,551.22,0.0083107,0.00014892,-0.87132,0.018372,0.00012207
3477,3478,2,-0.20947,467.79,503.1,0,449.7,543.68,487.04,459.91,-0.0033242,0.00019357,-1.3902,0.027168,0.00012207
3478,3479,1,-0.2816,414.32,486.43,0,402.75,521.16,426.63,449.47,-0.017973,0.00046824,-2.0998,0.02208,9.1553e-05
3479,3480,3,-0.166,496.5,541.71,0,488.53,565.91,505.54,514.29,0.0033746,0.00017308,-1.2424,0.012714,9.1553e-05
3480,3481,2,-0.19973,432.26,502.25,0,417.31,542.23,454.1,443.81,7.181e-05,0.00023757,-1.4792,0.019441,6.1035e-05
3481,3482,3,-0.15486,464.07,523.53,0,442.93,558.79,483.92,490.41,-0.012838,0.00015127,-1.0453,0.020558,6.1035e-05
3482,3483,2,-0.20927,461.47,520,0,445.08,556.61,482.55,472.92,-0.0017154,0.00029789,-1.4375,0.0092981,6.1035e-05
3483,3484,3,-0.16872,492.13,565.97,0,476.14,593.14,511.43,533.18,0.0080552,0.00014082,-1.0245,0.023212,0.00012207
3484,3485,3,-0.14985,446.98,518.15,0,433.47,543.15,464.34,486,0.0046418,0.00014054,-0.88301,0.017294,9.1553e-05
3485,3486,1,-0.28561,422.66,489.1,0,410.99,517.31,431.18,468.51,-0.0093847,0.00051723,-1.9829,0.012065,6.1035e-05
3486,3487,1,-0.34666,489.62,588.09,0,477.4,639.13,503.46,530.25,-0.00054469,0.00085837,-1.8748,0.028517,0.00012207
3487,3488,2,-0.22091,490.41,557.13,0,472.99,587.3,508.96,525,0.0037793,0.0003342,-1.3103,0.019755,9.1553e-05
3488,3489,1,-0.37136,523.8,640.41,0,510.07,693.22,539.37,580.55,-0.0032521,0.0024681,-1.8962,0.01638,0.00012207
3489,3490,2,-0.23976,541.91,613.6,0,526.18,653.9,554.94,580.21,0.0047175,0.0003182,-1.2474,0.018309,0.00012207
3490,3491,0,-0.53873,378.36,473.86,0,357.4,539.02,395.73,419.88,0.0049705,0.0013814,-2.4175,0.0037337,6.1035e-05
3491,3492,0,-0.83423,427.36,602.41,0.14062,424.04,675.15,432.2,496.09,-0.0050637,0.095131,-2.1064,0.0099967,6.1035e-05
3492,3493,3,-0.17425,511.14,597.72,0,503.75,624.45,521.27,561.1,0.001197,0.0010808,-0.93847,0.014354,0.00012207
3493,3494,0,-0.56726,362.62,475.92,0,350.75,530.5,376.95,410.06,-0.0012346,0.012348,-2.1927,0.0048332,6.1035e-05
3494,3495,0,-1.0298,442.8,585.36,0.32812,432.56,656.5,454.4,504.74,-0.002716,0.21547,-2.2308,0.012832,6.1035e-05
3495,3496,0,-0.5705,369.16,487.16,0,350.64,544.01,392.98,414.06,-0.0026912,0.010659,-2.2595,0.0052901,6.1035e-05
3496,3497,1,-0.24971,356.92,434.34,0,348.88,453.63,366.03,412.47,0.00081397,0.0026771,-2.0959,-0.00086223,3.0518e-05
3497,3498,2,-0.24261,549.49,630.63,0,522.9,670.04,574.47,593.61,-2.7452e-06,0.0012774,-1.3523,0.02309,6.1035e-05
3498,3499,0,-0.45137,290.41,391.55,0,274.92,441.61,311.63,322.94,-0.0035569,0.026589,-2.0978,-0.0021219,3.0518e-05
3499,3500,1,-0.28489,414.27,490.8,0,398.04,547.11,427.71,444.13,-0.0021155,0.0025575,-2.0163,0.0034148,6.1035e-05
3500,3501,0,-0.55588,373.74,495.13,0,352.1,569.13,392.83,429.83,-0.007208,0.0035601,-2.6426,0.0061646,6.1035e-05
3501,3502,2,-0.19421,444.15,487.86,0,421.54,520.47,464.09,459.09,-0.0015044,0.00091418,-1.4698,0.009996,9.1553e-05
3502,3503,3,-0.15914,486.49,542.8,0,466.16,597.29,499.52,507.87,0.0031812,0.00047415,-1.1542,0.011526,0.00012207
3503,3504,2,-0.21311,474.96,556.92,0,464.13,594.65,486.48,516.77,0.0069368,0.00028085,-1.3215,0.026215,9.1553e-05
3504,3505,2,-0.22234,510.93,572.13,0,494.32,613.29,523.84,540.12,0.012162,0.00022301,-1.4004,0.031249,6.1035e-05
3505,3506,0,-0.65924,388.55,552.64,0,380.03,587.73,408.73,469.53,-0.016503,0.0048547,-2.0244,0.0038372,6.1035e-05
3506,3507,2,-0.2252,488.27,558.96,0,489.15,589.43,486.97,514.44,0.00069074,0.00043333,-1.1099,0.022068,0.00012207
3507,3508,2,-0.20158,439.85,506.82,0,429.36,526.26,456.22,476.49,-0.0050869,0.00032535,-1.3213,0.024797,9.1553e-05
3508,3509,2,-0.22245,482.2,564.59,0,468.55,592.18,499.74,529.11,-0.0043584,0.00022382,-1.1848,0.023197,0.00012207
3509,3510,2,-0.20217,460.12,521.4,0,445.28,545.81,472.41,501.17,-0.0013558,0.00021286,-1.2547,0.0098365,9.1553e-05
3510,3511,2,-0.18866,402.26,471.65,0,399.19,488.17,406.76,447.52,-0.004311,0.0004303,-0.87355,0.016019,9.1553e-05
3511,3512,2,-0.22159,503.44,560.42,0,486.51,597.96,515.8,533.03,-0.00016721,0.00030833,-1.3596,0.023632,0.00012207
3512,3513,0,-0.50236,372.28,452.53,0,351.06,527.44,384.19,410.51,-0.0047696,0.0037369,-2.1027,-0.0082861,6.1035e-05
3513,3514,2,-0.20505,456.99,534.19,0,449.35,560.39,463.32,512.47,0.0013698,0.0002932,-1.1801,0.033241,0.00012207
3514,3515,2,-0.2218,504.56,563.39,0,488.31,589.43,517.2,543.13,-0.0032315,0.00024705,-1.0817,0.011439,0.00012207
3515,3516,2,-0.21375,482.91,548.73,0,475.05,583.85,490.76,513.62,-0.0080488,0.00027368,-1.3305,0.0097256,9.1553e-05
3516,3517,3,-0.1615,480,552.32,0,463.22,572.2,500.25,528.32,0.0042239,0.00012894,-0.82226,0.024182,0.00012207
3517,3518,0,-0.61823,400.23,541.24,0,391.42,591.57,411.55,476.54,-0.0012061,0.0042359,-2.3774,0.016446,3.0518e-05
3518,3519,2,-0.22161,487.19,566.67,0,470.33,595.02,505.14,536.48,-0.0064626,0.00020006,-1.0999,0.031089,6.1035e-05
3519,3520,3,-0.17074,528.03,583.37,0,510.63,613.33,542.44,558.55,-0.00079411,0.00022151,-0.99484,0.013867,0.00012207
3520,3521,0,-0.4822,309.18,404.31,0,302.4,439.41,319.75,349.55,0.00063873,0.0073496,-2.0722,0.009279,3.0518e-05
3521,3522,0,-0.50527,316.99,436.9,0,305.13,478.69,333.24,379.64,0.012742,0.0012047,-2.3005,-0.00603,3.0518e-05
3522,3523,1,-0.30389,420.63,523.85,0,394.91,547.39,453.69,493.58,-0.0046683,0.001524,-1.8852,0.056076,6.1035e-05
3523,3524,0,-0.5712,369.85,505.71,0,359.99,568.31,380.35,439.06,-0.010366,0.003022,-2.3392,0.015719,6.1035e-05
3524,3525,3,-0.15499,479.41,521.2,0,463.86,540.4,488.73,509.68,0.020328,0.00058155,-1.035,0.073358,9.1553e-05
3525,3526,0,-0.50234,308.13,426.85,0,298.69,464.65,323.86,363.85,-0.0014635,0.0027265,-2.054,0.060703,3.0518e-05
3526,3527,3,-0.17227,508.44,580.36,0,503.64,595.37,512.42,567.92,-0.0030559,0.00033363,-0.76655,0.041712,0.00012207
3527,3528,0,-0.58614,377.62,503.18,0,363.79,544.36,392.35,459.34,-0.010849,0.0041772,-2.1484,0.0062364,6.1035e-05
3528,3529,2,-0.20836,454.28,522.33,0,452.44,562.13,456.65,471.17,-0.002538,0.00028815,-1.0223,0.022378,6.1035e-05
3529,3530,1,-0.33177,480.34,565.33,0,464.54,592.41,496.13,538.25,0.0031595,0.0019921,-1.6791,0.0051722,0.00012207
3530,3531,1,-0.32369,457.67,539.43,0,449.69,575.1,470.12,483.78,0.00075112,0.0008123,-1.6721,0.012608,9.1553e-05
3531,3532,1,-0.29388,425.97,502.44,0,413.3,535.7,440.32,464.75,0.0030909,0.0012422,-1.5433,0.010027,6.1035e-05
3532,3533,0,-0.57041,358.44,473.01,0,346.15,510.62,376.39,418.04,-0.0017341,0.00084029,-2.4136,0.0080817,6.1035e-05
3533,3534,1,-0.27222,389.39,450.65,0,364.8,467.84,417.25,431.17,-0.0088555,0.00048675,-2.1193,0.004827,6.1035e-05
3534,3535,2,-0.19456,426.33,482.32,0,418.98,488.14,435.2,475.29,-0.0053827,0.00031077,-1.0047,0.022656,6.1035e-05
3535,3536,3,-0.16121,479.41,534.58,0,458.68,556.09,504.45,508.62,0.0093551,0.00015571,-0.92058,0.028194,0.00012207
3536,3537,0,-0.73907,419.88,535.92,0.125,405.58,610.81,431,477.68,-0.018393,0.11042,-2.1773,0.053648,6.1035e-05
3537,3538,1,-0.2909,428.33,496.23,0,403.52,538.29,453.13,454.18,-0.0068672,0.002198,-1.8364,0.034403,6.1035e-05
3538,3539,1,-0.35092,495.95,584.78,0,485.41,624.62,507.89,539.62,-0.0061496,0.00096139,-1.6993,0.01778,6.1035e-05
3539,3540,0,-0.47285,359.38,425.98,0,335.3,490.75,370.32,396.53,0.004214,0.0095398,-2.2097,0.021891,6.1035e-05
3540,3541,3,-0.17351,510.69,545.29,0,503.44,566.71,518.4,522.5,0.00052987,0.00036198,-0.68157,0.025865,0.00012207
3541,3542,0,-0.65933,418.73,565,0,402.87,616.34,440.47,494.65,0.00099412,0.00097193,-2.4385,0.0030649,6.1035e-05
3542,3543,3,-0.16055,481.4,527.3,0,467.31,540.73,491.68,517.5,0.0026503,0.00031119,-0.80747,0.013997,9.1553e-05
3543,3544,1,-0.24774,361.62,406.79,0,334.01,453.7,389.23,359.88,-0.0087447,0.0011391,-1.7507,0.01348,6.1035e-05
3544,3545,2,-0.19454,423.83,485.11,0,416.12,498.08,435.85,464.87,-0.0035693,0.00071777,-0.95998,0.015279,6.1035e-05
3545,3546,1,-0.28247,413.86,473.63,0,398.42,496.5,432.49,446.02,-0.0023796,0.00086444,-1.5191,0.027494,6.1035e-05
3546,3547,1,-0.29318,433.55,495.58,0,416.67,516.48,449.4,475.95,-0.0077752,0.00037586,-1.7992,0.01443,9.1553e-05
3547,3548,0,-0.66019,428.52,563.03,0,411.12,616.35,450.9,494.48,-0.013266,0.0016884,-2.5293,0.0034276,6.1035e-05
3548,3549,3,-0.17093,508.1,565.98,0,489.8,591.49,530.19,535.18,0.0033396,0.00031879,-0.8863,0.025723,0.00012207
3549,3550,1,-0.29937,451.45,507.3,0,432.44,534.85,464.46,488.45,-0.0038148,0.00071935,-1.9088,0.0074322,9.1553e-05
3550,3551,3,-0.1659,491.45,518.79,0,475.58,533.59,511.86,499.76,0.019931,0.00025288,-0.94513,0.025386,0.00012207
3551,3552,2,-0.18669,430.09,456.29,0,418.81,461.31,438.32,452.63,0.00010209,0.00038318,-1.1884,0.020427,9.1553e-05
3552,3553,0,-0.58944,406.44,512.5,0,391.2,574.55,419.08,461.08,-0.021382,0.0012554,-2.5856,0.042841,6.1035e-05
3553,3554,1,-0.24281,345.97,420.86,0,340.26,444.41,353.8,388.6,0.0082935,0.000664,-1.4816,0.016518,6.1035e-05
3554,3555,0,-0.56923,401.49,489.22,0,381.21,540.02,420.54,441.5,-0.021628,0.001784,-2.3406,0.027374,6.1035e-05
3555,3556,1,-0.28702,421.18,495.76,0,415.41,541.12,426.28,455.74,-0.0053686,0.00079751,-1.713,0.024688,6.1035e-05
3556,3557,0,-0.52756,372.81,469.3,0,357.22,519.24,383.48,435.12,-0.019066,0.0022668,-2.6657,0.011367,6.1035e-05
3557,3558,0,-0.58789,395.01,516.98,0,376.73,578.77,413.3,455.18,-0.006881,0.001263,-2.5044,0.0189,6.1035e-05
3558,3559,1,-0.24909,362.37,410.87,0,349.4,446.48,373.82,379.45,-0.0068102,0.00041055,-1.7138,0.005774,6.1035e-05
3559,3560,1,-0.36469,505.92,607.26,0,495.17,658.77,521.62,531.97,-0.0036728,0.0021847,-1.8352,0.068133,6.1035e-05
3560,3561,1,-0.27702,395.86,457.35,0,378.41,477.02,415.63,435.06,0.0043653,0.0014619,-1.6462,0.0054037,6.1035e-05
3561,3562,3,-0.17234,516.73,546.06,0,506.24,570.24,531.11,512.92,-0.0049522,0.00030377,-0.84116,0.022925,0.00012207
3562,3563,0,-0.59712,386.09,500.09,0,369.95,546.85,405.57,443.65,-0.035846,0.0035579,-2.271,0.021903,6.1035e-05
3563,3564,2,-0.20987,464.85,510.07,0,465.46,528.65,464.24,491.49,0.0039322,0.00020946,-1.032,0.032517,6.1035e-05
3564,3565,3,-0.16204,496.68,509.43,0,481.53,528.6,511.83,490.26,-0.0020625,0.00040946,-1.0195,0.031192,6.1035e-05
3565,3566,2,-0.20336,448.44,498.35,0,439.51,522.46,459.23,469.26,-0.0044916,0.00033483,-0.9723,0.018758,9.1553e-05
3566,3567,2,-0.23654,531.97,578.62,0,512.29,599.18,552.91,556.73,0.0067117,0.00053277,-1.1689,0.032252,0.00012207
3567,3568,1,-0.25826,365.27,427.16,0,350.75,457.75,382.8,390.24,-0.0031249,0.00073356,-1.6163,0.0042597,6.1035e-05
3568,3569,3,-0.17837,527.2,569.96,0,513.91,599.47,540.49,540.44,-0.0045219,0.00017475,-0.84809,0.01698,0.00012207
3569,3570,1,-0.27021,374.25,446.57,0,364.58,471.39,390.36,405.21,-0.0096073,0.00054312,-1.7806,0.023693,6.1035e-05
3570,3571,2,-0.20296,462.01,502.78,0,454.84,540.44,467.96,471.57,-0.0060336,0.00030088,-1.056,0.010655,9.1553e-05
3571,3572,1,-0.3246,478.97,544.58,0,468.84,570.93,488.48,519.82,-0.0091711,0.0009736,-1.6205,0.010334,9.1553e-05
3572,3573,0,-0.56557,379.57,450.32,0,366.92,490.23,394.85,402.15,-0.014042,0.0059542,-2.3027,0.010808,3.0518e-05
3573,3574,3,-0.17033,521.04,564.02,0,514.97,617.84,525.18,527.19,0.0050363,0.00014612,-1.082,0.0399,6.1035e-05
3574,3575,2,-0.24247,540.78,595.73,0,533.65,616.11,549.95,569.54,0.0043485,0.00037247,-1.102,0.035745,0.00012207
3575,3576,3,-0.17691,530.71,582.43,0,518.26,605.25,543.17,559.62,0.00051573,0.00023797,-0.85875,0.022511,0.00012207
3576,3577,3,-0.15242,453.67,514.46,0,442.87,528.4,465.91,498.66,6.9965e-05,0.00021957,-0.87543,0.018228,0.00012207
3577,3578,2,-0.21166,467.96,514.1,0,459.11,532.1,476.81,496.09,-0.017971,0.00026508,-1.0862,0.02109,9.1553e-05
3578,3579,0,-0.57168,381.8,482.37,0,364.35,534.77,401.58,422.98,-0.0080424,0.00332,-2.2244,0.0011727,6.1035e-05
3579,3580,2,-0.18932,441.89,487.1,0,427.76,507.39,451.56,473.21,0.0040954,0.00016951,-1.188,0.028409,6.1035e-05
3580,3581,0,-0.46525,349.92,393.94,0,328.01,448.03,365.92,354.47,-0.0011031,0.006752,-2.4469,-0.0011103,3.0518e-05
3581,3582,0,-0.59284,403.91,504.26,0,389.67,562.13,414.99,459.25,-0.010679,0.0060992,-2.2922,0.020055,3.0518e-05
3582,3583,2,-0.22184,486.1,552.36,0,478.86,598.23,494.84,496.98,0.00059068,0.00029359,-1.1452,0.062859,9.1553e-05
3583,3584,1,-0.22058,335.8,377.72,0,313.75,436.43,354.07,329.08,1.523e-06,0.0015028,-1.5611,0.00035023,6.1035e-05
3584,3585,1,-0.33771,496.33,571.81,0,485.82,604.93,506.21,540.69,0.00076564,0.0021192,-1.6742,0.011605,9.1553e-05
3585,3586,3,-0.17321,526.41,582.71,0,507.18,637.07,543.38,534.74,0.0043925,0.00044887,-1.1795,0.016739,0.00012207
3586,3587,1,-0.37171,542.19,602.13,0,522.62,634.73,561.76,569.53,0.0031677,0.0025344,-1.7233,0.037301,6.1035e-05
3587,3588,1,-0.25782,366.04,419.69,0,348.67,477.75,387.01,349.61,-0.0017883,0.0018756,-1.9993,0.015113,6.1035e-05
3588,3589,0,-0.54984,386.35,452.03,0,364.38,500.3,405.73,409.44,-0.0096306,0.0018358,-2.2442,-0.002643,6.1035e-05
3589,3590,1,-0.30892,463.67,528.74,0,458.7,562.14,469.67,488.43,-0.0089894,0.00069924,-1.7132,0.058501,9.1553e-05
3590,3591,1,-0.27111,390.95,446.55,0,382.84,467.69,399.07,425.41,-0.0075082,0.00051176,-1.9274,0.029892,3.0518e-05
3591,3592,3,-0.1497,452.1,493.45,0,448.11,534.97,456.08,451.93,0.0023584,0.00029306,-0.99101,0.02106,9.1553e-05
3592,3593,0,-0.56946,386.24,492.68,0,372.04,551.82,402.34,425.66,-0.0060057,0.0018847,-2.1794,0.017016,3.0518e-05
3593,3594,0,-0.47734,345.77,392.94,0,322.47,439.44,363.88,356.77,-0.0093515,0.0027526,-2.3188,0.011151,6.1035e-05
3594,3595,3,-0.18304,557.45,602.39,0,549.13,642.29,565.77,562.5,-0.0013364,0.0001923,-1.1059,0.021113,0.00012207
3595,3596,0,-0.62791,390.5,444.64,0.078125,366.49,504.58,411.69,391.75,0.011646,0.055605,-2.7244,0.0086024,6.1035e-05
3596,3597,1,-0.21623,323.43,358.38,0,303.66,407.82,342.01,311.94,-0.00011657,0.0032386,-1.7005,0.0033474,3.0518e-05
3597,3598,1,-0.25378,357.24,405.78,0,335.24,463.62,380.66,344.2,-0.011677,0.0018853,-1.5253,0.0057073,6.1035e-05
3598,3599,1,-0.28591,411.67,474.86,0,402.88,487.66,422.28,459.42,-0.0060296,0.0010362,-1.9837,0.030024,6.1035e-05
3599,3600,3,-0.18686,561.23,599,0,545.08,641.53,578.43,553.73,0.0022001,0.00036468,-1.1701,0.013859,0.00012207
3600,3601,3,-0.16148,474.62,511.85,0,463.95,534.68,486.71,485.98,-0.001558,0.00043058,-1.4676,0.012888,9.1553e-05
3601,3602,1,-0.30436,457.27,508.8,0,434.65,544.87,476.01,478.91,-0.0035091,0.00071946,-1.9121,0.014586,6.1035e-05
3602,3603,2,-0.18322,415.13,454.16,0,414.49,488.42,415.82,417.7,-0.0069051,0.00043429,-1.5341,0.018297,6.1035e-05
3603,3604,2,-0.19478,413.01,470.98,0,409.86,492.84,417.6,439.04,-0.001115,0.00020054,-1.3694,0.028305,9.1553e-05
3604,3605,1,-0.3136,477.16,532.8,0,449.96,595.76,493.49,495.02,-0.021443,0.0010779,-1.746,0.013746,6.1035e-05
3605,3606,3,-0.18217,542.14,581.25,0,527.8,598.37,559.44,560.6,0.00068039,0.00022086,-1.1435,0.037347,0.00012207
3606,3607,0,-0.48181,379.1,422.81,0,351.46,491,393.58,387.08,-0.0099681,0.0014138,-2.7459,0.0049612,6.1035e-05
3607,3608,1,-0.23986,351.77,390.78,0,331.46,450.26,373.4,327.45,-0.0043013,0.0011795,-1.6401,0.0227,3.0518e-05
3608,3609,2,-0.19693,450.06,500.3,0,441.72,541.94,456.55,467.9,-0.0055499,0.00037541,-1.1692,0.021585,6.1035e-05
3609,3610,3,-0.17667,514.54,556.82,0,498.7,589.85,534.91,514.35,-0.0012217,0.00018241,-1.1494,0.021933,0.00012207
3610,3611,1,-0.21218,325.29,351.06,0,308.37,429.51,336.13,300.77,-0.0085821,0.0010518,-1.9288,0.010974,3.0518e-05
3611,3612,1,-0.2527,361.9,406.7,0,354.44,435.1,370.36,374.51,0.0031257,0.00061729,-1.8571,0.0072808,6.1035e-05
3612,3613,0,-0.56898,380.61,450.36,0,362.53,510.87,402.43,377.33,-0.0096676,0.0014959,-2.5632,0.013177,6.1035e-05
3613,3614,1,-0.3419,529.83,583.46,0,503.56,653.27,551.59,525.62,-0.010168,0.0019983,-1.7165,0.020819,0.00012207
3614,3615,3,-0.19014,563.52,596.27,0,543.25,623.28,589.59,561.54,0.0015855,0.00044417,-0.79264,0.019488,0.00012207
3615,3616,2,-0.19031,432.12,461.43,0,423.49,480.51,439.74,444.6,-0.0073522,0.0005252,-0.92091,0.0233,9.1553e-05
3616,3617,2,-0.18327,411.02,457.01,0,401.18,470.04,419.71,445.51,-0.0085754,0.00023798,-1.2981,0.019427,6.1035e-05
3617,3618,2,-0.23129,502.78,543.34,0,493.27,563.87,517.63,511.32,0.012598,0.0002402,-1.2029,0.016132,0.00012207
3618,3619,3,-0.15877,480.06,519.37,0,462.44,544.8,494.66,498.3,-0.004286,0.00013218,-0.97915,0.055728,6.1035e-05
3619,3620,0,-0.6488,447.95,522.3,0,427.04,570.8,470.2,470.68,-0.0017208,0.0024959,-2.7535,0.00034687,6.1035e-05
3620,3621,3,-0.17373,526.92,564.95,0,518.05,581.65,536.97,546.03,0.0040191,0.000357,-1.0625,0.0187,9.1553e-05
3621,3622,1,-0.32867,481.69,527.22,0,467.75,567.3,496.54,484.55,-0.0081862,0.00091427,-1.6673,0.013826,9.1553e-05
3622,3623,0,-0.80734,432.04,497.09,0.1875,417.15,557.55,446.93,436.63,-0.010145,0.12155,-2.3297,0.041008,6.1035e-05
3623,3624,2,-0.22293,501.06,543.04,0,496,566.92,506.12,519.15,-0.0014243,0.0021832,-1.2236,0.019983,0.00012207
3624,3625,2,-0.23133,519.53,566.32,0,506.64,597.41,531.65,537.11,-0.0030417,0.00068268,-1.1522,0.015133,9.1553e-05
3625,3626,1,-0.3055,452.03,517.97,0,426.2,549.27,472.12,493.62,-0.00094632,0.0025012,-1.7735,0.00088479,6.1035e-05
3626,3627,3,-0.16195,482.09,542.05,0,472.18,566.93,489.8,522.69,0.0014149,0.0003661,-1.0955,0.012617,6.1035e-05
3627,3628,0,-0.52507,390.65,450.1,0,369.13,524.11,405.38,399.47,-0.0066618,0.013484,-2.609,0.014855,6.1035e-05
3628,3629,1,-0.29229,417.34,481.77,0,404.71,510.68,431.64,449,-0.016208,0.0011891,-1.6349,0.00022237,6.1035e-05
3629,3630,1,-0.29759,431.48,481.72,0,422.9,515.19,441.19,443.78,0.017016,0.00059442,-1.6378,0.013957,6.1035e-05
3630,3631,0,-0.54497,369.64,446.78,0,353.93,496.42,386.37,393.94,-0.0056176,0.0077113,-2.4355,0.01201,6.1035e-05
3631,3632,2,-0.22176,494.65,516.55,0,482.92,541.88,507.14,489.59,-0.0027359,0.00045532,-1.2375,0.02848,9.1553e-05
3632,3633,0,-0.5219,347.83,431.98,0,332.66,480.34,363.97,380.49,-0.0012404,0.0020843,-2.1127,0.0062488,6.1035e-05
3633,3634,0,-0.62135,408.33,487.61,0.03125,382.09,547.92,428.74,440.7,-0.015017,0.02312,-2.1886,0.023022,6.1035e-05
3634,3635,1,-0.2974,434.13,476.93,0,422.12,496.2,445.42,458.84,-0.0018688,0.00089149,-1.6729,0.0052748,9.1553e-05
3635,3636,1,-0.26135,388.38,447.03,0,374.02,476.89,398.86,425.24,-0.0097765,0.0011903,-1.4124,0.012669,6.1035e-05
3636,3637,2,-0.2219,497.08,538.14,0,492.46,572.19,501.43,506.15,-0.0065187,0.000422,-1.2539,0.037702,9.1553e-05
3637,3638,3,-0.17945,559.42,567.19,0,544.58,576.96,577.33,555.4,0.008414,0.00017553,-1.0333,0.022618,0.00012207
3638,3639,2,-0.22614,500.25,526.7,0,490.98,547.56,512.95,498.11,-0.0082729,0.00031173,-1.3797,0.007157,6.1035e-05
3639,3640,0,-0.48416,331.01,395.4,0,315.78,441.19,347.21,346.65,0.0013768,0.0030106,-2.3721,0.0065486,3.0518e-05
3640,3641,0,-0.75499,451.73,537.41,0.14062,424.04,628.2,466.24,489.85,-0.0097905,0.10885,-2.3693,0.038193,6.1035e-05
3641,3642,1,-0.31853,458.97,509.5,0,447.18,534.8,471.52,482.56,0.0034761,0.00056614,-1.5634,0.012312,6.1035e-05
3642,3643,1,-0.28033,404.32,454.41,0,392.12,485.46,417.31,421.36,-0.002755,0.00096304,-1.6238,0.007332,6.1035e-05
3643,3644,3,-0.18722,559.2,594.82,0,550.25,625.58,570,557.69,0.0046373,0.00018342,-0.86645,0.012545,0.00012207
3644,3645,1,-0.30325,453.65,502.68,0,443.17,519.52,463.49,486.86,-0.0038968,0.00048302,-1.596,0.023227,6.1035e-05
3645,3646,1,-0.29372,434.83,487.28,0,425.09,519.89,442.41,461.92,-0.0089819,0.00054295,-1.6872,0.0055142,6.1035e-05
3646,3647,1,-0.21481,313.47,358.6,0,307.5,367.11,319.43,350.1,-0.015537,0.001692,-1.6196,0.0032552,6.1035e-05
3647,3648,1,-0.23489,337.48,372.85,0,321.76,420.39,355.29,318.97,-0.010196,0.00118,-1.7926,0.01949,3.0518e-05
3648,3649,0,-0.6961,431.77,524.77,0.046875,410.55,579.5,460.85,449.77,-0.0053588,0.03607,-2.3628,0.020045,6.1035e-05
3649,3650,0,-0.54814,362.82,470.19,0,348.71,517.5,379.84,413.09,-0.0027755,0.0022458,-1.9671,0.0031045,3.0518e-05
3650,3651,2,-0.20869,478.94,542.14,0,465.49,559.86,486.49,532.2,-0.0019256,0.00065101,-1.091,0.018681,9.1553e-05
3651,3652,3,-0.17552,529.18,558.21,0,526.85,569.02,532.18,544.32,0.00086739,0.00030803,-0.87168,0.013858,0.00012207
3652,3653,3,-0.16689,505.57,535.86,0,507.8,563.21,502.88,502.85,0.00097142,0.00021636,-0.99087,0.022082,0.00012207
3653,3654,3,-0.16915,490.72,543.56,0,483.61,552.37,502.55,528.87,-0.0017827,0.00010075,-0.77609,0.025276,9.1553e-05
3654,3655,1,-0.24908,366.42,400.16,0,357.96,437.92,373.88,366.85,0.0031152,0.0012587,-1.6039,0.023178,6.1035e-05
3655,3656,2,-0.2351,530.78,602.07,0,522.2,629.33,539.36,574.81,-0.00010681,0.00057601,-1.1359,0.0075216,0.00012207
3656,3657,3,-0.16026,494.77,524.75,0,491.94,525.92,497.6,523.58,0.00082649,0.00019086,-1.0791,0.016019,0.00012207
3657,3658,1,-0.27715,421.76,462.08,0,405.08,497.34,434.73,434.65,-0.0063267,0.00074534,-1.747,0.013459,6.1035e-05
3658,3659,1,-0.32116,470.53,524.4,0,456.07,544.53,483.3,506.63,-0.00012692,0.00098924,-1.4833,0.030008,6.1035e-05
3659,3660,2,-0.22427,501.93,557.17,0,486.14,570.64,516.76,544.52,0.0056541,0.00024637,-1.1762,0.019863,9.1553e-05
3660,3661,2,-0.22881,512.29,552.72,0,508.01,579.32,516.07,529.25,0.00010502,0.00024512,-1.1496,0.01737,0.00012207
3661,3662,1,-0.2399,334.7,395.37,0,327.36,415.65,344.13,369.3,-0.013115,0.0013865,-1.1961,0.013312,6.1035e-05
3662,3663,2,-0.19972,432.27,520.6,0,425.13,537.31,441.46,499.12,-0.0088934,0.00028186,-1.0638,0.008217,6.1035e-05
3663,3664,0,-0.58236,412.64,477.81,0,403.03,548.33,420.6,419.38,-0.011355,0.0045895,-2.4303,0.036592,6.1035e-05
3664,3665,0,-0.62109,425.83,511.29,0,397.33,583.81,454.32,438.78,-0.0083802,0.0023794,-2.5703,0.0090672,6.1035e-05
3665,3666,0,-1.0261,447.29,580.51,0.34375,432.06,657.13,463.5,498.94,-0.0059383,0.23869,-2.2572,-0.0028488,6.1035e-05
3666,3667,2,-0.2069,472.22,522.92,0,459.84,551.02,480.7,503.7,-0.0096729,0.001006,-1.1857,0.017841,6.1035e-05
3667,3668,1,-0.27009,392.49,456.24,0,382.89,471.82,402.1,440.67,-0.024473,0.0020636,-1.5941,0.0082389,9.1553e-05
3668,3669,1,-0.34821,506.29,592.2,0,489.29,656.58,523.29,527.83,0.0024629,0.0014553,-1.2635,0.018162,9.1553e-05
3669,3670,1,-0.2849,413.84,488.78,0,405.85,506.8,422.9,468.34,-0.0059331,0.00096008,-1.4686,0.019029,9.1553e-05
3670,3671,0,-0.41783,299.08,341.9,0,279.78,385.39,318.37,298.4,-0.0010285,0.048801,-2.6222,0.01458,3.0518e-05
3671,3672,3,-0.16503,488.05,543.64,0,477.53,573.74,498.57,513.54,0.0089649,0.00090379,-0.89781,0.017238,9.1553e-05
3672,3673,1,-0.3022,434.08,488.88,0,433.83,519.08,434.37,454.65,-0.0037865,0.0017033,-1.7274,0.0086247,6.1035e-05
3673,3674,2,-0.19368,437.38,475.82,0,424.78,501.84,446.57,456.84,-0.0065013,0.00031202,-1.2488,0.015557,0.00012207
3674,3675,1,-0.3108,445.37,525.36,0,433.5,531.83,457.24,518.88,-0.0022821,0.0016424,-1.3039,0.0087322,6.1035e-05
3675,3676,3,-0.15943,491.43,504.09,0,476.5,524.48,505.45,484.93,-0.0036779,0.00030609,-1.1613,0.039188,0.00012207
3676,3677,3,-0.17398,530.54,569.88,0,522.03,602.25,536,549.13,0.0083801,0.0002021,-0.93696,0.01634,0.00012207
3677,3678,1,-0.26547,386.38,435.45,0,377.1,458.77,396.91,409.03,-0.0047703,0.00059306,-1.3628,0.0095074,6.1035e-05
3678,3679,1,-0.30517,434.53,492.59,0,427.78,520.16,443.78,454.82,0.011946,0.00089749,-1.5475,0.010216,6.1035e-05
3679,3680,0,-0.61735,437.21,532.53,0,424.17,643.68,443.58,478.25,-0.021968,0.0070827,-2.3047,0.085794,6.1035e-05
3680,3681,2,-0.20085,465.88,499.88,0,452.02,524.85,475.37,482.8,-0.0027394,0.00023441,-1.1769,0.016066,9.1553e-05
3681,3682,0,-0.69515,430.49,514.88,0.09375,400.05,589.78,454.17,456.62,-0.013443,0.05726,-2.5963,0.036537,6.1035e-05
3682,3683,0,-0.60064,409.05,486.32,0,392.05,532.79,428.32,433.66,-0.013238,0.0093689,-2.2979,0.0059093,6.1035e-05
3683,3684,0,-0.45608,340.83,386.61,0,318.4,433.35,358.28,350.25,-0.0014798,0.014341,-2.2357,-0.0022138,6.1035e-05
3684,3685,1,-0.3428,499.26,571.68,0,474.3,597,525.84,544.72,-0.00062962,0.0015509,-1.3495,0.027783,6.1035e-05
3685,3686,2,-0.21391,460.79,539.2,0,452.08,569.83,471.99,499.82,0.004019,0.00023805,-1.0083,0.043734,9.1553e-05
3686,3687,3,-0.17376,521.7,552.07,0,506.6,578.81,537.77,523.61,-0.0095995,0.00017242,-0.9737,0.019596,0.00018311
3687,3688,3,-0.16125,490.39,534.98,0,481.53,547.38,500.43,520.92,0.0012704,0.00011932,-1.0046,0.030565,0.00012207
3688,3689,0,-0.46096,322.14,385.25,0,297.21,446.28,344.14,331.41,-0.0022272,0.0021729,-2.2606,0.014087,6.1035e-05
3689,3690,0,-0.65837,416.83,516.96,0.03125,392.65,574.3,444.24,451.97,-0.0056044,0.027559,-2.3804,0.026885,3.0518e-05
3690,3691,2,-0.21161,462.57,535.16,0,451.46,585.9,475.15,477.66,-0.0099125,0.00019385,-1.1624,0.0277,9.1553e-05
3691,3692,3,-0.14378,427.97,478.39,0,416.61,512.8,440.06,441.76,-0.0077124,0.00030603,-0.88488,0.010594,9.1553e-05
3692,3693,1,-0.30202,443.7,503.99,0,433.36,529.39,452.82,481.57,0.00062238,0.00078737,-1.4034,0.0087333,9.1553e-05
3693,3694,1,-0.3034,432.91,494.3,0,421.16,529.14,447.1,452.25,-0.0045767,0.00071687,-1.5472,0.027876,6.1035e-05
3694,3695,2,-0.21208,478.23,525.66,0,461.05,550.08,492.45,505.43,-0.018767,0.00022461,-0.94873,0.036218,9.1553e-05
3695,3696,0,-0.47496,322.24,408.53,0,301.55,467.82,344.27,345.41,-0.0043514,0.0043499,-2.0988,0.0033621,3.0518e-05
3696,3697,2,-0.23699,534.62,602.74,0,524.01,633.62,545.91,569.88,-0.0049586,0.0006847,-1.131,0.026198,0.00012207
3697,3698,3,-0.17397,526.04,565.14,0,516.84,585.87,537.14,540.13,0.0051753,0.00027187,-1.0771,0.013842,0.00012207
3698,3699,2,-0.20214,434.34,506.34,0,431.2,529.46,440.33,462.19,-0.004226,0.00017809,-1.1755,0.016008,9.1553e-05
3699,3700,0,-0.55813,385.4,484.03,0,358.74,544.84,412.07,423.22,-0.028588,0.0019604,-2.2781,0.059455,6.1035e-05
3700,3701,0,-0.6036,426.91,507.05,0,405.99,584.15,445.36,439.02,-0.0069318,0.0048211,-2.1677,0.0082218,6.1035e-05
3701,3702,2,-0.23082,531.64,584.87,0,519.32,612.12,539.04,568.51,-0.00072309,0.00023757,-1.3718,0.01022,0.00012207
3702,3703,0,-0.5854,395.64,506.13,0,372.06,573.87,424.09,424.38,-0.013092,0.0022683,-2.2639,0.020098,6.1035e-05
3703,3704,3,-0.15881,478.87,530.83,0,468.24,565.91,490.19,493.48,0.00085584,0.00031838,-1.2041,0.020967,6.1035e-05
3704,3705,3,-0.16092,478.01,546.6,0,461.8,583.88,493.25,511.57,0.0023456,0.00020134,-0.98281,0.024248,9.1553e-05
3705,3706,3,-0.16749,487.83,554.41,0,475.88,598.28,501.38,504.7,-0.0093594,0.00012692,-1.0555,0.024032,9.1553e-05
3706,3707,2,-0.21398,463.14,521.6,0,454.14,543.33,477.17,487.7,-0.0037356,0.00023732,-1.2511,0.016756,6.1035e-05
3707,3708,0,-0.6129,411.85,520.57,0,394.62,591.27,429.08,449.88,-0.016978,0.0025566,-2.2611,0.034765,6.1035e-05
3708,3709,3,-0.1711,508.38,560.92,0,491.78,588.11,526.04,531.97,0.0030951,0.00019545,-0.86044,0.01302,0.00012207
3709,3710,1,-0.29514,443.41,493.82,0,428.38,515.78,456.67,474.45,0.004713,0.00055972,-1.284,0.010946,9.1553e-05
3710,3711,1,-0.33391,492.93,555.39,0,484.51,579.71,501.35,531.07,0.0010885,0.0021119,-1.4634,0.041526,9.1553e-05
3711,3712,3,-0.16748,498.84,542.49,0,491.22,569.26,507.48,512.15,0.0011156,0.00051978,-1.0965,0.025114,9.1553e-05
3712,3713,2,-0.23246,503.43,572.27,0,493.73,603.14,517.61,527.16,-0.0017984,0.00025546,-0.8014,0.031681,9.1553e-05
3713,3714,0,-0.6054,376.62,505.54,0,360.58,563.07,401.66,415.79,0.0042435,0.0015274,-2.069,0.017647,6.1035e-05
3714,3715,3,-0.17524,512.76,593.68,0,504.38,613.15,521.68,572.95,0.0021743,9.7005e-05,-0.73266,0.011617,0.00012207
3715,3716,2,-0.23954,532.83,588.17,0,519.6,611.52,548.8,559.99,0.0016324,0.00022995,-0.9972,0.020814,0.00012207
3716,3717,1,-0.32402,466.08,542.48,0,456.7,593.96,476.72,484.14,-0.0090135,0.0008501,-1.4623,0.020346,6.1035e-05
3717,3718,3,-0.17587,512.89,627.95,0,486.87,678.8,540.6,573.81,0.0017928,0.00013878,-0.90056,0.024948,0.00012207
3718,3719,3,-0.16438,484.96,555.03,0,472.05,589.67,500.54,513.23,0.0039911,0.00017651,-1.0392,0.029342,9.1553e-05
3719,3720,2,-0.21787,469.38,539.97,0,462.83,570.33,480.31,489.36,-0.0056649,0.00020279,-1.1035,0.027585,9.1553e-05
3720,3721,3,-0.14537,417.16,467.94,0,403.06,475.24,439.15,456.55,-0.0091138,0.00039342,-1.0208,0.024055,9.1553e-05
3721,3722,1,-0.27457,390.31,451.41,0,378.45,484.57,406.56,405.97,-0.0022056,0.00098008,-1.242,-0.0021324,6.1035e-05
3722,3723,2,-0.20849,457.6,528.82,0,451.75,558.47,462.77,502.67,0.0058733,0.00037551,-0.6798,0.011282,6.1035e-05
3723,3724,1,-0.30219,448.57,503.67,0,434.25,544.07,462.88,463.27,0.0036473,0.0010094,-1.2215,0.021234,9.1553e-05
3724,3725,3,-0.16155,484.14,520.11,0,476.44,546.77,493.44,487.93,0.010424,0.00023851,-0.8622,0.028115,9.1553e-05
3725,3726,2,-0.20376,467.37,520.3,0,453.82,557.56,477.25,493.11,-0.0078047,0.00034638,-1.0936,0.027085,6.1035e-05
3726,3727,0,-0.47695,328.28,415.28,0,310.04,468.02,347.69,359.14,-0.002178,0.00225,-2.4091,0.0061488,6.1035e-05
3727,3728,1,-0.27385,397.97,449.31,0,392.64,458.78,403.3,439.85,-0.015056,0.00029759,-1.4397,0.0056386,6.1035e-05
3728,3729,1,-0.34273,505.43,579.79,0,486.88,625.1,523.98,534.47,-0.01042,0.0016812,-1.5477,0.014256,0.00012207
3729,3730,0,-0.54023,385.28,460.33,0,359.67,512.94,407.87,413.9,0.0018895,0.0020834,-1.8456,0.016657,6.1035e-05
3730,3731,3,-0.16086,463.44,550.59,0,445.58,584.17,481.3,517.01,0.0022795,0.0006156,-0.65764,0.029805,9.1553e-05
3731,3732,0,-0.51807,351.08,431.8,0,332.72,490.42,371.88,365.37,-0.023065,0.0025037,-1.8397,-0.0043042,6.1035e-05
3732,3733,3,-0.17304,522.33,589.15,0,503.03,622.39,544.21,551.48,-0.0030217,0.00013043,-1.0159,0.023714,0.00012207
3733,3734,2,-0.18724,428.38,480.39,0,415.82,530.82,436.43,448.06,0.0019857,0.0001901,-1.0949,0.014608,6.1035e-05
3734,3735,1,-0.36348,526.64,609.59,0,514.44,654.96,540.46,558.16,-0.013329,0.0016006,-1.6001,0.019602,6.1035e-05
3735,3736,3,-0.17933,542.29,575.49,0,528.54,606.41,557.87,540.45,0.013565,0.00052437,-0.93933,0.025985,0.00012207
3736,3737,3,-0.15462,473.26,501.86,0,461.23,542.46,483.22,468.23,-0.00098182,0.00027192,-1.0327,0.024568,9.1553e-05
3737,3738,1,-0.31279,454.1,515.69,0,445.13,573.03,462.02,465.09,-0.0050168,0.0015858,-1.4823,0.01804,6.1035e-05
3738,3739,3,-0.15014,464.4,511.36,0,448.67,534.91,478.28,490.58,0.011152,0.00023141,-0.98772,0.018991,9.1553e-05
3739,3740,1,-0.30095,458.88,513.11,0,447.91,547.69,466.88,487.87,-0.0098441,0.00075468,-1.5168,0.014646,9.1553e-05
3740,3741,0,-0.48518,333.26,406.91,0,313.84,464.06,353.93,346.08,-0.0016998,0.0046075,-2.2151,-0.0013949,3.0518e-05
3741,3742,3,-0.16485,502.97,549.89,0,500.57,584.37,506.07,505.55,-0.0020351,0.00016519,-1.0399,0.036545,0.00012207
3742,3743,2,-0.20543,463.47,520.52,0,452.87,548.22,474.07,492.82,-0.00013187,0.00013383,-1.3495,0.039444,9.1553e-05
3743,3744,2,-0.22913,496.05,567.26,0,479.55,594.25,518.67,530.28,-0.012186,0.00025544,-1.0777,0.034919,0.00012207
3744,3745,3,-0.15507,478.76,496.25,0,463.66,517.54,492.95,476.25,-0.0041795,0.00048956,-1.2362,0.018804,9.1553e-05
3745,3746,2,-0.18614,405.58,494.11,0,396.64,531.3,413,463.3,-0.0032264,0.00048992,-0.96351,0.010594,6.1035e-05
3746,3747,3,-0.15282,450.36,526.45,0,438.54,552.78,464.63,494.68,0.0023636,0.00016268,-0.96478,0.013127,0.00012207
3747,3748,0,-0.61413,405.2,519.9,0,382.68,575.76,436.06,443.34,-0.006776,0.004298,-1.9554,-0.0022781,6.1035e-05
3748,3749,0,-0.49879,342.8,419.16,0,325.14,472.68,362.81,358.5,-0.0064206,0.0035378,-2.1516,0.0076751,6.1035e-05
3749,3750,0,-0.51744,358.95,449.26,0,334.73,523.08,379.02,388.11,-0.0056321,0.001006,-2.2884,0.019409,3.0518e-05
3750,3751,0,-0.50802,337.54,430.77,0,316.16,486.75,365.02,358.8,0.0028169,0.00068673,-2.2017,0.016854,6.1035e-05
3751,3752,3,-0.18018,554.11,603.36,0,540.43,654.19,566.18,558.5,-0.0037839,0.00025246,-0.95908,0.027019,0.00012207
3752,3753,2,-0.21354,473.9,544.62,0,475.04,588.29,472.83,503.59,-0.0066918,0.00024095,-1.3287,0.028207,6.1035e-05
3753,3754,1,-0.27641,404.15,465.5,0,396.67,509.18,411.17,424.48,-0.012076,0.0010722,-1.5742,0.013036,6.1035e-05
3754,3755,1,-0.30494,457.1,510.19,0,450.96,540.63,463.23,479.75,-0.0093636,0.00071184,-1.5696,0.031548,6.1035e-05
3755,3756,2,-0.21042,464.14,527.64,0,456.88,550.65,472.38,501.56,-0.00029482,0.00014674,-1.2789,0.0046126,6.1035e-05
3756,3757,2,-0.22965,521.29,581.55,0,498.2,597.61,557.32,556.5,-0.0047014,0.00029808,-1.3548,0.014934,6.1035e-05
3757,3758,1,-0.26488,417.64,452.78,0,402.29,504.44,429.58,412.59,-0.015699,0.00077489,-1.6432,0.013787,6.1035e-05
3758,3759,1,-0.27284,408.26,447.77,0,404.08,480.74,413,410.41,-0.031701,0.00057611,-1.6267,0.040277,6.1035e-05
3759,3760,1,-0.26619,396.76,436.54,0,391.41,449.43,402.45,422.82,-0.0052563,0.00027924,-1.5603,0.0069899,6.1035e-05
3760,3761,1,-0.22724,348.82,365.89,0,327.84,410.01,366.2,329.32,-0.0036066,0.0010461,-1.8015,0.0059849,6.1035e-05
3761,3762,1,-0.25647,378.9,406.71,0,367.22,443.21,390.57,370.21,-0.0071589,0.00070116,-1.6634,0.012522,6.1035e-05
3762,3763,1,-0.23551,328.95,378.86,0,317.93,437.76,341.45,312.11,-0.0051969,0.00069449,-1.226,0.011514,6.1035e-05
3763,3764,0,-0.55157,382.85,459.26,0,354.82,508.81,412.69,406.52,0.00011425,0.0032324,-2.3205,0.0067861,6.1035e-05
3764,3765,0,-0.44542,311.56,375,0,291.51,437.05,326.19,329.72,-0.0092455,0.0024053,-2.4685,0.0025285,6.1035e-05
3765,3766,0,-0.97291,447.54,537.96,0.32812,430.1,614.34,466.09,456.65,-0.0085956,0.27946,-2.2851,0.031984,6.1035e-05
3766,3767,3,-0.15031,461.1,489.16,0,447.94,505.19,478.01,468.55,0.00078311,0.001156,-1.3382,0.018415,0.00012207
3767,3768,1,-0.33075,457.98,540.02,0,447.93,565.05,474.72,498.31,-0.00041157,0.00060248,-1.5871,0.0098782,9.1553e-05
3768,3769,3,-0.16158,494.97,546,0,466.43,582.25,527.32,504.92,0.0039663,0.00022956,-1.3567,0.018687,0.00012207
3769,3770,3,-0.17231,527.1,564.86,0,502.13,590.17,550.55,541.08,0.0072937,0.00013738,-1.3756,0.0165,0.00012207
3770,3771,1,-0.32247,470.4,533.28,0,464.29,581.47,477.32,478.67,0.0073128,0.0008997,-1.7472,0.013564,6.1035e-05
3771,3772,2,-0.21186,465.91,528.66,0,445.07,567.13,494.48,475.95,0.0007863,0.00061548,-1.4523,0.020201,9.1553e-05
3772,3773,2,-0.19583,458.8,489.93,0,434.42,511.74,476.59,474.02,-0.0030778,0.00030854,-1.7122,0.014202,6.1035e-05
3773,3774,1,-0.23391,370.9,396.37,0,360.43,444.59,377.18,367.44,-0.0085838,0.00065193,-1.6967,0.020206,3.0518e-05
3774,3775,1,-0.24776,342.51,392.86,0,327.98,452.75,358.97,325,-0.0060094,0.001175,-1.7185,0.00030524,3.0518e-05
3775,3776,3,-0.13723,421.96,449.66,0,406.52,465.38,435.58,435.79,0.0031847,0.0005041,-1.4869,0.0041582,9.1553e-05
3776,3777,3,-0.1509,456.08,503.4,0,446.3,540.97,464.7,470.25,0.0015684,0.00018307,-1.3065,0.011333,9.1553e-05
3777,3778,1,-0.28435,418.14,457.61,0,405.45,487.28,429.34,431.43,0.0076759,0.00059464,-1.8108,0.019629,6.1035e-05
3778,3779,2,-0.21994,481.39,551,0,464.53,593.02,504.48,493.41,0.00057463,0.00032991,-1.4041,0.022866,9.1553e-05
3779,3780,1,-0.35182,505.38,583.25,0,494.97,615.48,522.74,529.53,-0.00068864,0.0010415,-2.2322,0.016433,9.1553e-05
3780,3781,0,-0.5442,349.22,440.09,0,335.1,479.98,376.17,363.94,-0.026528,0.0048696,-1.9514,0.016352,6.1035e-05
3781,3782,0,-0.61237,409.66,491.26,0.015625,386.01,562.4,433.31,420.13,-0.016882,0.014706,-2.3052,0.026693,6.1035e-05
3782,3783,3,-0.14976,462.24,482.29,0,438.33,502.35,480.84,466.69,-0.0071458,0.00018116,-1.5634,0.02902,9.1553e-05
3783,3784,0,-0.57999,385.52,470.99,0,367.58,535.22,407.18,393.47,0.023866,0.0020703,-2.3611,0.019993,6.1035e-05
3784,3785,1,-0.28922,424.25,480.14,0,415.47,515.84,432.49,446.6,-0.0066922,0.00097508,-2.0059,0.018573,6.1035e-05
3785,3786,3,-0.16168,503.03,548.63,0,483.82,598.33,518.95,507.44,0.012907,0.00017727,-0.90366,0.018508,0.00012207
3786,3787,1,-0.23552,369.08,392.78,0,336.33,480.92,388.73,339.9,-0.0049215,0.0013529,-2.0455,0.0060864,6.1035e-05
3787,3788,2,-0.247,561.1,615.41,0,538.19,650.08,582.61,582.85,0.0032485,0.0010984,-1.6938,0.021654,0.00012207
3788,3789,3,-0.1587,495.46,518.73,0,482.2,542.93,507.16,497.37,-0.0010204,0.00037741,-1.5386,0.014757,0.00012207
3789,3790,0,-0.56988,370.62,473.22,0,346.58,526.62,410.67,384.23,-0.039607,0.0015598,-2.8216,0.07209,6.1035e-05
3790,3791,0,-0.5836,422.65,500.32,0,396.82,577.66,445.44,432.08,-0.0056396,0.0019547,-2.4049,0.013663,6.1035e-05
3791,3792,1,-0.28891,436.28,482.2,0,413.95,496.35,452.58,471.86,-0.0039372,0.00097289,-2.0455,0.015468,6.1035e-05
3792,3793,0,-0.44449,320.86,384.36,0,297.37,447.42,341.59,328.73,0.0069071,0.0022822,-2.4022,0.0010101,6.1035e-05
3793,3794,1,-0.22763,344.48,382.91,0,327.5,415.89,357.68,357.26,-0.015632,0.0010395,-1.9832,0.017276,6.1035e-05
3794,3795,0,-0.62259,402.43,486.47,0.015625,384.29,550.88,425.75,403.66,-0.0044724,0.016215,-2.714,0.0086406,6.1035e-05
3795,3796,0,-0.45125,299.83,376.42,0,282.52,417.1,326.85,312.97,-0.0059809,0.0019974,-2.4457,-0.00031953,3.0518e-05
3796,3797,0,-0.45695,321.84,393.6,0,299.18,449.48,340.62,347.3,0.018989,0.0016316,-2.204,0.023843,3.0518e-05
3797,3798,0,-0.46332,347.29,403.46,0,319.06,478.78,363.13,361.2,0.0013933,0.00037453,-2.7218,0.0043013,6.1035e-05
3798,3799,0,-0.53082,380.67,435.48,0,351.07,515,397.28,390.87,0.018091,0.0023042,-2.4825,-0.009213,6.1035e-05
3799,3800,1,-0.21994,324.98,369.95,0,316.27,399.72,333.69,340.19,-0.0084115,0.0007061,-2.0135,0.010369,3.0518e-05
3800,3801,1,-0.30291,460.76,506.03,0,447.98,527.22,471.34,488.48,-0.00721,0.0012856,-2.1232,0.0074584,6.1035e-05
3801,3802,0,-0.47245,342.16,402.6,0,322.86,459.65,358.16,355.33,-0.0033421,0.0030784,-2.403,0.0077701,3.0518e-05
3802,3803,0,-0.60181,398.28,489.18,0,376.08,542.75,426.83,420.3,-0.0015965,0.00096355,-2.8353,0.011095,6.1035e-05
3803,3804,2,-0.20877,469.69,510.61,0,458.85,536.88,484.53,474.6,0.0059737,0.00024835,-1.4801,0.0068702,9.1553e-05
3804,3805,3,-0.16464,493.85,553.77,0,470.37,578.16,520.46,526.12,-0.0027638,0.00010037,-1.2366,0.012294,9.1553e-05
3805,3806,3,-0.16583,517.67,552.42,0,500.34,593.1,530.32,522.73,0.0048405,9.3922e-05,-1.3934,0.021089,0.00012207
3806,3807,2,-0.20219,458.41,483.47,0,445.21,505.65,471.61,461.28,-3.1611e-05,0.00015217,-2.0744,0.0079754,6.1035e-05
3807,3808,1,-0.2601,364.04,423.48,0,343.01,466.71,399.09,351.42,-0.00019938,0.0013424,-1.9335,0.0021424,6.1035e-05
3808,3809,3,-0.17034,544.73,564.2,0,531.74,587.31,552.02,551.24,-0.0053524,0.00018199,-1.1544,0.032626,0.00012207
3809,3810,1,-0.25667,369.42,419.13,0,347.98,474.24,396.99,348.28,-0.0067701,0.0010489,-1.7207,0.0072603,3.0518e-05
3810,3811,0,-0.54176,381.15,453.38,0,354.41,523.72,404.74,391.31,-0.027029,0.0040543,-2.4161,0.042809,6.1035e-05
3811,3812,2,-0.20437,441.78,505.63,0,432.53,534.58,458.26,454.03,-0.012289,0.0002956,-1.2649,0.019106,6.1035e-05
3812,3813,2,-0.2046,446,523.92,0,444.04,575.89,448.08,468.61,0.012297,0.00029256,-1.4764,0.029785,9.1553e-05
3813,3814,2,-0.20851,470.93,544.8,0,454.01,586.94,491.35,493.94,-0.004689,0.00018855,-1.4338,0.043143,9.1553e-05
3814,3815,2,-0.20415,465.81,496.56,0,457.62,519.25,473.03,476.54,-0.003706,0.00036001,-1.6809,0.0062981,6.1035e-05
3815,3816,1,-0.30157,464.18,526.13,0,441.66,575.4,479.59,492.42,-0.0077697,0.0013688,-1.9542,0.016992,6.1035e-05
3816,3817,2,-0.1953,452.38,498.38,0,438.44,518.76,468.18,475.28,-0.011836,0.00027382,-1.5099,0.029141,6.1035e-05
3817,3818,2,-0.2013,448.88,501.59,0,429.57,521.53,475.33,474.27,-0.022507,0.00016078,-1.7719,0.027875,6.1035e-05
3818,3819,1,-0.29461,425.27,493.46,0,416.36,517.6,436.74,462.42,-0.0040985,0.00061083,-1.859,0.006397,6.1035e-05
3819,3820,3,-0.17819,533.9,607.43,0,518.47,641.59,551.39,568.72,0.0060392,0.00016423,-1.4551,0.019258,0.00012207
3820,3821,1,-0.32496,459.94,544.06,0,455.01,569.57,468.15,501.53,-0.0023435,0.0018724,-1.738,0.037868,9.1553e-05
3821,3822,1,-0.29248,424.43,496.39,0,411.54,550.43,439.99,431.18,-0.0096656,0.00093592,-1.6697,0.01396,6.1035e-05
3822,3823,2,-0.20063,464.13,500.75,0,447.69,517.31,480.58,484.18,-0.004082,0.00034299,-1.7263,0.022704,6.1035e-05
3823,3824,2,-0.22032,527.9,578.41,0,492.98,636.91,550.29,540.91,0.00072129,0.00038452,-1.738,0.023985,9.1553e-05
3824,3825,3,-0.178,540.76,589.24,0,528.99,624.21,552.54,554.28,0.012947,0.00026281,-1.207,0.088216,0.00012207
3825,3826,2,-0.21231,465.02,549.78,0,454.95,581.51,479.73,503.41,-0.011781,0.00030112,-1.4826,0.011475,6.1035e-05
3826,3827,3,-0.17713,556.16,597.95,0,538.44,651.59,568.29,561.25,-0.0021576,0.00019003,-1.4371,0.024955,0.00012207
3827,3828,0,-0.58284,396.92,506.1,0,370.52,572.7,426.84,430.62,-0.0068274,0.0026872,-2.5925,0.0053158,6.1035e-05
3828,3829,3,-0.16016,466.5,526.24,0,452.72,548.51,488.01,491.5,0.010979,0.00045088,-1.1143,0.016783,9.1553e-05
3829,3830,0,-0.46398,333.15,410.06,0,307.55,489.29,351.83,352.25,-0.0065275,0.0022445,-2.7514,0.016789,3.0518e-05
3830,3831,3,-0.15935,493.13,557.6,0,461.25,594.13,517.92,529.18,0.0052343,0.00016799,-1.4029,0.019639,0.00012207
3831,3832,0,-0.57143,378.55,462.54,0,358.07,515.11,406.61,390.51,0.0033053,0.0014374,-2.4702,0.011258,6.1035e-05
3832,3833,0,-0.46306,340.95,390.52,0,313.57,457.22,359.68,344.89,0.0032063,0.00063929,-2.4462,0.026011,6.1035e-05
3833,3834,1,-0.25032,370.74,417.82,0,356.87,448.14,381.53,394.23,-0.025684,0.0010389,-2.1967,0.019331,6.1035e-05
3834,3835,2,-0.2067,472.44,520.37,0,456.4,572.09,489.53,465.3,-0.0028967,0.00047048,-1.5239,0.018992,6.1035e-05
3835,3836,2,-0.21035,487.48,531.59,0,472.96,570.91,497.41,504.69,-0.0041818,0.00036369,-1.7865,0.015391,0.00012207
3836,3837,3,-0.17131,514.76,550.12,0,506.37,582.6,524.87,510.92,-0.00064235,0.0001903,-1.4389,0.010668,0.00012207
3837,3838,3,-0.15962,506.56,509.89,0,491.09,539.8,519.38,485.11,-0.0018445,0.00012587,-1.4269,0.019165,6.1035e-05
3838,3839,2,-0.19807,457.38,500.04,0,433.85,537.52,475.68,470.89,-0.0044768,0.00042077,-1.3579,0.012198,6.1035e-05
3839,3840,3,-0.13966,421.54,481.31,0,406.55,504.5,435.62,459.53,0.0074219,0.00017488,-1.3546,0.030581,6.1035e-05
3840,3841,3,-0.16668,520.2,567.89,0,506.35,606.66,531.68,535.76,0.0073676,0.00018554,-1.4364,0.033054,0.00012207
3841,3842,0,-0.50905,354.03,433.5,0,328.81,499.31,377.73,371.69,-0.00013311,0.0021552,-2.5859,-0.00020671,6.1035e-05
3842,3843,3,-0.15999,509.33,549.05,0,488.07,584.73,522.96,526.18,0.0019285,0.00016839,-1.3972,0.027787,0.00012207
3843,3844,1,-0.28827,426,497.63,0,419.04,542.84,433.4,449.52,-0.0020302,0.00067853,-1.6541,0.0096748,6.1035e-05
3844,3845,3,-0.14711,446.67,502.31,0,432.1,539.34,460.36,467.52,0.0040383,0.00020717,-1.3207,0.02166,6.1035e-05
3845,3846,1,-0.25982,388.52,438.85,0,356.14,507.17,418.94,374.68,-0.0068001,0.00077007,-1.8938,0.0036712,6.1035e-05
3846,3847,0,-0.60742,408.39,514.7,0,376.81,579.11,442.01,446.13,-0.021749,0.0076267,-2.128,0.036812,6.1035e-05
3847,3848,2,-0.21249,492.76,535.12,0,476.99,573.78,506.67,501,-0.0022254,0.00032577,-1.7778,0.0047499,0.00012207
3848,3849,2,-0.22302,511.92,568.29,0,493.83,584.79,528.91,552.79,-0.0018197,0.00026553,-1.601,0.024828,0.00012207
3849,3850,1,-0.25783,366.7,426.05,0,357.88,456.04,382.43,372.61,-0.0091983,0.0031425,-1.7662,0.017772,6.1035e-05
3850,3851,0,-0.51853,353.41,432.85,0,331.5,490.87,376.73,371.09,0.00019976,0.0055769,-2.3187,0.0074538,3.0518e-05
3851,3852,0,-0.52981,359.43,436.38,0,334.49,494.1,387.69,370.97,-0.010488,0.0038603,-2.529,0.0061537,6.1035e-05
3852,3853,0,-0.52051,359.86,444.65,0,341.17,507.93,381.05,372.94,-0.011734,0.0034928,-1.9654,0.0055867,3.0518e-05
3853,3854,1,-0.33435,483.23,554.28,0,467.39,596.52,502.34,503.31,0.0040597,0.0011722,-1.8758,0.013338,9.1553e-05
3854,3855,3,-0.16538,496.91,557.29,0,481.07,584.95,512.75,529.63,-0.0056291,0.00011787,-0.932,0.039304,0.00012207
3855,3856,1,-0.28352,407.96,481.68,0,396.51,513.93,421.78,442.77,-0.0038716,0.0002959,-1.6443,0.02391,6.1035e-05
3856,3857,1,-0.324,465.02,543.16,0,453.92,597.47,477.6,481.62,-0.010533,0.00046312,-1.8942,0.055293,9.1553e-05
3857,3858,0,-0.58664,428.81,515.91,0,397.77,608.4,454.53,439.27,-0.0063334,0.0062705,-2.1427,0.0097044,6.1035e-05
3858,3859,2,-0.18637,418.71,485.24,0,409.82,528.69,428.18,439,-0.011568,0.00041757,-1.2701,0.048323,6.1035e-05
3859,3860,1,-0.32013,475.72,540.77,0,462.79,586.79,485.78,504.98,-0.014742,0.00056137,-1.7894,0.048914,6.1035e-05
3860,3861,2,-0.21125,477.04,528.98,0,461.01,555.45,492.1,504.11,0.0074985,0.00031495,-1.2851,0.0089493,9.1553e-05
3861,3862,0,-0.68264,435.36,538,0.046875,409.88,616.71,460.84,459.3,-0.0051369,0.035052,-2.2977,0.024562,6.1035e-05
3862,3863,2,-0.22982,521.81,597.12,0,513.38,641.81,530.23,552.44,-0.0020108,0.00027744,-1.118,0.031959,0.00012207
3863,3864,1,-0.35801,505.6,594.45,0,482.3,638.86,530.4,547.18,0.00055808,0.0015392,-1.8667,0.028256,6.1035e-05
3864,3865,1,-0.27319,415.41,463.86,0,390.48,507.21,434.81,430.15,-0.00076207,0.0035882,-2.0483,0.0054797,6.1035e-05
3865,3866,3,-0.16733,489.63,557.12,0,482.89,584.09,498.87,520.16,-0.0021957,0.0003139,-0.74227,0.031696,9.1553e-05
3866,3867,3,-0.16939,491.55,572.93,0,481.21,593.46,504.03,548.14,0.0027199,0.00015123,-0.70384,0.015305,9.1553e-05
3867,3868,1,-0.33887,507.59,574.41,0,483.03,641.14,524.39,528.74,0.0023188,0.0016729,-1.7992,0.052582,6.1035e-05
3868,3869,0,-0.63081,410.12,539.54,0,389.27,605.94,440.59,442.5,-0.0026788,0.0010266,-2.1372,-0.0032986,6.1035e-05
3869,3870,3,-0.15808,476.4,545.52,0,462.46,585.04,487.24,514.79,-0.00086452,0.00061584,-0.65591,0.0094851,9.1553e-05
3870,3871,3,-0.15723,472.07,563.74,0,461.53,607.03,476.86,544.06,-0.0072922,0.00020477,-0.60865,0.013335,6.1035e-05
3871,3872,1,-0.3013,443.83,524.84,0,427.38,576.74,459.29,476.08,-0.010358,0.0008261,-1.398,0.031302,9.1553e-05
3872,3873,2,-0.20956,452.87,512.34,0,447.16,540.28,461.22,471.52,-0.0076816,0.00034811,-1.1986,0.0171,6.1035e-05
3873,3874,1,-0.33743,493.12,570.08,0,480.72,612.13,505.51,528.02,-0.0048376,0.00099409,-1.4075,0.037317,6.1035e-05
3874,3875,2,-0.19822,427.22,505.77,0,411.76,527.83,449.82,473.53,-0.0020506,0.00038314,-0.98713,0.025199,6.1035e-05
3875,3876,3,-0.17002,487.72,591.82,0,476.11,615.44,501.74,563.31,0.0023428,0.00022572,-0.55914,0.027776,0.00012207
3876,3877,1,-0.2207,318.79,374.27,0,312.16,401.74,325.84,345.04,-0.015316,0.0022591,-1.8151,0.016017,3.0518e-05
3877,3878,0,-0.80448,410.31,505.08,0.1875,390.98,563.93,435.16,429.42,-0.012833,0.11874,-2.0516,0.039461,6.1035e-05
3878,3879,2,-0.21422,483.98,563.52,0,464.65,615.94,496.37,529.91,-5.2967e-05,0.0010203,-0.86118,0.016109,6.1035e-05
3879,3880,3,-0.16084,472.96,563.51,0,461.75,590.54,480.62,545.02,-0.00090774,0.00027812,-0.43302,0.020854,9.1553e-05
3880,3881,0,-0.52909,372.14,450.17,0,347.23,509.15,395.54,394.76,-0.0036184,0.010459,-2.2302,0.0016787,6.1035e-05
3881,3882,1,-0.29168,424.08,501.3,0,404.62,547.93,442.35,457.5,0.0064303,0.0013813,-1.1974,0.01568,6.1035e-05
3882,3883,2,-0.2378,517.33,626.53,0,516.52,671.08,518.3,572.76,-0.008601,0.0010988,-0.39969,0.022097,0.00012207
3883,3884,0,-0.49094,352.75,427.18,0,327.43,494.86,376.52,363.6,-0.0067324,0.0044234,-1.8462,-0.005659,3.0518e-05
3884,3885,2,-0.19158,426.53,497.21,0,412.86,539.18,437.86,462.44,0.0016844,0.00080005,-1.205,0.026245,9.1553e-05
3885,3886,3,-0.17546,528.66,610.29,0,508.84,634.56,544.08,591.4,0.009004,0.00031849,-0.72751,0.04919,0.00012207
3886,3887,0,-0.52584,370.77,449.83,0,349.17,522.48,387.57,393.33,-0.023318,0.0020054,-1.7233,0.037924,6.1035e-05
3887,3888,0,-0.54135,389.23,461.4,0,361.9,516.67,416.56,406.12,-0.0014651,0.0009121,-2.3754,0.012487,6.1035e-05
3888,3889,1,-0.33594,467.67,563.73,0,457.78,599.83,482.12,510.96,-0.0035715,0.0010173,-1.6039,0.011944,6.1035e-05
3889,3890,0,-0.56437,369.79,456.97,0,352.29,505.12,393.76,390.98,-0.0095196,0.0010997,-1.887,0.026076,3.0518e-05
3890,3891,2,-0.22729,489.09,564.19,0,483.04,602.31,495.53,523.61,-0.011787,0.00019786,-0.88844,0.027921,0.00012207
3891,3892,1,-0.33095,473.47,554.81,0,452.13,590.29,500.92,509.19,0.0061047,0.00037022,-1.6376,0.020929,6.1035e-05
3892,3893,1,-0.33781,510.16,580.91,0,490.44,636.97,526.5,534.46,-0.014777,0.0006851,-1.4512,0.042833,6.1035e-05
3893,3894,0,-0.52131,362.38,452.27,0,341.57,518.62,377.57,403.86,-0.02262,0.0014703,-1.8817,0.005546,6.1035e-05
3894,3895,1,-0.36774,547.67,623.89,0,535.18,684.05,555.67,585.33,-0.0041842,0.00099815,-1.7731,0.020372,6.1035e-05
3895,3896,1,-0.30113,438.97,513.25,0,417.11,566.12,458.26,466.59,-0.00025355,0.00076317,-1.6254,0.016076,9.1553e-05
3896,3897,2,-0.21228,480.92,544.6,0,467.45,589.32,490.75,511.95,-0.0022598,0.00019133,-1.0861,0.03291,9.1553e-05
3897,3898,2,-0.24479,565.04,641.38,0,547.85,685.35,575.36,615,-0.0024944,0.00037798,-1.0471,0.019287,0.00012207
3898,3899,1,-0.31874,459.46,508.87,0,451.64,545.13,468.32,467.77,-0.0020525,0.0016977,-1.8671,0.01767,9.1553e-05
3899,3900,1,-0.31525,458.09,528.43,0,439.47,573.38,475.59,486.2,-0.0024056,0.00094025,-1.8371,0.024477,0.00012207
3900,3901,3,-0.16053,476.42,557.52,0,474.59,596.59,478.02,523.05,-0.0049966,0.00041983,-0.65075,0.013501,9.1553e-05
3901,3902,0,-0.54501,384.61,463.81,0,364.87,530.8,403.16,400.88,-0.0061869,0.0018714,-1.8913,0.046222,6.1035e-05
3902,3903,0,-0.66303,421.29,531.05,0,412.83,586.22,435.38,439.08,-0.014186,0.013455,-1.9256,0.042355,6.1035e-05
3903,3904,3,-0.16599,504.56,575.6,0,490.91,599.05,513.9,559.56,-0.0016924,0.00065348,-0.59847,0.013677,0.00012207
3904,3905,2,-0.22426,504.36,575.16,0,482.14,614.54,523.97,540.41,-0.0034997,0.00047137,-0.8584,0.027242,0.00012207
3905,3906,0,-0.55082,378.37,458.28,0,358.14,512.3,398.6,404.27,-0.0033986,0.003411,-2.1457,0.0034053,6.1035e-05
3906,3907,3,-0.17575,516.04,611.74,0,502.28,661.68,529.8,561.81,-0.0040935,0.00019111,-0.67506,0.0093825,0.00012207
3907,3908,2,-0.21445,479.46,542.3,0,468.78,584.87,489.5,502.31,0.0038222,0.00028414,-0.72309,0.030049,9.1553e-05
3908,3909,1,-0.34774,498.67,575.09,0,481.06,601.37,517.42,547.12,0.00035432,0.00054086,-1.9361,0.040823,6.1035e-05
3909,3910,2,-0.21503,468.55,529.16,0,467.98,560.71,469.15,495.57,-0.0069997,0.00023977,-0.91434,0.025776,0.00012207
3910,3911,3,-0.16704,476.06,564.03,0,462.25,598.76,490.75,527.06,0.0031819,0.00032752,-0.53902,0.04411,9.1553e-05
3911,3912,2,-0.22399,496.95,573.08,0,498.11,607.25,495.64,534.35,-0.01119,0.00042787,-0.85018,0.01152,9.1553e-05
3912,3913,2,-0.21197,487.24,553.43,0,475.57,595.72,495.75,522.56,-0.0079685,0.00018313,-1.1564,0.01939,0.00012207
3913,3914,3,-0.15179,457.8,528.93,0,444.76,564.35,468.61,499.57,-0.0005659,0.0002824,-0.71434,0.020637,9.1553e-05
3914,3915,2,-0.19663,440.74,491.84,0,436.12,517.62,444.1,473.02,0.00032125,0.0002985,-0.94674,0.011906,6.1035e-05
3915,3916,3,-0.17945,528.42,589.53,0,524.03,612,533.71,562.4,-0.0026786,0.00011416,-0.78641,0.0169,0.00012207
3916,3917,3,-0.18025,542.98,591.46,0,523.41,611.48,565.16,568.77,-0.0022566,9.5573e-05,-1.0217,0.023286,0.00012207
3917,3918,1,-0.22023,335.42,374.02,0,311.27,419.51,358.11,331.3,-0.00070958,0.0033512,-1.8439,0.0026239,3.0518e-05
3918,3919,3,-0.15065,462.73,508.68,0,457.78,546.82,466.34,480.85,0.0055297,0.00022979,-0.91901,0.014433,9.1553e-05
3919,3920,2,-0.18826,420.95,465.7,0,412.97,503.38,427.15,436.4,-0.011824,0.00019937,-1.1554,0.012698,6.1035e-05
3920,3921,2,-0.20418,451.14,527.54,0,439.4,561.84,460.26,500.87,-0.0089289,0.00020107,-0.84229,0.02472,6.1035e-05
3921,3922,3,-0.16888,484.45,579.27,0,478.64,600.07,491.05,555.69,-0.0015069,0.00012116,-0.80636,0.012624,9.1553e-05
3922,3923,1,-0.35068,495.17,570.29,0,483.39,588.15,511.3,545.81,-0.01312,0.0012482,-1.7594,0.0163,9.1553e-05
3923,3924,0,-0.59239,387.99,487.48,0,371.14,531.42,412.61,423.27,-0.017428,0.0015483,-1.8579,0.0030158,6.1035e-05
3924,3925,2,-0.22686,496.83,549.38,0,483.26,564.8,513.21,530.78,-0.00068207,0.00030107,-0.79511,0.017948,6.1035e-05
3925,3926,0,-0.51896,347.54,453.04,0,330.01,513.78,366.21,388.39,-0.026567,0.0043076,-1.4394,0.026355,6.1035e-05
3926,3927,0,-1.3898,421.51,550.22,0.71875,432.75,613.64,405.08,457.53,-0.025159,0.8136,-1.7949,0.049166,6.1035e-05
3927,3928,0,-0.554,359.6,474.58,0,346.95,524.6,375.86,410.28,-0.0074775,0.018194,-1.5561,0.01213,3.0518e-05
3928,3929,2,-0.18259,406.34,455.28,0,394.26,485.89,416.35,429.92,0.0041154,0.0026697,-1.0528,0.0057998,9.1553e-05
3929,3930,2,-0.22555,506.4,572.64,0,500.68,588.9,511.78,557.36,0.0025963,0.00062771,-0.93398,0.016364,9.1553e-05
3930,3931,1,-0.2857,406.99,466.7,0,392.36,491.5,431.36,425.36,0.0010781,0.0040155,-1.3343,0.001332,6.1035e-05
3931,3932,3,-0.16753,488.79,550.04,0,488.7,553.05,488.87,547.38,0.0017489,0.0003772,-0.5032,0.02805,0.00012207
3932,3933,0,-0.48763,331.85,400.04,0,315.66,435.3,350.2,360.08,-0.0040094,0.0056324,-1.5479,0.018685,6.1035e-05
3933,3934,0,-0.52794,370.62,450.07,0,350.03,511.8,383.82,410.49,-0.011152,0.0024181,-1.3763,0.0061533,6.1035e-05
3934,3935,2,-0.22758,494.44,553.43,0,481.89,589.68,509.59,509.68,-0.0092569,0.00042704,-0.944,0.031847,9.1553e-05
3935,3936,1,-0.22382,320.81,362.06,0,303.93,398.2,337.7,325.91,-0.0036935,0.0010469,-1.7516,0.0059682,6.1035e-05
3936,3937,0,-0.57837,390.61,478.75,0,373.11,527.18,413.11,416.48,-0.012517,0.0025887,-1.7142,0.136,6.1035e-05
3937,3938,3,-0.15725,466.63,524.17,0,459.95,565.64,471.5,493.9,-0.00097925,0.00041394,-0.6358,0.023417,9.1553e-05
3938,3939,0,-0.54792,373.81,483.56,0,357.52,537.09,385.69,444.5,-0.0082968,0.0037971,-1.6168,0.018789,6.1035e-05
3939,3940,1,-0.36089,536.23,590.95,0,527.35,632.65,543.13,558.51,0.02629,0.0018405,-1.581,0.010384,6.1035e-05
3940,3941,1,-0.28417,404.17,453.28,0,395.28,475.38,415.61,424.86,0.0013735,0.00095275,-1.6657,0.0094867,6.1035e-05
3941,3942,2,-0.22536,504.61,556.21,0,495.95,566.93,512.75,546.14,-0.0027793,0.0003374,-0.96739,0.027251,6.1035e-05
3942,3943,1,-0.30845,440.52,504.75,0,433.68,529.14,450.51,469.1,-0.044523,0.00063411,-1.5133,0.038696,9.1553e-05
3943,3944,2,-0.21884,496.07,544.23,0,482.2,586.31,508.31,507.11,0.0020153,0.00025587,-1.1009,0.026702,0.00012207
3944,3945,1,-0.28193,397.9,460.28,0,389.01,487.83,409.34,424.87,0.00249,0.00035877,-1.1966,0.018435,6.1035e-05
3945,3946,0,-0.60127,426.52,508.91,0,404.37,571.85,446.07,453.38,-0.0037036,0.0044732,-1.4414,0.0073591,6.1035e-05
3946,3947,3,-0.17412,519.41,582.81,0,512.96,624.25,525.46,543.87,0.00047772,0.00025641,-0.72549,0.020919,0.00012207
3947,3948,0,-0.56687,376.66,468.61,0,358.6,521.05,395.88,412.79,-0.014844,0.0025322,-1.8167,0.018814,6.1035e-05
3948,3949,0,-0.56879,388.73,485.29,0,363.63,560.66,412.31,414.49,-0.028118,0.0021121,-1.9081,-0.0044285,6.1035e-05
3949,3950,3,-0.17217,505.26,553.96,0,494.73,572.98,516.47,533.7,-0.0027301,0.00024576,-0.68859,0.0078979,6.1035e-05
3950,3951,0,-0.53063,350.38,418.26,0,331.96,447.66,374.07,380.48,-0.013497,0.0014004,-1.4253,0.016322,6.1035e-05
3951,3952,1,-0.26533,368.31,433.5,0,354.88,478.35,389.25,363.55,-0.0037427,0.00074817,-1.4523,0.0044871,6.1035e-05
3952,3953,1,-0.22928,321.29,378.57,0,314.85,401.15,330.13,347.62,-0.018016,0.00065029,-1.4933,0.0059025,3.0518e-05
3953,3954,0,-0.68163,439.13,571.04,0.015625,425.2,620.88,453.97,517.99,-0.0090784,0.02996,-1.3545,0.0044995,6.1035e-05
3954,3955,1,-0.27438,401.52,445.66,0,391.96,465.63,415.5,416.47,-0.0021895,0.0055657,-1.8101,0.0038337,6.1035e-05
3955,3956,0,-0.47543,333.75,399.63,0,316.22,445.53,351.28,353.73,0.0040821,0.016029,-1.9881,0.0012892,6.1035e-05
3956,3957,0,-0.62995,420.91,523.51,0,404.28,578.76,440.98,456.83,0.0016774,0.0040876,-1.7148,0.0063403,6.1035e-05
3957,3958,1,-0.35405,511.48,598.94,0,498.45,635.65,531.81,541.67,0.011138,0.0011229,-1.7411,0.023904,6.1035e-05
3958,3959,2,-0.19691,423.88,498.35,0,422.62,541.27,425.22,452.66,-0.00050809,0.0004036,-1.1887,0.017924,9.1553e-05
3959,3960,0,-0.42996,289.45,357.64,0,275.54,398.13,306.25,308.76,-0.0081742,0.021721,-1.7041,0.0096486,3.0518e-05
3960,3961,0,-0.52164,341.16,474.37,0,324.71,505.34,353.16,451.77,-0.0044399,0.0055654,-1.6777,0.013914,3.0518e-05
3961,3962,1,-0.29369,431.48,486.23,0,418.36,530.69,443.8,444.46,-0.0087333,0.0015011,-1.421,0.014584,6.1035e-05
3962,3963,3,-0.17465,512.55,576.84,0,493,600.51,533.37,551.64,-0.003941,0.00025324,-0.81999,0.031932,0.00012207
3963,3964,1,-0.2974,419.14,505.29,0,405.36,548.53,436.86,449.68,-0.0012727,0.00097416,-1.7224,0.01484,6.1035e-05
3964,3965,1,-0.26773,395.61,447.6,0,376.43,500.08,416.03,391.75,0.0066593,0.0015685,-1.2955,0.031678,6.1035e-05
3965,3966,0,-0.54323,376,462.11,0,350.56,529.39,399.9,398.91,-0.011957,0.0015327,-1.9126,0.0046521,6.1035e-05
3966,3967,0,-0.73374,439.57,553.36,0.10938,410.05,650.32,457.28,495.18,-0.0090367,0.095033,-1.6514,0.028155,6.1035e-05
3967,3968,2,-0.21729,482.23,538.82,0,463.28,583.08,501.19,494.55,-0.0022207,0.0039402,-1.3345,0.031095,9.1553e-05
3968,3969,0,-0.44948,295.98,376.05,0,283.35,410.29,310.3,337.25,-0.0033372,0.030061,-1.5941,0.0042251,3.0518e-05
3969,3970,0,-0.57973,391.11,489.65,0,367.09,555.16,413.67,428.11,0.0015871,0.0029305,-2.0976,0.011155,6.1035e-05
3970,3971,2,-0.20743,472.89,541.02,0,457.31,575.63,485.8,512.34,-0.00062361,0.0010574,-1.0754,0.03928,9.1553e-05
3971,3972,3,-0.14652,431.73,492.91,0,427.86,514.2,436.39,467.22,0.0024046,0.00035624,-1.0236,0.01769,9.1553e-05
3972,3973,1,-0.25822,373.76,447.72,0,355.08,496.32,393.64,395.98,-0.008074,0.0010493,-1.4113,0.01536,6.1035e-05
3973,3974,3,-0.15513,462.35,537.03,0,453.05,565.08,469.14,516.56,-0.0016775,0.00015925,-0.9518,0.036696,9.1553e-05
3974,3975,3,-0.15847,468.83,535.48,0,448.08,562.47,489.58,508.49,-0.0058943,0.00022196,-0.88531,0.031622,9.1553e-05
3975,3976,3,-0.15398,452.71,526.73,0,436.16,551.22,471.47,498.97,-0.0053852,0.00012484,-0.86023,0.021004,9.1553e-05
3976,3977,0,-0.49103,329.19,425.84,0,314.71,473.25,342.79,381.3,-0.021229,0.0022573,-1.554,0.033736,3.0518e-05
3977,3978,3,-0.17621,514.91,601.23,0,502.55,644.27,528.92,552.45,0.005604,0.00017721,-0.73972,0.026139,0.00012207
3978,3979,3,-0.17021,525.09,567.53,0,510.61,599.6,535.65,544.13,0.0025524,0.00017375,-0.81051,0.02874,0.00012207
3979,3980,3,-0.15642,480.35,544.02,0,468.29,575.02,489.16,521.4,-0.010072,0.00012648,-0.91679,0.014214,0.00012207
3980,3981,1,-0.28029,403.73,472.78,0,392.48,511.2,417.31,426.42,0.0018921,0.0016464,-1.8932,0.041529,6.1035e-05
3981,3982,2,-0.20089,442.95,512.41,0,428.74,542.25,458.07,480.65,0.0013378,0.00059358,-0.93678,0.010676,6.1035e-05
3982,3983,1,-0.22001,336.05,380.53,0,315.12,460.42,352.33,318.39,-0.0010372,0.0022859,-1.7595,0.0023661,6.1035e-05
3983,3984,0,-0.55955,376.46,479.65,0,357.05,547.22,397.13,407.73,0.019255,0.0029686,-2.231,0.00072273,3.0518e-05
3984,3985,0,-0.61645,418.59,533.21,0,399,599.24,439.44,462.93,0.00064104,0.0035926,-2.4733,0.0074062,9.1553e-05
3985,3986,1,-0.28493,419.95,478.07,0,402.35,517.96,437.55,438.18,0.027631,0.0019607,-1.946,0.024181,6.1035e-05
3986,3987,1,-0.27818,396.38,465.66,0,388.68,503.04,405.68,420.54,-0.0058402,0.0027224,-2.1636,0.01779,6.1035e-05
3987,3988,0,-0.46346,327.34,389.95,0,304.29,442.04,348.99,341.03,0.0025923,0.0029625,-2.0195,0.00071494,6.1035e-05
3988,3989,1,-0.32715,473.35,551.15,0,454.64,594.11,493.27,505.42,-0.015422,0.0018221,-1.626,0.019597,9.1553e-05
3989,3990,3,-0.17012,515.6,572.64,0,497.42,603.22,532.68,543.91,0.037507,0.00058566,-1.0011,0.038691,0.00012207
3990,3991,3,-0.1588,485.85,526.94,0,471.62,557.52,500.99,494.4,-0.0069035,0.00017899,-0.91545,0.023738,9.1553e-05
3991,3992,3,-0.16251,488.42,550.21,0,468.97,568.32,504.53,535.2,0.0048241,0.00016064,-0.91932,0.017587,0.00012207
3992,3993,3,-0.15339,463.94,515.15,0,459.23,548.79,469.61,474.53,0.0077916,0.00019505,-0.82613,0.014184,6.1035e-05
3993,3994,1,-0.24113,372.72,412.89,0,345.68,487.35,393.76,354.97,-0.0030272,0.0019836,-1.3093,-0.0015208,6.1035e-05
3994,3995,2,-0.19356,447.38,495.63,0,429,528.95,462.61,468.02,-0.0010218,0.0003689,-1.3765,0.012483,6.1035e-05
3995,3996,2,-0.21213,486.76,525.65,0,472.34,550.34,497.97,506.45,-0.011228,0.00028511,-1.2134,0.031937,9.1553e-05
3996,3997,3,-0.16851,516.77,579.37,0,500.93,611.03,533.63,545.68,0.0055662,0.0001545,-0.91115,0.021262,0.00012207
3997,3998,2,-0.22215,502.45,570.23,0,488.17,603.83,515.04,540.58,-0.00105,0.00041369,-1.0978,0.013773,9.1553e-05
3998,3999,0,-0.4673,322.96,420.3,0,311.28,507.95,332.04,352.13,-0.01465,0.0036163,-1.6114,0.0029227,6.1035e-05
3999,4000,0,-1.6668,417.36,531.73,1.0312,406.18,592.05,430.86,458.94,-0.024536,0.95167,-1.3825,0.013315,3.0518e-05
4000,4001,3,-0.18355,538.24,581.56,0,524.23,602.37,558.72,551.13,-0.0038313,0.004456,-0.78112,0.021136,0.00012207
4001,4002,3,-0.16358,481.53,536.02,0,477.33,577.27,487.66,475.74,-0.0037585,0.0011046,-0.7816,0.027154,9.1553e-05
4002,4003,2,-0.18941,425.22,486.1,0,414.63,500.75,436.49,470.5,-0.0024983,0.00091506,-1.1925,0.016895,9.1553e-05
4003,4004,2,-0.22531,484.51,560.95,0,471.07,583.73,505.46,525.41,0.0038047,0.0011815,-0.97349,0.024482,9.1553e-05
4004,4005,2,-0.23827,540.54,601.86,0,546.65,638.05,535.14,569.94,0.0056292,0.00055112,-0.93958,0.017683,6.1035e-05
4005,4006,2,-0.23025,521.83,573.77,0,511.54,606.34,531.49,543.17,0.00063965,0.00036844,-0.93436,0.01704,0.00012207
4006,4007,3,-0.15262,473.83,520.07,0,458.44,541.9,483.06,506.98,-0.0025553,0.0004729,-1.0184,0.0151,0.00012207
4007,4008,2,-0.21715,492.55,585.04,0,466.95,630,515.14,545.36,-0.0046951,0.0006875,-1.0267,0.015197,6.1035e-05
4008,4009,0,-0.58606,402.34,519.03,0,382.06,563.22,421.38,477.51,-0.0058204,0.028148,-1.5381,0.025564,3.0518e-05
4009,4010,2,-0.21269,491.15,541.14,0,482.86,611.56,496.13,498.89,3.2966e-05,0.0010679,-1.2225,0.022024,9.1553e-05
4010,4011,2,-0.22867,527.03,577.43,0,515.51,636.49,537.2,525.32,0.0036702,0.00099929,-1.2283,0.020835,0.00012207
4011,4012,2,-0.2174,486.92,552.69,0,479.88,592.28,493.97,513.1,-0.0023904,0.00029902,-1.1487,0.016336,9.1553e-05
4012,4013,3,-0.16133,476.8,532.37,0,458.72,562.69,501.56,490.81,0.010495,0.00025996,-0.64256,0.014487,9.1553e-05
4013,4014,0,-0.60407,396.62,513.29,0,376.61,576.09,419.3,442.11,-0.0039913,0.0042623,-1.9496,0.0086362,6.1035e-05
4014,4015,3,-0.15883,486.62,535.55,0,478.94,578.8,492.22,503.99,-0.0035092,0.00067064,-0.8988,0.015078,6.1035e-05
4015,4016,0,-0.56798,399.84,482.59,0,370.7,542.73,423.98,432.77,0.003289,0.011229,-1.8618,0.0082481,6.1035e-05
4016,4017,2,-0.21995,491.34,552.28,0,487.22,590,495.21,516.85,-0.0053955,0.00042137,-1.0031,0.016832,9.1553e-05
4017,4018,2,-0.211,484.02,553.54,0,471.34,602.91,495.2,509.97,-0.0042848,0.00038697,-1.1113,0.030607,9.1553e-05
4018,4019,0,-0.67233,435.45,550.76,0.03125,410.41,623.43,457.54,486.64,-0.010154,0.04013,-2.6125,0.017273,6.1035e-05
4019,4020,3,-0.15962,488.16,554.98,0,479.77,610.64,497.1,495.74,-0.0011233,0.00035845,-1.0002,0.022045,0.00012207
4020,4021,2,-0.22839,497.31,569.18,0,487.46,590.8,509.98,541.37,0.0054074,0.00043381,-0.96611,0.017483,9.1553e-05
4021,4022,0,-0.44058,295.97,386.34,0,281.57,433.88,309.49,341.68,-0.00084691,0.012419,-1.7072,0.0099774,3.0518e-05
4022,4023,2,-0.20867,471,536.34,0,455.53,589.51,485.54,486.39,-0.0029759,0.00030636,-1.3553,0.021283,0.00012207
4023,4024,1,-0.2131,333.57,371.29,0,299.38,431.03,354.08,335.45,0.00030622,0.0017489,-1.7288,0.011981,6.1035e-05
4024,4025,1,-0.2923,429.45,502.4,0,422.38,539.61,436.52,465.18,0.0019124,0.0015159,-1.7332,0.025468,6.1035e-05
4025,4026,3,-0.14588,443.22,490.04,0,427.24,524.1,456.46,461.81,-0.0011987,0.00042752,-0.95414,0.024694,9.1553e-05
4026,4027,0,-0.58289,383.59,502.78,0,364.85,569.95,402.33,435.61,0.00017595,0.0062609,-2.1361,0.013294,6.1035e-05
4027,4028,3,-0.16295,508.44,551.52,0,497.83,601.27,518.4,504.79,0.0050295,0.00045895,-0.90894,0.010006,0.00015259
4028,4029,3,-0.18526,547.89,619.44,0,532.34,656.91,566.65,574.22,0.00083289,0.00027335,-0.84849,0.031892,0.00012207
4029,4030,2,-0.20624,465.82,528.66,0,460.75,562.39,470.29,498.9,0.00019099,0.00033238,-1.1638,0.02018,9.1553e-05
4030,4031,3,-0.15461,455.96,502.57,0,453.16,540.81,459.35,456.41,0.0078894,0.00045314,-0.96541,0.019352,6.1035e-05
4031,4032,1,-0.30828,439.57,523.97,0,422.63,548.11,462.77,490.9,0.0019443,0.0018555,-1.7286,0.010192,6.1035e-05
4032,4033,1,-0.22449,331.44,381.63,0,306.91,444.6,351.77,329.45,0.0010672,0.0014585,-1.4961,0.013638,3.0518e-05
4033,4034,0,-1.0528,432.02,546.48,0.42188,434.65,653.18,429.97,463.5,0.00036471,0.28983,-1.9678,0.037764,6.1035e-05
4034,4035,3,-0.16212,485.41,544.83,0,475.78,576.33,493.92,517.03,-0.00025201,0.0019806,-0.82565,0.025603,9.1553e-05
4035,4036,1,-0.33237,485.75,556.61,0,475.22,595.76,496.28,517.46,0.0014714,0.0045332,-1.8779,0.014251,6.1035e-05
4036,4037,0,-0.60762,416.07,534.23,0,398.18,604.1,429.98,479.88,-0.0013421,0.016614,-1.8434,-0.00048437,6.1035e-05
4037,4038,0,-0.6275,404.77,542.07,0,387.74,597.83,426.66,470.38,0.0031739,0.013392,-2.1953,0.028538,6.1035e-05
4038,4039,2,-0.2111,459.41,530.8,0,453.37,551.2,466.69,506.18,-0.0038815,0.0020752,-0.96154,0.022305,6.1035e-05
4039,4040,0,-0.55893,371.16,487.37,0,352.11,542.55,394.16,420.77,0.0011434,0.0028036,-2.1924,-0.0016299,6.1035e-05
4040,4041,3,-0.16091,469.96,557.68,0,449.76,604.8,485.67,521.03,0.0029288,0.00031507,-0.75136,0.023911,9.1553e-05
4041,4042,1,-0.32912,463.11,556.11,0,445.21,592.29,484.71,512.45,0.0010127,0.0010952,-1.5897,0.013435,6.1035e-05
4042,4043,3,-0.16451,492.84,555.02,0,477.25,579.18,508.42,530.85,-0.00035604,0.00029314,-0.7129,0.029402,9.1553e-05
4043,4044,1,-0.35227,523.54,587.23,0,502.82,649.48,540.7,535.65,0.021948,0.0015622,-1.8416,0.017007,0.00012207
4044,4045,2,-0.20052,441.58,509.67,0,435.98,548.71,446.84,473,-0.0048518,0.00019638,-1.0028,0.010056,9.1553e-05
4045,4046,2,-0.18964,429.95,484.88,0,418.22,506.17,441.68,463.59,-0.0067804,0.00013242,-1.1696,0.0074276,6.1035e-05
4046,4047,1,-0.23626,333.61,400.6,0,315,461.34,353.43,335.93,-0.0042243,0.0020433,-1.4018,0.0073013,3.0518e-05
4047,4048,1,-0.27977,402.17,480.22,0,390.8,504.13,417.75,447.45,-0.0014043,0.00072963,-1.5978,0.025528,6.1035e-05
4048,4049,0,-0.58649,394.99,512.85,0,372.35,584.44,420.63,431.72,-0.017235,0.0042144,-1.9425,0.0080957,6.1035e-05
4049,4050,3,-0.16636,518.36,560.75,0,493.01,582.11,533.56,547.94,0.0052998,0.00022012,-0.77617,0.015022,0.00012207
4050,4051,1,-0.2877,418.96,477.37,0,402.56,501.95,441.43,443.7,0.0087859,0.00065601,-1.5863,0.0061529,6.1035e-05
4051,4052,1,-0.31854,455.96,540.51,0,431.99,570.87,486.77,501.46,0.0002549,0.00070851,-1.8488,0.019375,6.1035e-05
4052,4053,0,-0.59231,414.13,520.59,0,395.9,597.09,431.26,448.73,-0.0096976,0.0050269,-2.1425,0.019194,3.0518e-05
4053,4054,3,-0.16945,497.01,578.18,0,489.69,617.82,505.85,530.33,0.0038092,0.00013038,-0.7753,0.030678,0.00012207
4054,4055,0,-0.61909,421.27,534.09,0,400.19,611.52,442.34,456.65,-0.030948,0.0041405,-1.7803,0.030446,6.1035e-05
4055,4056,3,-0.15543,461.72,499.08,0,450.21,537.32,473.23,460.83,-0.0044992,0.00050563,-0.85886,0.015094,0.00012207
4056,4057,1,-0.29035,429.58,492.51,0,413.02,526.06,445.14,460.99,-0.004321,0.0017175,-1.996,0.062814,6.1035e-05
4057,4058,0,-0.48466,339.82,423.89,0,319.17,502.67,356.93,358.62,-0.0060022,0.0030282,-1.9298,0.017993,6.1035e-05
4058,4059,3,-0.14239,430.5,468.35,0,420.05,487.93,440.96,448.76,-0.0018136,0.00021266,-0.96564,0.03924,9.1553e-05
4059,4060,2,-0.20309,454.53,507.71,0,446.19,536.72,463.42,476.82,-0.0063024,0.00066454,-1.185,0.021067,6.1035e-05
4060,4061,2,-0.19868,450.55,492.71,0,438.91,516.27,464.6,464.27,0.00093252,0.00032194,-1.2495,0.013687,6.1035e-05
4061,4062,1,-0.23018,338.51,398.39,0,318.48,451.22,358.54,345.56,-0.014225,0.0014767,-1.4399,0.027521,6.1035e-05
4062,4063,3,-0.1588,468.22,519.48,0,469.02,554.65,467.7,496.93,-0.0045667,0.00020168,-0.93812,0.018423,9.1553e-05
4063,4064,2,-0.22117,500.96,558.94,0,502.93,603.12,499.33,522.34,-0.0024313,0.00058789,-1.0556,0.0078167,0.00012207
4064,4065,3,-0.16489,493.88,537.47,0,471.84,551.89,515.92,523.05,0.0048811,0.00053297,-0.97067,0.014962,9.1553e-05
4065,4066,0,-0.54282,374.89,459.6,0,359.23,524.32,388.7,402.5,-0.023627,0.0024474,-1.8449,-0.00099527,3.0518e-05
4066,4067,3,-0.16927,505.84,548.46,0,507.92,577.28,504.12,524.59,0.006648,0.00012002,-0.78658,0.023054,9.1553e-05
4067,4068,0,-0.54136,383.56,449.05,0,361.03,509.54,402.23,398.94,-0.011829,0.0029582,-1.9503,0.010007,6.1035e-05
4068,4069,2,-0.20664,469.28,523.54,0,454.99,555.06,479.71,500.55,0.00054792,0.00016196,-0.98522,0.0051403,9.1553e-05
4069,4070,1,-0.2489,383.88,417.51,0,363.3,444.42,395.43,402.41,-0.011895,0.0005312,-1.6902,0.081859,6.1035e-05
4070,4071,2,-0.20323,451.02,504.22,0,442.64,541.4,459.39,467.04,9.641e-05,0.00031524,-0.85657,0.016836,9.1553e-05
4071,4072,3,-0.18224,561.03,589.94,0,543.43,626.04,577.56,556.02,0.0040348,0.0001625,-0.77913,0.021435,0.00018311
4072,4073,3,-0.17903,522.85,567.86,0,511.04,601.95,536.24,529.22,-0.012514,9.702e-05,-0.97681,0.030152,0.00012207
4073,4074,3,-0.18082,554.2,594.89,0,545.32,637.02,561.11,562.12,-0.0026163,9.8417e-05,-0.79086,0.012699,0.00012207
4074,4075,0,-0.49393,348.26,423.8,0,325.22,480.19,369.91,370.83,-0.0069844,0.003152,-1.8124,0.012526,6.1035e-05
4075,4076,1,-0.28832,404.69,464.55,0,396.56,487.46,419.2,423.71,0.015913,0.00031944,-1.702,0.0086887,6.1035e-05
4076,4077,2,-0.20808,467.08,531.17,0,457.64,571.27,474.91,497.95,0.0050943,0.00016962,-1.1689,0.017602,9.1553e-05
4077,4078,1,-0.30523,441.88,514.88,0,423.05,534.95,460.72,494.81,-0.011506,0.0012388,-1.6673,0.045228,6.1035e-05
4078,4079,3,-0.17154,502.78,563.01,0,500.86,598.09,505.25,517.9,0.0058273,0.00030321,-0.93643,0.021596,0.00012207
4079,4080,1,-0.27705,408.09,450.45,0,397.22,469.45,416.02,436.59,0.011145,0.00043977,-1.4829,0.013815,6.1035e-05
4080,4081,3,-0.1537,473.62,510.02,0,458.65,537.22,482.6,493.7,0.0050102,0.00016438,-0.99397,0.023285,9.1553e-05
4081,4082,2,-0.22962,500.77,576.84,0,485.59,622.72,517.97,524.84,0.013431,0.00047385,-1.1966,0.026096,0.00012207
4082,4083,2,-0.19578,460.07,503.07,0,445.52,552.95,470.03,468.94,-0.0065763,0.00035605,-1.2164,0.032284,9.1553e-05
4083,4084,2,-0.21768,496.27,550.43,0,476.43,576.68,521.79,516.67,-0.013444,0.00018077,-1.2679,0.07653,6.1035e-05
4084,4085,1,-0.25432,384.03,433.26,0,377.63,473.03,389.67,398.16,-0.024505,0.00065791,-1.5607,0.020533,6.1035e-05
4085,4086,3,-0.16728,498.85,563.71,0,481,596.62,516.7,530.8,-0.00071783,8.8366e-05,-1.1094,0.016618,0.00012207
4086,4087,0,-0.57267,377.34,491.7,0,357.54,555.01,401.25,415.3,-0.0091157,0.0026379,-1.839,0.013685,6.1035e-05
4087,4088,2,-0.2124,475.52,530.81,0,465.14,569.14,487.28,487.37,0.0011687,0.00024768,-1.2786,0.0085172,9.1553e-05
4088,4089,2,-0.20922,460.67,531.66,0,460.25,568.55,461.05,499.12,0.0036619,0.00026117,-1.2146,0.023698,6.1035e-05
4089,4090,0,-0.68788,426.12,572.07,0,413.51,630.58,451.94,452.26,-0.01301,0.0046203,-2.1425,-0.00039475,6.1035e-05
4090,4091,3,-0.17955,512.79,599.44,0,508.34,618.66,521.28,562.76,-0.0026674,0.00064473,-0.85781,0.018925,0.00012207
4091,4092,3,-0.18522,548.62,622.54,0,524.35,650.87,581.87,583.71,0.0068845,0.00016393,-1.0692,0.022674,0.00012207
4092,4093,0,-0.48955,360.72,419.4,0,336.53,502.44,373.4,375.91,-0.0038156,0.0058153,-2.0461,0.012372,6.1035e-05
4093,4094,3,-0.15287,471.78,505.59,0,466.15,538.84,476.74,476.24,0.0024356,0.00026243,-1.2655,0.014283,9.1553e-05
4094,4095,2,-0.2061,471.36,534.49,0,460.06,577.05,480.72,499.23,0.018642,0.00038508,-1.1168,0.018668,0.00012207
4095,4096,2,-0.20437,475.62,512.54,0,459.72,564.57,487.22,474.58,-0.004148,0.00028942,-1.3155,0.013227,9.1553e-05
4096,4097,2,-0.1955,448.34,490.77,0,430.28,519.05,467.56,460.67,-0.0057801,0.00016057,-1.355,0.0055435,9.1553e-05
4097,4098,2,-0.20949,466.29,500.71,0,456.91,527.51,477.61,468.37,-0.0035051,0.00016864,-1.2074,0.023934,6.1035e-05
4098,4099,3,-0.15979,478.25,532.21,0,470.78,564.88,485.72,499.54,0.0044957,0.00019693,-1.0576,0.020132,9.1553e-05
4099,4100,2,-0.20247,436.56,505.62,0,417.4,523.84,462.81,480.66,-0.0038839,0.00027752,-1.4626,0.019583,6.1035e-05
4100,4101,2,-0.2113,460.91,520.31,0,442.49,548.06,487.85,479.76,-0.008598,0.00020187,-1.1078,0.030961,6.1035e-05
4101,4102,2,-0.22289,478.52,546.81,0,459.47,568.27,506.37,515.45,-0.0037577,0.000213,-1.1307,0.013614,6.1035e-05
4102,4103,1,-0.19912,311.05,335.78,0,288.21,406.78,324.75,293.19,-0.0042431,0.0020799,-1.7516,0.0088961,3.0518e-05
4103,4104,0,-0.62646,404.8,547.36,0,386.56,590.34,429.79,488.45,-0.007814,0.0098193,-1.7706,0.037693,6.1035e-05
4104,4105,3,-0.14094,423.31,470.92,0,415.61,490.24,430.54,452.77,0.0036243,0.00034461,-0.86706,0.009568,9.1553e-05
4105,4106,1,-0.31175,462.37,523.27,0,444.19,562.15,480.56,484.39,-0.016646,0.0016294,-1.7114,0.034654,6.1035e-05
4106,4107,0,-0.64499,443.09,538.35,0,421.2,617.86,464.99,458.85,-0.00017354,0.003111,-2.296,0.011775,6.1035e-05
4107,4108,0,-1.0396,428.8,531.82,0.39062,411.36,593.75,449.84,457.09,-0.096549,0.2201,-2.43,0.0062236,6.1035e-05
4108,4109,2,-0.22387,503.5,557.49,0,492.09,582.52,516.44,529.13,0.00033079,0.0024016,-1.2568,0.012253,9.1553e-05
4109,4110,1,-0.25933,391.8,432.92,0,373.83,476.81,406.68,396.54,-0.0069889,0.014298,-1.8606,6.8603e-05,6.1035e-05
4110,4111,0,-0.89983,428.97,554.4,0.26562,403.29,625.09,453.09,487.99,-0.0043768,0.15828,-1.9262,0.035271,6.1035e-05
4111,4112,3,-0.18213,539.23,608.15,0,523.87,642.15,557.76,567.11,0.0019077,0.0012459,-0.89869,0.030933,0.00012207
4112,4113,3,-0.16033,475.97,548.86,0,462.86,565.27,491.79,529.05,-0.0036272,0.00045254,-0.87206,0.014252,9.1553e-05
4113,4114,2,-0.23853,528.15,604.97,0,514.39,631.41,541.92,578.54,-0.011095,0.00072381,-1.1104,0.037357,9.1553e-05
4114,4115,2,-0.21381,464.21,516.97,0,452.17,547.95,479.68,477.13,0.00041848,0.00032528,-0.94934,0.025016,6.1035e-05
4115,4116,2,-0.21109,467.41,517.08,0,453.47,537.18,483.21,494.29,-0.016776,0.00044204,-1.2448,0.023548,9.1553e-05
4116,4117,1,-0.29002,433.1,487.69,0,413.51,546.98,448.33,441.57,-0.0082947,0.0026417,-1.5817,0.01155,9.1553e-05
4117,4118,2,-0.22863,496.23,571.32,0,489.5,605.87,506.72,517.42,-0.0072426,0.00043927,-1.0652,0.015262,0.00012207
4118,4119,2,-0.19426,468.73,507.77,0,469.45,568.22,468.3,471.51,0.019637,0.0002876,-1.3166,0.02729,6.1035e-05
4119,4120,0,-0.6662,432.71,514.9,0.078125,403.22,605.93,450.41,460.29,0.011685,0.059122,-2.1583,0.037816,6.1035e-05
4120,4121,1,-0.25315,362.62,436.23,0,354.82,454.71,369.95,418.86,-0.0076333,0.00073512,-1.3028,0.011356,3.0518e-05
4121,4122,1,-0.28128,398.51,475.15,0,390.81,510.86,405.74,441.6,-0.021695,0.0004917,-1.6191,0.015222,6.1035e-05
4122,4123,3,-0.15809,490.02,533.56,0,479.7,559.97,497.55,514.29,-0.0030121,0.00023992,-1.0253,0.028595,9.1553e-05
4123,4124,0,-0.44215,320.9,390.37,0,293.91,435.87,338.21,361.21,-0.0084339,0.013863,-1.692,0.0095182,3.0518e-05
4124,4125,0,-0.55302,347.65,491.75,0,333.49,543.38,369.73,411.21,-0.0049533,0.0039768,-1.8782,0.013455,6.1035e-05
4125,4126,1,-0.26429,378.19,441.05,0,370.31,471.44,386.58,408.69,-0.017081,0.0022265,-1.5718,0.038453,3.0518e-05
4126,4127,0,-0.51301,352.39,459.16,0,330.72,531.1,371.51,395.69,-0.0049341,0.0044517,-2.0843,0.0045506,3.0518e-05
4127,4128,0,-0.68324,430,528.5,0.0625,411.91,607.05,444.98,463.41,-0.016996,0.0502,-2.2507,0.027423,6.1035e-05
4128,4129,1,-0.25908,383.72,446.64,0,363.29,506.7,398.63,402.81,0.00090106,0.0013176,-1.6766,0.00809,6.1035e-05
4129,4130,3,-0.16267,506.93,560.36,0,482.26,599.82,528.7,525.54,0.0056592,0.00046849,-1.0234,0.013013,6.1035e-05
4130,4131,0,-0.60554,391.4,513.35,0,374.16,579.34,412.22,433.72,-0.0012551,0.0031682,-2.1509,0.0078801,6.1035e-05
4131,4132,2,-0.20542,462.22,534.03,0,450.96,578.76,472.8,492.01,0.0025435,0.00044143,-1.1583,0.013751,6.1035e-05
4132,4133,1,-0.20708,291.24,336.8,0,278.05,376.67,307.16,288.68,-0.014364,0.0015083,-1.3592,0.0075997,6.1035e-05
4133,4134,2,-0.19764,459.3,496.33,0,440.53,532.05,473,470.26,-0.0033772,0.00023973,-1.4531,0.030644,9.1553e-05
4134,4135,0,-0.5057,327.27,426.34,0,315.24,483.49,340.91,361.57,-0.0027462,0.003423,-2.0615,0.016927,3.0518e-05
4135,4136,0,-0.56783,376.42,502.64,0,351.51,555.68,402.93,446.18,-0.036302,0.0017698,-2.1821,0.031613,6.1035e-05
4136,4137,3,-0.16435,510.23,561.59,0,486.31,603.45,526.59,532.96,0.0011679,0.00036275,-1.1632,0.013987,0.00012207
4137,4138,3,-0.155,470.92,531.05,0,461.29,553.87,478.9,512.15,0.0014708,0.00015142,-1.2072,0.014411,9.1553e-05
4138,4139,2,-0.21045,471.86,545.44,0,457.34,568.1,486.37,522.78,0.0022741,0.00054575,-1.5194,0.0082356,9.1553e-05
4139,4140,0,-1.4321,446.23,585.09,0.76562,441.02,673.11,450.55,512.15,-0.0069354,0.68518,-1.831,0.010612,6.1035e-05
4140,4141,1,-0.21419,299.46,366.68,0,280.35,425.93,318.58,307.44,-0.00043213,0.012551,-1.8324,0.0097032,6.1035e-05
4141,4142,2,-0.20803,461.17,525.17,0,453.54,575.97,469.82,467.59,0.00035466,0.0025238,-1.4414,0.014709,9.1553e-05
4142,4143,0,-0.44267,322.57,406.4,0,302.03,478.21,332.61,371.33,-0.0034218,0.064795,-1.9433,-0.0039755,3.0518e-05
4143,4144,0,-0.63932,414.48,544.33,0,399.57,603.01,432.48,473.5,-0.0035434,0.026907,-2.1622,0.009238,3.0518e-05
4144,4145,1,-0.32454,476.51,552.2,0,461.76,606.35,490.37,501.34,-0.0021058,0.0031005,-2.1518,0.014274,6.1035e-05
4145,4146,3,-0.17237,513.5,585.85,0,494.97,623.48,532.03,548.22,0.0017007,0.00039607,-1.2065,0.021957,0.00012207
4146,4147,0,-0.50163,331.65,432.67,0,314.79,482.74,348.51,382.59,0.0049706,0.012063,-2.3529,0.0031024,3.0518e-05
4147,4148,0,-0.45287,319.68,403.22,0,288.55,455.56,343.89,362.5,-0.013107,0.0017323,-2.0083,0.0071853,3.0518e-05
4148,4149,0,-0.53628,364.89,469.47,0,341.61,521.41,384.18,426.43,0.0042114,0.0089871,-2.0611,0.020278,6.1035e-05
4149,4150,1,-0.3124,484.71,541.84,0,462.75,593.85,497.89,510.63,0.0080652,0.0022093,-2.0348,0.016617,0.00012207
4150,4151,2,-0.18198,398.38,472.54,0,404.68,509.08,391.25,431.13,-0.0077139,0.00035364,-1.2775,0.039224,6.1035e-05
4151,4152,3,-0.15714,475.9,549.15,0,464.46,590.08,485.99,513.05,0.00078393,0.00016771,-1.1338,0.022426,0.00012207
4152,4153,0,-0.52359,360.67,449.87,0,353.73,531.31,366.8,378.01,-0.010998,0.0040906,-2.4135,0.0091738,6.1035e-05
4153,4154,0,-0.56005,377.31,481.62,0,366.28,557.77,387.04,414.44,-0.0045083,0.0027421,-2.3212,0.0081896,6.1035e-05
4154,4155,1,-0.25551,353.11,418.06,0,345.01,437.37,365.74,387.93,-0.017291,0.00094406,-2.1134,0.0098126,6.1035e-05
4155,4156,1,-0.27013,401.15,464.05,0,382.28,501.03,420.03,427.07,0.010171,0.00072274,-1.6268,0.015322,6.1035e-05
4156,4157,3,-0.18204,543.9,616.89,0,526.96,664.77,563.1,562.64,0.0073058,0.00033206,-1.1235,0.018711,0.00012207
4157,4158,0,-0.62353,416.9,537.55,0,408.27,620,425,460.1,-0.011462,0.0053639,-2.405,0.027637,6.1035e-05
4158,4159,0,-0.56091,397.99,497.2,0,369.38,571.23,420.24,439.62,-0.0067201,0.0019034,-2.18,0.018295,6.1035e-05
4159,4160,0,-0.56019,402.44,503.27,0,379.07,584.05,418.42,448.01,-0.0065358,0.0012225,-2.5825,0.026441,6.1035e-05
4160,4161,2,-0.21074,473.48,546.53,0,462,582.16,482.99,517.01,-0.0055066,0.00022453,-1.2145,0.046069,9.1553e-05
4161,4162,3,-0.15077,463.59,506.44,0,448.82,553.89,474.36,471.82,0.010323,0.00035317,-1.1395,0.011918,9.1553e-05
4162,4163,1,-0.25352,358.09,435.01,0,335.37,500.86,382.28,364.91,-0.0029528,0.00064136,-1.7141,0.0041969,3.0518e-05
4163,4164,0,-0.47304,322.28,414.74,0,306.54,475.33,337.07,357.81,-0.0078757,0.0049637,-2.217,0.0082885,6.1035e-05
4164,4165,0,-0.5792,384.91,495.48,0,362.66,554.06,413.51,420.15,0.002414,0.0028836,-2.3279,0.028043,3.0518e-05
4165,4166,2,-0.23529,526.03,595.66,0,513.79,626.79,538.28,564.52,0.0046913,0.00071901,-1.3154,0.017564,0.00012207
4166,4167,2,-0.20994,467.2,530.62,0,451.77,553.75,491.26,494.52,0.0099631,0.0003523,-1.1657,0.025973,0.00012207
4167,4168,1,-0.21651,317.3,357.44,0,311.01,373.1,323.21,342.73,-0.01739,0.0012396,-1.989,-0.0012723,6.1035e-05
4168,4169,0,-0.56649,404.42,507.09,0,375.11,589.72,427.22,442.82,-0.0031768,0.0006301,-2.3833,0.008554,3.0518e-05
4169,4170,0,-0.5309,346.71,466.61,0,326.45,528.65,372.77,386.83,-0.033018,0.0026554,-1.9277,0.012748,3.0518e-05
4170,4171,0,-0.5281,378.53,455.13,0,350.79,521.35,395.18,415.4,-0.0084282,0.0015805,-2.4654,0.029149,3.0518e-05
4171,4172,3,-0.15583,483.93,535.51,0,451.73,582.62,505.97,503.28,0.0029357,0.00025935,-1.3545,0.025593,9.1553e-05
4172,4173,1,-0.29937,435.88,500.93,0,412.46,546.4,457.88,458.22,-0.0089068,0.001445,-2.1025,0.013209,6.1035e-05
4173,4174,0,-1.3263,453.42,580.28,0.625,449.99,674.66,457.31,473.31,0.0081626,0.59564,-2.393,0.036981,6.1035e-05
4174,4175,0,-0.59247,397.42,501.08,0,377.38,565.28,417.46,436.87,-0.0013272,0.013055,-2.5943,0.0034473,6.1035e-05
4175,4176,2,-0.21473,526.02,558.32,0,495.23,600.32,545.75,531.39,-0.0029173,0.0011954,-1.5994,0.029981,6.1035e-05
4176,4177,2,-0.2337,516.07,565.59,0,502.25,611.96,531.73,513.05,-0.0072611,0.00066039,-1.3992,0.059586,0.00012207
4177,4178,0,-0.5299,387.53,468.11,0,357.88,534.9,409.17,419.38,-0.0026769,0.016672,-2.5638,0.05123,6.1035e-05
4178,4179,1,-0.29546,425.62,478.61,0,411.94,512.79,440.18,442.24,-0.0030625,0.0017285,-1.6592,0.0043711,6.1035e-05
4179,4180,0,-0.50063,345.3,430.26,0,320.91,488.58,368.21,375.46,0.013554,0.0055725,-2.4716,0.0028548,3.0518e-05
4180,4181,1,-0.29735,436.68,486.72,0,423.63,515.03,451.47,454.65,0.0076944,0.0011588,-1.9563,0.0059251,6.1035e-05
4181,4182,2,-0.18956,422.68,458.75,0,413.82,483.72,431,435.29,-0.0032814,0.0002208,-1.2835,0.010816,9.1553e-05
4182,4183,0,-0.49852,318.08,423.87,0,301.73,457.41,347.21,364.09,-0.005563,0.002434,-2.1647,0.0086873,3.0518e-05
4183,4184,0,-0.46429,331.26,404.99,0,311.55,467.54,346.59,356.34,-0.007776,0.0018365,-2.3173,0.0090812,6.1035e-05
4184,4185,3,-0.17431,504.48,579.04,0,484.41,597.99,532,553.07,0.0080526,0.00030835,-0.96643,0.036012,0.00012207
4185,4186,0,-0.60225,405.74,510.7,0,383.47,569.73,426.66,455.25,-0.00027427,0.01013,-2.6399,0.0059025,6.1035e-05
4186,4187,2,-0.18162,407.55,452.37,0,398.44,482.25,416.1,424.3,-0.0053108,0.00025333,-1.4784,0.025443,9.1553e-05
4187,4188,0,-0.88528,418.91,535.79,0.28125,392.1,612.44,441.13,472.27,-0.020876,0.23014,-2.5982,0.035219,6.1035e-05
4188,4189,0,-0.54665,360.4,484.14,0,344.59,550.57,375.25,421.75,-0.0106,0.0088837,-2.3587,0.011953,6.1035e-05
4189,4190,0,-0.56726,389.56,488.9,0,359.88,569.42,411.21,430.14,-0.0044069,0.0055253,-2.5616,0.02459,6.1035e-05
4190,4191,1,-0.26378,407.01,441.46,0,382.17,515.46,424.01,390.83,-0.0064296,0.0012789,-1.7838,0.0099954,6.1035e-05
4191,4192,2,-0.19671,457.43,498.61,0,433.04,521.77,476.39,480.61,-0.0094493,0.00024026,-1.4082,0.027005,0.00012207
4192,4193,2,-0.19752,447.3,490.32,0,438.68,542.17,454.9,444.58,-0.0055074,0.00030318,-1.4601,0.021434,6.1035e-05
4193,4194,3,-0.15371,447.78,502.55,0,434.52,527.75,462.81,473.99,0.0052086,0.00021095,-1.1455,0.023248,9.1553e-05
4194,4195,0,-0.61123,387.79,518,0,371.47,564.13,414.99,441.11,-0.0055595,0.0014357,-2.515,0.011563,6.1035e-05
4195,4196,0,-0.6369,412.25,544.84,0,393.56,602.82,433.43,479.12,0.00077407,0.0046686,-2.079,0.00074686,6.1035e-05
4196,4197,3,-0.16981,536.56,583.56,0,516.95,628.75,549.13,554.59,-0.0030314,0.00016064,-1.2342,0.024879,0.00012207
4197,4198,2,-0.20589,437.78,504.51,0,430.94,539.04,447.17,457.18,0.008396,0.00039058,-1.4578,0.017645,0.00012207
4198,4199,3,-0.16049,492.37,548.67,0,477.18,584.79,508.54,510.22,0.0058841,0.00018861,-1.164,0.018218,9.1553e-05
4199,4200,0,-0.63659,433.68,556.05,0,409.71,616.55,462.61,483.04,-0.00063037,0.0017823,-2.5093,0.0061011,6.1035e-05
4200,4201,3,-0.15482,480.77,504.44,0,462.02,535.77,494.46,481.57,-0.0060311,0.00018181,-1.24,0.02693,0.00012207
4201,4202,3,-0.15171,453.6,502.22,0,446.21,531.28,460.99,473.15,-0.0066616,0.0001856,-1.2483,0.0037915,9.1553e-05
4202,4203,3,-0.17869,519.08,586.86,0,504.04,624.47,538.41,538.51,-0.0023637,0.00020477,-1.3056,0.017245,0.00018311
4203,4204,1,-0.26733,397.16,458.23,0,383.4,507.01,407.87,420.28,-0.011792,0.0009506,-1.591,0.015306,6.1035e-05
4204,4205,0,-0.60077,400.18,519.85,0,376.59,579.54,426.92,452.21,0.0015947,0.0040876,-2.1554,0.01256,6.1035e-05
4205,4206,1,-0.30629,441.8,510.84,0,423.01,556.2,464.49,456.1,0.00070522,0.00085266,-1.9047,0.0042798,6.1035e-05
4206,4207,2,-0.19313,438.73,501.48,0,418.09,526.17,462.13,473.49,-0.0051301,0.0003394,-1.4116,0.0088865,9.1553e-05
4207,4208,1,-0.3194,468.52,549.65,0,439.48,589.22,491.1,518.88,-0.012207,0.0010586,-1.8963,0.019928,9.1553e-05
4208,4209,0,-1.1206,449.13,568.14,0.45312,439.09,652.96,459.82,477.84,0.004058,0.35105,-2.296,0.0070823,6.1035e-05
4209,4210,0,-0.48419,326.81,429.66,0,309.87,483.23,343.76,376.1,-0.0038885,0.026391,-2.3707,0.015836,3.0518e-05
4210,4211,3,-0.16551,485.86,565.03,0,482.45,578.94,489.48,550.22,0.00067979,0.00062764,-0.93279,0.024094,9.1553e-05
4211,4212,2,-0.22455,500.68,560.11,0,502.62,611.96,498.02,489.05,0.0023354,0.00070782,-1.3929,0.0077166,0.00012207
4212,4213,0,-0.88214,433.96,512.01,0.29688,393.18,569.7,463.71,469.9,0.0016796,0.16845,-2.2447,0.015299,6.1035e-05
4213,4214,3,-0.17434,527.2,585.29,0,510.7,611.97,543.69,558.61,0.0056736,0.00061066,-1.2516,0.032526,0.00012207
4214,4215,0,-0.58046,396.12,488.26,0,377.1,545.84,415.15,430.69,-0.0057924,0.032137,-2.595,0.011969,6.1035e-05
4215,4216,2,-0.18951,426.72,474.86,0,418.88,503.95,434.08,447.54,0.015425,0.00053932,-1.3057,0.035567,6.1035e-05
4216,4217,3,-0.16829,494.02,547.52,0,473.06,573.55,519.32,516.11,0.0011491,0.0001613,-1.3686,0.015573,0.00012207
4217,4218,2,-0.17578,407.85,435.98,0,393.93,487.32,415.14,409.09,-0.0044815,0.00026306,-1.5567,0.027331,6.1035e-05
4218,4219,2,-0.18973,420,469.59,0,411.87,497.34,430.47,433.9,-0.003929,0.00028696,-1.3304,0.011584,9.1553e-05
4219,4220,1,-0.35503,533.68,591.85,0,524.27,645.86,541,549.85,-0.0037188,0.002038,-2.1566,0.012483,0.00012207
4220,4221,0,-0.62418,411.95,515.03,0,393.84,564.59,435.24,451.32,-0.0075064,0.0066177,-2.3451,0.040996,6.1035e-05
4221,4222,0,-0.55248,361.54,453.95,0,346.38,493.34,383.68,396.38,-0.015435,0.012577,-2.6665,0.0091548,6.1035e-05
4222,4223,3,-0.1828,543.6,577.88,0,523.41,596.14,569.57,554.41,0.0033945,0.000398,-1.1516,0.039368,0.00012207
4223,4224,2,-0.1877,427.01,477.81,0,409.09,491.78,444.93,463.85,-0.0059405,0.00023502,-1.325,0.0040978,9.1553e-05
4224,4225,3,-0.15847,500.02,524.92,0,483.82,570.09,509.74,497.83,0.00077149,0.00010998,-1.3183,0.011817,0.00012207
4225,4226,0,-0.58992,399.51,496.32,0,367.82,544.72,431.2,447.92,0.017042,0.0041736,-2.1425,0.021315,6.1035e-05
4226,4227,3,-0.17075,518.24,571.12,0,508.74,592.74,530.45,543.32,0.00029774,0.00011239,-1.1081,0.012652,0.00012207
4227,4228,3,-0.1568,471.98,526.05,0,459.96,559.03,486.49,486.25,0.019319,0.00015616,-1.1889,0.035355,9.1553e-05
4228,4229,0,-0.6422,429.73,538.13,0,410.84,590.52,449.83,482.36,-6.9898e-05,0.0029847,-2.5494,-0.0012892,6.1035e-05
4229,4230,2,-0.20581,462.78,512.61,0,451.81,520.9,476.88,501.95,0.0013367,0.00034598,-1.3369,0.015629,6.1035e-05
4230,4231,3,-0.1605,488.69,557.88,0,474.94,591.55,501.59,526.25,0.0018288,0.00035158,-1.1924,0.025532,0.00012207
4231,4232,1,-0.29437,441.96,481.05,0,423.14,508.45,457.54,458.36,-0.010179,0.00070864,-2.0325,0.016834,9.1553e-05
4232,4233,2,-0.1967,433.61,493.42,0,408.47,523.37,455.8,466.98,0.0018379,0.00020335,-1.3742,0.0043945,9.1553e-05
4233,4234,1,-0.25487,375.55,425.18,0,344.96,487.43,402.55,370.26,-0.00052703,0.0017576,-1.5065,0.0084401,6.1035e-05
4234,4235,1,-0.3289,478.21,548.89,0,465.85,573.22,491.36,522.98,0.0013029,0.0016035,-1.7719,0.013318,6.1035e-05
4235,4236,1,-0.2563,379.22,429.13,0,363.44,464.03,393.15,398.35,-0.0012556,0.00078684,-1.5118,0.012764,6.1035e-05
4236,4237,3,-0.16572,519.71,567.97,0,506.53,615.81,527.1,541.13,0.00065944,0.00028943,-1.2905,0.026552,0.00012207
4237,4238,3,-0.17598,523.52,592.09,0,509.6,619.23,540.33,559.34,0.0087313,0.00022121,-1.0904,0.013852,0.00012207
4238,4239,1,-0.30587,447.5,504.52,0,436.14,528.89,461.21,475.1,-0.0063183,0.00072456,-1.7858,0.0075138,6.1035e-05
4239,4240,2,-0.23337,542.22,586.56,0,538.34,639.45,545.44,542.75,0.0045676,0.00033017,-1.3416,0.022509,0.00012207
4240,4241,0,-0.44862,307.28,372.63,0,291.62,421.7,325.04,317.02,-0.0073358,0.024723,-2.1462,5.7662e-05,3.0518e-05
4241,4242,1,-0.28746,427.76,470.88,0,416.32,499,437.85,446.08,0.006742,0.00080528,-1.8385,0.0038278,6.1035e-05
4242,4243,0,-0.49388,318.07,407.6,0,303.07,440.76,339.98,359.13,-0.0044645,0.006704,-2.3911,-0.0043519,6.1035e-05
4243,4244,0,-0.61064,401.75,524.11,0,373.11,578.99,434.22,461.92,-0.00052161,0.0034275,-2.5409,0.01285,6.1035e-05
4244,4245,1,-0.30864,460.07,511.68,0,449.71,546.52,469.81,478.96,-0.00079871,0.00082091,-1.8652,0.0073252,9.1553e-05
4245,4246,0,-0.64478,425.93,535.94,0,404.27,593.66,452.07,466.28,-0.010015,0.0076351,-2.6915,0.039361,6.1035e-05
4246,4247,2,-0.21687,487.02,529.72,0,469.27,545.69,503.7,514.73,0.0033143,0.00049649,-1.0773,0.032435,6.1035e-05
4247,4248,0,-1.4556,435.35,524.75,0.82812,407.8,577.77,461.24,474.93,-0.11354,0.61153,-2.3545,0.020215,6.1035e-05
4248,4249,2,-0.25724,571.3,647.55,0,554.78,677.2,590.03,613.95,-0.0018259,0.0014513,-1.1686,0.0046412,0.00012207
4249,4250,1,-0.22628,335.18,378.24,0,311.72,420.26,361.77,330.61,0.00065325,0.019046,-1.6724,0.010648,6.1035e-05
4250,4251,1,-0.32388,487.15,536.22,0,473.21,564.32,498.7,512.94,-0.0022532,0.0055743,-2.1833,0.019634,0.00012207
4251,4252,1,-0.31544,495.39,548.06,0,458.21,570.8,520.84,532.51,-0.0038098,0.002733,-1.6966,0.0094155,9.1553e-05
4252,4253,1,-0.35522,538.33,599.38,0,517.06,631.95,558.31,568.79,0.0019293,0.0023466,-1.6708,0.0087103,0.00012207
4253,4254,2,-0.21466,464.64,524.33,0,448.69,559.59,483.88,481.78,0.0023476,0.0013507,-1.4442,0.010946,9.1553e-05
4254,4255,1,-0.27312,397.25,457.13,0,378.46,494.12,417.25,417.74,-0.0042286,0.0072642,-2.0342,0.018574,6.1035e-05
4255,4256,1,-0.22508,319.62,366.22,0,305.58,395.26,335.53,333.3,-0.0077523,0.0013492,-1.9179,0.0085132,6.1035e-05
4256,4257,3,-0.17769,538.08,587,0,521.59,630.14,552.62,548.93,-0.0051419,0.0011604,-1.1287,0.018951,0.00012207
4257,4258,2,-0.18422,416.59,458.77,0,400.81,483.24,431.42,435.79,0.00206,0.00054709,-1.3742,0.02294,6.1035e-05
4258,4259,1,-0.30068,451.39,505.18,0,439.04,520.89,464.53,488.44,0.00070877,0.0010578,-1.7791,0.030412,6.1035e-05
4259,4260,2,-0.2327,519.89,575.62,0,506.41,614.44,532.57,539.15,-0.003976,0.00093632,-1.2493,0.014091,6.1035e-05
4260,4261,2,-0.2241,497.66,561.41,0,487.14,611.19,506.38,520.16,-0.0037737,0.00048648,-1.3778,0.014799,9.1553e-05
4261,4262,3,-0.14929,450.27,508.67,0,428.46,538.33,470.76,480.81,-0.0076647,0.00033187,-0.95899,0.016945,9.1553e-05
4262,4263,1,-0.24127,360.87,397.75,0,337.9,453.08,379.9,351.9,0.007597,0.0028172,-2.234,0.0021397,6.1035e-05
4263,4264,0,-0.5386,347.25,443.15,0,334.1,478.04,366.47,392.15,-0.0059373,0.021159,-2.5794,0.012088,3.0518e-05
4264,4265,0,-0.5389,364.25,464.84,0,343.91,514.91,385.91,411.54,0.0024759,0.0065548,-2.6944,0.0083456,6.1035e-05
4265,4266,3,-0.173,508.29,565.27,0,498.54,600.88,518.66,527.37,0.0029352,0.00071385,-0.96064,0.011042,0.00012207
4266,4267,1,-0.31861,460.56,518.44,0,451.12,546.48,471.96,484.62,-0.0044455,0.0020472,-1.9523,0.019557,6.1035e-05
4267,4268,1,-0.27964,398.41,463.8,0,381.77,507.61,418.49,410.93,0.00013339,0.00077574,-1.8101,0.0068324,6.1035e-05
4268,4269,0,-0.72159,427.64,545.81,0.0625,406.61,588.85,451.47,497.04,-0.01205,0.054776,-2.6343,0.028846,6.1035e-05
4269,4270,1,-0.3223,458.36,539.07,0,447.51,569.63,472.32,499.78,-0.0017905,0.00083576,-1.2237,0.012104,6.1035e-05
4270,4271,1,-0.31098,438.38,510.69,0,423.67,544.84,457.29,466.78,-0.017772,0.0013591,-1.6478,0.0071355,6.1035e-05
4271,4272,0,-0.55396,375.85,479.33,0,355.72,532.97,393.62,432,0.0056323,0.012965,-2.5107,0.016371,6.1035e-05
4272,4273,2,-0.21914,483.72,561.96,0,478.96,615.05,487.19,523.23,0.0017871,0.00065361,-1.2134,0.011972,9.1553e-05
4273,4274,0,-0.58317,378.61,473.57,0,360.53,514.14,401.85,421.41,-0.0042897,0.0041044,-2.6476,0.0041059,6.1035e-05
4274,4275,2,-0.23466,502.13,595.31,0,490.29,619.64,518.35,561.98,-0.0094506,0.00057659,-0.89629,0.012383,9.1553e-05
4275,4276,2,-0.20642,462.38,536.28,0,458.8,600.15,465.35,483.36,-0.0041182,0.00035524,-1.3469,0.0085145,6.1035e-05
4276,4277,1,-0.28595,442.48,492.33,0,415.08,532.78,454.94,473.94,-0.0065012,0.00050205,-1.6067,0.0063688,9.1553e-05
4277,4278,2,-0.22136,500.35,574.82,0,491.55,619.85,506.36,544.01,0.0003263,0.00034213,-1.084,0.013361,0.00012207
4278,4279,2,-0.20843,454.12,539.38,0,443.68,570.35,465.95,504.28,-0.006022,0.00029221,-1.0113,0.010616,9.1553e-05
4279,4280,2,-0.2192,480.8,557.43,0,478.93,587.77,483.2,518.42,-0.003071,0.00019928,-1.3158,0.021189,9.1553e-05
4280,4281,3,-0.14992,433.11,528.8,0,422.9,562.88,442.69,496.78,0.0086529,0.00035136,-1.0331,0.016609,9.1553e-05
4281,4282,3,-0.15688,464.2,529.4,0,449.07,571.28,479.33,487.52,0.00073109,0.00015417,-1.0219,0.023249,9.1553e-05
4282,4283,1,-0.36357,534.73,609.28,0,522.28,651,547.18,567.56,-0.0047455,0.0025201,-1.5761,0.0018493,0.00012207
4283,4284,2,-0.20341,471.99,511.98,0,452.45,537.96,487.18,491.78,-0.0011553,0.00042731,-1.2899,0.019326,9.1553e-05
4284,4285,1,-0.27436,412.88,467.22,0,396.42,504.96,424.13,441.4,0.0048325,0.00039839,-1.8032,0.010527,6.1035e-05
4285,4286,3,-0.17502,525.58,587.11,0,516.97,616.65,534.19,557.57,0.00015849,0.00017745,-1.1918,0.010628,0.00012207
4286,4287,3,-0.15416,451.8,517.71,0,448.76,541.63,455.24,490.61,-0.0038427,0.00020534,-0.97307,0.0087191,0.00012207
4287,4288,1,-0.24832,350.32,402.86,0,338.69,423.95,365.27,375.74,-0.013034,0.00095239,-1.7104,0.0069247,6.1035e-05
4288,4289,0,-0.73208,420.56,558.39,0.0625,410.02,590.37,437.01,508.49,-0.0053519,0.059965,-2.5085,0.016016,6.1035e-05
4289,4290,2,-0.20015,438.44,509.88,0,433.21,558.13,444.77,451.65,-0.006433,0.00044228,-1.4044,0.018205,9.1553e-05
4290,4291,0,-0.66586,424.61,550.76,0,411.09,597.76,445.7,477.44,-0.0063596,0.0060679,-2.6201,0.019404,6.1035e-05
4291,4292,0,-0.48659,325.03,408.8,0,311.85,466.61,338.21,350.98,-0.0050305,0.012211,-2.6324,0.0064298,3.0518e-05
4292,4293,1,-0.29797,438.78,499.82,0,415.92,539.73,461.64,459.9,-0.0019811,0.00083047,-1.6226,0.022452,6.1035e-05
4293,4294,3,-0.15716,479.39,530.68,0,464.23,577.17,491.96,492.15,-0.0047082,0.0001766,-1.1846,0.0091007,9.1553e-05
4294,4295,0,-0.51039,364.12,439.55,0,344.79,496.37,381.17,389.42,-0.0074281,0.0035804,-2.5352,0.0058791,6.1035e-05
4295,4296,1,-0.23664,357.79,412.23,0,335.67,488.36,374.99,353.01,-0.0044331,0.0011876,-1.3883,0.0049293,6.1035e-05
4296,4297,2,-0.18723,426.2,489.6,0,411.26,533.96,437.82,455.1,-0.0035678,0.00027478,-1.2214,0.022861,6.1035e-05
4297,4298,3,-0.15584,466.15,531.84,0,450.11,552.35,485.51,507.1,-0.0030797,0.00028848,-1.1277,0.0090156,9.1553e-05
4298,4299,2,-0.18834,426.21,480.49,0,411,538.34,437.31,438.28,-0.0037384,0.00043288,-1.4932,0.020207,6.1035e-05
4299,4300,3,-0.15397,452.32,516.29,0,439.59,553.57,466.75,474.03,-0.0058014,0.00014667,-0.93055,0.021056,9.1553e-05
4300,4301,0,-0.51954,374.5,452.51,0,351.24,514.22,390.42,410.29,-0.018452,0.0014148,-2.6448,0.012458,6.1035e-05
4301,4302,3,-0.16188,491.4,545.98,0,474.47,587.83,510.59,498.54,-0.0034508,0.00013191,-1.1206,0.014362,9.1553e-05
4302,4303,2,-0.1921,420.71,495.38,0,413.47,535.49,428.43,452.69,-0.0069454,0.00036643,-1.334,0.0093334,9.1553e-05
4303,4304,3,-0.17089,515.04,570.04,0,498.12,612.61,535.46,518.66,0.0049385,0.00033362,-0.9734,0.010117,0.00012207
4304,4305,1,-0.3287,501.87,557.63,0,481.11,631.64,513.52,516.12,-0.0056877,0.0016538,-1.9393,0.048097,9.1553e-05
4305,4306,3,-0.16352,488.92,552.34,0,469.89,598.55,507.94,506.12,-0.016499,0.00019514,-1.1833,0.014617,6.1035e-05
4306,4307,1,-0.31362,456.83,526.71,0,444.9,569.37,468.76,484.05,-0.0038741,0.0008038,-1.9723,-9.362e-05,6.1035e-05
4307,4308,2,-0.19864,454.62,505.59,0,440.37,546.05,465.01,476.07,-0.0069332,0.00021665,-1.1634,0.032864,9.1553e-05
4308,4309,0,-0.66991,411.85,547.01,0.015625,397.91,596.54,426.68,494.28,-0.027194,0.013483,-2.6053,0.021033,6.1035e-05
4309,4310,1,-0.33345,495.77,554.87,0,472.99,584.82,514.64,530.06,-0.0019347,0.0011989,-2.1101,0.0066201,0.00012207
4310,4311,2,-0.1956,450.69,497.24,0,429.35,530.73,467.29,471.19,-0.01262,0.00052397,-1.7243,0.016799,9.1553e-05
4311,4312,2,-0.21343,480.17,555.05,0,470.69,589.18,488.03,526.77,-0.0075023,0.00020449,-1.5057,0.0069763,9.1553e-05
4312,4313,2,-0.21365,493.26,539.79,0,484.88,599.06,499.77,493.69,0.0046465,0.00028698,-1.5366,0.020684,6.1035e-05
4313,4314,0,-0.55664,356.78,466.33,0,343.95,512.79,372.27,410.26,-0.010304,0.0061354,-2.5823,0.0055089,6.1035e-05
4314,4315,0,-0.60451,395.28,502.49,0,381.43,554.23,414.26,431.58,-0.020969,0.0025274,-2.6877,-0.0062741,6.1035e-05
4315,4316,2,-0.22748,504.55,566.49,0,495.62,599.66,515.33,526.45,-0.0029009,0.00027257,-1.4224,0.017077,0.00012207
4316,4317,1,-0.29325,419.17,495.44,0,412.81,510.42,429.76,470.46,-0.0046454,0.00043744,-1.7933,0.014222,6.1035e-05
4317,4318,3,-0.16788,484.51,575.86,0,472.66,620.37,497.12,528.48,-0.0016901,0.0003247,-0.81928,0.008187,9.1553e-05
4318,4319,0,-0.57776,382.03,498.71,0,368.35,565.62,394.1,439.68,-0.0065053,0.0018387,-2.542,0.045078,3.0518e-05
4319,4320,1,-0.27959,419.9,481.21,0,397,528.28,437.71,444.61,0.0016659,0.00050663,-1.7908,0.029201,9.1553e-05
4320,4321,3,-0.15696,487.84,549.91,0,460.99,595.08,505.05,520.95,0.0031306,0.00019814,-0.94099,0.02037,0.00012207
4321,4322,1,-0.31912,472.73,533.02,0,450.37,579.72,491.25,494.32,-0.010796,0.00086777,-2.0613,0.0091889,6.1035e-05
4322,4323,2,-0.17989,403.85,466.75,0,392.69,493.34,413.7,443.28,-0.0049842,0.00018812,-0.98967,0.026089,9.1553e-05
4323,4324,2,-0.20406,454.04,524.5,0,435.1,566.03,474.21,480.29,-0.0033056,0.00026287,-1.3655,0.013044,9.1553e-05
4324,4325,2,-0.20626,475.94,547.48,0,466.96,608.62,481.33,510.8,-0.0022563,0.00018346,-1.428,0.010757,9.1553e-05
4325,4326,1,-0.26107,361.55,436.79,0,351.43,471.77,377.35,382.23,0.0046449,0.002028,-1.9001,0.012769,3.0518e-05
4326,4327,0,-0.51346,351.14,431.26,0,332.78,480.49,367.34,387.83,0.012409,0.0018579,-2.7269,0.016028,6.1035e-05
4327,4328,3,-0.14149,433.73,478.75,0,425.45,510.65,441.51,448.79,-0.0011478,0.00022418,-1.6994,0.015509,9.1553e-05
4328,4329,3,-0.15811,466.81,538.43,0,449.27,577.98,487.97,490.71,-0.0051058,0.00018459,-1.2075,0.0071565,9.1553e-05
4329,4330,0,-0.59967,376.16,498.23,0,365.02,535.84,392.45,443.27,-0.0088845,0.002316,-2.8793,-0.00045135,6.1035e-05
4330,4331,1,-0.2976,440.51,499.37,0,415.51,523.71,468.86,471.78,0.0032574,0.00064054,-2.0979,0.018232,9.1553e-05
4331,4332,0,-0.59823,396.26,497.25,0,385.61,550.93,406.91,443.58,-0.01079,0.0011284,-2.6627,0.015443,6.1035e-05
4332,4333,2,-0.20763,445.9,538.58,0,441.86,580.55,452.2,473.1,0.00117,0.00017424,-1.3392,0.0304,6.1035e-05
4333,4334,3,-0.17268,514.15,568.66,0,500.26,603.6,528.04,533.72,0.00057727,0.00018912,-1.2948,0.0083387,0.00012207
4334,4335,1,-0.31301,473.71,524.56,0,445.49,559.9,498.6,493.37,-0.013266,0.00049913,-2.1788,0.0075914,9.1553e-05
4335,4336,2,-0.23186,513.31,590.41,0,506.47,624.27,523.31,540.9,0.0013022,0.00035777,-1.4648,0.014002,6.1035e-05
4336,4337,2,-0.19292,427.83,489.16,0,407.4,515.46,457.69,450.72,-0.0097963,0.00043993,-1.8617,0.0084935,9.1553e-05
4337,4338,3,-0.15586,472.43,529.82,0,448.08,564.1,500.02,490.97,-0.003946,0.00016375,-1.4138,0.017563,9.1553e-05
4338,4339,2,-0.20646,451.63,528.72,0,437.05,568.38,472.95,470.75,-0.008305,0.00025956,-1.6524,0.025835,6.1035e-05
4339,4340,0,-0.58297,404.85,515.2,0,378.85,563.55,421.51,484.21,-0.016355,0.00076715,-2.7409,0.0408,6.1035e-05
4340,4341,0,-0.81658,419.85,531.36,0.1875,396.16,567.98,446.71,489.87,-0.024132,0.10958,-2.8085,0.048671,6.1035e-05
4341,4342,3,-0.15391,465.36,531.63,0,456.32,566.68,476.97,486.57,0.0036355,0.0010884,-1.5051,0.014442,0.00012207
4342,4343,2,-0.22457,505.46,564.72,0,485.46,592.42,531.17,529.1,-0.0064063,0.00027584,-1.5974,0.037917,9.1553e-05
4343,4344,1,-0.21537,312.28,374.79,0,295.91,441.1,327.66,312.5,-0.0043821,0.0059827,-1.6662,0.009754,6.1035e-05
4344,4345,2,-0.19437,430.16,506.71,0,416.96,539.61,444.22,471.7,0.0068024,0.00033718,-1.3798,0.030736,6.1035e-05
4345,4346,0,-0.83196,418.17,522.64,0.20312,420.02,597.84,416.21,442.59,-0.0077867,0.15801,-2.9701,0.018119,6.1035e-05
4346,4347,0,-0.58922,372.59,500.98,0,367.62,559.05,377.56,442.91,0.017227,0.02241,-2.5792,0.012579,6.1035e-05
4347,4348,1,-0.29124,419.79,485.97,0,401.69,524.86,443.06,435.96,0.00038071,0.0040471,-2.3084,0.010506,6.1035e-05
4348,4349,3,-0.17123,494.14,561.52,0,480.24,586.01,514.46,525.73,-0.0012124,0.00041136,-1.3075,0.016823,0.00012207
4349,4350,3,-0.1551,465.48,518.47,0,445.12,557.93,484.61,481.41,0.00099838,0.00018368,-1.3253,0.021051,9.1553e-05
4350,4351,0,-0.52342,375.22,455.87,0,357.75,507.91,387.96,417.9,-0.01412,0.0052955,-2.8141,0.023953,6.1035e-05
4351,4352,2,-0.22574,497,584.13,0,478.72,634.85,513.14,539.38,0.0063535,0.00055103,-1.4911,0.015652,9.1553e-05
4352,4353,3,-0.16991,522.69,563.13,0,508.09,590.3,536.41,537.62,-0.016595,0.00037028,-1.5104,0.009989,0.00012207
4353,4354,1,-0.28965,440.95,490.48,0,420.85,550.31,452.22,456.92,-0.0096717,0.00046253,-2.0046,0.0065053,9.1553e-05
4354,4355,3,-0.15268,455.37,517.4,0,443.33,560.74,464.74,483.69,0.00039813,8.902e-05,-1.1539,0.025999,0.00012207
4355,4356,0,-0.47014,314,402.29,0,296.75,431.8,330.2,374.56,0.0011667,0.0056485,-2.9233,0.018619,3.0518e-05
4356,4357,1,-0.32266,456.7,537.57,0,449.21,583.9,465.2,485.06,0.004483,0.0017021,-1.7174,0.022234,6.1035e-05
4357,4358,3,-0.15885,470.4,529.51,0,457.09,561.34,485.48,493.43,-0.0016235,0.00012059,-1.497,0.01535,0.00012207
4358,4359,1,-0.22849,341.6,388.61,0,323.66,407.77,366.18,362.35,-0.0045809,0.00086334,-1.9256,0.0084154,6.1035e-05
4359,4360,2,-0.21325,491.17,548.44,0,474.08,595.26,506.24,507.12,-0.00045578,0.00070533,-1.5527,0.012279,9.1553e-05
4360,4361,3,-0.15395,463.68,511.94,0,456.47,546.74,468.31,489.63,-0.0075708,0.00013452,-1.4741,0.034881,0.00012207
4361,4362,0,-0.55972,361.14,477.01,0,345.8,522.39,377.46,428.7,-0.00052363,0.010299,-3.0373,-0.0057407,3.0518e-05
4362,4363,3,-0.17104,530.32,579.56,0,506.97,623.04,547.35,547.83,0.0013539,0.00013578,-1.3478,0.029168,0.00012207
4363,4364,2,-0.2062,470.67,532.8,0,455.21,582.59,484.3,488.88,-0.0061196,0.00024263,-1.503,0.031293,9.1553e-05
4364,4365,2,-0.199,428.09,516.69,0,425.57,564.31,431.55,451.44,-0.0030408,0.00031596,-1.5343,0.012864,9.1553e-05
4365,4366,3,-0.17951,531.88,593.57,0,518.39,629.49,547.16,552.86,-0.0045411,0.00021395,-1.0983,0.01524,0.00012207
4366,4367,1,-0.33825,489.73,565.9,0,471.13,592.56,513.64,531.62,-0.0041589,0.00071144,-2.0774,0.027559,9.1553e-05
4367,4368,3,-0.15219,451.14,509.83,0,435.36,522.96,466.92,496.71,-0.0083683,0.00012217,-1.3057,0.012457,6.1035e-05
4368,4369,1,-0.34361,496.14,583.41,0,482.73,615.06,509.54,551.76,-0.0030929,0.00098141,-1.8404,0.022249,6.1035e-05
4369,4370,1,-0.29331,426.26,489.55,0,398.43,531.91,455.89,444.45,-0.0035562,0.0014372,-2.4204,0.017827,6.1035e-05
4370,4371,3,-0.1725,523.63,571.35,0,505.75,600.43,541.52,542.28,-0.00028832,9.8763e-05,-1.5746,0.024914,0.00012207
4371,4372,0,-0.58801,365.58,486.95,0,361.54,533.31,371.12,423.42,-0.023112,0.0024485,-2.7889,0.02882,6.1035e-05
4372,4373,0,-0.73312,422.77,530.82,0.10938,408.61,594.98,432.46,486.91,0.0072505,0.084397,-2.897,0.011683,6.1035e-05
4373,4374,1,-0.29025,416.11,484.38,0,400.77,516.16,435.84,443.51,-0.0051755,0.0033128,-2.0247,0.018948,6.1035e-05
4374,4375,0,-0.67673,439.99,544.69,0.015625,425.07,600.9,454.91,488.48,-0.0024395,0.0099122,-3.1029,0.020015,6.1035e-05
4375,4376,3,-0.16203,496.76,536.96,0,477.78,561.1,516.97,511.25,-0.0036011,0.00016606,-1.5371,0.02071,9.1553e-05
4376,4377,1,-0.2507,364.07,419.79,0,354.33,466.54,375.1,366.8,-0.0024679,0.003462,-2.0031,0.024611,6.1035e-05
4377,4378,0,-0.59026,379.12,497.51,0,370.85,531.77,390.46,450.55,-0.0036663,0.0029518,-3.0136,0.014718,6.1035e-05
4378,4379,3,-0.15297,460.67,515.93,0,439.21,538.36,482.12,493.51,-0.001592,0.00036652,-1.5218,0.021541,0.00012207
4379,4380,2,-0.21039,478.35,524.33,0,462.91,560,491.98,492.85,-0.0018514,0.00058668,-1.8381,0.020033,9.1553e-05
4380,4381,0,-0.59083,371.55,486.29,0,355.67,520.17,394.75,436.78,-0.022458,0.0017031,-2.9546,0.052637,6.1035e-05
4381,4382,0,-0.52255,339.22,431.62,0,317.27,464.21,367.44,389.71,0.00067187,0.0017871,-2.9701,0.015179,3.0518e-05
4382,4383,2,-0.21057,468.62,529.09,0,459.7,556.87,479.39,495.57,-0.0016269,0.00045628,-1.5477,0.017948,9.1553e-05
4383,4384,2,-0.22056,505.81,558.04,0,482.61,604.34,530.51,508.76,0.00047765,0.00045931,-1.8272,0.035708,0.00012207
4384,4385,0,-0.60757,379,492.51,0,369.85,536.37,396.45,408.78,-0.0070232,0.0032111,-2.9332,0.011715,6.1035e-05
4385,4386,2,-0.20408,437.43,500.09,0,433.37,528.98,444.2,451.94,-0.010988,0.00050566,-1.3994,0.014115,9.1553e-05
4386,4387,2,-0.1933,448.72,489.23,0,439.51,539.82,455.88,449.89,-0.0053799,0.00016746,-2.0541,0.016142,0.00012207
4387,4388,0,-0.49486,335.27,414.2,0,317.46,468.42,353.07,359.98,-0.013153,0.0029439,-2.8376,0.0082603,3.0518e-05
4388,4389,1,-0.30299,437.34,508.26,0,414.61,569.72,457.39,454.04,-0.012303,0.00087372,-2.1618,0.031843,6.1035e-05
4389,4390,3,-0.17277,509.59,569.68,0,502.88,595.54,518.79,534.24,-0.0011853,0.00018725,-1.5597,0.021791,0.00012207
4390,4391,1,-0.29887,421.22,503.98,0,415.63,538.66,428.4,459.39,-0.015683,0.00043567,-2.2962,0.02822,6.1035e-05
4391,4392,2,-0.19957,444.65,499.8,0,429.85,525.27,464.92,464.89,0.00015706,9.7635e-05,-1.9307,0.02248,9.1553e-05
4392,4393,1,-0.29713,442.4,502.36,0,427.54,535.25,458.22,467.34,0.0022524,0.00045242,-2.0409,0.040729,6.1035e-05
4393,4394,2,-0.2046,466.25,518.14,0,453.66,551.66,480.53,480.14,-0.0028046,0.00026839,-1.8087,0.016784,9.1553e-05
4394,4395,3,-0.15108,459.26,500.17,0,444.45,533.88,475.01,464.28,0.00243,0.00018253,-1.6353,0.032407,6.1035e-05
4395,4396,2,-0.19728,446.6,498.46,0,441.64,533.43,450.97,467.6,-0.0050504,0.00022636,-1.5497,0.01795,9.1553e-05
4396,4397,1,-0.26713,393.49,454.35,0,380.91,476.21,408.66,427.95,0.023855,0.00035036,-1.6968,0.017967,6.1035e-05
4397,4398,1,-0.27926,406.02,483.81,0,399.72,521.52,412.33,446.1,-0.023189,0.00057943,-1.3732,0.03087,6.1035e-05
4398,4399,2,-0.23151,524.98,588.72,0,510.79,632.45,542.09,535.94,-0.0067197,0.00050204,-1.5144,0.027114,0.00012207
4399,4400,3,-0.17404,513.09,570.34,0,497.78,590.94,534.08,542.1,0.005979,0.00034556,-1.0405,0.019145,0.00012207
4400,4401,0,-0.6082,422.16,526.57,0,401.21,596.81,441.83,460.59,-0.014401,0.0073325,-2.5955,0.029199,6.1035e-05
4401,4402,3,-0.1552,481.78,522.27,0,477.3,568.9,484.85,490.36,-0.002791,0.0002849,-1.2948,0.012389,0.00015259
4402,4403,3,-0.161,478.45,555.08,0,466.97,592.33,489.92,517.83,-0.0054588,0.00016971,-1.2336,0.020455,9.1553e-05
4403,4404,3,-0.15239,451.88,509.25,0,447.18,537.59,457.92,472.82,-0.0011072,0.00017702,-1.1838,0.017522,9.1553e-05
4404,4405,0,-0.57687,391.66,481.06,0,365.17,530.92,416.55,434.23,-0.016016,0.001079,-2.9668,0.020657,6.1035e-05
4405,4406,0,-0.53905,370.48,455.77,0,348.05,512.16,390.27,406.01,0.0038188,0.00076197,-2.9867,-0.0076445,6.1035e-05
4406,4407,2,-0.2134,486.93,563.04,0,472.96,619.78,500.05,509.73,-0.0051798,0.00050681,-1.5166,0.016708,6.1035e-05
4407,4408,2,-0.22752,493.16,569.2,0,493.32,618.34,492.94,506.03,7.8783e-05,0.00042729,-1.4903,0.022289,6.1035e-05
4408,4409,1,-0.26174,385.83,451.32,0,365.96,486.22,405.7,416.42,-0.00045153,0.00041278,-1.7999,0.0071324,6.1035e-05
4409,4410,0,-0.59242,396.8,500.4,0,377.07,559.87,416.54,440.93,0.012624,0.0029469,-2.7594,-0.00010105,6.1035e-05
4410,4411,3,-0.1779,519.5,566.21,0,511.87,597.72,531.41,517.05,-0.0010607,0.00020721,-1.3301,0.011917,0.00012207
4411,4412,1,-0.32809,460.85,554.72,0,445.3,600.41,483.58,487.94,-0.016452,0.0015629,-1.8938,0.014729,6.1035e-05
4412,4413,0,-0.47535,291.1,381.96,0,277.81,418.77,313.24,320.61,-0.0061825,0.011636,-2.8575,0.02635,3.0518e-05
4413,4414,2,-0.19467,431.09,505.47,0,421.15,542.24,441.03,468.69,-0.0023893,0.00019232,-1.563,0.010939,6.1035e-05
4414,4415,3,-0.16826,515.03,558.09,0,499.92,609.4,528.36,512.83,0.0029895,0.00015967,-1.5628,0.019052,9.1553e-05
4415,4416,1,-0.27302,402.75,466.74,0,390,502.19,414.73,433.44,-0.0022509,0.00019352,-1.9686,0.0071478,6.1035e-05
4416,4417,0,-0.67744,436.82,535.99,0.03125,417.43,601.2,456.21,470.78,-0.0196,0.03388,-3.044,0.1135,6.1035e-05
4417,4418,2,-0.22205,517.95,576.57,0,495.01,620.13,532.66,548.64,-0.0013085,0.00027608,-1.8911,0.0079043,6.1035e-05
4418,4419,0,-0.60878,386.46,514.28,0,369.08,561.52,413.57,440.59,-0.0018007,0.00081343,-2.7521,0.0024387,6.1035e-05
4419,4420,0,-0.43818,307.94,373.1,0,294.39,442.89,319.18,315.28,0.0042263,0.0068745,-2.7886,0.056068,6.1035e-05
4420,4421,3,-0.15547,481.36,523.91,0,458.43,562.62,500.37,491.85,-0.0002016,0.00018228,-1.4281,0.016538,9.1553e-05
4421,4422,0,-0.59688,408.27,513.63,0,388.79,590.38,429.02,431.92,-0.0078978,0.0024362,-2.8846,0.0068767,6.1035e-05
4422,4423,2,-0.23742,541.08,592.99,0,530.29,635.39,553.3,544.93,-0.0025074,0.00036422,-1.7299,0.025384,0.00012207
4423,4424,2,-0.18021,423.76,467.7,0,415.55,524.59,431,417.52,-8.2621e-06,0.00046703,-2.1257,0.016459,9.1553e-05
4424,4425,1,-0.30962,436.64,515.14,0,423.48,563.15,453.56,453.41,-0.0028704,0.00048773,-2.0397,0.011013,9.1553e-05
4425,4426,3,-0.13971,425.51,478.19,0,408.13,499.92,440.84,459.01,-0.0051501,0.00013311,-1.3669,0.017424,0.00012207
4426,4427,3,-0.16481,507.35,539.82,0,487.2,577.09,526.27,504.81,-0.0042694,0.00014533,-1.3296,0.032333,0.00012207
4427,4428,2,-0.23242,513.01,583.01,0,495.9,619.6,536.45,532.87,0.0038446,0.00040634,-1.7025,0.03004,0.00012207
4428,4429,1,-0.30601,437.85,517.54,0,419.46,551.49,458.68,479.05,-0.011405,0.00053035,-1.9984,0.02043,6.1035e-05
4429,4430,1,-0.36741,533.92,618.93,0,523.25,662.18,546.02,569.91,-0.0087063,0.0007235,-1.748,0.013342,0.00012207
4430,4431,2,-0.19857,448.5,505.82,0,426.85,555.04,471.55,453.42,-0.0037248,0.00068122,-1.7359,0.024375,6.1035e-05
4431,4432,2,-0.21562,489.09,540.98,0,464.8,601.78,513.38,480.17,-0.007526,0.00024481,-1.7758,0.028365,9.1553e-05
4432,4433,1,-0.36121,532.03,608.99,0,511.19,665.74,555.64,544.66,-0.0059676,0.00077314,-1.9708,0.011062,6.1035e-05
4433,4434,2,-0.23173,508.97,569.49,0,491.94,600.04,530.86,530.21,7.5975e-05,0.00018136,-1.5805,0.014561,0.00012207
4434,4435,2,-0.22231,497.74,557.15,0,481.68,597.16,512.82,519.55,0.001229,0.0001898,-1.7133,0.028618,0.00012207
4435,4436,2,-0.19296,426.88,482.67,0,412.03,517.23,445.97,438.24,0.00058169,0.00039823,-1.7324,0.013572,6.1035e-05
4436,4437,2,-0.17665,409.89,450.57,0,395.02,500.28,423.02,406.71,-0.0085965,0.00049077,-1.7597,0.0099737,9.1553e-05
4437,4438,2,-0.19876,448.88,499.17,0,432.32,536.25,465.43,462.09,-0.0011741,0.00036602,-1.8223,0.022317,6.1035e-05
4438,4439,1,-0.31994,474.98,535.37,0,457.98,566.75,490.96,505.9,-0.019447,0.00084048,-1.7265,0.020128,6.1035e-05
4439,4440,2,-0.19384,450.68,494.21,0,430.25,528.42,464.65,470.8,-0.0049817,0.00020822,-1.6569,0.011403,6.1035e-05
4440,4441,2,-0.20729,470.45,524.86,0,449.69,549.98,489.95,501.27,0.0058384,0.0002281,-1.6557,0.0095315,9.1553e-05
4441,4442,1,-0.28062,417.62,475.54,0,402.09,521.7,430.48,437.29,-0.0085289,0.00086217,-1.7448,0.0022138,6.1035e-05
4442,4443,2,-0.19468,436.22,494.07,0,415.7,534.69,455.5,455.92,-0.012234,0.00015054,-2.0107,0.025374,9.1553e-05
4443,4444,1,-0.32619,469.88,551.21,0,451.46,601.67,487.18,503.8,-0.011834,0.0007701,-1.9748,0.019847,6.1035e-05
4444,4445,3,-0.17737,526.47,580.29,0,513.42,616.55,545.53,527.31,-0.0045214,0.0001875,-1.3575,0.015048,0.00012207
4445,4446,0,-1.0696,441.73,552.23,0.4375,436.8,663.53,445.32,471.02,-0.023886,0.31644,-2.4014,0.051001,6.1035e-05
4446,4447,3,-0.16481,489.07,540.81,0,480.85,578.41,498.39,498.2,-0.0020918,0.00056162,-1.5224,0.018857,6.1035e-05
4447,4448,0,-0.56113,383.42,492.47,0,361.02,558.95,401.98,437.4,-0.0012084,0.016005,-2.6355,0.022376,6.1035e-05
4448,4449,0,-0.51759,368.86,459.99,0,344.15,532.31,385.78,410.51,-0.0075003,0.014257,-2.8526,0.0043376,6.1035e-05
4449,4450,3,-0.15683,460.38,521.89,0,450.54,549.23,476.78,476.31,0.00065482,0.00050016,-1.4107,0.0066504,0.00012207
4450,4451,0,-0.50991,352.03,447.08,0,328.64,516.51,370.22,393.08,-0.0048039,0.0029883,-2.5979,0.0064522,3.0518e-05
4451,4452,0,-0.47889,317.89,413.09,0,300.16,464.02,339.27,351.62,-0.007524,0.0015253,-2.845,9.4691e-05,3.0518e-05
4452,4453,0,-0.55655,353.03,478.72,0,336.78,545.62,372.65,397.97,-0.002547,0.0049235,-2.5218,0.023518,6.1035e-05
4453,4454,2,-0.18551,411.12,465.54,0,389.64,494.96,435.48,432.2,-0.0048414,0.00059176,-1.7691,0.0059194,9.1553e-05
4454,4455,0,-0.51615,351.19,442.58,0,330.06,505.23,369.84,387.31,-0.0022174,0.0017797,-2.777,0.020853,6.1035e-05
4455,4456,3,-0.16777,505.02,565.37,0,491.22,604.07,521.68,518.65,-0.0078878,0.00022172,-1.3825,0.017876,9.1553e-05
4456,4457,3,-0.15736,487.33,529.89,0,475.41,567.12,496.6,500.93,0.0025588,0.00012577,-1.6561,0.024031,0.00012207
4457,4458,1,-0.2379,347.01,418.34,0,326.03,477.93,366.71,362.37,-0.0080091,0.0012903,-1.7945,-0.003809,6.1035e-05
4458,4459,1,-0.23706,352.81,410.34,0,356.71,463.95,349.15,359.98,-0.0090797,0.001907,-2.104,0.016308,6.1035e-05
4459,4460,3,-0.16205,505.19,548.53,0,492.7,589.91,516.92,509.66,0.0055834,0.00036099,-1.7195,0.024445,0.00012207
4460,4461,0,-0.57739,405.51,505.16,0,376.42,587.12,431.18,432.83,-0.0040813,0.015693,-2.8432,0.026624,6.1035e-05
4461,4462,3,-0.17245,526.51,563.06,0,508.8,589.84,546.58,532.7,0.00070499,0.00034138,-1.7514,0.042797,0.00012207
4462,4463,1,-0.31569,443.35,537.76,0,427.85,587.65,464.6,469.4,0.018851,0.00056815,-1.7547,0.0078304,6.1035e-05
4463,4464,3,-0.17462,516.32,579.38,0,498.16,607.7,546.58,532.18,-0.0023601,0.000129,-1.5531,0.019061,0.00012207
4464,4465,1,-0.31745,469.8,542.96,0,448.77,588.11,489.56,500.55,0.0031346,0.00081398,-1.9362,0.017955,6.1035e-05
4465,4466,3,-0.15731,475.55,526.21,0,466.49,567.86,484.62,484.56,0.0014384,0.00017779,-1.5185,0.023966,9.1553e-05
4466,4467,0,-0.48077,324.48,412.75,0,314.3,482.6,333.47,351.11,-0.035978,0.0052008,-2.7676,0.015874,6.1035e-05
4467,4468,2,-0.21311,483.73,556.43,0,461.88,600.82,505.59,512.05,-0.0083695,0.00036213,-2.3146,0.052497,6.1035e-05
4468,4469,1,-0.26815,370.52,448.84,0,346.54,504.27,405.56,367.84,-0.0067077,0.00081326,-1.8226,-0.0018314,3.0518e-05
4469,4470,1,-0.34791,522.26,588.46,0,499.59,635.66,541.04,549.34,-0.0018228,0.0015525,-2.1562,0.022095,9.1553e-05
4470,4471,3,-0.17139,516,575.85,0,504.19,615.62,532.19,521.35,0.0039445,0.00018128,-1.6847,0.025318,0.00018311
4471,4472,3,-0.16467,483.9,558.19,0,471.27,590.69,501.2,513.65,0.0049768,0.000145,-1.2589,0.012709,0.00012207
4472,4473,2,-0.20873,464.12,520.64,0,452.71,549.81,477.04,487.59,-0.009421,0.00028026,-2.0049,0.013958,9.1553e-05
4473,4474,1,-0.23946,371.91,410.35,0,360.64,466.57,379.13,374.31,-0.003566,0.0010565,-1.9463,0.0085256,6.1035e-05
4474,4475,3,-0.16112,501.59,541.74,0,479.58,598.64,519.83,494.59,0.0015089,0.00018059,-1.8351,0.023149,0.00012207
4475,4476,2,-0.21498,457.96,521.67,0,446.06,554.24,479.17,463.6,-0.0046572,0.00047982,-1.9901,0.014665,6.1035e-05
4476,4477,0,-0.55974,372.16,469.59,0,349.47,525.26,399.55,402.41,-0.0020242,0.0020584,-2.8828,-0.0017346,3.0518e-05
4477,4478,1,-0.34564,499.03,583.88,0,492.51,639.29,507.96,507.94,-0.0014585,0.0011914,-1.919,0.023495,0.00012207
4478,4479,3,-0.16261,477.7,544.17,0,468.34,573.94,491.39,500.65,-0.004529,0.00031721,-1.4038,0.030842,0.00012207
4479,4480,0,-0.51845,379.71,465.96,0,354.55,547.4,395.84,413.75,-0.005608,0.0019429,-2.8639,0.020651,6.1035e-05
4480,4481,3,-0.15742,473.71,546.09,0,459.47,589.56,487.95,502.62,0.0004952,0.00016688,-1.5775,0.023046,0.00012207
4481,4482,3,-0.15624,469.75,516.53,0,456.08,557.62,482.6,477.93,-0.0090736,0.00010421,-1.4359,0.021448,0.00012207
4482,4483,1,-0.33032,475.34,554.9,0,455.38,608.97,494.08,504.1,-0.0054194,0.00072453,-1.8843,0.020717,9.1553e-05
4483,4484,1,-0.34375,504.96,587.8,0,487.96,652.66,517.36,540.47,-0.019499,0.0010608,-1.7364,0.016539,9.1553e-05
4484,4485,1,-0.32178,479.2,550.55,0,455.46,598.98,501.5,505.05,0.0029459,0.0006051,-1.8045,0.011466,6.1035e-05
4485,4486,3,-0.16198,518.58,559.83,0,498.07,630.06,527.91,527.9,-0.0032882,0.00020464,-1.4249,0.016491,0.00012207
4486,4487,1,-0.28869,428.09,485.48,0,409.92,535.08,443.15,444.38,-0.0095647,0.00051313,-1.9223,0.011696,6.1035e-05
4487,4488,0,-0.66262,423.32,552.55,0,409,602.19,441.74,488.72,-0.014783,0.0035911,-2.8438,0.066227,6.1035e-05
4488,4489,1,-0.28489,409.7,482.22,0,386.66,514.86,441.28,437.49,-0.0049904,0.0014338,-1.8007,0.0093941,6.1035e-05
4489,4490,2,-0.21267,470.12,537.45,0,458.95,576.87,482.79,492.78,0.0054839,0.00051664,-1.6459,0.012252,6.1035e-05
4490,4491,3,-0.14994,449.69,518.78,0,437.78,552.97,463.17,480.04,-0.0077696,0.00015817,-1.5033,0.018262,9.1553e-05
4491,4492,0,-0.74415,433.43,560.04,0.10938,413.43,620.58,454.71,495.6,-0.016755,0.094493,-2.9233,0.022728,6.1035e-05
4492,4493,3,-0.17093,497.21,565.7,0,485.12,606.08,510.92,519.94,0.00036105,0.00011519,-1.0004,0.025617,0.00012207
4493,4494,0,-0.52118,360.1,461.49,0,347.76,529.17,369.1,412.09,0.01834,0.01703,-2.6239,0.010024,6.1035e-05
4494,4495,0,-0.53474,343.3,459.13,0,329.68,506.75,356.91,411.51,-0.0012259,0.013036,-2.8769,-0.0015809,6.1035e-05
4495,4496,3,-0.14605,436.42,482.78,0,419.85,514.12,450.15,456.8,0.0010765,0.0003239,-1.4227,0.034185,9.1553e-05
4496,4497,0,-0.50906,321.36,456.32,0,309.28,505.3,335.95,397.21,-0.0023973,0.0035648,-2.5847,-0.001116,3.0518e-05
4497,4498,2,-0.23255,505.58,594.21,0,494.86,634.68,517.74,548.35,-0.0021403,0.00042381,-1.8476,0.013204,6.1035e-05
4498,4499,1,-0.30033,444.8,506.9,0,435.88,577.51,450.52,461.64,-0.011307,0.000483,-1.5706,0.036783,9.1553e-05
4499,4500,1,-0.28776,435.01,494.6,0,428.21,529.84,438.57,476.15,-0.0026891,0.00045718,-1.5154,0.02324,6.1035e-05
4500,4501,2,-0.22395,508.17,570.2,0,482.64,597.35,540.99,535.29,0.002776,0.00053807,-1.6492,0.01056,6.1035e-05
4501,4502,3,-0.1766,517.09,591.71,0,502.86,625.42,534.27,551.03,0.00080208,0.00018349,-1.1676,0.012737,0.00012207
4502,4503,3,-0.16608,512.31,554.91,0,481.29,589.91,536.44,527.69,-0.0014549,6.6296e-05,-1.3553,0.012783,0.00012207
4503,4504,3,-0.16312,495.39,564.95,0,470.64,601.49,518.63,530.62,0.0011492,8.6889e-05,-1.3254,0.02293,0.00012207
4504,4505,0,-0.52749,351.9,483.22,0,336.17,544.62,364.14,435.47,-0.0095836,0.0051955,-2.3907,0.00091101,3.0518e-05
4505,4506,3,-0.14235,435.96,490.88,0,422.16,521.33,446.04,468.66,-0.0029067,0.0001866,-1.2682,0.0055307,6.1035e-05
4506,4507,3,-0.15389,472.4,529.62,0,464.68,584.59,477.68,492.01,0.0010573,9.14e-05,-1.4675,0.01014,9.1553e-05
4507,4508,0,-0.64181,415.9,557.85,0,393.17,617.71,441.66,490,-0.009592,0.0090627,-2.7604,0.030519,6.1035e-05
4508,4509,3,-0.151,460.52,521.57,0,447.4,542.91,472.1,502.75,-0.0031026,0.00021986,-1.5024,0.012977,9.1553e-05
4509,4510,3,-0.16084,470.69,535.92,0,457.42,572.96,490.09,481.8,0.0023865,0.00016355,-1.3622,0.025219,9.1553e-05
4510,4511,1,-0.28641,424.19,486.5,0,413.82,540.32,433.94,435.95,-0.0047444,0.00058378,-1.5009,0.014255,6.1035e-05
4511,4512,0,-0.45894,292,408.82,0,281.45,452.31,304.73,356.32,-0.010493,0.0075618,-2.7038,0.015891,3.0518e-05
4512,4513,1,-0.27935,407.41,478.25,0,398,527.49,418.08,422.43,-0.00026861,0.00041886,-1.5879,0.023175,6.1035e-05
4513,4514,3,-0.15548,448.2,504.88,0,446.21,541.9,450.45,462.93,-0.012977,0.00011506,-1.542,0.028345,9.1553e-05
4514,4515,3,-0.18128,552.78,594.9,0,535.45,634.39,570.11,555.41,0.00044619,0.0002766,-1.4952,0.017813,0.00012207
4515,4516,3,-0.17873,538.14,601.6,0,522.21,636.78,554.07,566.42,-0.00012982,0.00020819,-1.5017,0.015025,0.00012207
4516,4517,3,-0.1597,509.68,536.24,0,493.79,586.04,520.55,502.17,-0.002925,0.00013391,-1.5766,0.018699,6.1035e-05
4517,4518,0,-0.40035,257.11,345.25,0,247.41,388.46,270.41,286.03,-0.010331,0.0023852,-2.5188,-0.014863,3.0518e-05
4518,4519,3,-0.16207,487.4,531,0,472.25,565.53,508.17,483.69,-0.0019473,0.00015559,-1.4617,0.021339,6.1035e-05
4519,4520,0,-0.51104,343.37,433.66,0,327.87,486.69,359.88,377.2,8.8356e-05,0.0041141,-2.552,0.04148,6.1035e-05
4520,4521,0,-0.59025,401.01,510.48,0,382.95,585.15,419.06,435.82,0.0060611,0.010244,-2.819,0.019681,6.1035e-05
4521,4522,2,-0.21462,481.87,543.43,0,476.97,589.81,487.43,490.87,-0.011719,0.00049715,-2.136,0.025797,6.1035e-05
4522,4523,2,-0.19131,440.1,499.14,0,438.27,531.32,442.06,464.9,-0.0059812,0.00023183,-1.9688,0.01952,9.1553e-05
4523,4524,2,-0.20538,461.96,514.13,0,444.08,546.31,483.55,475.3,-0.0054561,0.00028199,-2.1129,0.010974,6.1035e-05
4524,4525,0,-0.67201,438.35,581.35,0,421.72,646.52,456.05,511.98,0.0027362,0.010771,-2.8396,0.031359,6.1035e-05
4525,4526,0,-0.56359,391.9,494.36,0,373.57,573.96,405.27,436.27,-0.016866,0.0023324,-2.8553,-0.0063732,6.1035e-05
4526,4527,2,-0.18086,401.92,461.48,0,387.83,491.62,421.24,420.16,-0.0024711,0.00078429,-1.7888,0.013363,6.1035e-05
4527,4528,2,-0.19979,466.58,503.73,0,460.75,555.52,471.11,463.44,0.00016532,0.00049415,-2.1156,0.033546,9.1553e-05
4528,4529,0,-0.50377,340.32,437.31,0,326.34,506.84,351.9,379.69,-0.0054939,0.0035934,-2.8997,0.028747,6.1035e-05
4529,4530,3,-0.16033,503.82,553.44,0,484.78,596.28,517.72,522.18,-0.00029326,0.00020733,-1.7479,0.014693,0.00012207
4530,4531,0,-0.51653,356.9,457.92,0,339.33,529.93,372.4,394.38,-0.0039836,0.0027627,-2.5302,0.016401,6.1035e-05
4531,4532,0,-0.58373,405.46,513.55,0,387.11,592.17,421.66,444.18,-0.003236,0.0028853,-2.6207,0.014875,6.1035e-05
4532,4533,3,-0.17255,519.21,571.04,0,516.3,614.94,521.79,532.31,0.0054726,0.00015644,-1.6824,0.019659,9.1553e-05
4533,4534,3,-0.13891,448.03,489.67,0,416.01,526.69,467.24,467.45,0.00041559,0.00012154,-1.6937,0.015545,0.00012207
4534,4535,1,-0.24182,365.54,416.36,0,350.89,439.62,376.94,398.27,-0.00011343,0.0019769,-1.947,0.01684,6.1035e-05
4535,4536,3,-0.18885,557.35,637.65,0,536.45,660.42,597.27,594.17,-0.0029299,0.00048214,-1.6103,0.028288,0.00018311
4536,4537,2,-0.21078,486.18,560.21,0,465.6,591.66,505.51,530.65,0.0031345,0.00045236,-2.1768,0.017988,9.1553e-05
4537,4538,0,-0.47179,311.62,402.96,0,300.01,455.28,322.52,353.81,-0.0024148,0.0052972,-2.8957,0.025353,3.0518e-05
4538,4539,0,-0.51878,345.24,459.93,0,328.17,505.92,362.32,413.94,-0.023161,0.00086513,-2.8186,0.0060809,3.0518e-05
4539,4540,3,-0.17577,531.19,605.29,0,507.78,651.46,550.59,567.02,0.00072024,0.00018532,-1.6509,0.020573,0.00012207
4540,4541,1,-0.29919,430.36,510.96,0,419.01,571.34,442.44,446.68,-0.0052713,0.00046222,-2.0314,0.012574,0.00012207
4541,4542,3,-0.16957,522.63,588.23,0,498.53,635.29,545.28,544.01,0.00017491,0.0001818,-1.7648,0.0089556,0.00012207
4542,4543,2,-0.20541,477.74,539.56,0,459.91,592.38,491.61,498.48,-0.0080225,0.00034214,-2.3645,0.019992,6.1035e-05
4543,4544,3,-0.15985,461.75,530.4,0,446.18,562.32,486.04,480.6,9.6383e-05,0.00019735,-1.8118,0.017035,0.00012207
4544,4545,1,-0.33864,471.57,547.33,0,452.96,593.92,495.49,487.43,-0.0040807,0.0009085,-1.6231,0.013094,9.1553e-05
4545,4546,2,-0.20343,443.49,520.61,0,424.14,562.45,465.42,473.2,-0.0073462,0.00027952,-2.0907,0.0067202,6.1035e-05
4546,4547,2,-0.20789,481.82,537.04,0,468.02,591.77,492.56,494.47,0.010992,0.00019261,-2.2796,0.028246,6.1035e-05
4547,4548,2,-0.2418,546.81,619.82,0,525.97,652.12,570.42,583.21,0.00091635,0.00036463,-2.1977,0.016919,6.1035e-05
4548,4549,2,-0.2159,504.62,557.05,0,480.84,591.6,523.12,530.18,-0.0076505,0.00028239,-2.2161,0.026165,9.1553e-05
4549,4550,2,-0.23595,550.33,603.71,0,528.22,645.55,561.91,581.8,-0.00096721,0.00026211,-2.1272,0.018421,0.00012207
4550,4551,3,-0.15149,461.99,503.25,0,446.77,535.71,475.42,474.61,-0.010519,0.00059917,-1.4778,0.032533,9.1553e-05
4551,4552,3,-0.18779,556.31,637.12,0,530.1,679.74,594.61,574.81,0.0079476,0.00034789,-1.3781,0.027984,0.00012207
4552,4553,3,-0.15407,488.11,533.38,0,473.14,581.77,499.03,498.08,0.0033749,0.00023791,-1.7275,0.028958,0.00012207
4553,4554,2,-0.20673,470.62,536.07,0,446.87,587.18,491.57,490.98,0.00049401,0.0003394,-2.0236,0.019809,9.1553e-05
4554,4555,2,-0.22468,506.82,573.96,0,494.81,607.62,519.6,538.12,-0.0033036,0.00021304,-2.0898,0.025726,0.00015259
4555,4556,0,-0.53981,347.65,476.81,0,333.43,525.48,365.93,414.23,-0.0068672,0.00068662,-2.8421,0.011389,6.1035e-05
4556,4557,2,-0.24281,531.01,617.27,0,523.25,653.17,539.8,576.58,-0.00036937,0.00035396,-2.155,0.021479,0.00012207
4557,4558,0,-0.68857,428.04,568.42,0.03125,413.19,626.45,445.97,498.38,-0.014913,0.031876,-2.8951,0.061481,6.1035e-05
4558,4559,2,-0.20128,441.31,503.37,0,427.78,531.4,462.42,459.63,-0.0094564,0.0010325,-2.0938,0.019939,9.1553e-05
4559,4560,0,-0.44231,277.34,383.13,0,268.06,412.92,292.81,333.47,-0.0042232,0.020139,-2.6905,0.0035414,3.0518e-05
4560,4561,3,-0.13693,448.58,472.98,0,434.85,506.63,455.28,456.55,-0.0023216,0.00022315,-2.1217,0.025307,6.1035e-05
4561,4562,2,-0.18132,398.98,452.52,0,387.58,474.03,414.6,423.05,-0.0030689,0.00033497,-2.2168,0.01099,6.1035e-05
4562,4563,1,-0.23712,320.92,390.32,0,305.78,432.04,346.14,320.78,-0.0057625,0.0010794,-1.6098,0.012743,3.0518e-05
4563,4564,1,-0.25212,385.79,421.73,0,367.03,463.55,401.33,387.07,-0.0010444,0.00081868,-2.1965,0.0066417,6.1035e-05
4564,4565,2,-0.25251,547.96,630.66,0,548.78,670.4,546.59,564.43,0.0017127,0.0010377,-1.998,0.025326,0.00012207
4565,4566,0,-0.57466,396.38,505.81,0,373.18,568.66,416.85,450.34,-0.0063725,0.0044424,-3.0289,-0.0017187,6.1035e-05
4566,4567,0,-0.54673,372.95,489.57,0,359.81,571.15,383.16,426.13,-0.016493,0.0045071,-2.8337,0.029611,6.1035e-05
4567,4568,0,-0.56097,405.32,513.91,0,369.24,583.89,430,466.03,-0.002365,0.0043748,-2.8723,0.015979,6.1035e-05
4568,4569,2,-0.2033,470.97,495.63,0,470.88,550.15,471.06,441.11,-0.0027922,0.00091943,-2.4797,0.019034,6.1035e-05
4569,4570,2,-0.19801,462.18,499.71,0,443.04,554.03,474.44,464.89,-0.0024029,0.00023131,-2.0901,0.023343,6.1035e-05
4570,4571,3,-0.15977,471.21,511.48,0,460.61,543,484.84,470.95,0.0022026,0.00015027,-1.6964,0.010583,0.00012207
4571,4572,1,-0.25858,382.64,415.85,0,362.12,483.77,400.75,355.92,-0.01254,0.0019165,-2.2594,0.0031758,6.1035e-05
4572,4573,2,-0.19391,435.07,483.3,0,425.34,518.98,447.57,437.44,-0.007058,0.0001624,-2.0796,0.027424,9.1553e-05
4573,4574,2,-0.2122,493.43,537.51,0,477.26,583.96,509.59,491.07,0.0021208,0.00027057,-2.2692,0.014246,6.1035e-05
4574,4575,2,-0.20406,473.8,508.71,0,455.05,530.52,491.4,488.23,0.00028592,0.00017328,-2.1926,0.033712,9.1553e-05
4575,4576,2,-0.22974,514.56,574.24,0,500.82,600.28,529.19,546.52,0.011305,0.00023712,-2.1313,0.056672,6.1035e-05
4576,4577,1,-0.28412,418.21,479.96,0,406.05,505.76,428.29,458.58,-0.0038865,0.00041834,-1.7524,0.048016,6.1035e-05
4577,4578,0,-0.636,404.24,532.95,0,387.74,586.66,431.74,443.42,-0.00027464,0.0030441,-2.6642,0.0041799,6.1035e-05
4578,4579,2,-0.19764,455.62,482.11,0,438.14,528.82,468.38,448.02,-0.0078086,0.00027863,-2.4663,0.031547,6.1035e-05
4579,4580,2,-0.20006,463.28,520.92,0,464.71,578.29,462.03,470.3,-0.0054469,0.00030243,-1.8474,0.018616,9.1553e-05
4580,4581,0,-0.58807,392.99,502.28,0,371.75,562.08,418.63,430.11,0.015128,0.0068316,-2.4857,0.011142,6.1035e-05
4581,4582,3,-0.18297,543,586.73,0,534.73,617.92,554.33,544,0.00019929,0.00014476,-1.5703,0.0053802,0.00012207
4582,4583,0,-0.61877,389.92,519.24,0,374.48,564.8,414,448.16,-0.0049099,0.0022341,-2.6865,0.002647,6.1035e-05
4583,4584,0,-0.58164,356.82,482.85,0,344.82,519.88,381.39,407.04,-0.010502,0.0019535,-2.6222,0.017922,6.1035e-05
4584,4585,3,-0.17159,541.03,575.82,0,526.4,615.08,551.7,547.17,0.0032213,9.8296e-05,-1.6263,0.020249,0.00012207
4585,4586,1,-0.24355,354.92,403.38,0,346.14,439.92,363.17,369.05,-0.017849,0.0014545,-1.8249,0.02557,6.1035e-05
4586,4587,1,-0.26624,404.47,444.41,0,397.73,461.95,409.72,430.77,-0.01897,0.00057587,-1.808,0.0024163,6.1035e-05
4587,4588,0,-0.49503,334.16,431.24,0,318.79,482.06,346.89,389.14,-0.0037646,0.00071646,-2.7145,-0.0038149,3.0518e-05
4588,4589,1,-0.2705,402.64,457.09,0,387.5,484.63,416.86,431.23,0.0016565,0.00033667,-1.8744,0.0033834,6.1035e-05
4589,4590,3,-0.16243,498.89,550.72,0,486.53,592.47,512.05,506.27,0.0080556,0.00027829,-1.6816,0.037109,0.00012207
4590,4591,3,-0.16392,489.88,567.9,0,475.08,598.44,511.51,523.25,0.0071201,0.00012458,-1.3665,0.032394,0.00012207
4591,4592,3,-0.15083,451.64,496.7,0,443.99,519.37,460.87,469.33,0.0011976,0.00016374,-1.3206,0.027985,9.1553e-05
4592,4593,1,-0.35774,526.44,588.96,0,510.57,635.17,544.41,536.59,-0.0032833,0.0014188,-1.8653,0.013104,6.1035e-05
4593,4594,3,-0.17773,529.14,586.91,0,515.25,619.71,545.9,547.32,0.00072741,0.00024607,-1.394,0.017221,0.00012207
4594,4595,2,-0.2165,506.91,550.99,0,485.69,575.27,519.64,536.43,-0.013266,0.00031328,-2.101,0.038067,6.1035e-05
4595,4596,2,-0.18608,412.36,478.99,0,397.68,502.03,430.08,451.18,-0.012776,0.00013874,-1.7402,0.026908,9.1553e-05
4596,4597,3,-0.16559,497.49,559.75,0,483.17,589.57,512.73,528.01,-0.0094758,0.00010103,-1.3986,0.044997,9.1553e-05
4597,4598,1,-0.19122,276.7,322.48,0,254.53,365.81,293.95,288.78,-0.011264,0.0036385,-1.5575,0.012271,3.0518e-05
4598,4599,1,-0.30739,435.3,510.43,0,426.78,544.41,447.75,460.78,0.0024545,0.0010652,-1.6561,0.018174,6.1035e-05
4599,4600,3,-0.16193,484.83,551.86,0,470.26,578.87,497.68,528.02,-0.00067936,0.00014408,-1.2669,0.016593,9.1553e-05
4600,4601,1,-0.26599,337.97,450.54,0,327.57,494.7,359.27,360.13,0.0016518,0.00081875,-1.4109,-4.6591e-05,3.0518e-05
4601,4602,1,-0.2511,347.39,428.42,0,335.64,459.64,365.7,379.7,-0.015234,0.00088213,-1.8877,0.079065,6.1035e-05
4602,4603,2,-0.19836,459.31,493.76,0,442.49,535.9,467.52,473.18,0.0034769,0.0005693,-2.1466,0.021376,6.1035e-05
4603,4604,0,-0.54167,381.13,479.99,0,359.56,561.3,399,412.62,0.0030315,0.0056047,-2.6867,0.0031147,6.1035e-05
4604,4605,3,-0.17151,536.22,572.57,0,523.25,614.78,545.09,543.68,-0.00090367,0.00013537,-1.639,0.02649,0.00012207
4605,4606,3,-0.17809,550.87,597.16,0,540.53,646.7,560.58,550.62,0.00098206,0.00016858,-1.558,0.014051,0.00018311
4606,4607,3,-0.16331,495.91,541.19,0,483.04,559.25,508.77,523.13,-0.0077361,9.6922e-05,-1.4696,0.024399,0.00012207
4607,4608,1,-0.28259,406.51,469.49,0,398.29,518.98,416.42,409.76,0.0001015,0.00091099,-1.9483,0.012361,6.1035e-05
4608,4609,3,-0.15218,466.94,515.26,0,454.31,532.09,478.8,499.45,-0.0064853,0.00014475,-1.7304,0.018445,9.1553e-05
4609,4610,1,-0.32474,478.94,553.49,0,464.41,590.41,492.6,518.81,-0.0046342,0.00078124,-2.0512,0.011708,6.1035e-05
4610,4611,2,-0.23089,506.94,556.21,0,491.74,584.37,523.12,526.22,0.0011466,0.00033254,-1.8821,0.02212,0.00012207
4611,4612,1,-0.28168,434.54,476.94,0,419.12,532.46,444.43,441.35,-0.005088,0.0016875,-2.3193,0.023314,6.1035e-05
4612,4613,2,-0.25126,547.4,624.68,0,535.6,656.61,562.57,583.63,0.0074164,0.00050105,-2.1468,0.031551,0.00012207
4613,4614,3,-0.15363,464.91,523.94,0,450.72,566.27,476.66,488.87,0.000204,0.00025607,-1.3812,0.013068,9.1553e-05
4614,4615,0,-0.44252,324.63,395.11,0,298.78,456.74,344.73,347.18,-0.0038186,0.0028863,-2.6205,0.0034539,3.0518e-05
4615,4616,2,-0.207,455.62,490.39,0,448.58,538.85,463.12,438.81,0.0040959,0.00026576,-1.693,0.023481,9.1553e-05
4616,4617,2,-0.21455,466.75,499.5,0,457.31,519.82,478.89,473.37,-0.0049817,0.00021631,-1.9878,0.012533,6.1035e-05
4617,4618,1,-0.28415,408.97,478.4,0,397.91,511.13,421.5,441.32,-0.0076979,0.00036966,-1.4711,0.0098148,6.1035e-05
4618,4619,2,-0.22993,510.1,580.65,0,494.31,612.71,524.03,552.36,-0.013803,0.00021288,-1.5758,0.078191,0.00012207
4619,4620,1,-0.33502,492.96,566.34,0,474.23,602.99,509.48,534.01,-0.0030156,0.0014652,-2.0531,0.0087865,9.1553e-05
4620,4621,0,-0.52651,365.35,464.24,0,341.47,501.76,383.92,435.06,-0.015914,0.00041463,-2.7271,0.0099531,6.1035e-05
4621,4622,3,-0.172,507.29,552.69,0,487.23,588.17,530.02,512.49,0.0064173,0.00024173,-1.4578,0.012422,0.00012207
4622,4623,1,-0.25779,385.89,431.66,0,374.16,461.21,396.24,405.58,0.006759,0.0017389,-2.056,0.010474,6.1035e-05
4623,4624,0,-0.60651,420.43,543.69,0,405.95,599.16,432.44,497.73,-0.005496,0.0065184,-2.7428,0.011955,3.0518e-05
4624,4625,0,-0.62163,388.07,516.89,0,374.16,562.14,408.4,450.76,0.0052339,0.006012,-2.4748,0.0022082,6.1035e-05
4625,4626,2,-0.20767,465.53,516.77,0,449.48,543.85,483.72,486.07,-0.0018905,0.00015591,-2.112,0.016933,6.1035e-05
4626,4627,3,-0.1846,553.21,604.08,0,534.78,646.8,574.09,555.65,-0.0015719,0.00014466,-1.4905,0.023308,0.00012207
4627,4628,1,-0.31406,456.3,529.19,0,445.24,569.5,466.06,493.62,-0.001707,0.00043722,-1.973,0.022078,6.1035e-05
4628,4629,1,-0.30185,455.34,523.22,0,430.57,569.02,480.11,477.43,0.018859,0.00071943,-1.9327,0.014197,6.1035e-05
4629,4630,2,-0.24545,552.59,612.68,0,547.12,647.67,558.79,573.03,-0.0047436,0.00035408,-1.8424,0.03386,6.1035e-05
4630,4631,3,-0.14315,420.92,485.4,0,403.93,510.94,447.42,445.54,0.0047529,0.00033801,-1.3175,0.022849,6.1035e-05
4631,4632,1,-0.25776,395.33,424.64,0,376.3,487.89,413.22,365.23,-0.00629,0.0021745,-2.1526,0.0171,3.0518e-05
4632,4633,1,-0.29229,434.17,486.34,0,430.98,520.65,436.99,456.06,-0.0046645,0.00057342,-1.9186,0.010339,6.1035e-05
4633,4634,2,-0.23173,531.13,579.5,0,519.54,597.76,544.26,558.8,0.00090154,0.00060828,-1.6836,0.0095445,0.00012207
4634,4635,3,-0.1605,495.77,530.87,0,482.71,552.49,507.3,511.79,-0.0056655,0.00017405,-1.398,0.010355,6.1035e-05
4635,4636,2,-0.18122,422.76,445.86,0,414.93,472.73,427.45,429.73,-0.0051555,0.00016324,-1.8537,0.01957,9.1553e-05
4636,4637,2,-0.19849,429.86,497.61,0,415.58,530.45,448.21,455.38,0.005166,0.00013637,-1.4875,0.018527,9.1553e-05
4637,4638,0,-0.68901,426.15,570.64,0.046875,407.61,640.67,443.57,504.84,-0.0065214,0.033638,-2.7378,0.0010956,6.1035e-05
4638,4639,1,-0.30786,452.39,518.28,0,445.25,569.12,459.1,470.52,-0.0055136,0.00048838,-1.5333,0.016792,6.1035e-05
4639,4640,1,-0.25192,363.53,417.67,0,354.57,443,372.49,392.35,0.0047172,0.0014934,-1.9104,0.012971,6.1035e-05
4640,4641,1,-0.2874,424.04,481.8,0,409.98,532.86,438.11,430.74,-0.0052746,0.0011226,-1.7279,0.01143,6.1035e-05
4641,4642,1,-0.27112,387.8,444.4,0,378.99,493.7,397.78,388.54,-0.0062655,0.00082305,-1.908,0.0073547,6.1035e-05
4642,4643,1,-0.35007,489.78,588.81,0,479.38,632.34,506.02,520.91,-0.0011061,0.0016363,-1.9753,0.046106,6.1035e-05
4643,4644,2,-0.18417,421.97,452.68,0,408.37,474.62,435.56,430.73,0.0040625,0.00064954,-1.7249,0.032788,6.1035e-05
4644,4645,0,-0.57738,380.54,492.2,0,365.58,548.53,398.59,424.22,-0.008689,0.0041924,-2.3368,0.0021665,6.1035e-05
4645,4646,2,-0.20855,468.53,501.48,0,458.95,527.43,478.72,473.86,0.0084781,0.0003432,-2.0679,0.016918,9.1553e-05
4646,4647,1,-0.24167,352.44,394.43,0,341.82,405.94,365.26,380.54,0.0043463,0.0012692,-1.5908,0.02001,6.1035e-05
4647,4648,1,-0.2263,344.76,373.33,0,327.43,429.85,357.4,332.09,-0.0048246,0.00097179,-1.974,0.0059077,3.0518e-05
4648,4649,3,-0.14955,461.1,497.89,0,448.01,523.6,475.93,468.75,0.00060354,0.00030338,-1.4146,0.026465,0.00012207
4649,4650,3,-0.16019,483.53,537.85,0,468.93,569.47,495.63,511.65,0.026099,0.00010119,-1.5029,0.045481,9.1553e-05
4650,4651,0,-0.49319,320.99,421.12,0,307.16,478.9,336.66,355.63,-0.0063299,0.0060245,-2.4008,0.0069072,6.1035e-05
4651,4652,2,-0.18506,408.68,467.5,0,401.81,490.73,418.11,435.65,-0.0016885,0.00022027,-1.9273,0.0054686,6.1035e-05
4652,4653,2,-0.20842,483.31,519.57,0,458.58,559.85,501.36,490.17,-0.0078807,0.00032245,-1.8565,0.020623,6.1035e-05
4653,4654,2,-0.21637,499.99,564.66,0,486.44,597.08,509.87,541.01,-0.004373,0.00048507,-1.9302,0.093706,0.00012207
4654,4655,1,-0.28364,422.08,463.64,0,423.7,504.38,420.66,427.69,-0.025105,0.00026424,-1.8819,0.050931,6.1035e-05
4655,4656,3,-0.15815,504.53,542.35,0,474.52,569.87,534.54,514.83,0.0033641,0.00013758,-1.5266,0.017356,0.00012207
4656,4657,0,-0.57813,388.44,504.27,0,367.33,549.9,413.91,449.2,-0.0031998,0.0014144,-2.5705,0.005855,6.1035e-05
4657,4658,2,-0.19762,455.1,496.41,0,436.45,521.09,474.94,470.14,-0.015521,0.00013518,-2.2548,0.031424,6.1035e-05
4658,4659,3,-0.15763,502.68,534.75,0,480.01,576.6,516.28,509.64,0.0073442,0.00014544,-1.5911,0.02919,6.1035e-05
4659,4660,0,-0.39565,271.08,347.69,0,254.02,381.86,288.13,313.52,-0.0056545,0.011676,-2.601,0.00111,3.0518e-05
4660,4661,2,-0.22535,513.38,548.46,0,504.9,564.37,522.99,530.44,0.0047731,0.00032338,-2.0715,0.046848,0.00012207
4661,4662,1,-0.25264,387.89,414.89,0,366.85,466.58,406.45,369.29,-0.0066262,0.00061089,-1.9865,0.028623,6.1035e-05
4662,4663,0,-0.51657,318.95,436.05,0,310.8,464.05,333.47,386.13,-0.0017903,0.00046325,-2.899,0.0078724,6.1035e-05
4663,4664,1,-0.3051,480.56,493.51,0,458.22,516.29,492.26,481.57,0.0011287,0.00079378,-2.0456,0.029997,6.1035e-05
4664,4665,2,-0.21737,524.14,536.48,0,504.49,568.45,538.49,513.16,-0.016079,0.00021345,-1.9004,0.083525,0.00012207
4665,4666,1,-0.31521,450.65,521.02,0,440.22,545.91,468.04,479.52,-0.0066447,0.00066082,-1.9975,0.019954,6.1035e-05
4666,4667,2,-0.22516,519.47,540.03,0,507.72,563.56,532.8,513.37,-0.010774,0.00022508,-1.9103,0.015341,0.00012207
4667,4668,2,-0.23928,550.35,578.41,0,533.56,595.08,571.93,556.97,-0.013817,0.00023308,-1.7588,0.076075,0.00012207
4668,4669,3,-0.16643,535.9,556.6,0,511,575.85,557.87,539.62,0.0042414,0.00018313,-1.6312,0.035547,0.00012207
4669,4670,2,-0.19767,459.29,469.74,0,439.65,490.01,475.56,452.95,0.013548,0.00021426,-1.9614,0.010168,6.1035e-05
4670,4671,2,-0.22082,516.81,526.83,0,491.02,555.69,533.35,508.33,-0.0042609,0.00028801,-1.7413,0.027762,6.1035e-05
4671,4672,3,-0.16011,485.16,519.07,0,470.9,534.06,510.59,492.35,-0.0046824,0.00027597,-1.4716,0.020175,6.1035e-05
4672,4673,0,-0.55387,367.54,460.22,0,349.82,512.77,386.4,404.27,1.2652e-05,0.0057163,-2.7083,0.0015822,6.1035e-05
4673,4674,3,-0.14742,453.56,474.9,0,442.15,507.38,465.72,440.33,-8.3037e-05,0.00032519,-1.6603,0.0056689,0.00012207
4674,4675,3,-0.16655,538.97,538.91,0,520.28,560.76,550.96,524.91,-0.0037956,0.00011347,-1.6693,0.020287,0.00012207
4675,4676,2,-0.22827,510.28,524.3,0,494.87,549.57,531.4,489.68,-0.0032211,0.00017279,-2.0198,0.017859,0.00012207
4676,4677,3,-0.17142,544.5,556.54,0,525.91,565.04,564.29,547.5,6.0223e-05,7.1851e-05,-1.7341,0.030974,0.00012207
4677,4678,2,-0.19971,466.24,488.41,0,453.69,528.44,478.03,450.81,-0.0038144,0.00016791,-1.8986,0.03009,9.1553e-05
4678,4679,3,-0.17339,536.25,568.85,0,498.13,587.85,579.45,547.32,-0.0014663,0.00010359,-1.8262,0.020339,0.00012207
4679,4680,0,-0.60246,394.82,504.67,0,375.06,557.82,414.59,451.51,0.00076212,0.0052549,-2.8653,0.011875,6.1035e-05
4680,4681,3,-0.15227,489.05,504.55,0,462.26,533.72,511.25,480.38,-0.0030468,0.00022366,-1.701,0.014107,0.00012207
4681,4682,2,-0.22191,514.87,538.71,0,498.74,580.72,528.23,503.9,-0.00042421,0.0002775,-2.1517,0.040618,0.00012207
4682,4683,0,-1.1922,411.82,550.24,0.5625,424.6,647.13,400.54,464.74,-0.01144,0.40821,-2.7181,0.01173,6.1035e-05
4683,4684,0,-0.51013,334.35,447.34,0,321.74,491.16,346.96,403.51,-0.009882,0.020013,-2.9829,-0.002139,6.1035e-05
4684,4685,3,-0.17226,512.93,568.5,0,501.09,590.82,532.68,531.31,0.0062662,0.00058794,-1.6574,0.024805,0.00018311
4685,4686,1,-0.23794,339.97,378.96,0,319.86,441.51,360.08,316.4,-0.0062843,0.014769,-2.1127,0.0094564,3.0518e-05
4686,4687,2,-0.19362,466.38,485.23,0,436.04,520.39,485.82,462.69,-0.0024483,0.0004991,-2.1938,0.01501,6.1035e-05
4687,4688,1,-0.27518,403.94,438.34,0,397.83,453.42,410.05,423.26,-0.014952,0.0035655,-2.0338,0.017285,6.1035e-05
4688,4689,2,-0.22481,535.04,550.62,0,515.4,589.38,552.36,516.43,7.2215e-05,0.0005851,-2.2582,0.016861,0.00012207
4689,4690,2,-0.19705,447.54,466.73,0,434.98,500,461.77,429.03,-0.0087403,0.00042352,-2.2621,0.026376,9.1553e-05
4690,4691,3,-0.17611,562.93,585.23,0,533.1,626.63,587.64,550.93,0.0059259,0.00021348,-1.7015,0.012619,0.00012207
4691,4692,0,-0.48259,332.28,418.32,0,316.66,471.49,346.06,371.39,0.018685,0.018259,-2.7899,0.01269,6.1035e-05
4692,4693,1,-0.23212,354.63,405.45,0,328.2,477.7,376.52,345.58,-0.0032507,0.0020691,-2.2523,0.0023365,6.1035e-05
4693,4694,0,-0.46835,312.7,422.74,0,301.55,462.07,322.54,388.03,-0.0016261,0.0010263,-3.0417,0.0017974,3.0518e-05
4694,4695,2,-0.20343,471.33,493.88,0,456.47,519.61,487.14,466.48,0.00099512,0.0011012,-2.0396,-0.0015078,9.1553e-05
4695,4696,1,-0.29252,448.86,499.42,0,417.06,551.67,473.59,458.78,-0.0062122,0.00060778,-2.1475,0.023873,6.1035e-05
4696,4697,1,-0.27522,406.5,456.11,0,378.18,494.75,434.81,417.48,-0.0058135,0.00076839,-2.1244,0.0074357,6.1035e-05
4697,4698,2,-0.18572,432.95,451.84,0,424.07,473.93,445.11,421.56,-0.0066015,0.00036095,-1.7825,0.012042,6.1035e-05
4698,4699,1,-0.30243,438.98,489.55,0,426.99,544.37,450.96,434.73,-0.011343,0.0010541,-2.1128,0.008386,6.1035e-05
4699,4700,2,-0.20696,476.47,506.85,0,460.75,523.89,493.2,488.7,0.0084233,0.0002532,-2.181,0.017523,6.1035e-05
4700,4701,1,-0.31598,462.82,526.06,0,437.05,552.2,488.59,499.92,-0.0053196,0.001165,-1.9423,0.011364,6.1035e-05
4701,4702,3,-0.18079,548.75,552.85,0,537.32,570.94,564.42,528.06,0.0027117,0.00032976,-1.4142,0.012152,0.00012207
4702,4703,3,-0.16877,544.28,559.89,0,519.98,598.97,562.02,531.36,0.0021296,0.00012309,-1.8557,0.025187,0.00012207
4703,4704,2,-0.19977,460.98,488.14,0,447.48,511.71,473.67,465.99,-0.012814,0.00011909,-1.993,0.025346,6.1035e-05
4704,4705,2,-0.21922,507.53,544.48,0,490.52,569.65,524.55,519.3,0.0012282,0.00021086,-2.1214,0.010199,0.00012207
4705,4706,2,-0.21054,483.1,510.68,0,457.31,526.72,508.9,494.63,-0.0072795,0.0001054,-1.9863,0.016769,6.1035e-05
4706,4707,0,-0.55857,370.92,482.51,0,360.65,545.27,381.2,419.75,-0.018596,0.002,-2.6882,0.0075528,6.1035e-05
4707,4708,1,-0.22934,334.28,363.79,0,313.38,412.42,357.96,308.68,-0.00032441,0.0034638,-1.9605,0.010797,6.1035e-05
4708,4709,2,-0.20847,483.9,483.91,0,463.35,509.98,502.03,460.9,-0.019759,0.00020296,-1.9435,0.076367,6.1035e-05
4709,4710,2,-0.19065,440.23,468.83,0,424.2,488.98,455.29,449.9,0.0012539,0.00015162,-2.2872,0.019478,6.1035e-05
4710,4711,2,-0.20996,460.51,493.82,0,456.08,528.95,467.9,435.28,0.0029879,0.00022029,-1.6559,0.025947,6.1035e-05
4711,4712,1,-0.27071,410.88,447.91,0,397.47,489.85,421.31,415.28,-0.010847,0.00036439,-2.1631,0.0083624,6.1035e-05
4712,4713,3,-0.15247,461.51,494.5,0,435.8,529.5,490.64,454.83,-0.0078304,0.00014564,-1.7341,0.017613,9.1553e-05
4713,4714,2,-0.20953,494.14,523.56,0,472.17,567.89,513.53,484.44,-0.0029195,0.0002687,-2.2278,0.034537,6.1035e-05
4714,4715,3,-0.16625,504.7,558.44,0,487.66,600.9,526.61,503.84,-0.00080016,0.00012898,-1.3812,0.029576,0.00012207
4715,4716,0,-0.71909,423.77,559.31,0.078125,408.97,618.99,438.56,499.62,-0.024023,0.061256,-3.0349,0.031768,6.1035e-05
4716,4717,2,-0.20708,466.74,504.26,0,456.87,531.93,478.65,470.87,0.016491,0.00034687,-1.9642,0.03455,6.1035e-05
4717,4718,1,-0.26588,383.34,437.31,0,364.96,499.17,405.53,362.65,-0.0013817,0.0052441,-2.2068,0.0029769,6.1035e-05
4718,4719,2,-0.213,491.32,535.67,0,469.25,557.78,509.61,517.34,-0.0091192,0.00031312,-1.8196,0.019489,9.1553e-05
4719,4720,1,-0.35624,514.85,603.52,0,505.85,652.36,525.05,548.17,0.0050446,0.0018867,-2.3247,0.034132,6.1035e-05
4720,4721,0,-0.57535,387.53,499.54,0,370.92,584.49,402.19,424.58,-0.0055473,0.012854,-2.8936,0.0065639,6.1035e-05
4721,4722,1,-0.26175,376.91,436.32,0,379.82,456.51,373.41,411.95,-0.013414,0.00076712,-2.0908,0.013534,6.1035e-05
4722,4723,1,-0.33625,515.59,552.34,0,521.68,600.76,510.85,514.69,-0.0028888,0.0027382,-2.4199,0.01614,6.1035e-05
4723,4724,2,-0.20195,481.62,502.97,0,477.01,565.67,484.57,462.77,-0.0045933,0.00038999,-2.0899,0.0064958,6.1035e-05
4724,4725,0,-0.5197,355.71,462.44,0,340.37,518.92,369.24,412.6,-0.0036845,0.0022105,-3.1234,0.006013,6.1035e-05
4725,4726,2,-0.19401,449.15,476.58,0,433.46,505.94,466.94,443.29,0.0010446,0.00020555,-2.0938,0.016173,6.1035e-05
4726,4727,0,-0.65396,415.01,541.58,0.03125,399.39,592.13,429.69,494.09,-0.02208,0.024036,-2.8989,0.036849,6.1035e-05
4727,4728,1,-0.28161,409.93,476.73,0,383.73,535.7,434.54,421.34,-0.0036604,0.00051315,-2.3114,0.0077515,6.1035e-05
4728,4729,2,-0.17869,414.59,446.56,0,390.71,485.95,435.66,411.8,-0.0030117,0.00050428,-2.1359,0.019705,6.1035e-05
4729,4730,2,-0.23357,525.26,558.22,0,507.83,583.62,550.75,521.11,-0.0034511,0.00027876,-2.1329,0.028824,0.00012207
4730,4731,3,-0.17502,529.45,547.78,0,518.87,557.75,543.95,534.1,-0.0089997,0.00013842,-1.8698,0.030938,0.00012207
4731,4732,1,-0.31743,467.48,526.05,0,434.84,588.07,494.53,474.66,-0.0063796,0.0011799,-2.2803,0.037688,6.1035e-05
4732,4733,3,-0.16487,498.61,538.09,0,476.84,567.71,519.07,510.27,0.014213,0.00013909,-1.6521,0.023371,0.00012207
4733,4734,1,-0.29783,431.54,487.84,0,419.16,522.62,444.72,450.82,0.0051905,0.0010615,-2.5317,0.016604,9.1553e-05
4734,4735,0,-0.54862,367.47,479.48,0,349.41,522.45,386.69,433.74,-0.0082337,0.0051891,-2.8052,0.013846,6.1035e-05
4735,4736,1,-0.28859,427.26,465.83,0,399.92,507.64,456.35,421.32,-0.0078546,0.00097283,-2.1307,0.013993,6.1035e-05
4736,4737,2,-0.20618,457.43,484.49,0,447.33,503.03,474.27,453.59,-0.0168,0.00014287,-2.2111,0.019065,6.1035e-05
4737,4738,2,-0.22129,490.66,523.31,0,480.07,549,506.15,485.77,-0.0081414,0.00016777,-2.2166,0.042015,9.1553e-05
4738,4739,0,-0.52455,336.27,449.66,0,322.72,495.2,351.63,398.06,0.0064648,0.0013843,-2.6185,-0.00033845,3.0518e-05
4739,4740,2,-0.20523,472.6,495.81,0,461.45,517.74,483.74,473.87,-0.0061352,0.00021491,-2.0442,0.017776,9.1553e-05
4740,4741,2,-0.20283,453.16,487.79,0,444.81,508.65,464.6,459.21,0.013686,0.00014357,-1.7177,0.018842,9.1553e-05
4741,4742,0,-0.65961,427.02,559.86,0.015625,414.46,640.25,438.11,488.93,-0.0021929,0.014599,-2.8804,0.072623,6.1035e-05
4742,4743,3,-0.16159,484.35,500.61,0,473.7,530.6,496.42,466.62,0.00066608,0.00017838,-1.6872,0.020971,9.1553e-05
4743,4744,3,-0.15953,498.86,512.55,0,480.04,539.93,514.45,489.87,-0.014437,0.00012973,-1.9177,0.028385,9.1553e-05
4744,4745,1,-0.32037,477.86,525.46,0,467.3,536.59,490.61,512.04,-0.003822,0.001048,-2.1571,0.040268,9.1553e-05
4745,4746,0,-0.6036,397.61,506.64,0.03125,375.95,556.88,412.43,472.26,-0.0020558,0.039392,-3.0912,0.021918,6.1035e-05
4746,4747,1,-0.29395,444.28,485.04,0,430.49,536.04,458.07,434.04,-0.0019585,0.00081102,-2.1812,0.012744,6.1035e-05
4747,4748,0,-0.68597,426.64,604.63,0,413.67,652.51,443.32,543.07,-0.0013208,0.012435,-2.799,0.024755,6.1035e-05
4748,4749,2,-0.23612,551.79,582.87,0,546.46,615.46,555.44,560.58,0.00082149,0.00034205,-2.227,0.044149,0.00012207
4749,4750,3,-0.15888,488.83,511.64,0,481.43,531.36,495.78,493.12,0.0046554,0.00016664,-1.774,0.025241,0.00012207
4750,4751,3,-0.15562,478.58,511.94,0,460.45,539.04,496.71,484.85,0.011432,0.00018717,-1.832,0.061975,9.1553e-05
4751,4752,2,-0.19951,459.14,488.41,0,431.81,516.57,481.79,465.07,0.0013725,0.00014991,-2.4293,0.026675,0.00012207
4752,4753,2,-0.23088,523.58,559.05,0,510.12,594.79,538.83,518.54,0.0041702,0.00021277,-2.3031,0.02485,0.00012207
4753,4754,1,-0.29121,423.42,480.38,0,411.8,514.93,437.43,438.69,-0.022897,0.00039785,-2.0335,0.026245,9.1553e-05
4754,4755,1,-0.25786,378.81,421.01,0,360.1,454.18,396.4,389.85,-0.011351,0.001185,-2.2064,0.01424,3.0518e-05
4755,4756,2,-0.19306,440.45,470.1,0,426.07,498.31,455.76,440.06,0.003539,0.00018761,-2.0707,0.013141,9.1553e-05
4756,4757,2,-0.20725,487.07,497.37,0,476.96,517.86,495.44,480.39,-0.0056793,0.00010704,-2.1699,0.015427,6.1035e-05
4757,4758,1,-0.35682,513.87,574.87,0,502.36,606.41,530.69,528.78,0.015835,0.0013589,-2.4537,0.039588,9.1553e-05
4758,4759,0,-0.5891,405.36,525.65,0,384.54,580.37,420.55,485.72,-0.018271,0.0014402,-3.0724,0.056393,6.1035e-05
4759,4760,2,-0.21075,472.15,495.09,0,459.32,514.47,486.7,473.12,-0.015475,0.00031079,-2.0428,0.035691,6.1035e-05
4760,4761,1,-0.22401,338.07,363.08,0,318.1,411.49,356.82,317.61,-0.0049774,0.0015186,-2.3944,0.010668,3.0518e-05
4761,4762,0,-0.5032,350.94,463.2,0,334.04,525.64,361.77,423.17,-0.0016657,0.0029734,-3.1504,0.0061021,6.1035e-05
4762,4763,2,-0.23872,538.74,552.21,0,528.29,584.18,551.35,513.64,-0.0020811,0.00065126,-1.9733,0.020147,6.1035e-05
4763,4764,0,-0.59552,392.11,526.47,0,373.51,587.27,413.19,457.55,0.0058695,0.0041496,-3.087,0.010067,6.1035e-05
4764,4765,0,-0.51233,355.07,450.86,0,333.47,510.62,376.68,391.1,-0.0031185,0.0027221,-3.1621,-0.0013451,3.0518e-05
4765,4766,0,-0.58303,392.05,514.43,0,374.19,580.68,409.91,448.18,-0.0084726,0.0020892,-2.9842,0.0064291,3.0518e-05
4766,4767,3,-0.17255,530.97,558.04,0,521.62,598.4,540.31,517.69,0.0048553,0.00052604,-1.7603,0.0082033,0.00012207
4767,4768,3,-0.16306,512.85,517.24,0,502.24,540.18,520.59,500.51,0.0076965,0.00014886,-1.8218,0.03519,9.1553e-05
4768,4769,3,-0.16496,510.37,547.55,0,490.42,583.67,532.97,506.61,-0.0060771,0.00019066,-1.7144,0.022265,0.00012207
4769,4770,0,-0.54173,359.72,461.97,0,345.66,509.09,377.79,401.39,-0.0086744,0.0018445,-2.9033,0.012089,3.0518e-05
4770,4771,0,-0.59284,387.48,518.92,0,371.58,575.27,410.72,436.57,-0.0014505,0.0020674,-2.9214,-0.0018347,6.1035e-05
4771,4772,3,-0.14993,464.28,483.53,0,451.66,509.1,478.59,454.56,8.0118e-05,0.00017504,-1.896,0.0049263,6.1035e-05
4772,4773,1,-0.22938,351.83,371.75,0,338.15,407.65,363.9,340.06,0.0015155,0.001948,-2.5511,-0.00053233,6.1035e-05
4773,4774,2,-0.21121,514.19,535.14,0,483.14,561.21,535.44,517.3,-0.010492,0.00059805,-2.1232,0.059494,6.1035e-05
4774,4775,1,-0.24588,375.63,405.21,0,350.04,458.63,398.22,358.08,-0.0089624,0.0007458,-2.0127,0.010207,3.0518e-05
4775,4776,0,-0.85637,429.25,562.26,0.20312,411.86,615.03,448.96,502.46,-0.011359,0.21171,-3.1369,0.042001,3.0518e-05
4776,4777,0,-0.62085,404.63,531.14,0,391.34,585.57,422.83,456.56,0.0031642,0.0035688,-2.7791,0.013975,6.1035e-05
4777,4778,2,-0.2588,589.66,627.29,0,577.8,657.72,603.98,590.57,-0.0014105,0.00072739,-2.0334,0.063777,6.1035e-05
4778,4779,0,-0.5899,399.07,515.1,0,367.61,576.3,426.83,461.1,-0.013023,0.006372,-2.9803,0.028622,6.1035e-05
4779,4780,3,-0.16059,498.55,526.05,0,482.38,565.05,514.72,487.04,-0.0089529,0.00032079,-1.7351,0.023615,0.00012207
4780,4781,0,-0.95725,436.22,569.15,0.3125,432.62,643.37,439.4,503.66,-0.010723,0.20307,-3.0073,0.0022357,6.1035e-05
4781,4782,1,-0.26048,380.36,419.3,0,369.98,452.22,393.7,376.97,-0.0084825,0.0024519,-2.1565,-0.00082421,6.1035e-05
4782,4783,1,-0.26842,388.86,440.87,0,377.74,458.76,403.16,417.86,-0.021323,0.0016522,-2.1444,0.0066258,3.0518e-05
4783,4784,1,-0.25274,381.51,433.87,0,359.9,470.74,397.28,406.96,-0.016955,0.00063089,-1.9875,0.0020633,6.1035e-05
4784,4785,2,-0.21152,475.84,507.8,0,465.95,536.49,487.78,473.17,-0.0040081,0.00039908,-2.0576,0.033758,6.1035e-05
4785,4786,1,-0.29289,450.16,486.58,0,432.32,529.84,460.18,462.31,-0.0020772,0.00087763,-2.1139,0.0034658,6.1035e-05
4786,4787,3,-0.14526,434.67,473.87,0,421.27,499.07,450.85,443.45,-0.0082294,0.00014312,-1.5526,0.02216,9.1553e-05
4787,4788,0,-1.5017,433.79,562.49,0.82812,432.83,631.95,434.82,488.54,0.0046122,0.62042,-2.6584,0.0062524,6.1035e-05
4788,4789,2,-0.21905,509.53,540.82,0,490.81,591.42,522.34,506.19,-0.0039355,0.0018941,-2.121,0.035074,0.00012207
4789,4790,1,-0.28572,430.63,471.69,0,416.5,497.78,442.35,450.07,-0.0015276,0.0053298,-1.8051,0.012687,6.1035e-05
4790,4791,0,-0.61989,401.08,525.8,0,382.65,569.49,424.78,469.63,0.0017817,0.097704,-2.9742,0.0068164,3.0518e-05
4791,4792,2,-0.22529,505.21,541.7,0,487.48,568.56,526.6,509.29,0.00047223,0.010461,-1.9477,0.012164,0.00012207
4792,4793,1,-0.23814,373.12,402.17,0,345.29,461.59,393.42,358.82,-0.0024823,0.0014598,-2.0279,0.0039401,6.1035e-05
4793,4794,3,-0.17941,570.39,581.53,0,550.53,631.8,583.98,547.13,-0.0020664,0.0011049,-1.6595,0.013426,0.00012207
4794,4795,2,-0.22076,506.1,545.32,0,499.21,588.77,511.13,513.61,0.0021769,0.00086215,-1.7791,0.013332,9.1553e-05
4795,4796,2,-0.20977,476.63,507.01,0,457.11,541.34,493.86,476.71,-0.0048095,0.00067605,-1.7356,0.015126,6.1035e-05
4796,4797,0,-0.51942,334.93,450.03,0,323.29,489.66,348.97,402.2,-0.0008116,0.0050515,-2.8174,9.9155e-05,3.0518e-05
4797,4798,3,-0.16758,518.41,545.07,0,499.32,558.03,542.95,528.41,0.0022741,0.00035935,-1.7244,0.015444,0.00012207
4798,4799,3,-0.15895,485.83,499.13,0,476.12,532.25,496.16,463.88,-0.0055637,0.00024767,-1.7442,0.021739,6.1035e-05
4799,4800,0,-0.51444,339.39,455.95,0,327.18,509.8,352.4,398.62,0.0028486,0.0084457,-2.7236,0.0077167,3.0518e-05
4800,4801,2,-0.20791,460.49,489.55,0,450.18,503.17,477.68,466.86,0.0070056,0.00041782,-1.6498,0.012156,6.1035e-05
4801,4802,3,-0.17568,548.05,567.39,0,528.12,591.63,567.97,543.15,0.0026234,0.00025727,-1.6478,0.011246,0.00018311
4802,4803,0,-0.49744,341.77,410.13,0,323.64,465.91,361.07,350.75,-0.002391,0.0042294,-2.7161,0.012926,6.1035e-05
4803,4804,2,-0.20213,456.4,485.69,0,441.35,519.72,473.46,447.12,-0.004626,0.00037228,-1.9154,0.02014,6.1035e-05
4804,4805,3,-0.16934,508.71,550.01,0,496.54,571.67,527.68,516.23,0.0011963,0.0002077,-1.3711,0.0099356,0.00012207
4805,4806,3,-0.16453,510.09,538.59,0,484.55,555.67,537.28,520.41,0.01057,9.818e-05,-1.5532,0.015842,6.1035e-05
4806,4807,1,-0.26473,379.08,423.74,0,373.65,452.01,385.64,389.62,-0.023567,0.00051812,-1.7841,0.0097181,6.1035e-05
4807,4808,3,-0.18437,559.15,590.43,0,547.84,621.2,571.19,557.67,-0.0078416,9.2236e-05,-1.7736,0.019945,0.00012207
4808,4809,3,-0.1729,521.97,560.73,0,513.09,573.57,534.95,541.95,-0.0061476,9.9433e-05,-1.6145,0.014442,0.00012207
4809,4810,1,-0.30852,447.52,499.24,0,434.49,526.17,466.57,459.87,0.011092,0.0013625,-1.8077,0.027323,6.1035e-05
4810,4811,0,-0.61279,391.8,512.38,0,376.07,566.62,416.32,427.76,-0.0059914,0.0033575,-2.7162,0.0021304,6.1035e-05
4811,4812,1,-0.26317,413.25,452.74,0,387.67,553.61,433.15,374.29,-0.012761,0.001529,-2.0209,0.026844,6.1035e-05
4812,4813,2,-0.21298,487.16,520.49,0,476.68,560.14,497.63,480.84,0.0025494,0.00060356,-1.877,0.024521,6.1035e-05
4813,4814,3,-0.1738,531.32,555.41,0,515.64,584.29,552.81,515.83,-0.00086571,0.00030901,-1.7598,0.0028182,0.00012207
4814,4815,2,-0.19117,441.25,471.66,0,430.66,509.5,450.59,438.28,-0.0069587,0.00021502,-1.6212,0.0070269,6.1035e-05
4815,4816,0,-0.55821,395.39,471.38,0,374.22,530.78,414.07,418.96,0.0024876,0.0021174,-2.7866,0.033196,6.1035e-05
4816,4817,1,-0.30457,458.57,509.18,0,444.98,540.81,472.16,477.55,0.00058596,0.0017697,-2.2211,0.012851,6.1035e-05
4817,4818,0,-0.55069,374.64,473.81,0,357.88,535.21,388.52,422.94,-0.014784,0.0016777,-2.86,0.020606,6.1035e-05
4818,4819,1,-0.26402,382.46,426.65,0,369.81,452.27,400.96,389.2,-0.0097214,0.00053367,-2.0004,0.033737,6.1035e-05
4819,4820,2,-0.23467,518.09,572.89,0,514.33,624.62,522.63,510.46,-0.00053465,0.00038959,-1.8425,0.010927,0.00012207
4820,4821,0,-0.43118,280.51,358.41,0,266.62,396.03,297.27,313.01,-0.004162,0.011055,-2.4803,0.001157,3.0518e-05
4821,4822,2,-0.23872,543.9,595.45,0,531.54,623.75,557.05,565.33,-0.0057177,0.00054766,-1.809,0.0089091,0.00012207
4822,4823,0,-0.52397,345.49,451.14,0,323.3,509.7,366.34,396.13,-0.0078262,0.0060833,-2.8792,0.013717,6.1035e-05
4823,4824,2,-0.2228,510.16,541.1,0,504.82,586.37,515.85,492.92,-0.0066787,0.00084629,-1.5334,0.030836,6.1035e-05
4824,4825,3,-0.16803,502.23,546.86,0,495.24,578.72,511.82,503.2,-0.0040584,0.00035102,-1.4717,0.018573,0.00012207
4825,4826,1,-0.25088,381.66,415.93,0,361.48,416.66,399.47,415.3,-0.0011973,0.00036586,-2.0921,0.0012442,6.1035e-05
4826,4827,2,-0.20826,491.22,513.35,0,470.32,571.38,504.62,476.16,0.0041501,0.00024836,-1.7213,0.0032477,9.1553e-05
4827,4828,3,-0.18123,556.45,588.33,0,536.35,613.77,576.55,562.88,-0.0038333,0.00012571,-1.4357,0.010234,0.00012207
4828,4829,2,-0.17847,403.46,448,0,384.29,472.11,423.85,422.33,-0.0020267,0.0002259,-1.4194,0.0070249,6.1035e-05
4829,4830,3,-0.15405,463.21,507.14,0,450.11,523.58,482.34,483.11,0.0020499,0.00025743,-1.4938,0.025844,9.1553e-05
4830,4831,2,-0.20295,470.05,513.67,0,441.83,543.41,490.65,491.97,-0.0095838,0.00042828,-1.8433,0.0083068,6.1035e-05
4831,4832,0,-0.38437,255.48,327.19,0,247.07,362.12,263.89,292.25,0.00034846,0.0062124,-2.6094,0.00059922,3.0518e-05
4832,4833,3,-0.17617,539.25,569.43,0,529.94,597.83,549.81,537.25,-0.0031483,0.00013954,-1.5845,0.022944,0.00012207
4833,4834,0,-0.65099,424.44,533.39,0.015625,403.18,600.14,447.08,462.34,-0.0030262,0.029087,-2.7559,0.0031078,6.1035e-05
4834,4835,2,-0.20023,456.96,491.63,0,448.44,530.88,464.01,459.11,-0.0085952,0.00053648,-1.9453,0.022932,9.1553e-05
4835,4836,0,-0.50473,342.41,443.99,0,327.31,486.13,360.63,393.13,-0.0019541,0.0033302,-2.6861,0.0091214,6.1035e-05
4836,4837,0,-0.49482,366.04,440.98,0,338.32,523.05,382.68,391.74,-0.0073515,0.0012767,-2.7779,-0.00052399,6.1035e-05
4837,4838,2,-0.21459,472.83,516.93,0,454.13,547.85,494.02,481.88,-0.0039829,0.00039304,-1.8489,0.013838,9.1553e-05
4838,4839,2,-0.19745,431.18,460.51,0,420.06,481.23,449.72,425.98,0.0022611,0.0002879,-1.902,0.032069,9.1553e-05
4839,4840,2,-0.21485,497.21,535.53,0,478.97,563.39,512.32,512.45,0.0031301,0.00026932,-2.0135,0.05049,9.1553e-05
4840,4841,0,-0.48247,326.18,425.56,0,310.77,478.19,336.72,389.55,-0.023083,0.00093837,-2.7672,0.0073223,3.0518e-05
4841,4842,3,-0.15341,463.66,499.82,0,444.06,529.72,478.91,476.57,0.0017749,0.00021713,-1.6493,0.016024,6.1035e-05
4842,4843,3,-0.16981,524.55,565.81,0,498.51,588.51,549.01,544.48,0.0022655,0.00011869,-1.5701,0.024383,0.00012207
4843,4844,3,-0.16382,491.63,536.6,0,472.77,577.64,510.5,495.57,-0.0025283,0.00012336,-1.6094,0.02283,0.00012207
4844,4845,0,-0.53831,360.14,457.39,0,340.36,504.36,381.2,407.39,-0.0078049,0.0070217,-2.5774,0.0086967,3.0518e-05
4845,4846,1,-0.2537,376.04,434.14,0,358.86,473.52,395.51,389.51,-0.0062675,0.00046402,-2.0032,0.010117,6.1035e-05
4846,4847,1,-0.28728,422.85,472.87,0,400.84,485.15,442.27,462.03,-0.0066864,0.00032879,-1.9806,0.025261,6.1035e-05
4847,4848,2,-0.22046,503.09,553.92,0,487.83,597.49,515.74,517.83,-0.0072874,0.00020554,-1.9852,0.012458,9.1553e-05
4848,4849,2,-0.19061,439.11,475.43,0,428.6,516.7,445.85,448.97,-0.0036313,0.00031002,-2.0183,0.023804,6.1035e-05
4849,4850,3,-0.15478,487.94,518.37,0,466.88,546.4,501.44,500.39,0.0036157,0.00012928,-1.6042,0.029638,9.1553e-05
4850,4851,1,-0.24924,356.2,409.21,0,334.23,429.38,379.58,387.74,-0.010404,0.00049191,-2.0344,0.024172,6.1035e-05
4851,4852,3,-0.15634,463.42,515.85,0,449.4,542.12,478.34,487.89,0.013837,0.00012858,-1.4836,0.017418,9.1553e-05
4852,4853,3,-0.16918,519.29,569.84,0,493.97,597.35,536.61,551.02,0.0078985,0.00016078,-1.6634,0.021272,0.00012207
4853,4854,0,-0.52316,378.33,461.62,0,358.9,530.68,389.23,422.88,-0.010911,0.00099294,-2.6815,0.0088081,6.1035e-05
4854,4855,3,-0.15119,460.13,497.59,0,441.53,533.63,474.59,469.57,-0.0015812,0.00010534,-1.5071,0.032861,0.00012207
4855,4856,1,-0.23937,347.78,393.24,0,324.85,451.54,368.02,341.79,-0.0037166,0.00097289,-2.0051,0.0097968,3.0518e-05
4856,4857,1,-0.24612,363.44,436.91,0,345.75,479.68,382.28,391.37,-0.00078898,0.00056771,-1.7194,0.0059587,6.1035e-05
4857,4858,2,-0.24199,546.96,578.75,0,526.62,605.81,568.62,549.94,-0.0092186,0.00043088,-1.7034,0.018844,6.1035e-05
4858,4859,2,-0.16732,415.21,420.86,0,399.04,454.35,424.28,402.07,-0.00015042,0.00052627,-1.8923,0.022195,6.1035e-05
4859,4860,0,-0.70475,423.14,576.34,0.046875,418.04,627.96,427.64,530.79,-0.00099298,0.047028,-2.8257,0.010577,6.1035e-05
4860,4861,3,-0.17062,527.71,553,0,504.53,584.58,549.49,523.33,-0.00096342,0.00014168,-1.6588,0.033346,6.1035e-05
4861,4862,2,-0.21301,461.6,494.78,0,450.29,512.52,480.47,465.22,0.0015852,0.00026927,-1.9056,0.028582,9.1553e-05
4862,4863,2,-0.18663,431.88,457.38,0,415.05,491.14,442.67,435.74,-0.0037818,0.00016797,-2.1464,0.0084356,6.1035e-05
4863,4864,1,-0.26343,366.33,434.55,0,347.63,484.43,393.66,361.64,-0.01065,0.00060495,-2.2421,0.010068,6.1035e-05
4864,4865,1,-0.32521,471.37,543.56,0,464.32,564.82,478.88,520.93,9.0438e-05,0.0015011,-1.9037,0.022988,6.1035e-05
4865,4866,0,-0.5956,377.77,533.61,0,369.12,581.65,385.9,488.48,-0.012614,0.0026946,-2.81,0.013428,6.1035e-05
4866,4867,2,-0.20583,463,501.86,0,442.99,525.76,488.74,471.14,0.0041194,0.00012379,-1.8981,0.0090614,9.1553e-05
4867,4868,3,-0.14841,435.11,502.25,0,419.4,532.45,455.32,463.41,-0.0005681,0.00019769,-1.6785,0.021606,9.1553e-05
4868,4869,3,-0.14632,440.93,504.57,0,416.56,535.08,466.88,472.09,-0.0069812,9.0318e-05,-1.5743,0.041824,9.1553e-05
4869,4870,0,-0.58342,396.87,529.02,0,382.85,593.6,405.86,487.63,-0.014112,0.0089981,-2.6948,0.033602,3.0518e-05
4870,4871,0,-0.58881,388.01,522.79,0,373.47,571.62,400.84,479.7,0.0068795,0.0043234,-2.7838,-0.0045591,6.1035e-05
4871,4872,1,-0.32216,470.74,540.92,0,463.58,568.55,479.38,507.57,-0.00051487,0.00052215,-1.9279,0.016549,6.1035e-05
4872,4873,0,-0.74023,417.7,592.96,0.078125,407.53,656.08,429.23,521.42,-0.017,0.064012,-2.6077,0.060165,3.0518e-05
4873,4874,2,-0.21354,477.02,517.76,0,471.76,532.11,484.22,498.11,-0.00075614,0.0012111,-1.8175,0.020259,6.1035e-05
4874,4875,2,-0.19628,434.44,501.47,0,423.35,529.61,446.25,471.53,0.0068425,0.00030996,-1.8364,0.01214,6.1035e-05
4875,4876,3,-0.14075,430.8,486.8,0,395.6,497.07,458.18,478.82,0.0063823,0.00033175,-1.6387,0.011147,6.1035e-05
4876,4877,2,-0.23131,517.34,584.68,0,506.48,610.33,526.92,562.04,0.001873,0.00047974,-1.9116,0.025491,0.00012207
4877,4878,2,-0.17597,380.78,431.2,0,369.88,456.9,394.8,398.14,0.0039908,0.00035128,-1.5747,0.014957,6.1035e-05
4878,4879,3,-0.17589,534.47,585.66,0,519.59,631.77,550.31,536.58,0.0015541,0.00018336,-1.3468,0.011779,0.00012207
4879,4880,1,-0.22853,340.59,388.54,0,334.69,415.86,345.18,367.3,-0.026801,0.0034747,-1.6848,0.017584,6.1035e-05
4880,4881,2,-0.20875,481.09,532.7,0,463.82,553.09,493.7,517.82,0.0030452,0.00053333,-1.8468,0.013219,9.1553e-05
4881,4882,1,-0.2715,411.08,467.05,0,390.38,494.93,424.35,449.18,0.001484,0.00022564,-1.7151,0.010186,6.1035e-05
4882,4883,3,-0.16979,518.24,580.08,0,501.49,610.49,528.98,560.59,0.0013674,0.00025887,-1.3557,0.032772,0.00012207
4883,4884,2,-0.19404,444.92,488.27,0,421.51,521.14,466.9,457.4,0.0065506,0.00032851,-1.9436,0.0080486,6.1035e-05
4884,4885,2,-0.21091,499.74,541.91,0,464.71,567.74,530.65,519.12,-0.0057071,0.00022224,-1.9324,0.020857,0.00012207
4885,4886,1,-0.28773,403.87,501.72,0,394.02,532.2,418.26,457.16,0.0021104,0.00043231,-1.7148,0.015219,6.1035e-05
4886,4887,3,-0.1633,499.29,540.89,0,485.72,583.99,511.26,502.86,0.0052609,0.00016085,-1.4216,0.015586,0.00012207
4887,4888,1,-0.26331,382.61,444.12,0,372.72,481.4,391.89,409.09,0.018923,0.0010081,-2.0842,0.010841,6.1035e-05
4888,4889,0,-0.59271,402.47,521.21,0,381.2,581.45,423.75,460.96,-0.0019243,0.006424,-2.8515,0.012299,6.1035e-05
4889,4890,2,-0.19523,445.87,500.23,0,433.8,526.7,455.87,478.3,0.0060107,0.00021161,-1.6712,0.0043976,6.1035e-05
4890,4891,2,-0.22831,515.27,565.75,0,496.21,595,538.27,530.46,0.0016132,0.00024382,-1.705,0.025155,6.1035e-05
4891,4892,1,-0.26913,398.44,461.19,0,383.61,484.8,410.73,441.62,-0.018223,0.00051658,-1.6886,0.031009,6.1035e-05
4892,4893,1,-0.2365,359.74,400.21,0,351.82,415.19,366.73,387,0.0035865,0.00069793,-1.9332,0.012119,6.1035e-05
4893,4894,1,-0.30596,454.34,505.58,0,441.51,553.98,467.99,454.06,-0.015852,0.00099527,-1.9538,0.010873,6.1035e-05
4894,4895,1,-0.27324,393.15,461.08,0,377.13,504.87,410.2,414.47,-0.0040053,0.00063822,-1.7567,0.03902,6.1035e-05
4895,4896,2,-0.21791,500.1,535.93,0,484.59,587.33,514.68,487.64,0.0053349,0.0002949,-2.0493,0.021256,0.00012207
4896,4897,0,-0.42702,283.01,376.39,0,271.58,414.02,294.44,338.77,0.0052672,0.011571,-2.587,0.016345,3.0518e-05
4897,4898,2,-0.22737,510.39,566.81,0,493.68,598.74,528.18,532.83,-0.0013377,0.00063872,-1.8604,0.016116,0.00012207
4898,4899,0,-0.54439,347.44,468.39,0,332.43,509.53,368.01,412.02,-0.00065308,0.010472,-2.6457,0.0029382,6.1035e-05
4899,4900,1,-0.24963,377.41,420.8,0,359.38,454.35,391.42,394.71,-0.0077458,0.00081999,-2.0342,0.0096586,6.1035e-05
4900,4901,0,-0.53063,373.94,470.07,0,352.48,531.95,390.64,421.93,0.0056996,0.0010758,-2.5508,0.0037326,6.1035e-05
4901,4902,1,-0.31941,467.99,535.72,0,458.33,574.37,476.51,501.62,3.1811e-05,0.0011215,-1.9036,0.0039443,6.1035e-05
4902,4903,3,-0.16135,526.78,540.43,0,497.08,566.25,549.88,520.34,0.011928,0.00083541,-1.4553,0.028817,0.00012207
4903,4904,2,-0.18233,432.99,466.29,0,430.66,512.42,434.29,440.42,-0.011628,0.00033965,-2.0371,0.021904,6.1035e-05
4904,4905,2,-0.20952,474.94,511.08,0,460.97,528.28,494.09,487.5,-0.0043499,0.00016797,-1.8884,0.023308,6.1035e-05
4905,4906,1,-0.24161,357.49,402.13,0,346.91,432.06,367.44,374.02,-0.020583,0.00029394,-1.9092,0.050279,6.1035e-05
4906,4907,1,-0.28021,413.61,477.43,0,400.37,518.11,426.85,436.75,-0.0038753,0.00042972,-1.7196,0.020351,6.1035e-05
4907,4908,3,-0.15599,468.49,491.99,0,457.61,508.84,482.48,470.33,-0.0016379,0.00027778,-1.4156,0.024092,6.1035e-05
4908,4909,1,-0.28023,417.76,466.18,0,399.24,477.52,435.16,455.53,0.01395,0.00080249,-1.9808,0.00075362,6.1035e-05
4909,4910,2,-0.19282,447.45,467.33,0,444.08,496.64,450.61,439.79,-0.010149,0.00010265,-1.7053,0.024812,6.1035e-05
4910,4911,2,-0.24987,552.02,587.57,0,539.57,613.92,571.43,546.47,0.0098022,0.00040821,-1.7715,0.0070829,0.00012207
4911,4912,2,-0.2111,498.84,525.5,0,471.68,553.65,516.25,507.46,-0.00053694,0.00012497,-1.8216,0.045772,0.00012207
4912,4913,2,-0.21352,492.97,521.6,0,474.3,548.66,511.64,494.54,-0.0012607,0.00011073,-1.8593,0.0098392,9.1553e-05
4913,4914,2,-0.22062,505.39,549.26,0,497.41,585.34,513.37,513.17,-0.00058113,0.00012883,-1.8414,0.017625,6.1035e-05
4914,4915,0,-0.58236,397.21,506.37,0,374.67,565.43,417.09,454.25,-0.01353,0.0046677,-2.7769,-0.0022361,6.1035e-05
4915,4916,1,-0.26957,404.61,451.71,0,391.13,477.25,416.51,429.18,-0.0069626,0.001428,-2.002,0.02195,6.1035e-05
4916,4917,0,-0.59732,425.97,515.16,0,406.82,594.78,436.71,470.5,-0.0020172,0.001433,-2.7553,0.013066,6.1035e-05
4917,4918,3,-0.16375,493.42,529.84,0,474.31,554.66,517.99,497.94,0.0045208,0.00029593,-1.4681,0.0141,0.00012207
4918,4919,1,-0.33016,482.92,544.58,0,469.96,594.95,495.88,494.2,-0.0064141,0.0017292,-2.034,0.0071909,6.1035e-05
4919,4920,3,-0.1779,544.65,585.88,0,531.98,621.03,555.14,556.75,0.0024608,0.00022909,-1.4862,0.011392,9.1553e-05
4920,4921,3,-0.14775,457.16,482.59,0,443.67,503.29,466.39,468.42,-0.0049445,0.00016447,-1.502,0.015158,9.1553e-05
4921,4922,3,-0.15519,487.72,521.27,0,471.38,541.84,503.07,501.94,-0.0053522,0.00012241,-1.5036,0.013907,9.1553e-05
4922,4923,3,-0.1543,481.64,487.56,0,473.24,506.21,490.59,467.71,0.00253,9.4012e-05,-1.5263,0.013778,9.1553e-05
4923,4924,1,-0.29851,432.54,490.66,0,425.35,528.78,439.72,452.53,-0.0024235,0.0010714,-1.9365,0.016541,6.1035e-05
4924,4925,1,-0.26148,385.31,448.37,0,370.38,499.32,396.92,408.74,0.0048697,0.00091799,-1.8998,0.020612,6.1035e-05
4925,4926,0,-0.56761,365.93,485.82,0,347.21,529.3,388.53,433.35,-0.0010663,0.0020733,-2.9469,0.0025149,6.1035e-05
4926,4927,0,-0.60672,397.4,530.35,0,375.88,591.91,421.78,460.58,-0.0090026,0.008386,-2.7669,0.026047,6.1035e-05
4927,4928,0,-0.45314,305.27,394.13,0,295.28,448.83,313.05,351.58,-0.017286,0.0073905,-2.8427,0.014879,3.0518e-05
4928,4929,3,-0.16034,484.61,495.49,0,467.81,523.5,504.89,461.68,-0.0014731,0.00015182,-1.4369,0.018385,9.1553e-05
4929,4930,2,-0.17783,401.2,437.8,0,388,474.65,410.83,410.9,0.00068684,0.00026434,-2.0162,0.030502,6.1035e-05
4930,4931,2,-0.22353,521.43,553.83,0,506.09,577.52,536.78,530.15,-0.006002,0.00038524,-1.8864,0.021728,0.00012207
4931,4932,2,-0.19757,421.43,475.2,0,407.67,503.94,441.55,433.2,0.0014476,0.00027278,-1.7424,0.0075923,6.1035e-05
4932,4933,2,-0.19139,444.33,477.05,0,438.5,511.83,448.59,451.67,0.0074539,0.00015132,-1.924,0.025366,9.1553e-05
4933,4934,0,-0.49241,340.45,429.63,0,321.01,480.85,353.75,394.58,-0.0054079,0.0025532,-2.7789,0.0097669,3.0518e-05
4934,4935,1,-0.2266,354.22,380.32,0,343.46,398.38,359.11,372.11,0.0028399,0.00052137,-2.0702,0.012072,6.1035e-05
4935,4936,1,-0.35935,521.18,580.4,0,503.61,623.72,543.76,524.7,-0.0052012,0.002887,-1.8311,0.065362,0.00012207
4936,4937,0,-0.63681,426.81,527.57,0.015625,406.83,588.58,445.58,470.27,-0.01158,0.015927,-3.0694,0.02216,6.1035e-05
4937,4938,0,-0.98249,451.45,571.91,0.3125,434.95,634.7,464.29,523.07,-0.012606,0.2228,-2.9273,0.01001,6.1035e-05
4938,4939,2,-0.24291,537.52,585.61,0,528.96,607.89,548.52,556.96,-0.003714,0.0010073,-1.7582,0.0041021,0.00012207
4939,4940,1,-0.29645,446.31,487.05,0,423.05,527.35,464.4,455.7,0.0018845,0.0033914,-1.9585,0.0055731,6.1035e-05
4940,4941,2,-0.20802,478.13,513.81,0,463.26,536.3,492.1,492.67,-0.0030443,0.00049845,-1.9962,0.015983,9.1553e-05
4941,4942,3,-0.15453,484.78,495.44,0,474.91,523.03,492.97,472.58,-0.0027159,0.00027048,-1.456,0.021315,9.1553e-05
4942,4943,3,-0.15819,477.64,519.35,0,477.08,552.26,478.16,488.44,0.0060659,0.00022254,-1.5037,0.028525,9.1553e-05
4943,4944,3,-0.14361,434.75,474.54,0,414.24,485.44,459.51,461.39,0.0016105,0.00020228,-1.5523,0.011514,9.1553e-05
4944,4945,0,-0.51547,354.69,434.71,0,335.63,490.28,369.51,391.49,-0.030185,0.02701,-2.8636,0.0021138,6.1035e-05
4945,4946,0,-0.48051,312.24,400.34,0,297.21,438.94,332.83,347.44,-0.0064157,0.016742,-2.6992,0.0050355,3.0518e-05
4946,4947,0,-0.48005,335.82,411.46,0,314.13,466.61,354.95,362.8,-0.0013834,0.0039531,-2.9292,0.017706,3.0518e-05
4947,4948,0,-0.5667,399.91,483.09,0,374.84,542.6,423.45,427.18,-0.0030999,0.012802,-2.7419,0.0090316,6.1035e-05
4948,4949,3,-0.17978,537.8,581.4,0,526.74,601.3,556.25,548.25,-0.0021727,0.00096878,-1.3912,0.018569,0.00012207
4949,4950,2,-0.18504,414.38,442.1,0,403.89,467.93,428.76,406.7,-0.001991,0.00054609,-1.7153,0.013364,6.1035e-05
4950,4951,0,-1.3377,441.17,558.35,0.6875,437.29,646.35,444.59,480.7,-0.033186,0.64383,-2.679,0.031126,6.1035e-05
4951,4952,2,-0.18483,407.35,441.84,0,402.38,459.03,415.64,413.19,-0.0011533,0.001735,-1.9217,0.0091392,6.1035e-05
4952,4953,3,-0.17337,511.97,544.16,0,500.88,572.79,524.53,511.71,-0.0021432,0.00041039,-1.443,0.01894,9.1553e-05
4953,4954,3,-0.1501,446.83,480.83,0,444.41,517.27,449.24,444.38,-0.0096568,0.0004123,-1.2709,0.02659,9.1553e-05
4954,4955,2,-0.20812,473.02,487.19,0,461.8,526.7,482.92,452.32,-0.0018749,0.00036193,-1.6506,0.015076,6.1035e-05
4955,4956,3,-0.14313,429.8,471.61,0,417.95,492.4,443.23,448.05,0.00077011,0.0003205,-1.3224,0.011156,9.1553e-05
4956,4957,2,-0.23196,518.94,556.57,0,506.11,584.35,535.43,520.84,0.0056526,0.00044298,-1.8858,0.0071884,6.1035e-05
4957,4958,1,-0.2404,347.1,385.75,0,326.61,441.64,366.34,333.24,-0.0013615,0.0080292,-1.931,0.0042757,6.1035e-05
4958,4959,2,-0.23062,506.43,540.18,0,496.66,559.69,520.72,511.66,0.0013509,0.00059887,-1.7296,0.034885,9.1553e-05
4959,4960,3,-0.1696,513.38,540.45,0,505.85,565.04,520.45,517.36,0.00072349,0.00028858,-1.2638,0.031814,0.00012207
4960,4961,2,-0.22745,520.08,550.24,0,507.98,585.34,529.5,522.93,-4.0767e-05,0.00047345,-1.9335,0.015422,6.1035e-05
4961,4962,3,-0.18143,541.44,592.8,0,527.64,632.62,558.1,544.75,0.0047474,0.00012353,-1.3916,0.027108,0.00012207
4962,4963,2,-0.23531,519.88,558.89,0,514.27,581.62,527.58,527.73,0.0031978,0.00043003,-1.8206,0.051561,0.00012207
4963,4964,2,-0.19003,424.12,470.04,0,412.75,491.22,437.01,446.05,0.021898,0.0001762,-1.6228,0.021311,6.1035e-05
4964,4965,2,-0.19921,444.18,492.23,0,432.14,511.1,460.67,466.36,-0.0068677,0.00011293,-1.7886,0.026728,9.1553e-05
4965,4966,0,-0.47956,321.71,404.95,0,304.22,453.6,339.2,356.3,-0.00037154,0.040444,-2.8846,0.0047752,6.1035e-05
4966,4967,1,-0.30258,449.88,507.94,0,428.55,556.24,469.91,462.57,0.0061609,0.001551,-1.8775,0.02088,6.1035e-05
4967,4968,1,-0.25422,408.99,419.11,0,379.53,486.04,426.66,378.96,-0.0040076,0.001562,-2.0979,0.017907,6.1035e-05
4968,4969,2,-0.20164,460.53,494.21,0,445.34,527.47,473.93,464.86,0.0034996,0.00021198,-1.6664,0.011272,9.1553e-05
4969,4970,1,-0.28484,412.67,475.51,0,408.58,510.83,416.75,440.2,-0.013214,0.00055709,-2.1814,0.018719,6.1035e-05
4970,4971,1,-0.24317,374.62,407.97,0,349.75,460.09,397.97,359.02,-0.002458,0.0014473,-1.862,0.016848,3.0518e-05
4971,4972,2,-0.2012,465.03,490.55,0,451.23,526.52,473.88,467.5,-0.0043697,0.00017905,-1.7307,0.01164,9.1553e-05
4972,4973,2,-0.21078,470.27,505.24,0,454.86,533.2,487.74,473.56,-0.0012431,0.00019513,-1.8352,0.0071784,6.1035e-05
4973,4974,0,-0.54439,392.55,475.84,0,371.99,536.59,405.73,436.89,0.0020897,0.0052396,-2.9119,0.0046575,6.1035e-05
4974,4975,1,-0.24692,360.14,397.27,0,353.63,412.34,367.07,381.22,-0.008829,0.00044118,-1.6947,0.070145,6.1035e-05
4975,4976,1,-0.25089,379.36,412.12,0,367.55,419.12,391.17,405.12,0.0094114,0.00056966,-1.9015,0.010049,6.1035e-05
4976,4977,0,-0.52066,356.45,445.52,0,338.6,487.86,372.2,408.17,0.012314,0.0011668,-2.7531,0.00037724,6.1035e-05
4977,4978,1,-0.30815,448.77,499.26,0,438.26,527.18,459.95,469.53,-0.0038354,0.00088937,-1.7534,0.025327,6.1035e-05
4978,4979,1,-0.26277,387.93,437.78,0,377.81,457.71,398.69,416.57,-0.022733,0.00031249,-2.0477,0.029083,6.1035e-05
4979,4980,1,-0.29224,419.74,487.39,0,402.64,515.09,440.37,453.96,-0.018874,0.00061599,-1.7581,0.0091512,6.1035e-05
4980,4981,3,-0.16063,504.09,527.54,0,490.84,575.62,515.78,485.11,-0.0051723,0.00049785,-1.6483,0.030429,9.1553e-05
4981,4982,0,-0.58587,388.34,494.02,0,373.19,522.89,409.1,454.45,0.007917,0.0048099,-3.0102,-0.0050223,6.1035e-05
4982,4983,2,-0.22933,520.23,537.92,0,509.21,567.33,529.95,511.96,0.0039937,0.00087464,-1.8994,0.0098797,6.1035e-05
4983,4984,3,-0.15758,466.89,506.21,0,453.72,533.24,483.83,471.45,0.00091578,0.00027648,-1.3876,0.021887,9.1553e-05
4984,4985,2,-0.23419,530.29,548.38,0,516.7,573.15,543.89,523.61,-0.0040174,0.00044152,-1.9459,0.013953,6.1035e-05
4985,4986,2,-0.23731,538.3,564.02,0,518.89,601.36,560.3,521.7,0.0044914,0.00042218,-1.9686,0.017119,6.1035e-05
4986,4987,1,-0.30649,435.52,504.11,0,428.31,537.27,446.76,452.37,-0.0010752,0.00038072,-1.8252,0.019881,6.1035e-05
4987,4988,2,-0.20273,473.37,482.5,0,458.54,519.83,486.46,449.56,0.00083629,0.00052657,-1.8742,0.0092036,9.1553e-05
4988,4989,2,-0.19317,444.99,463.36,0,437.21,487.32,453.27,437.86,-0.0020913,0.00023149,-1.6251,0.032225,6.1035e-05
4989,4990,0,-0.48212,327.52,403.8,0,310.24,451.71,344.8,355.89,-0.0084171,0.0055117,-2.6704,0.030828,6.1035e-05
4990,4991,3,-0.18471,559.86,587.54,0,543.51,627.25,576.22,547.83,-0.0019639,0.00012425,-1.4363,0.044385,0.00012207
4991,4992,0,-1.0706,427.81,550.56,0.39062,406.96,593.84,458.28,487.3,-0.028057,0.26067,-2.851,0.063587,6.1035e-05
4992,4993,0,-0.60239,380.06,510.62,0,370.49,552.87,389.62,468.36,-0.0052729,0.012409,-2.857,0.0079602,3.0518e-05
4993,4994,0,-0.54681,362.78,454.5,0,343.51,501.56,386.04,397.7,-0.0020763,0.021265,-2.9881,0.030221,6.1035e-05
4994,4995,1,-0.26392,378.02,433.42,0,360.75,463.89,397.58,398.89,-0.00083642,0.0012927,-1.9598,0.0067626,6.1035e-05
4995,4996,2,-0.22766,530.69,556.49,0,515.82,597.07,543.01,522.86,0.0075936,0.0004231,-1.7521,0.01705,0.00012207
4996,4997,2,-0.17697,406.16,433.37,0,394.47,458.47,419.4,404.92,-0.016011,0.00057313,-1.8289,0.0057639,6.1035e-05
4997,4998,2,-0.21041,475.4,490.21,0,461.02,517.12,490.71,461.56,-0.0035259,0.0003539,-1.8284,0.022818,6.1035e-05
4998,4999,2,-0.23184,519.23,567.55,0,508.75,595.26,534.55,527.06,-0.011121,0.00020018,-1.9183,0.032182,0.00012207
4999,5000,3,-0.15915,496.06,525.11,0,469.99,559.68,516.34,498.23,0.001075,0.0002549,-1.526,0.012757,0.00012207
