iter,seed,category,ret,E_wh,T_s,unserved,E_lamE_high,T_lamE_high,E_lamT_high,T_lamT_high,pg_loss,v_loss,entropy,kl,energy_check_err
0,42,1,-1.4876,540.67,766.77,0,545.85,769.43,537.12,764.95,-0.018358,0.17867,1.1201,0.014757,6.1035e-05
1,43,1,-1.644,654.82,947.11,0,664.07,956.21,648.89,941.28,-0.0060923,0.11874,1.391,0.02051,0.00012207
2,44,2,-2.0252,783.98,1076.9,0,793.89,1095.8,775.23,1060.2,-0.009431,0.031204,1.7067,0.0075863,0.00018311
3,45,1,-1.6542,600.84,843.5,0,603.13,864.76,598.69,823.52,-0.026777,0.024474,1.2465,0.016774,6.1035e-05
4,46,1,-1.4963,541.44,735.13,0,530.57,726.54,553.01,744.28,-0.031798,0.0209,1.1893,0.012809,6.1035e-05
5,47,2,-1.7635,717.31,944.54,0,724.7,962.16,708.39,923.28,-0.027191,0.010765,1.5105,0.025065,0.00018311
6,48,3,-1.797,785.7,1011.8,0,789.96,1036.8,781.7,988.2,-0.013119,0.0097795,1.8118,0.016504,0.00018311
7,49,1,-1.3862,500.69,619.81,0,506.7,641.96,493.88,594.7,-0.023558,0.023176,0.7786,0.0018119,0.00012207
8,50,1,-1.3149,596.86,750.25,0,595.6,773.94,597.79,732.96,-0.034627,0.0069217,1.0452,0.019176,0.00012207
9,51,1,-1.2592,428.24,508.92,0,418.6,511.38,439.17,506.13,-0.040964,0.0075722,0.63883,0.046215,6.1035e-05
10,52,1,-1.3983,637.28,772.86,0,642.27,807.49,633.15,744.16,-0.022404,0.0058785,1.1774,0.022872,6.1035e-05
11,53,3,-1.514,754.87,882.58,0,744.49,914.69,761.53,861.99,-0.010369,0.0059901,1.3866,0.01922,0.00018311
12,54,3,-1.2873,673.11,796.4,0,667.88,818.9,680.75,763.51,-0.0091167,0.0044171,1.1644,0.023342,0.00012207
13,55,0,-1.1994,400.52,494.98,0.015625,400.73,515.32,400.36,480.13,-0.02106,0.021347,0.37836,0.019517,6.1035e-05
14,56,2,-1.4033,615.03,713.12,0,611.67,735.19,617.63,695.95,-0.0083928,0.0055071,1.0817,0.019843,0.00012207
15,57,1,-1.2468,394.03,441.78,0,392.85,456.6,394.89,430.97,-0.031667,0.0083777,0.1624,0.030133,6.1035e-05
16,58,2,-1.3164,670.48,775.71,0,658.06,809.79,680.14,749.21,-0.0059781,0.0053583,0.70559,0.033041,0.00012207
17,59,0,-1.0903,408.07,479.26,0,404.01,490.7,411.03,470.9,-0.023567,0.0044779,0.11267,0.019764,6.1035e-05
18,60,1,-1.247,517.4,599.91,0,504.49,620.39,529.54,580.67,-0.020237,0.00519,0.34046,0.056814,0.00012207
19,61,3,-1.1763,663.61,714.8,0,645.87,739.45,683.7,686.86,-0.016407,0.0038662,0.62481,0.03206,0.00012207
20,62,3,-1.2244,571.48,628.36,0,547.51,643.52,591.34,615.79,-0.021404,0.0028369,0.63515,0.057556,0.00018311
21,63,2,-1.0875,533.47,584.27,0,524.8,619.91,541.12,552.83,-0.015755,0.0036406,0.58334,0.028585,0.00012207
22,64,0,-1.3674,434.03,510.14,0.4375,433.51,536.25,434.66,478.64,-0.011799,0.166,0.06162,0.01789,3.0518e-05
23,65,1,-1.1449,539.95,635.29,0,533.61,663.66,549.84,591.04,-0.011309,0.0083002,0.19724,0.094572,6.1035e-05
24,66,1,-1.0081,432.23,485.62,0,433.34,543.55,431.42,443.35,-0.021232,0.0059566,0.13434,0.045073,6.1035e-05
25,67,0,-1.0654,399.89,478.75,0,389.85,516.8,409.31,443.01,-0.041556,0.006825,-0.23441,0.1165,6.1035e-05
26,68,2,-1.1223,500.84,547.87,0,485.99,576.99,521.2,507.97,-0.017445,0.0032355,0.35243,0.041386,6.1035e-05
27,69,0,-1.0479,411.08,472.62,0.015625,407.71,507.75,414.9,432.8,-0.022734,0.014435,-0.081373,0.052793,6.1035e-05
28,70,3,-1.2168,513.99,549.22,0,496.61,596.46,525.88,516.9,-0.011098,0.0035081,0.38073,0.04983,0.00012207
29,71,2,-1.0444,512.12,571.73,0,490.53,611.13,532.4,534.72,-0.012413,0.0031534,0.26759,0.048492,0.00012207
30,72,1,-1.1206,412.78,441.97,0,395.32,462.13,429.18,423.02,-0.028772,0.0030333,-0.095401,0.082634,6.1035e-05
31,73,2,-1.1972,526.81,578.88,0,499.71,635.5,547.89,534.84,-0.013921,0.0035186,0.10629,0.056695,6.1035e-05
32,74,3,-1.2489,621.86,643.07,0,599.87,696.46,642.52,592.92,-0.0080675,0.0026237,0.40144,0.037786,0.00012207
33,75,3,-1.1452,531.85,544.7,0,517.41,595.96,546.29,493.43,-0.0063574,0.0018923,0.32841,0.045048,9.1553e-05
34,76,1,-1.0894,521.6,596.57,0,501.62,661.39,542.87,527.57,-0.016159,0.0035304,-0.010554,0.046543,6.1035e-05
35,77,1,-1.0229,404.16,437.39,0,387.57,487.5,417.07,398.43,-0.038184,0.0031132,-0.49794,0.11083,6.1035e-05
36,78,2,-1.0699,512.67,531.24,0,488.16,566.55,535.69,498.06,-0.02033,0.0025002,-0.16677,0.060867,0.00012207
37,79,0,-1.0055,413.77,471.37,0,408.08,510.33,421.09,421.29,-0.018007,0.0036778,-0.39032,0.17403,6.1035e-05
38,80,3,-1.0819,469.54,486.95,0,457.19,552.34,480.45,429.25,-0.020556,0.0017628,-0.085534,0.082717,9.1553e-05
39,81,1,-1.1905,563.52,626.77,0,529.76,694.06,593.3,567.4,-0.0065749,0.0050117,-0.26482,0.11006,6.1035e-05
40,82,3,-1.1194,526.87,550.95,0,503.33,616.54,547.64,493.08,-0.01515,0.0017514,-0.0097359,0.074275,0.00012207
41,83,1,-1.0692,474.23,509.85,0,456.84,554.87,492.75,461.92,-0.012007,0.0016756,-0.33879,0.074086,6.1035e-05
42,84,3,-1.0643,512.67,532.57,0,496.6,602.72,528.74,462.42,0.0031042,0.001085,-0.15487,0.072886,6.1035e-05
43,85,0,-1.0543,447.3,520.3,0.0625,438.97,585.27,456.73,446.67,-0.018907,0.038161,-0.44453,0.054398,6.1035e-05
44,86,1,-1.0311,544.35,591.33,0,529.79,648.67,561.91,522.14,-0.017739,0.0021281,-0.35586,0.070498,0.00012207
45,87,3,-1.0982,587.35,603.53,0,568.81,660.64,611.18,530.09,-0.0099184,0.0017732,-0.13994,0.073693,0.00012207
46,88,1,-1.0268,520.37,548.56,0,509.03,615.61,529.76,493,-0.021672,0.0020579,-0.44091,0.025718,6.1035e-05
47,89,1,-1.0069,413.79,432.77,0,393.62,473.25,432.74,394.74,-0.016136,0.0017197,-0.67241,0.12671,6.1035e-05
48,90,1,-1.0275,429.04,461.8,0,420.82,521.49,436.29,409.13,-0.01592,0.0011729,-0.54969,0.10635,6.1035e-05
49,91,1,-1.073,426.77,437.75,0,409.45,495.05,439.4,395.93,-0.038799,0.0026194,-0.62719,0.10075,6.1035e-05
50,92,2,-1.0475,513.92,539.72,0,467.09,601.63,555.23,485.1,-0.020431,0.0025127,-0.45876,0.11281,0.00012207
51,93,2,-0.931,633.4,680.48,0,584.42,755.43,685.53,600.7,-0.020197,0.0013948,-0.23168,0.042222,0.00018311
52,94,0,-0.91668,338.94,375.77,0,325.25,412.68,353.5,336.48,-0.029246,0.0016705,-0.65636,0.029123,3.0518e-05
53,95,3,-1.0805,544.7,568.32,0,523.78,635.18,566.97,497.15,-0.012161,0.0014016,-0.038836,0.049291,0.00012207
54,96,3,-1.0886,552.97,564.24,0,521.79,611.62,584.16,516.86,-0.013234,0.0013227,-0.30014,0.067775,0.00024414
55,97,1,-1.081,526.75,566.11,0,466.77,584.88,590.59,546.13,-0.030959,0.0041499,-0.56832,0.11209,6.1035e-05
56,98,1,-1.0113,364.38,387.29,0,340.7,425.96,388.06,348.62,-0.039522,0.004113,-0.67575,0.11951,3.0518e-05
57,99,1,-0.94982,385.62,403.55,0,368.77,452.44,400.48,360.42,-0.041652,0.0022548,-0.64739,0.1182,6.1035e-05
58,100,3,-1.3005,633.98,663.88,0,569.07,703.97,703.08,621.21,-0.0020468,0.0046356,0.2136,0.019702,0.00012207
59,101,3,-1.1797,669.14,664.82,0,581.84,721.52,718.12,633.01,-0.017204,0.0024848,-0.076673,0.075693,0.00012207
60,102,3,-1.1087,529.78,543.97,0,499.26,586.69,566.61,492.42,-0.018454,0.0020836,-0.15911,0.047221,0.00012207
61,103,2,-1.1354,584.7,616.68,0,563.66,669.75,617.52,533.89,-0.021767,0.0026721,-0.15038,0.082626,0.00012207
62,104,3,-1.0657,545.8,513.05,0,528.5,576.87,556.89,472.15,-0.010807,0.0016592,-0.3567,0.040734,0.00012207
63,105,1,-1.0368,361.85,364.24,0,354.17,409.58,368.22,326.68,-0.021501,0.0021306,-0.82926,0.026056,6.1035e-05
64,106,2,-1.0182,525.76,543,0,504.68,579.52,560.9,482.13,-0.0080958,0.0016705,-0.41832,0.11184,6.1035e-05
65,107,0,-1.0418,411.11,454.43,0,396.91,489.78,430.57,405.99,-0.043603,0.0060957,-0.62091,0.067838,6.1035e-05
66,108,1,-0.92573,407.15,426.28,0,391.5,479.75,423.81,369.37,-0.050366,0.0021537,-0.88107,0.19438,6.1035e-05
67,109,2,-1.06,623.94,647.19,0,606.72,726.98,643.46,556.76,-0.0042333,0.0014835,-0.46233,0.044473,0.00012207
68,110,0,-1.0275,400.96,462.41,0,393.8,520.15,410.77,383.29,-0.037517,0.0016909,-0.87204,0.045805,6.1035e-05
69,111,1,-1.1025,485.34,543.06,0,473.14,623.44,501.04,439.72,-0.027499,0.0028987,-0.55236,0.093736,6.1035e-05
70,112,1,-1.0631,562.19,611.72,0,539.35,697.12,588.08,514.94,-0.016654,0.0019843,-0.63539,0.10092,0.00012207
71,113,2,-1.0615,501.98,540.91,0,479.03,644.37,519.83,460.44,-0.012632,0.001859,-0.69263,0.076697,0.00012207
72,114,3,-1.0764,646.62,655.13,0,617.62,740.73,677.5,564.01,-0.0093301,0.0026226,-0.18165,0.057085,0.00012207
73,115,0,-0.93957,435.4,526.56,0.03125,425.14,592.68,451.4,423.42,-0.020304,0.024885,-0.85839,0.062948,6.1035e-05
74,116,1,-1.0826,525.6,578.97,0,509.31,646.93,546.55,491.59,-0.020176,0.0023696,-0.81328,0.098527,0.00012207
75,117,0,-1.4634,441.87,450.4,0.51562,440.86,530.19,442.48,402.52,-0.049482,0.15172,-1.0915,0.11402,6.1035e-05
76,118,1,-0.90983,448.96,498.8,0,428.87,543.13,476.5,438.06,-0.014164,0.013181,-0.57484,0.018281,6.1035e-05
77,119,2,-1.0715,569.54,630.99,0,535.6,703.2,608.01,549.16,-0.0091123,0.0025381,-0.40471,0.094726,0.00012207
78,120,3,-1.0764,520.41,532.54,0,467.06,590.06,556.91,493.18,-0.016678,0.0020846,-0.55535,0.058649,0.00012207
79,121,1,-1.0026,333.5,346.96,0,325.91,378.49,342.67,308.91,-0.024438,0.0040418,-1.0434,0.088013,6.1035e-05
80,122,3,-1.1127,511.82,524.03,0,468.94,562.31,554.71,485.75,-0.019448,0.0024212,-0.376,0.1218,6.1035e-05
81,123,2,-1.0843,549.18,611.26,0,517.04,646.54,606.46,548.37,-0.023096,0.0019816,-0.38828,0.095176,0.00012207
82,124,2,-1.1063,606.38,630.28,0,577.62,666.16,651.24,574.3,-0.0037782,0.002069,-0.57312,0.097513,0.00012207
83,125,1,-1.0361,534.84,549.79,0,502.16,593.9,561.92,513.24,-0.027214,0.0026814,-0.91542,0.062155,0.00012207
84,126,2,-1.0725,551.08,577.23,0,529.43,636.38,574.12,514.25,-0.018686,0.0014178,-0.49988,0.083201,0.00012207
85,127,1,-1.0213,379.27,391.01,0,369.09,427.52,390.11,352.15,-0.023015,0.0017484,-0.76885,0.026587,6.1035e-05
86,128,2,-0.97967,586.69,609.15,0,555.43,658.92,619.96,556.17,0.001756,0.0018367,-0.60679,0.085392,0.00012207
87,129,3,-1.1085,603.05,601.94,0,556.54,645.28,646.74,561.22,-0.0087922,0.0020115,-0.44106,0.08489,0.00012207
88,130,2,-1.0818,550.98,582.78,0,522.1,634.31,583.7,524.39,-0.010021,0.0018087,-0.54477,0.054299,0.00012207
89,131,3,-1.0915,604.18,604.2,0,553.91,665.16,648.54,550.41,0.0069282,0.0023563,-0.32345,0.061349,0.00018311
90,132,3,-1.056,510.23,492.12,0,486.12,535.54,528.98,458.35,-0.01833,0.0023461,-0.70947,0.073272,9.1553e-05
91,133,2,-0.9835,459.47,451.23,0,427.84,490.41,484.07,420.76,-0.016546,0.0014284,-0.75223,0.049761,9.1553e-05
92,134,0,-0.99337,323.26,335.39,0,306.62,370.81,332.6,315.51,-0.020647,0.0047551,-1.0501,0.054701,3.0518e-05
93,135,3,-1.0132,556.81,573.4,0,514.18,612.34,599.45,534.46,-0.021435,0.0019261,-0.57316,0.079232,0.00012207
94,136,0,-0.97545,396.76,414.41,0,379.85,444.66,412.64,385.99,-0.01461,0.003161,-1.2266,0.046107,6.1035e-05
95,137,0,-0.9212,432.77,459.81,0.046875,413.58,484.61,459.07,425.84,-0.023236,0.02884,-1.1487,0.075597,6.1035e-05
96,138,0,-1.0048,372.31,392.03,0,359.23,422.23,387.13,357.8,-0.028101,0.0063867,-1.1858,0.055487,6.1035e-05
97,139,3,-1.0508,606.76,564.42,0,574.42,598.37,635.31,534.46,-0.0039815,0.0029812,-0.84118,0.067043,0.00012207
98,140,0,-0.97817,433.38,484.43,0.046875,423.65,524.99,447.61,425.15,-0.034131,0.029553,-0.90822,0.2546,6.1035e-05
99,141,2,-1.0848,555.74,557.18,0,535.22,608.8,576.26,505.56,-0.0080922,0.0026956,-0.73574,0.076966,0.00012207
100,142,1,-1.0403,473.22,475.74,0,442.83,506.04,503.61,445.45,-0.016251,0.0039187,-1.1329,0.089625,6.1035e-05
101,143,1,-1.0233,501.83,501.38,0,460.18,509.14,546.17,493.11,-0.025901,0.0025045,-0.89317,0.32589,6.1035e-05
102,144,2,-1.0266,499.79,507.82,0,480.48,543.19,524.62,462.35,-0.037742,0.0017921,-0.74448,0.15889,6.1035e-05
103,145,1,-1.0937,450.52,443.39,0,426.99,472.61,474.06,414.18,-0.021841,0.0036913,-1.0216,0.11662,6.1035e-05
104,146,0,-0.98104,439.65,467.04,0.046875,418.92,544.39,451.29,423.65,-0.041743,0.028991,-1.563,0.15136,6.1035e-05
105,147,2,-1.0711,536.82,523.8,0,504.21,570.79,563.85,484.87,-0.028527,0.0022045,-0.91852,0.19913,0.00012207
106,148,1,-1.0473,615.11,648.23,0,603.31,721.91,630.28,553.49,-0.03149,0.0043928,-0.85027,0.09703,0.00018311
107,149,3,-1.0266,586.4,585.72,0,574.21,634.99,604.22,513.71,-0.012451,0.0022323,-0.59105,0.066993,0.00012207
108,150,1,-1.0557,336.61,320.51,0,326.9,351.48,343.69,297.91,-0.0094503,0.0046005,-1.1838,0.063028,3.0518e-05
109,151,2,-1.0511,591.4,582.15,0,548.36,679.39,617.22,523.8,-0.0092886,0.0025142,-0.98702,0.032647,0.00018311
110,152,1,-0.97714,437.25,441.17,0,428.69,483.72,448.26,386.47,-0.039583,0.0025273,-0.9707,0.26105,3.0518e-05
111,153,3,-1.2297,608.4,596.49,0,559.45,632.79,657.35,560.19,-0.018409,0.0053397,-0.34771,0.078528,0.00012207
112,154,3,-1.2115,594.89,593.32,0,546.44,636.55,637.64,555.18,-0.010763,0.0025812,-0.48177,0.049072,0.00012207
113,155,1,-1.0382,501.15,539.19,0,473.08,583.17,539.61,478.92,-0.018846,0.0045984,-0.62837,0.040432,6.1035e-05
114,156,0,-1.7379,450.72,467.16,0.75,443.67,515.13,457.35,422.11,-0.029646,0.27555,-0.98891,0.057394,6.1035e-05
115,157,3,-1.1508,649.08,602.39,0,578.64,637.69,694.23,579.76,-0.018415,0.020997,-0.72929,0.18101,0.00018311
116,158,0,-0.97831,377.77,390.34,0,361.55,429.92,393,353.16,-0.01775,0.031065,-1.3733,0.061566,3.0518e-05
117,159,0,-0.95777,375.14,391.27,0,363.03,431.23,388.04,348.73,-0.032231,0.0033975,-1.3333,0.23704,6.1035e-05
118,160,2,-1.1137,632.72,635.54,0,606.04,721.34,654.82,564.45,-0.016208,0.0022555,-0.80132,0.053004,0.00012207
119,161,1,-1.1123,485.89,499.44,0,474.51,571.68,495.33,439.59,-0.038859,0.0027125,-1.0352,0.065301,6.1035e-05
120,162,2,-1.067,553.53,573.07,0,521.24,651.86,582.02,503.55,-0.028677,0.0022312,-1.0296,0.13004,0.00012207
121,163,3,-1.0094,579.37,571.94,0,555.4,621.63,606.54,515.63,-0.024254,0.0015583,-0.74198,0.092213,0.00012207
122,164,0,-1.0096,432.55,439.31,0.125,415.34,473.07,447.74,409.53,-0.022106,0.066362,-1.5546,0.030455,6.1035e-05
123,165,2,-1.0021,445.93,435.07,0,426.26,471.82,465.6,398.32,-0.031849,0.0019584,-0.89832,0.10502,6.1035e-05
124,166,1,-1.0097,370.17,342.18,0,362.12,377.49,375.68,318.02,-0.04152,0.0016807,-1.5667,0.081068,6.1035e-05
125,167,3,-1.1063,490.23,484.59,0,456.67,513.77,525.96,453.53,-0.019097,0.0016675,-0.97918,0.048994,0.00012207
126,168,0,-1.7174,465.33,497.86,0.84375,460.46,550.1,471.21,434.82,-0.075467,0.19562,-1.4364,0.11038,3.0518e-05
127,169,2,-1.0192,599.07,590.2,0,552.42,650.85,642.89,533.22,-0.015097,0.027534,-1.0659,0.070529,0.00012207
128,170,2,-1.0004,459.46,477.28,0,448.33,552.74,471.3,396.94,-0.00804,0.007207,-1.1925,0.065326,6.1035e-05
129,171,3,-1.0375,538.08,563.49,0,508.87,598.46,590.14,501.15,-0.0069964,0.0017293,-0.68414,0.049319,0.00012207
130,172,1,-0.9535,531.51,534.2,0,493.7,602.97,557.38,487.15,-0.024052,0.0012859,-1.3081,0.10831,0.00012207
131,173,3,-1.1407,599.84,588.65,0,560.14,641.23,642.09,532.68,-0.027307,0.0024166,-0.70825,0.16038,0.00012207
132,174,3,-1.0526,607.47,608.13,0,550.74,652.86,664.21,563.4,-0.010783,0.0021176,-0.76617,0.080017,0.00018311
133,175,1,-1.0181,417.24,437.48,0,400.38,471.57,441.87,387.65,-0.02696,0.0035624,-1.2132,0.055985,6.1035e-05
134,176,0,-0.88422,384.47,382.82,0,371.94,407.82,398.66,354.49,-0.023221,0.0021102,-1.8165,0.097744,6.1035e-05
135,177,0,-0.98249,336.53,347.04,0,330.25,382.14,343.22,309.67,-0.026324,0.0038426,-1.6335,0.18739,6.1035e-05
136,178,0,-1.3558,465.62,477.06,0.40625,455.57,545.06,473.43,424.16,-0.030487,0.15756,-1.3384,0.064454,6.1035e-05
137,179,0,-0.94611,408.47,423.75,0,379.31,460.55,435.85,389.17,-0.022089,0.016394,-1.3017,0.063229,3.0518e-05
138,180,3,-1.1455,599.3,582.68,0,537.71,636.61,647.2,540.74,-0.0070572,0.0022515,-0.85297,0.098343,0.00012207
139,181,1,-1.0586,572.18,586.44,0,528.7,650.77,610.55,529.68,-0.0076188,0.0030305,-1.2712,0.069902,0.00012207
140,182,1,-0.90622,502.57,501.21,0,440.12,547.39,542.6,471.61,-0.020029,0.003245,-1.563,0.046306,6.1035e-05
141,183,0,-1.0342,453.02,441.25,0.015625,435.45,463.98,470.58,418.52,-0.035294,0.011372,-1.6714,0.33349,6.1035e-05
142,184,1,-0.91596,411.83,405.41,0,379.38,449.37,437.07,371.22,-0.02109,0.0041838,-1.5273,0.16153,6.1035e-05
143,185,2,-1.0082,499.12,484.2,0,470.09,535.91,524.73,438.58,-0.020438,0.0017146,-1.305,0.07101,6.1035e-05
144,186,1,-1.0409,506.77,496.69,0,479.57,555.98,525.37,456.13,-0.013274,0.0021005,-1.523,0.15304,6.1035e-05
145,187,1,-0.98096,384.55,385.07,0,371.93,423.89,399.78,338.23,-0.038671,0.0030614,-1.593,0.13927,6.1035e-05
146,188,2,-1.0021,535.82,564.13,0,520.6,637.45,555.38,469.86,-0.023831,0.0016987,-1.0948,0.095729,6.1035e-05
147,189,0,-1.1968,421.79,450.21,0.21875,404.19,501.46,440.53,395.64,-0.029162,0.13643,-1.686,0.27579,6.1035e-05
148,190,2,-1.0601,492.47,470.38,0,453.33,505.73,522.92,442.89,-0.024469,0.0039019,-1.1609,0.17984,9.1553e-05
149,191,0,-1.0186,453.42,480.15,0,433.82,535.06,470.71,431.69,-0.010385,0.0048112,-1.6165,0.049127,6.1035e-05
150,192,0,-1.0277,383.09,386.92,0,369.38,409.96,399.64,359.12,-0.016778,0.0036093,-1.4682,0.070101,6.1035e-05
151,193,2,-1.1275,557.89,527.75,0,501.61,568.23,591.67,503.47,-0.013149,0.0029216,-1.2915,0.10192,9.1553e-05
152,194,3,-1.1626,600.1,584.39,0,540.3,616.61,652.86,555.96,-0.019,0.0025457,-0.95912,0.091843,0.00012207
153,195,2,-1.1005,577.85,572.98,0,540.2,621.32,620.53,518.18,-0.035023,0.0020462,-0.98684,0.068107,0.00012207
154,196,0,-0.97899,439.06,451.41,0.046875,423.96,495.98,454.16,406.85,-0.031605,0.029993,-1.6767,0.10257,6.1035e-05
155,197,0,-1.6012,466.62,471.87,0.59375,462.26,525.76,470.72,421.24,-0.033385,0.29976,-1.5835,0.073204,6.1035e-05
156,198,1,-1.1585,546.6,597.99,0,543.29,687.56,550.58,489.89,-0.016991,0.017947,-1.1524,0.087762,0.00012207
157,199,0,-0.95393,456.68,451.76,0.015625,440.02,504.51,468.07,415.66,-0.025219,0.021746,-2.1262,0.079072,6.1035e-05
158,200,0,-1.0739,450.73,463.47,0.09375,437.86,518.34,461.39,418.01,-0.019082,0.052104,-1.8029,0.052105,6.1035e-05
159,201,3,-1.0839,596.62,585.83,0,568.42,641.38,628.59,522.86,9.1504e-05,0.0037037,-0.99967,0.05528,0.00012207
160,202,0,-0.97525,413.74,435.45,0,398,476.28,431.58,389.19,-0.026111,0.003594,-1.3493,0.027475,6.1035e-05
161,203,3,-1.1072,624.72,626.61,0,592.52,688.22,663.57,552.25,-0.012175,0.0026677,-0.8386,0.054726,0.00012207
162,204,3,-1.0892,588.79,578.85,0,556.4,627.18,630.44,516.73,-0.021293,0.0032652,-0.9724,0.069271,0.00018311
163,205,1,-1.0545,523.06,552.97,0,502.84,615.86,547.47,477.06,-0.04441,0.0032334,-1.1908,0.68557,6.1035e-05
164,206,1,-1.1911,554.28,597.2,0,540.4,679.16,570.01,504.32,-0.029529,0.0051435,-0.89909,0.11606,6.1035e-05
165,207,2,-1.1163,550.66,543.27,0,529.81,591.61,572.86,491.82,-0.028068,0.0030311,-1.1003,0.059632,0.00012207
166,208,1,-1.0649,568.84,561.43,0,550.97,619.33,587.86,499.8,-0.02512,0.0021584,-0.90278,0.047953,6.1035e-05
167,209,0,-1.0253,439.37,439.07,0.015625,419.37,465.74,459.37,412.39,-0.025735,0.0094501,-1.5472,0.045422,6.1035e-05
168,210,3,-1.1315,645.97,606.64,0,613.15,666.39,678.8,546.89,-0.025719,0.0025042,-0.96649,0.091907,0.00012207
169,211,0,-1.2765,445.45,511.29,0.40625,437.9,550.34,458.89,441.68,-0.036529,0.13264,-1.164,0.09646,6.1035e-05
170,212,1,-0.9927,438.85,447.35,0,429.24,490.94,450.44,394.74,-0.015119,0.01021,-1.3033,0.041485,6.1035e-05
171,213,1,-0.99696,446.59,445.57,0,422.23,506.15,464.36,401.36,-0.045281,0.002359,-1.4924,0.18295,6.1035e-05
172,214,1,-1.0764,574.19,628.85,0,557.01,717.51,594.93,521.84,-0.031986,0.0027691,-1.0124,0.14546,6.1035e-05
173,215,1,-1.03,493.01,519.17,0,461.52,574.54,526.54,460.23,-0.029576,0.0029346,-1.1533,0.076667,6.1035e-05
174,216,0,-1.0443,411.99,419.92,0,397.3,469.61,423.41,381.27,-0.055871,0.001431,-1.5995,0.04764,6.1035e-05
175,217,3,-1.0311,586.23,584.77,0,565.38,651.55,611.38,504.17,-0.016744,0.0021892,-0.7748,0.052801,0.00012207
176,218,2,-0.98744,495.09,490.66,0,476.62,562.93,511.4,426.89,-0.018852,0.0013344,-1.1951,0.026755,0.00012207
177,219,2,-1.0603,482.93,491.79,0,468.46,569.82,496.52,418.49,-0.03947,0.0022252,-1.3078,0.12088,6.1035e-05
178,220,3,-1.0509,588.49,560.55,0,558.74,630.48,611.63,506.17,0.0044324,0.0017014,-0.94601,0.065885,0.00012207
179,221,0,-0.93441,427.45,478.3,0,412.49,534.58,446.68,405.94,-0.023498,0.0011036,-1.2304,0.061661,6.1035e-05
180,222,1,-0.98656,454.73,465.61,0,434.46,542.71,470.5,405.64,-0.019549,0.0029568,-1.389,0.07496,6.1035e-05
181,223,1,-0.94194,417.99,446.82,0,406.05,506.57,433.33,370,-0.030511,0.0011866,-1.304,0.070277,6.1035e-05
182,224,1,-0.97001,556.17,610.07,0,535.1,709.3,577.24,510.84,-0.01071,0.0015425,-1.2513,0.044633,0.00012207
183,225,0,-0.94524,406.69,427.07,0,388.19,480.73,423.01,379.72,-0.010404,0.0026472,-1.5069,0.023781,3.0518e-05
184,226,3,-1.0974,549.73,573.05,0,524.14,628.8,587.13,491.56,-0.014775,0.0014232,-0.89673,0.076707,0.00012207
185,227,0,-0.99703,380.97,400.93,0,365.72,461.43,391.41,359.54,-0.031788,0.0018547,-1.7635,0.081623,6.1035e-05
186,228,0,-1.0835,427.12,478.89,0.046875,411.72,531.69,448.24,406.55,-0.024878,0.025697,-1.3608,0.15446,6.1035e-05
187,229,2,-1.0932,539.26,558.01,0,525.37,661.84,551.51,466.39,-0.032536,0.0027249,-1.4071,0.14792,0.00012207
188,230,0,-1.0321,426.14,465.68,0.015625,408.84,525.26,444.55,402.25,-0.029194,0.011676,-1.5402,1.2615,6.1035e-05
189,231,3,-1.1447,575.06,593.28,0,562.64,703.01,584.71,507.93,-0.018709,0.0024254,-1.2049,0.08731,0.00012207
190,232,1,-1.0624,408.65,435.2,0,399.09,517.95,417.09,362.19,-0.031596,0.0024867,-1.4264,0.08271,6.1035e-05
191,233,0,-1.0605,435.53,474.4,0.21875,435.76,571.65,435.35,398.76,-0.028514,0.12966,-1.7375,0.12905,6.1035e-05
192,234,1,-0.95845,441.12,453.32,0,418.1,525.13,461.43,389.95,-0.020677,0.0082482,-1.3237,0.097702,6.1035e-05
193,235,1,-1.0133,410.01,442.04,0,393.94,497.49,428.21,379.21,-0.011089,0.0025958,-1.6248,0.063907,3.0518e-05
194,236,0,-1.0037,333.56,369.87,0,314.72,407.71,356.29,324.21,-0.030683,0.0015427,-1.3453,0.073059,3.0518e-05
195,237,1,-1.0525,393.26,407.27,0,379.23,465.04,406.45,353,-0.041092,0.0032035,-1.6604,0.23712,6.1035e-05
196,238,2,-1.065,558.16,565.28,0,520.7,656.38,585.5,498.8,-0.012923,0.0021919,-1.2723,0.060633,9.1553e-05
197,239,3,-1.0089,545.61,571.35,0,529.04,651.19,564.4,480.86,-0.0078041,0.0016547,-1.1999,0.066263,0.00012207
198,240,3,-0.98607,580.54,609.61,0,558.73,710.68,602.35,508.53,0.00016396,0.0013615,-1.3337,0.081599,0.00012207
199,241,1,-1.0386,381.39,382.34,0,373.92,428.49,389.35,333.2,-0.045698,0.0020884,-1.6585,0.5447,6.1035e-05
200,242,2,-1.0024,590.02,653.98,0,563.73,733.75,628.43,537.39,-0.019167,0.0016143,-1.136,0.08024,0.00012207
201,243,2,-1.0392,553.99,574.63,0,536.57,705.83,566.7,478.9,-0.02484,0.0018638,-1.4781,0.053346,0.00012207
202,244,3,-1.1004,547.15,587.25,0,532.46,691.34,561.83,483.16,-0.010673,0.0016219,-1.1848,0.12894,0.00012207
203,245,0,-1.1251,440.86,477.58,0.09375,427.21,564.54,451.49,409.96,-0.044779,0.058122,-1.6483,0.076755,6.1035e-05
204,246,0,-1.5295,452.5,487.01,0.60938,434.7,578.24,464.67,424.58,-0.048573,0.16166,-1.7098,0.20478,9.1553e-05
205,247,0,-0.98852,420.91,426.3,0,399.17,479.19,434.84,392.4,-0.0079327,0.048402,-1.9185,0.044731,6.1035e-05
206,248,1,-1.0055,413.61,449.58,0,401.11,527.37,426.1,371.78,-0.02963,0.0021344,-1.5927,0.11351,6.1035e-05
207,249,1,-0.97394,444.84,497.41,0,424.1,579.26,468.35,404.64,-0.025161,0.0030658,-1.0454,0.092976,9.1553e-05
208,250,3,-1.0808,567.38,586.81,0,538.99,680.9,592.42,503.79,-0.020712,0.002252,-1.2003,0.12219,0.00012207
209,251,1,-1.0796,509.37,551.09,0,499.14,654.93,519.6,447.24,-0.043597,0.0036448,-1.6344,0.13418,0.00012207
210,252,0,-1.0044,451.46,469.37,0.015625,430.6,531.34,469.87,414.69,-0.0089623,0.014005,-1.9821,0.076389,6.1035e-05
211,253,0,-0.99352,382.79,389.68,0,373.28,436.14,391.73,346.04,-0.032696,0.0026407,-1.9141,0.14306,6.1035e-05
212,254,2,-1.0173,522.42,527.18,0,493.11,585.45,555.63,461.15,-0.033147,0.001772,-1.5194,0.17014,6.1035e-05
213,255,0,-0.97953,381.23,399.44,0,364.49,438.39,399.04,357.97,-0.026778,0.001552,-1.8564,0.096325,6.1035e-05
214,256,2,-1.0016,517.06,524.77,0,475.57,588.04,556.03,465.33,-0.020289,0.0015099,-1.5111,0.10753,0.00012207
215,257,2,-1.1329,507.65,541.5,0,472.59,619.66,542.71,463.34,-0.0069351,0.0024692,-1.568,0.067807,9.1553e-05
216,258,1,-1.003,492.03,517.64,0,447.29,584.02,534.06,455.27,-0.014377,0.0016114,-1.7347,0.068563,6.1035e-05
217,259,1,-1.0268,484.39,516.6,0,471.66,579.25,500.75,436.05,-0.027326,0.0016217,-1.5429,0.13473,6.1035e-05
218,260,0,-1.0038,341.81,349.49,0,333.22,388.53,349.87,312.81,-0.040477,0.0014683,-1.8841,0.18441,3.0518e-05
219,261,3,-1.0483,483.18,502.78,0,446.35,587.09,513.69,432.92,-0.009588,0.0015607,-1.3988,0.1022,0.00012207
220,262,1,-0.94092,549.61,590.72,0,504.92,653.98,600.27,519.03,-0.018699,0.0014892,-1.4341,0.045649,9.1553e-05
221,263,3,-1.1126,571.85,565.33,0,541.54,629.27,604.11,497.27,-0.0025404,0.0017804,-1.3226,0.10996,0.00012207
222,264,2,-1.0784,509.35,547.45,0,490.08,605.82,539.41,456.41,-0.02642,0.001823,-1.3783,0.11735,6.1035e-05
223,265,1,-0.96958,375.59,403.55,0,363.44,452.89,390.25,344,-0.0049034,0.0014602,-1.7071,0.015592,6.1035e-05
224,266,0,-0.95205,452.26,462.92,0.046875,436.44,505.65,469.11,417.44,-0.023821,0.028951,-1.9648,0.20617,3.0518e-05
225,267,1,-0.98852,519.38,544.37,0,492.23,630.18,543.33,468.65,-0.020247,0.0020489,-1.9487,0.18932,6.1035e-05
226,268,0,-1.0477,432.7,462.2,0,412.04,529.58,450.93,402.75,-0.040633,0.0019466,-1.861,0.12797,6.1035e-05
227,269,3,-1.0796,570.08,572.62,0,547.25,644.43,594.4,496.17,-0.012912,0.0019358,-1.4217,0.073333,0.00012207
228,270,0,-0.96223,412.8,427.65,0,387.07,471.26,435.51,389.17,-0.014983,0.001463,-2.0755,0.020648,6.1035e-05
229,271,0,-0.98162,367.98,392.27,0,356.64,426.2,384.55,342.68,-0.02916,0.0027248,-1.9953,0.25601,6.1035e-05
230,272,2,-1.038,600.16,595.86,0,560.47,666.31,633.04,537.49,-0.006451,0.0021851,-1.8356,0.065564,0.00012207
231,273,3,-0.97139,543.82,517.32,0,505.59,571.89,571.72,477.5,-0.028,0.00097879,-1.8649,0.18609,6.1035e-05
232,274,0,-1.2332,447.59,474.06,0.23438,438.93,561.1,454.33,406.36,-0.032934,0.11858,-2.0474,0.11444,6.1035e-05
233,275,0,-0.98104,358.46,367.83,0,341.58,417.56,371.59,329.15,-0.021214,0.01017,-2.0767,0.02865,3.0518e-05
234,276,2,-1.0153,503.29,529.03,0,481.5,599.56,527.98,449.1,-0.019258,0.0020954,-1.3652,0.081838,0.00012207
235,277,2,-1.117,504.44,522.16,0,475.96,578.83,538.81,453.76,-0.023403,0.0018735,-1.3536,0.11191,0.00012207
236,278,3,-1.0467,612.43,590.35,0,558.5,690.54,644.78,530.23,-0.019049,0.001799,-1.394,0.078175,0.00012207
237,279,0,-1.0072,378.25,383.57,0,367.75,418.42,390.15,344.07,-0.021882,0.0037754,-1.9461,0.087273,6.1035e-05
238,280,2,-1.0546,541.85,524.05,0,483.72,571.45,584.28,489.47,-0.022282,0.0020633,-1.5223,0.10316,0.00012207
239,281,0,-0.87885,428.14,438.73,0,407.26,493,444.38,396.52,-0.020431,0.0045661,-2.0284,0.02988,6.1035e-05
240,282,0,-0.96289,425.33,458.69,0,403.2,538.53,442.54,396.59,-0.013338,0.0021037,-1.8516,0.046644,6.1035e-05
241,283,3,-1.0078,600.6,628.24,0,551.64,668.5,682.21,561.13,-0.017171,0.0017536,-1.0199,0.065609,0.00012207
242,284,3,-1.2038,563.46,566.95,0,494.83,597.81,641.25,531.97,-0.0201,0.0029861,-1.1622,0.080737,0.00018311
243,285,3,-1.0876,568.65,592.28,0,503.92,640.41,642.01,537.73,-0.018635,0.0018275,-1.1968,0.084117,0.00012207
244,286,2,-1.1125,588.36,605.47,0,495.52,658.05,660.56,564.58,-0.037217,0.0028166,-1.299,0.079725,0.00012207
245,287,0,-0.97542,417.47,448.66,0,398.74,504.87,436.21,392.45,-0.03762,0.0035888,-1.7152,0.11122,6.1035e-05
246,288,2,-0.92713,529.6,568.03,0,494.89,639.62,566.55,491.82,-0.03226,0.0017541,-1.366,0.10604,0.00012207
247,289,0,-0.96261,431.18,469.05,0,414.42,525.13,449.02,409.36,-0.042758,0.0013607,-1.8799,0.38113,6.1035e-05
248,290,3,-0.93388,505.31,515.11,0,470.88,579.2,535.69,458.56,-0.019575,0.0015241,-1.4513,0.052358,0.00012207
249,291,2,-0.87746,527.88,573.05,0,482.85,618.62,593.7,506.44,-0.020493,0.00084564,-1.3618,0.086672,0.00012207
250,292,0,-0.96645,364.9,395.6,0,353.44,445.89,376.36,345.3,-0.038374,0.0023281,-1.7358,0.084946,6.1035e-05
251,293,2,-1.027,477.75,477.31,0,436.6,517.9,521.55,434.1,-0.036115,0.0018135,-1.5994,0.14705,6.1035e-05
252,294,2,-0.97589,511.87,536.86,0,483.46,615.12,538.55,463.35,-0.023279,0.0011337,-1.2974,0.082475,6.1035e-05
253,295,1,-1.0538,454.78,483.93,0,429.43,550.85,477.16,424.89,-0.041971,0.0026504,-1.6112,0.25037,6.1035e-05
254,296,1,-1.0127,476.84,505.48,0,450.21,585.71,500.33,434.68,-0.023108,0.0015349,-1.5047,0.093605,6.1035e-05
255,297,3,-1.082,608.75,632.62,0,559.33,712.91,661.36,547.15,-0.01951,0.0018792,-1.3076,0.16029,0.00018311
256,298,2,-1.0198,583.35,588.97,0,533.8,659.94,624.42,530.16,-0.018102,0.0014603,-1.5625,0.1379,6.1035e-05
257,299,3,-1.1184,540.76,540.42,0,506.3,609.73,573.14,475.32,-0.013087,0.0016898,-1.3732,0.088064,0.00012207
258,300,1,-0.96966,526.2,581.79,0,487.95,680.43,562.13,489.12,-0.021631,0.0023657,-1.6987,0.12692,0.00012207
259,301,0,-1.0286,390.71,421.84,0,378.3,456.32,410.08,368.06,-0.055462,0.0042718,-1.7955,0.28078,6.1035e-05
260,302,3,-1.1268,569.84,558.97,0,519.25,636.47,604.46,505.95,-0.016954,0.0027998,-1.2142,0.074602,0.00012207
261,303,0,-1.0048,375.59,400.12,0,352.26,437.62,400.42,360.2,-0.019775,0.0027936,-1.8159,0.089106,6.1035e-05
262,304,1,-1.0405,484.7,522.27,0,471.37,618.98,496.45,436.93,-0.032464,0.0036018,-1.417,0.13979,6.1035e-05
263,305,0,-0.94884,391.7,438.67,0,375.52,481.79,413.87,379.58,-0.030336,0.0014028,-1.7132,0.05753,6.1035e-05
264,306,0,-0.97745,402.63,456.43,0,376.33,531.69,424.41,394.07,-0.04009,0.0038654,-1.8909,0.17271,6.1035e-05
265,307,1,-0.99808,522.75,532.5,0,499.39,604.55,546.11,460.44,-0.029451,0.0016332,-1.7342,0.21415,6.1035e-05
266,308,3,-1.1408,548.24,528.72,0,504.28,558.44,604.76,490.52,-0.021939,0.0032362,-0.92751,0.098233,9.1553e-05
267,309,3,-1.078,597.16,577.15,0,553.51,640.86,633.32,524.37,-0.0080622,0.0011462,-1.5242,0.104,0.00012207
268,310,1,-1.0739,517.12,545.45,0,479.35,586.04,565.68,493.26,-0.020532,0.0017815,-1.4452,0.052038,0.00012207
269,311,0,-1.1071,441.67,511.86,0.14062,421.22,570.28,467.96,436.75,-0.021192,0.073429,-1.4589,0.030338,3.0518e-05
270,312,3,-0.91893,509.04,481.52,0,470.38,527.44,545.36,438.38,-0.01119,0.0044574,-1.5615,0.054131,0.00012207
271,313,0,-1.2331,438.48,480.69,0.23438,419,547.61,457.95,413.77,-0.032195,0.10302,-1.6272,0.069773,6.1035e-05
272,314,3,-1.059,564.49,575.54,0,541.44,646.15,592.3,490.31,-0.013476,0.0042272,-1.2148,0.075719,0.00012207
273,315,1,-0.95908,590.33,633.83,0,555.72,702.45,634.83,545.61,-0.023682,0.0027685,-1.3623,0.053969,0.00012207
274,316,2,-1.1287,562.73,609.75,0,548.15,709.26,579.25,496.96,-0.031069,0.0026595,-1.1343,0.075998,6.1035e-05
275,317,3,-0.99167,560.44,594.55,0,542.88,681.42,584.52,475.51,-0.022215,0.0014606,-0.98249,0.060065,6.1035e-05
276,318,3,-1.0197,569.53,636.49,0,567.96,734.39,571.83,493.39,-0.022749,0.0012821,-1.0096,0.055991,0.00012207
277,319,2,-1.0025,550.06,595.73,0,539.41,702.75,561.39,481.8,-0.033136,0.001496,-1.272,0.05125,0.00012207
278,320,1,-1.0131,409.18,417.07,0,379.85,453.78,440.4,377.99,-0.015983,0.0029167,-1.957,0.095665,6.1035e-05
279,321,1,-0.92961,383.34,386.47,0,369.32,434.02,396.51,341.8,-0.031025,0.0013436,-1.9587,0.23495,6.1035e-05
280,322,1,-0.99656,401.46,394.6,0,371.63,451.16,421.87,355.9,-0.029213,0.0024995,-2.0727,0.17553,3.0518e-05
281,323,1,-0.96894,568.9,599.93,0,530.45,687.17,602.83,522.94,-0.019493,0.001452,-1.6842,0.1634,0.00012207
282,324,3,-1.041,461.78,469.04,0,433.9,509.22,499.99,413.98,-0.00623,0.0015107,-1.2621,0.064312,0.00012207
283,325,2,-0.90117,472.1,460.58,0,448.04,526.18,489.66,412.71,-0.024223,0.0013406,-1.8367,0.079736,0.00012207
284,326,0,-0.95355,414.57,423.8,0,397.98,468.05,430.15,382.24,-0.012206,0.0010172,-1.7876,0.092227,3.0518e-05
285,327,2,-0.94883,542.36,579.92,0,497.6,660.05,587.12,499.79,-0.028821,0.0013653,-1.5355,0.11653,6.1035e-05
286,328,2,-0.981,525.1,513.67,0,480.3,577.37,557.78,467.19,-0.02129,0.0010242,-1.7917,0.093035,6.1035e-05
287,329,0,-0.9733,390.27,433.45,0,365.48,478.55,420.18,379.02,-0.016712,0.0016497,-1.7601,0.0688,6.1035e-05
288,330,0,-0.99257,387.96,406.37,0,374.46,445.28,403.27,362.28,-0.014294,0.00085857,-1.9705,0.044031,6.1035e-05
289,331,0,-0.98636,354.91,384.14,0,339.96,410.29,379.82,340.55,-0.052527,0.0012059,-1.7938,0.53419,3.0518e-05
290,332,1,-0.8997,396.39,419.18,0,378.68,447.49,425.91,371.99,-0.022232,0.0020313,-1.7946,0.078794,6.1035e-05
291,333,1,-1.0212,418.77,443.01,0,410.35,486.88,430.3,382.88,-0.025896,0.0016694,-1.7887,0.08676,6.1035e-05
292,334,2,-1.0063,506.7,536.94,0,474.6,589.33,545.45,473.7,-0.0079318,0.0017655,-1.5092,0.078949,9.1553e-05
293,335,0,-0.99408,377.51,396.52,0,363.85,457.76,387.48,351.83,-0.033065,0.0013452,-2.1907,0.055649,6.1035e-05
294,336,1,-0.90441,446.4,429.14,0,423.82,494.75,459.95,389.77,-0.011333,0.0015251,-2.1778,0.20175,6.1035e-05
295,337,0,-1.0264,431.47,451.01,0,404.1,502.85,454.15,408.06,-0.039364,0.0052534,-1.762,0.064915,6.1035e-05
296,338,3,-1.057,506.32,491.89,0,482.3,551.93,528.89,435.49,-0.010805,0.0014088,-1.51,0.084214,0.00012207
297,339,1,-0.99565,343.98,335.82,0,333.04,367.04,354.91,304.59,-0.02219,0.000599,-2.0386,0.26489,6.1035e-05
298,340,1,-0.99209,484.45,518.54,0,475.09,597.12,494.41,434.88,-0.031065,0.0028808,-1.644,0.1352,6.1035e-05
299,341,0,-0.9863,361.16,368.2,0,350.79,405.17,370.9,333.48,-0.020838,0.0011106,-2.178,0.032348,3.0518e-05
300,342,0,-0.97922,387.33,400.03,0,372.32,435.05,403.3,362.76,-0.048823,0.0010318,-1.9028,0.23691,6.1035e-05
301,343,0,-0.97319,320.08,333.8,0,308.13,363.05,335.44,296.19,-0.02287,0.001317,-2.0212,0.12216,3.0518e-05
302,344,3,-1.2172,573.97,551.97,0,514.92,605.89,611.83,517.41,-0.0099191,0.0031833,-1.3512,0.047042,0.00012207
303,345,2,-1.0928,559.26,568.62,0,505.2,620.99,613.33,516.26,-0.029392,0.0019594,-1.3166,0.075482,0.00012207
304,346,2,-1.0407,486.6,482.91,0,451.15,537.92,514.17,440.13,-0.033905,0.0014595,-1.7764,0.11857,0.00012207
305,347,0,-0.92762,417.82,422.78,0,401.86,458.59,434.81,384.67,-0.0066997,0.0015775,-2.0042,0.031436,6.1035e-05
306,348,1,-0.98347,487.69,504.34,0,458.49,559.66,518.77,445.46,-0.021526,0.0011557,-1.8369,0.060795,6.1035e-05
307,349,0,-0.94405,415.29,424.65,0,399.49,457.8,432.12,389.36,-0.061523,0.00080525,-1.7629,0.27969,6.1035e-05
308,350,2,-0.98348,424.7,431.12,0,394.58,491.17,445.31,390.04,-0.029562,0.001151,-1.8728,0.066632,6.1035e-05
309,351,0,-0.98364,394.77,412.67,0.03125,381.43,459.56,408.97,362.75,-0.036846,0.016861,-1.8071,0.10396,6.1035e-05
310,352,0,-1.0375,449.27,464.18,0.03125,433.54,507.01,464.99,421.34,-0.023625,0.020014,-1.9519,0.048112,6.1035e-05
311,353,0,-1.5914,427.62,477.65,0.75,429,532.35,425.46,392.32,-0.019703,0.16548,-1.6292,0.056196,6.1035e-05
312,354,3,-1.0215,478.51,487.53,0,450.45,534.89,508.39,437.11,-0.009183,0.013044,-1.6196,0.055495,0.00012207
313,355,3,-1.0217,523.02,508.33,0,502.53,587.21,540,442.98,-0.0087071,0.003029,-1.6361,0.04316,0.00018311
314,356,2,-1.0176,467.52,469.11,0,438,525.89,495.25,415.77,-0.037084,0.0021415,-1.8788,0.099315,9.1553e-05
315,357,0,-1.0322,384.43,393.77,0,370.48,444.04,394.6,357.08,-0.025454,0.00093053,-2.2267,0.098189,3.0518e-05
316,358,3,-0.97519,523.96,517.27,0,497.6,586.37,545.8,460.01,-0.025707,0.0012144,-1.5911,0.085069,9.1553e-05
317,359,2,-0.91772,452.16,442.47,0,439.31,508.31,462.16,391.26,-0.021005,0.0014446,-1.8794,0.03771,6.1035e-05
318,360,2,-1.0119,548.71,533.45,0,527.17,597.49,568.95,473.3,-0.022942,0.0011343,-1.9993,0.14354,0.00012207
319,361,1,-0.87937,499.22,514.64,0,477.2,555.59,527.54,462,-0.028387,0.0012617,-1.8762,0.15122,6.1035e-05
320,362,1,-0.96058,313.51,303.29,0,298.51,336.11,327.6,272.46,-0.023546,0.0016077,-2.228,0.067607,3.0518e-05
321,363,2,-0.97493,528,527.77,0,512.73,607.29,542.35,453.06,-0.040899,0.0022371,-1.7655,0.22683,0.00012207
322,364,2,-0.98963,599,608.47,0,579.34,696.25,619.93,515.02,-0.031698,0.0014368,-1.6672,0.082504,0.00012207
323,365,3,-0.99916,525.17,515.45,0,499.81,574.62,546.18,466.43,-0.010813,0.00071296,-1.5628,0.10635,0.00012207
324,366,1,-0.97441,392.59,396.05,0,371.07,433.63,415.5,356.06,-0.021662,0.001405,-1.9695,0.076189,6.1035e-05
325,367,1,-1.0527,416.77,399.71,0,391.22,439.45,437.95,366.78,-0.02568,0.0016517,-1.8739,0.12754,9.1553e-05
326,368,2,-0.96817,553.94,556.61,0,531.57,620.64,577.76,488.45,-0.038487,0.0015727,-1.7046,0.08597,0.00012207
327,369,0,-0.90247,401.17,438.65,0.015625,381.37,475.23,430.12,385.19,-0.04011,0.011723,-1.9391,0.23831,3.0518e-05
328,370,3,-1.1282,547.07,533.66,0,528.41,622.37,560.68,468.93,-0.011914,0.0014695,-1.547,0.079285,0.00018311
329,371,0,-0.93734,454.52,490.28,0.015625,430.66,566.97,470.85,437.81,-0.023408,0.0082402,-2.188,0.10863,6.1035e-05
330,372,0,-0.87592,383.16,402.43,0,365.76,439.26,402.88,360.68,-0.0098994,0.0028029,-2.2299,0.024051,3.0518e-05
331,373,0,-1.0045,415.6,419.36,0,400.39,451.76,433.96,380.25,-0.017622,0.0027333,-2.0057,0.084034,6.1035e-05
332,374,0,-0.98503,396.28,381.37,0,378.08,417.98,407.95,357.89,-0.012351,0.00095089,-2.2769,0.013206,6.1035e-05
333,375,1,-0.95575,372.65,369.29,0,359.34,406.36,385.96,332.23,-0.030924,0.0022649,-1.8909,0.060861,3.0518e-05
334,376,2,-0.95394,571.64,568.15,0,557.39,682.43,582.03,484.76,-0.031704,0.001555,-1.6568,0.093755,0.00012207
335,377,3,-1.0405,570.91,574.29,0,553.77,655.11,588.06,493.47,-0.025208,0.0014135,-1.4186,0.087315,0.00012207
336,378,0,-1.0464,431.38,459.71,0.0625,417.66,526.08,445.1,393.35,-0.029833,0.040011,-2.282,0.095975,6.1035e-05
337,379,3,-1.1128,523.56,537.8,0,504.11,586.92,548.56,474.63,-0.029261,0.0025611,-1.6291,0.077123,0.00012207
338,380,2,-0.96961,459.97,465.91,0,444.36,508.41,481.36,407.66,-0.027044,0.0023274,-1.7708,0.080646,6.1035e-05
339,381,0,-0.97175,427.26,443.04,0,413.03,500.12,439.06,395.75,-0.018524,0.0048557,-2.2951,0.30138,6.1035e-05
340,382,0,-0.90273,382.08,379.41,0,362.54,402.8,401.61,356.02,-0.016588,0.0023228,-2.1252,0.014078,6.1035e-05
341,383,1,-1.0262,420.73,415.76,0,397.1,454.46,445.87,374.57,-0.01631,0.0028415,-2.0702,0.063262,6.1035e-05
342,384,0,-0.97664,409.48,424.09,0,399.04,460.09,422.07,380.64,-0.010415,0.0014904,-2.0825,0.033119,6.1035e-05
343,385,3,-1.0074,531.42,523.09,0,521.67,577.76,545.67,443.19,-0.022036,0.0012131,-1.5532,0.052777,0.00012207
344,386,2,-1.0231,574.3,577.21,0,558.19,654,589.44,505.08,-0.022012,0.0015254,-1.7303,0.095025,0.00012207
345,387,1,-1.0847,509.25,490.87,0,472.25,526.38,541.89,459.53,-0.029354,0.0019978,-2.0883,0.21972,6.1035e-05
346,388,0,-0.93759,379.73,394.79,0,364.03,427.91,398.69,354.81,-0.022138,0.001243,-2.1268,0.047953,3.0518e-05
347,389,2,-0.95527,551.96,597.62,0,544.46,698.56,560.45,483.23,-0.014823,0.0013175,-1.675,0.081645,0.00012207
348,390,3,-1.0599,498.94,495.05,0,479.92,555.09,519.19,431.14,-0.027946,0.002157,-1.7331,0.10929,0.00012207
349,391,1,-1.0418,463.52,461.18,0,442.17,506.22,486.25,413.23,-0.035725,0.00171,-2.0071,0.04727,6.1035e-05
350,392,1,-1.0314,531.59,551.93,0,522.23,611.21,544.42,470.7,-0.017808,0.0027748,-1.9458,0.14503,6.1035e-05
351,393,0,-1.2426,456.19,435.12,0.23438,426.07,484.73,471.97,409.13,-0.060172,0.11994,-2.291,0.14384,6.1035e-05
352,394,2,-1.1149,462.01,464.96,0,430.1,525.46,490.16,411.58,-0.023289,0.0065945,-1.806,0.06242,6.1035e-05
353,395,1,-1.1087,395.88,379.73,0,376.24,416.86,412.15,348.97,-0.0061993,0.0020113,-2.0977,0.13461,6.1035e-05
354,396,3,-1.0441,586.65,612.6,0,576.48,682.27,600.59,517.14,-0.022632,0.0018651,-1.3295,0.064891,0.00018311
355,397,1,-0.92392,425.89,439.87,0,413.38,509.76,436.93,378.2,-0.025705,0.0026042,-2.0713,0.061097,6.1035e-05
356,398,3,-0.95816,488.44,492.7,0,474.37,564.54,501.66,425.23,-0.022937,0.0011495,-1.64,0.075299,9.1553e-05
357,399,2,-0.95191,452.08,473.49,0,450.8,549.06,453.45,393.04,-0.028644,0.0011486,-1.8433,0.071435,9.1553e-05
358,400,3,-1.1023,531.96,570.03,0,518.45,660.48,547.27,467.52,-0.011045,0.0023201,-1.3448,0.099311,0.00012207
359,401,2,-1.0121,475.36,477.38,0,456.41,529.28,496.84,418.55,-0.039114,0.0013057,-1.8338,0.10719,9.1553e-05
360,402,0,-1.3799,453.57,456.79,0.42188,439.92,506.83,464.88,415.32,-0.030034,0.23299,-2.1517,0.066569,6.1035e-05
361,403,0,-1.1127,422.61,431.46,0.078125,397.05,462.7,448.18,400.23,-0.029334,0.054853,-2.0271,0.048036,6.1035e-05
362,404,0,-0.91415,391.16,418.02,0,373.22,461.91,411.5,368.27,-0.016051,0.0089689,-1.8255,0.045394,6.1035e-05
363,405,0,-0.98614,381.09,380.65,0,368.35,409.02,393.84,352.29,-0.029884,0.0013089,-2.2638,0.19748,6.1035e-05
364,406,2,-0.96219,520.45,511.2,0,482.11,570.91,546.68,470.35,-0.038273,0.0023991,-1.8309,0.16557,0.00012207
365,407,0,-1.0036,427.29,443.85,0.09375,404.77,481.44,451.27,403.82,-0.022839,0.064109,-2.1761,0.12962,6.1035e-05
366,408,3,-1.1475,602.43,588.05,0,555.48,650.41,643.86,533.02,-0.010654,0.0023586,-1.6569,0.078313,0.00012207
367,409,2,-0.9387,461.3,453.45,0,444.07,491.81,478.53,415.1,-0.0098744,0.0012584,-1.8826,0.051215,9.1553e-05
368,410,3,-1.0583,541.02,510.19,0,517.96,552.05,561.36,473.25,-0.018715,0.0013078,-1.655,0.087828,0.00012207
369,411,2,-1.0014,460.88,455.99,0,440.76,506.39,476.53,416.78,-0.028959,0.0013879,-2.0076,0.063909,9.1553e-05
370,412,3,-1.0318,548.08,528.96,0,520.66,575.91,577.27,478.98,-0.020523,0.0012029,-1.7685,0.14519,0.00012207
371,413,1,-0.90457,408.77,401.03,0,393.93,429.33,429.1,362.26,-0.033389,0.0012065,-2.0571,0.17287,6.1035e-05
372,414,2,-0.94348,575.77,583.37,0,526.87,628.1,621.7,541.35,-0.035559,0.001418,-1.8343,0.25614,0.00012207
373,415,3,-1.1298,564.98,581.44,0,521.32,624.37,617.68,529.62,-0.0098844,0.001922,-1.4434,0.053555,0.00012207
374,416,1,-0.99414,380.47,378.01,0,362.47,407.24,402.2,342.73,-0.013937,0.002974,-1.8648,0.05161,6.1035e-05
375,417,0,-0.97533,425.04,429.74,0,408.13,469.86,441.96,389.62,-0.045575,0.0010076,-2.0705,0.29426,3.0518e-05
376,418,0,-0.9925,377.11,360.35,0,366.18,384.55,385.08,342.69,-0.004324,0.00068403,-2.4911,0.0098912,6.1035e-05
377,419,2,-1.0043,534.65,509.21,0,493.96,555.34,560.72,479.64,-0.017702,0.0017885,-1.8935,0.054378,9.1553e-05
378,420,2,-1.0191,496.75,489.45,0,465.87,517.87,534.02,455.15,-0.021185,0.0025931,-1.7722,0.10336,6.1035e-05
379,421,0,-1.7107,459.84,471.26,0.85938,458.77,533.15,460.92,409.37,-0.019926,0.2152,-1.8615,0.049967,6.1035e-05
380,422,2,-0.99284,536.05,524.66,0,491.92,567.77,572.62,488.93,-0.0091859,0.012894,-1.647,0.037511,6.1035e-05
381,423,2,-0.97433,506.13,499.99,0,476.83,545.08,537.31,451.99,-0.023341,0.0042137,-1.5624,0.034856,6.1035e-05
382,424,3,-1.0847,508.8,484,0,472.43,526.16,535.34,453.24,-0.029712,0.0015231,-1.7228,0.11684,0.00012207
383,425,1,-1.0013,359.66,346.01,0,348.19,367.25,373.5,320.37,-0.031415,0.0032199,-2.0391,0.085351,6.1035e-05
384,426,2,-1.0698,465.17,475.96,0,430.74,529.76,495.56,428.48,-0.034036,0.0025228,-1.5872,0.086628,9.1553e-05
385,427,3,-1.0512,494.15,486.7,0,459.85,544.09,519.18,444.83,-0.021014,0.0018644,-1.6777,0.053989,0.00012207
386,428,3,-1.059,550.82,540.4,0,517.39,583.1,584.25,497.71,-0.020487,0.0013913,-1.4603,0.045215,0.00012207
387,429,1,-0.96708,526.52,537.92,0,492.58,586.92,560.46,488.92,-0.031099,0.0013581,-1.8317,0.060391,6.1035e-05
388,430,0,-1.0091,425.76,426.9,0.015625,402.52,449.11,453.81,400.09,-0.035017,0.010547,-2.2406,0.30425,6.1035e-05
389,431,0,-1.3086,455.65,453.9,0.3125,450.9,515.56,459.11,408.91,-0.023679,0.19136,-2.2355,0.26614,6.1035e-05
390,432,1,-0.9288,519.33,512.55,0,493.68,562.29,543.42,465.82,-0.0098592,0.0039719,-1.8098,0.057613,0.00012207
391,433,0,-0.99779,364.28,346.12,0,350.25,368.6,375.9,327.48,-0.013294,0.0028305,-2.4465,0.0077046,6.1035e-05
392,434,3,-1.0427,590.54,548.85,0,537.81,581.81,637.06,519.77,-0.018515,0.0021349,-1.6227,0.068148,0.00012207
393,435,1,-1.1212,496.82,483.56,0,482.75,535.63,509.24,437.63,-0.033499,0.0038076,-1.9515,0.19974,6.1035e-05
394,436,2,-1.0217,530.37,531.53,0,502.54,581.81,563.96,470.85,-0.027515,0.0021947,-1.6402,0.081558,0.00012207
395,437,0,-0.9418,392.12,394.56,0,377.55,423.08,407.64,364.2,-0.030028,0.0030757,-2.2574,0.090291,3.0518e-05
396,438,2,-0.95297,583.23,558.57,0,563.27,596.68,608.89,509.57,-0.030882,0.00092043,-1.6963,0.1639,0.00012207
397,439,0,-1.3471,448.67,459.34,0.40625,443.13,497.28,457.31,400.17,-0.032677,0.13714,-1.7815,0.11314,6.1035e-05
398,440,2,-1.0364,471.76,455.64,0,447.44,486.17,497.65,423.15,-0.023868,0.0071286,-1.6614,0.19218,9.1553e-05
399,441,1,-0.9669,522.66,501.03,0,497.67,564.04,536.69,465.68,-0.031166,0.0044973,-1.8163,0.055795,0.00012207
400,442,2,-1.0754,611.36,619.97,0,614.69,707.4,607.08,507.56,-0.018934,0.0017901,-1.3806,0.073675,0.00012207
401,443,2,-1.0822,494.87,494.53,0,496.29,585.02,493.62,414.69,-0.034492,0.0024282,-1.7049,0.094136,6.1035e-05
402,444,1,-1.0462,490.25,483.27,0,477.49,533.55,503.01,432.98,-0.037064,0.00167,-1.8749,0.078173,6.1035e-05
403,445,3,-1.0117,479.96,460.68,0,465.59,530.11,490.45,410.01,-0.027645,0.0016302,-1.7266,0.15278,0.00012207
404,446,2,-1.0596,500.1,484.38,0,470.57,536.22,524.56,441.42,-0.039099,0.0018645,-1.6023,0.066549,9.1553e-05
405,447,0,-0.97585,406.59,428.15,0,396.77,450.52,426.7,382.34,-0.037352,0.0032404,-1.7069,0.11373,3.0518e-05
406,448,1,-1.1033,529.75,501.89,0,489.88,529.13,560.76,480.72,-0.035269,0.0018337,-1.8,0.21912,6.1035e-05
407,449,1,-1.0221,460.66,448.64,0,440.02,493.25,475.73,416.08,-0.040258,0.0015439,-1.9863,0.14472,6.1035e-05
408,450,2,-0.89338,487.12,466.69,0,465.13,496.06,517.27,426.46,-0.01791,0.0014419,-1.8698,0.10554,6.1035e-05
409,451,3,-1.089,546.99,504.09,0,510.84,539.59,573.36,478.19,-0.036863,0.0016166,-1.644,0.20747,0.00012207
410,452,0,-0.98359,406.53,409.41,0,396.28,441.12,416.79,377.7,-0.021791,0.0019265,-1.9485,0.06935,3.0518e-05
411,453,0,-0.98669,384.56,368.11,0,373.9,391.7,394.57,345.95,0.01058,0.0027845,-2.2727,0.024618,6.1035e-05
412,454,0,-0.98529,458.86,476.82,0.015625,435.76,498.04,478,459.23,-0.01312,0.011159,-2.2105,0.097469,3.0518e-05
413,455,1,-1.0047,403.36,370.15,0,391.64,393.03,416.65,344.22,-0.020529,0.0023081,-1.8566,0.066539,6.1035e-05
414,456,1,-1.0214,428.48,407.66,0,411.07,439.85,442.02,382.63,-0.036147,0.00065989,-1.9772,0.085485,6.1035e-05
415,457,3,-1.061,586.67,538.36,0,549.34,569,626.41,505.75,-0.015044,0.0016572,-1.3889,0.098671,0.00012207
416,458,2,-0.9976,540.45,494.45,0,490.54,520.91,574.6,476.34,-0.03129,0.0021526,-1.9094,0.094198,6.1035e-05
417,459,0,-1.1177,438.19,434.35,0.23438,426.54,488.83,446.15,397.08,-0.042176,0.10128,-2.2932,0.23699,6.1035e-05
418,460,0,-1.0398,431.85,423.8,0.046875,419.59,448.79,444.91,397.2,-0.026836,0.032937,-2.1911,0.048611,6.1035e-05
419,461,1,-1.0264,412.07,374.26,0,396.7,395.6,423.28,358.69,-0.024319,0.0055965,-1.9475,0.023019,6.1035e-05
420,462,3,-1.0958,548.93,544.5,0,526.99,575.25,583.15,496.53,-0.02632,0.0019475,-1.3712,0.06105,0.00012207
421,463,2,-0.94444,601.88,561.14,0,568.42,612.33,626.29,523.78,-0.013745,0.0016211,-1.8265,0.03915,0.00012207
422,464,3,-1.061,484.2,449.49,0,463.65,485,500.19,421.86,-0.038401,0.001024,-1.6001,0.080584,9.1553e-05
423,465,0,-0.98994,300.32,293.28,0,291.73,307.3,310.05,277.4,-0.026685,0.0016453,-2.0077,0.078056,6.1035e-05
424,466,0,-0.92108,403.49,378.52,0,390.26,406.48,411.97,360.6,-0.041995,0.002945,-2.4557,0.39672,3.0518e-05
425,467,0,-0.9222,448.05,456.84,0.03125,450.23,502.89,446.13,416.2,-0.027326,0.016001,-2.1478,0.17713,3.0518e-05
426,468,3,-1.1212,542.99,527.89,0,526.57,562.51,565.5,480.44,-0.018931,0.0018063,-1.494,0.21916,0.00012207
427,469,0,-1.0619,398.23,379.07,0,396.51,409.2,399.42,358.45,-0.026506,0.0046748,-1.8104,0.039238,3.0518e-05
428,470,2,-0.97055,477.66,462.46,0,458.5,486.71,502.29,431.29,-0.0039364,0.001281,-1.534,0.025313,9.1553e-05
429,471,2,-1.0131,451.97,430.65,0,445.59,465.08,459.19,391.63,-0.024753,0.0014873,-1.7034,0.052898,6.1035e-05
430,472,2,-0.98253,550.51,520.18,0,529.96,573.57,563.69,485.96,-0.024334,0.0013794,-1.8827,0.068915,0.00012207
431,473,1,-1.0391,366.37,335.99,0,346.2,358.47,380.17,320.62,-0.031815,0.0015814,-2.1001,0.070714,6.1035e-05
432,474,1,-1.0524,379.29,372.79,0,361.84,391.64,399.06,351.41,-0.034758,0.0023672,-1.9302,0.14933,6.1035e-05
433,475,2,-0.94527,513.19,466.06,0,487.56,487.31,537.27,446.1,-0.016652,0.001158,-2.004,0.049536,0.00012207
434,476,2,-1.0394,522.45,486.95,0,497.09,509.4,547.82,464.49,-0.030645,0.00089542,-1.8471,0.27155,0.00012207
435,477,0,-1.2026,460.59,434.7,0.21875,448.41,454.23,470.68,418.51,-0.048972,0.083296,-2.327,0.12125,6.1035e-05
436,478,0,-1.0785,368.53,361.29,0,381.7,399.93,352.64,314.65,0.0013037,0.022315,-1.95,0.038863,6.1035e-05
437,479,1,-0.99014,526.25,523.59,0,514.72,557.02,543.09,474.73,-0.013595,0.0019708,-1.6123,0.065664,6.1035e-05
438,480,3,-1.1136,648.49,587,0,619.43,607.23,685.86,561.01,-0.019187,0.002306,-1.3368,0.057066,0.00018311
439,481,1,-0.99684,506.45,491.77,0,478.49,513.92,540.2,465.04,-0.026075,0.0020346,-1.7068,0.068245,6.1035e-05
440,482,2,-0.99976,543.9,513.04,0,503.49,540.95,573.39,492.67,-0.024854,0.0016726,-1.7637,0.045325,0.00012207
441,483,1,-1.0347,430.18,405.73,0,406.88,420.54,454.98,389.97,-0.036963,0.0023196,-1.9392,0.14286,6.1035e-05
442,484,1,-0.97517,363.23,326.78,0,353.47,346.27,369.9,313.45,-0.051865,0.0019796,-2.1551,0.22501,6.1035e-05
443,485,2,-1.0564,556.21,532.07,0,556.05,576.72,556.42,470.88,-0.019739,0.001769,-1.5682,0.061815,0.00012207
444,486,0,-0.98879,411.66,420.11,0.015625,408.17,445.8,417.12,380.02,-0.029169,0.012259,-2.0798,0.10341,6.1035e-05
445,487,0,-1.0425,324.76,306.56,0,323.85,320.05,325.61,293.88,-0.038208,0.003715,-2.1798,0.096967,3.0518e-05
446,488,3,-1.0283,577.1,533.89,0,539.71,554.6,614.49,513.18,-0.016698,0.001476,-1.7337,0.036633,0.00012207
447,489,0,-1.0098,363.89,338.28,0,360.33,352.1,367.46,324.47,-0.0151,0.0027776,-2.2801,0.034887,3.0518e-05
448,490,3,-1.0251,606.06,531.52,0,574.93,568.89,622.37,511.94,-0.02773,0.001324,-1.7796,0.055632,0.00012207
449,491,1,-0.96465,464.52,435.59,0,448.83,457.07,480.2,414.12,-0.014286,0.00086587,-2.1062,0.082438,6.1035e-05
450,492,2,-1.0734,559.14,505.55,0,535.43,527.83,581.41,484.62,-0.023187,0.0015977,-1.9061,0.058199,0.00012207
451,493,0,-1.0138,449.2,410.88,0,439.93,421.06,455.54,403.92,-0.040608,0.00053725,-2.6158,0.26054,6.1035e-05
452,494,3,-1.1333,504.91,441.26,0,476.78,460.93,521.79,429.45,-0.027838,0.0020381,-1.9818,0.038229,9.1553e-05
453,495,1,-0.97354,568.37,539.63,0,552.53,579.46,584.21,499.79,-0.041076,0.0012086,-1.8871,0.1587,0.00012207
454,496,3,-1.0637,570.93,486.86,0,543.77,523.71,582.4,471.3,-0.020574,0.0011222,-1.9692,0.096574,0.00012207
455,497,3,-1.0564,523.9,469.5,0,496.24,471.92,561.81,466.18,-0.02924,0.0013745,-1.8503,0.065547,0.00012207
456,498,2,-0.97397,533.79,485.41,0,495.31,479.76,583.27,492.69,-0.036301,0.00101,-2.0423,0.15177,6.1035e-05
457,499,2,-0.98742,555.99,516.54,0,535.88,535.14,587.36,487.51,-0.016911,0.00085802,-1.9088,0.089448,0.00012207
458,500,1,-1.0253,336.07,304.3,0,322.73,319.51,345.2,293.89,-0.020821,0.0017129,-2.1191,0.066569,3.0518e-05
459,501,1,-0.86179,349.34,329.93,0,339.56,350.09,359.12,309.76,-0.028421,0.0018901,-2.2107,0.14056,3.0518e-05
460,502,1,-1.1636,581.99,576.69,0,550.59,603.61,619.89,544.21,-0.018888,0.0070583,-1.6305,0.19253,0.00012207
461,503,3,-1.04,622.64,575.6,0,603.41,621.77,641.87,529.44,-0.01895,0.0021581,-1.5304,0.064952,0.00012207
462,504,2,-1.021,490.77,456.48,0,472.92,483.67,509.78,427.54,-0.041299,0.0013528,-1.8387,0.11395,9.1553e-05
463,505,3,-1.1133,620.63,588.79,0,586.62,602.74,670.32,568.42,-0.010402,0.0021048,-1.451,0.11949,0.00012207
464,506,1,-1.1464,599.34,578.6,0,575.98,633.64,621.29,526.9,-0.02688,0.0033531,-1.6401,0.12023,6.1035e-05
465,507,2,-1.0417,457.57,427.17,0,431.05,440.77,484.08,413.58,-0.036538,0.0017132,-1.9743,0.092788,9.1553e-05
466,508,1,-1.0429,449.29,417.07,0,435.19,439.19,465.28,392,-0.037123,0.0027285,-1.9294,0.25152,6.1035e-05
467,509,2,-1.0408,515.14,477.38,0,505.42,517.29,524.86,437.47,-0.033041,0.001604,-1.8894,0.090795,0.00012207
468,510,1,-1.0178,529.31,492.24,0,519.6,523.9,538.44,462.5,-0.024562,0.0011919,-2.1461,0.1669,0.00012207
469,511,3,-1.0163,543.59,505.54,0,518.47,528.26,578.01,474.41,0.00020099,0.0013858,-1.8392,0.09425,0.00012207
470,512,0,-1.146,463.57,440.75,0.15625,460.18,476.71,466.76,406.96,-0.017259,0.079623,-2.3307,0.16614,6.1035e-05
471,513,1,-1.082,499.34,452.71,0,481.55,474.51,512.32,436.81,-0.037145,0.0029261,-2.2969,0.13774,6.1035e-05
472,514,2,-1.1332,529.14,481.02,0,487.91,500.95,559.23,466.47,-0.021075,0.002223,-2.0145,0.12818,6.1035e-05
473,515,2,-1.0574,597.43,551.09,0,546.89,588.72,625.79,529.98,-0.03407,0.0017338,-1.9458,0.074159,0.00012207
474,516,3,-1.2003,596.9,558.03,0,542.4,581.82,631.84,542.77,-0.013969,0.0016993,-1.8228,0.13874,0.00018311
475,517,1,-1.0214,377.28,347.59,0,355.53,354.84,403.54,338.84,-0.049003,0.0019434,-2.0598,0.13184,6.1035e-05
476,518,3,-1.0531,633,581.87,0,592.55,616.97,673.46,546.77,-0.023011,0.0011632,-1.7387,0.093482,0.00012207
477,519,0,-0.96773,412.25,378.7,0,403.34,387.05,420.12,371.32,-0.022172,0.0014973,-2.5938,0.11097,6.1035e-05
478,520,2,-1,460.47,451.17,0,436.46,458.99,506.3,436.24,-0.029812,0.0015047,-1.6761,0.10319,6.1035e-05
479,521,0,-0.98972,368.77,357.07,0,358.52,375.05,379.68,337.92,-0.028737,0.0010141,-2.2611,0.06798,6.1035e-05
480,522,0,-2.2956,473.73,436.74,1.3906,471.58,471.94,475.52,407.58,0.0095511,0.56203,-2.1991,0.0072052,3.0518e-05
481,523,0,-0.97966,325.19,317.89,0,319.79,328.22,333.6,301.78,-0.018157,0.24857,-2.0451,0.048545,6.1035e-05
482,524,1,-1.0486,525.08,529.37,0,499.48,582.51,546.3,485.34,-0.031476,0.0039073,-1.6062,0.15156,6.1035e-05
483,525,3,-1.0188,581.84,562.31,0,550.07,593.66,622.7,522.01,-0.0083483,0.0019286,-1.4279,0.12261,0.00012207
484,526,2,-0.96919,522.99,508.82,0,506.57,572.65,539.42,444.99,-0.027848,0.0013363,-1.5554,0.17095,0.00012207
485,527,1,-1.0393,433.71,428.79,0,422.06,468.77,445.37,388.82,-0.025133,0.0012462,-1.7052,0.36623,6.1035e-05
486,528,0,-1.0184,333.62,310.91,0,326.19,324.69,339.4,300.19,-0.029164,0.0014349,-1.8668,0.26016,6.1035e-05
487,529,2,-1.0488,487.14,484.44,0,484.67,527.11,489.94,436.08,-0.0195,0.0016824,-1.5015,0.1969,0.00012207
488,530,3,-1.0675,560.56,552.81,0,526.76,607.2,586.84,510.5,-0.0078642,0.0012807,-1.3667,0.29123,0.00012207
489,531,2,-1.0871,566.22,591.43,0,542.03,653.87,591.97,524.96,-0.026643,0.0036935,-1.4602,0.093295,0.00012207
490,532,3,-1.0499,562.64,560.85,0,538.04,623.22,585.74,502.27,-0.016645,0.00099743,-1.4134,0.098905,0.00012207
491,533,0,-1.0701,319.77,306.02,0,312.81,333.27,323.94,289.66,-0.027372,0.0024473,-1.8395,0.056878,3.0518e-05
492,534,3,-1.1216,573.88,555.66,0,524.51,617.15,605.53,516.25,-0.027855,0.0022026,-1.3892,0.12587,0.00012207
493,535,1,-1.028,454.29,444.41,0,433.96,505.51,468.2,402.61,-0.025263,0.0011755,-1.6438,0.12908,9.1553e-05
494,536,0,-1.0169,350.55,357.39,0,339.16,385.41,361.26,331.06,-0.03458,0.0012171,-1.8821,0.12351,3.0518e-05
495,537,0,-1.0135,396.96,400.6,0,390.28,430.94,404.52,366.22,-0.012736,0.0011814,-1.9389,0.040946,3.0518e-05
496,538,0,-1.0121,372.84,355.24,0,362.09,371.69,380.19,343.98,-0.022372,0.00063304,-2.0283,0.026018,3.0518e-05
497,539,3,-1.2137,590.59,585.2,0,563.89,686.84,608.86,515.65,-0.031906,0.0044782,-1.2522,0.14659,0.00012207
498,540,3,-1.1163,554.52,520.85,0,539.65,571.85,569.39,469.85,-0.026536,0.0018313,-1.2809,0.091734,0.00012207
499,541,1,-1.0266,520.1,495.63,0,491.37,518.6,545.45,475.36,-0.038221,0.0020763,-1.7959,0.17159,0.00012207
500,542,1,-1.1643,497.83,481.39,0,487.95,539.59,504.59,441.57,-0.02771,0.005634,-1.7085,0.17383,9.1553e-05
501,543,0,-1.6881,442.85,447.55,0.84375,446.44,500.27,438.78,387.8,0.041651,0.18895,-1.7589,0.028362,3.0518e-05
502,544,3,-1.0852,549.97,517.61,0,528.63,548.85,574.16,482.21,-0.0052159,0.036619,-1.1669,0.076554,0.00012207
503,545,0,-1.0872,460.79,431.7,0.10938,453.06,457.13,467.61,409.27,-0.021414,0.093092,-2.1737,0.042885,6.1035e-05
504,546,3,-1.0634,535.02,544.43,0,505.71,602.87,562.54,489.54,-0.016239,0.0054834,-1.1135,0.048635,9.1553e-05
505,547,2,-1.0069,530.73,510.75,0,509.08,532.61,556.87,484.37,-0.015906,0.0016282,-1.3673,0.076775,6.1035e-05
506,548,2,-0.94258,506.17,497.22,0,499.03,536.2,514.79,450.17,-0.01858,0.0021386,-1.3723,0.043879,9.1553e-05
507,549,2,-0.98036,582.38,566.21,0,550.41,617.19,612.41,518.32,-0.0059153,0.0017603,-1.4121,0.086458,0.00018311
508,550,2,-1.0501,579.59,560.32,0,564.68,619.39,596.48,493.37,-0.01102,0.0023329,-1.193,0.071332,0.00012207
509,551,1,-0.99091,463.59,444.79,0,447.46,488.62,476.96,408.47,-0.027762,0.0013791,-1.7443,0.31778,9.1553e-05
510,552,1,-1.0327,381.26,380.49,0,364.44,398.41,405.83,354.28,-0.01617,0.0027481,-1.3238,0.065352,6.1035e-05
511,553,0,-0.97017,412.07,393.29,0,396.78,400.74,434.43,382.4,-0.024997,0.0025684,-1.7463,0.088144,3.0518e-05
512,554,3,-1.0341,575.84,539.77,0,543.39,573.81,612.61,501.2,-0.018635,0.0013924,-1.1572,0.073854,0.00012207
513,555,3,-1.0748,511.07,492.23,0,480.28,527.12,539.99,459.45,-0.0034882,0.0019612,-1.3313,0.11463,9.1553e-05
514,556,2,-0.96323,514.57,495.81,0,502.78,533.58,529.72,447.25,-0.015027,0.0023046,-1.3868,0.078171,9.1553e-05
515,557,1,-1.0835,472.11,457.24,0,481.01,511.55,462.63,399.43,-0.029743,0.0063298,-1.4117,0.11024,9.1553e-05
516,558,1,-0.98204,516.96,513.87,0,507.26,541.46,535.48,461.21,-0.033429,0.0029901,-1.2341,0.079143,0.00012207
517,559,1,-0.97586,477.47,458.91,0,463.15,498.18,488.61,428.37,-0.022628,0.001748,-1.5997,0.12013,6.1035e-05
518,560,3,-1.0921,534.62,494.75,0,506.61,537.17,560.94,454.9,-0.0048057,0.0016962,-1.2019,0.026606,0.00012207
519,561,2,-0.90149,454.46,418.53,0,439.8,446.14,468.22,392.59,-0.0089312,0.0022372,-1.7756,0.04663,9.1553e-05
520,562,1,-0.94341,382.43,384.74,0,369.77,420.86,396.78,343.81,-0.02412,0.00386,-1.4876,0.097894,6.1035e-05
521,563,2,-0.92452,488.67,464.59,0,467.36,497.3,511.37,429.77,-0.0028939,0.0019007,-1.481,0.062519,0.00012207
522,564,1,-0.9889,568.05,557.16,0,540.94,621.52,589.14,507.1,-0.012235,0.002106,-1.4553,0.11271,0.00012207
523,565,2,-1.0177,544.56,526.24,0,515.13,561.92,580.08,483.17,-0.022282,0.0015155,-1.1799,0.080608,0.00012207
524,566,0,-1.0125,434.2,434.03,0.03125,419.85,462.58,447.67,407.22,-0.015496,0.020251,-1.695,0.020627,6.1035e-05
525,567,3,-0.97388,594.9,552.56,0,573.55,595.85,619.08,503.5,-0.018552,0.0011249,-1.1462,0.065195,0.00018311
526,568,0,-1.0218,367.21,378.72,0,368.89,420.83,365.41,333.9,0.026614,0.0036325,-1.6472,0.081532,3.0518e-05
527,569,3,-0.92868,505.15,480.19,0,478.56,519.65,533.47,438.18,-0.014251,0.0015352,-1.2034,0.12032,6.1035e-05
528,570,2,-1.0434,480.37,465.39,0,457.05,497.66,506.8,428.82,-0.0061591,0.0026706,-1.1543,0.034782,6.1035e-05
529,571,3,-1.0324,528.21,502.11,0,490.66,546.64,559.32,465.22,-0.021202,0.0013886,-1.2856,0.059428,6.1035e-05
530,572,2,-1.05,482.07,466.83,0,460.84,507.17,503.3,426.49,-0.024193,0.0020691,-1.4148,0.073552,9.1553e-05
531,573,1,-0.99611,450.08,448.95,0,427.18,470.07,477.72,423.45,-0.028199,0.0026299,-1.4033,0.089345,6.1035e-05
532,574,2,-1.0332,596.72,577.27,0,562.16,632.25,625.35,531.71,-0.0074955,0.0019556,-1.4261,0.065346,0.00018311
533,575,2,-0.99436,546.07,546.99,0,515.99,588.81,582.38,496.52,-0.018197,0.0011777,-1.1664,0.071831,0.00012207
534,576,0,-0.98112,411.78,406.53,0,395.21,428.8,429.42,382.82,-0.027506,0.002442,-1.4671,0.53236,6.1035e-05
535,577,2,-1.0486,485.55,445.27,0,468.83,490.19,496.99,414.54,-0.011269,0.0033484,-1.7884,0.032465,0.00012207
536,578,2,-1.0579,513.48,511.53,0,482.76,553.5,544.2,469.55,-0.0088411,0.0026312,-1.3855,0.035636,9.1553e-05
537,579,3,-0.98152,537.06,520.96,0,509.12,565.77,557.45,488.27,0.0025014,0.0013384,-1.5506,0.0506,0.00012207
538,580,2,-1.0737,480.57,461.91,0,458.92,491.17,505.11,428.75,-0.019622,0.0016438,-1.5893,0.39289,0.00012207
539,581,1,-1.0375,543.4,517.31,0,518.86,567.82,560.19,482.75,-0.020385,0.0012053,-1.9218,0.20972,6.1035e-05
540,582,3,-0.92601,535.73,522.54,0,514.61,579.42,554.36,472.35,-0.012115,0.0016432,-1.2834,0.082509,0.00012207
541,583,2,-1.0999,490.73,508.94,0,481.25,560.67,503.72,438.06,-0.028441,0.0021124,-1.0187,0.15015,9.1553e-05
542,584,0,-1.0446,429.6,447.17,0.046875,417.34,486.12,444.4,400.15,-0.024298,0.035119,-1.4728,0.24977,6.1035e-05
543,585,2,-0.98637,504.27,498.97,0,491.05,544.71,521.26,440.16,-0.018609,0.0020238,-1.048,0.059573,6.1035e-05
544,586,0,-0.95856,414.17,434.21,0,420.11,490.27,407.01,366.55,-0.037645,0.0031038,-1.5675,0.057244,6.1035e-05
545,587,0,-0.94835,331.89,328.8,0,324.66,351.97,339.58,304.13,-0.0064761,0.0036123,-1.2504,0.16158,6.1035e-05
546,588,2,-0.93316,512.37,484.9,0,488.11,551.12,524.21,452.56,-0.01189,0.0011095,-1.4657,0.077575,6.1035e-05
547,589,2,-1.0434,486.9,491.09,0,464.97,539.59,506.25,448.29,-0.0095685,0.0027818,-1.6581,0.19118,6.1035e-05
548,590,2,-1.0549,497.71,479.61,0,478.06,500.76,524.64,450.62,-0.024633,0.0018002,-1.2002,0.17942,9.1553e-05
549,591,3,-1.059,544.77,576.16,0,533.19,632.75,560.63,498.59,0.0010979,0.0015419,-0.92483,0.05094,0.00012207
550,592,2,-0.91586,500.33,477.97,0,484.76,511.41,519.12,437.61,-0.014049,0.0015401,-1.2711,0.071547,6.1035e-05
551,593,1,-1.0197,502.98,475.08,0,472.02,506.33,525.57,452.27,-0.015141,0.0024207,-1.6415,0.043206,6.1035e-05
552,594,0,-1.5497,457.65,476.46,0.59375,463.77,538.86,450.72,405.74,-0.028675,0.28154,-1.2531,0.027129,6.1035e-05
553,595,0,-1.0273,424.78,433.36,0.078125,408.72,463.86,441.88,400.89,-0.018531,0.1656,-1.6041,0.025442,6.1035e-05
554,596,1,-0.96745,459.5,419.45,0,435.04,438.59,482.49,401.48,-0.0029169,0.021259,-1.7252,0.023416,6.1035e-05
555,597,1,-0.98577,469.71,459.8,0,455.8,492.19,488.77,415.42,-0.020287,0.0059787,-1.3538,0.23812,6.1035e-05
556,598,3,-1.021,518.22,499.24,0,476.41,552.56,548.74,460.33,-0.0081387,0.0034095,-1.3013,0.023916,0.00012207
557,599,1,-0.96284,483.43,489.11,0,463.32,533.32,504.84,442.04,-0.01601,0.0023611,-1.4746,0.05007,6.1035e-05
558,600,0,-1.1832,460.59,463,0.28125,451.8,526.78,467,416.46,-0.017126,0.16611,-1.7077,0.038882,6.1035e-05
559,601,1,-1.0205,529.73,534.57,0,517.32,580.15,545.67,475.96,-0.0056112,0.014986,-1.3967,0.12159,0.00012207
560,602,2,-1.0141,566.79,565.51,0,528.94,643.34,596.22,504.97,-0.0035678,0.0033936,-1.2935,0.073714,0.00012207
561,603,0,-1.0805,345.71,337.88,0,327.44,355.46,361.84,322.38,-0.032973,0.0035619,-1.5233,0.18185,3.0518e-05
562,604,3,-0.91473,566.08,544.82,0,542.75,613.66,581.04,500.69,0.0054133,0.0025949,-1.332,0.034593,0.00012207
563,605,3,-1.0873,570.17,593.11,0,551.82,640.7,598.8,518.89,-0.008579,0.0028756,-0.85861,0.033792,0.00012207
564,606,0,-0.9772,362.92,355.42,0,349.91,383.36,374.4,330.77,-0.018182,0.003055,-1.472,0.047762,3.0518e-05
565,607,0,-0.9573,368.85,380.7,0,360,421.38,376.66,344.82,-0.025807,0.0029521,-1.376,0.042119,3.0518e-05
566,608,3,-1.0002,509.93,499.38,0,471.23,541.92,553.8,451.17,-0.012531,0.0019722,-1.0885,0.052776,0.00012207
567,609,1,-0.95136,476.18,463.28,0,458.84,498.43,495.82,423.45,-0.018969,0.00086318,-1.5627,0.056328,6.1035e-05
568,610,2,-1.0607,555.37,574.4,0,517.87,633.44,597.87,507.48,-0.0072915,0.0019658,-1.0771,0.12023,0.00012207
569,611,1,-1.0778,505.15,526.02,0,487.75,576.7,527.5,460.86,-0.030698,0.0026999,-1.3598,0.13535,6.1035e-05
570,612,2,-0.98386,560.44,559.66,0,524.49,638.76,588.4,498.14,-0.0020763,0.0022735,-1.4291,0.084315,9.1553e-05
571,613,3,-1.0326,551.13,550.72,0,518.93,595.89,583.32,505.55,-0.014183,0.001732,-1.2562,0.041877,0.00012207
572,614,2,-1.0413,586.35,585.62,0,551.09,654.1,617.46,525.2,-0.004444,0.001595,-1.2671,0.085695,0.00012207
573,615,1,-0.97053,452.25,453.63,0,443.83,489.99,464.56,400.48,-0.047459,0.0020533,-1.4427,0.23133,6.1035e-05
574,616,3,-0.96988,555.3,579.53,0,536.14,632.95,581.55,506.32,-0.0028378,0.0011113,-1.0973,0.42631,0.00018311
575,617,2,-0.96455,589.2,610.12,0,558.32,673.98,626.48,533.06,-0.014241,0.0017393,-1.1284,0.044343,6.1035e-05
576,618,1,-1.0228,373.05,367.12,0,355.16,392.76,390.94,341.48,-0.013585,0.0020276,-1.2565,0.045949,6.1035e-05
577,619,1,-0.99682,461.77,443.41,0,447.1,495.96,473.17,402.54,-0.028455,0.0033669,-1.5379,0.068188,6.1035e-05
578,620,2,-0.97237,507.88,488.71,0,484.38,554.05,520.18,454.49,-0.0073697,0.001083,-1.2776,0.014178,9.1553e-05
579,621,2,-1.073,549.29,574.77,0,523.6,628.13,584.49,501.64,-0.016653,0.0021232,-1.2352,0.096162,6.1035e-05
580,622,0,-0.95696,392.79,389.81,0,386.17,435.34,396.77,362.5,-0.011643,0.0025376,-1.78,0.02419,6.1035e-05
581,623,1,-1.0325,400.61,388.85,0,379.43,414.49,420.52,364.76,-0.049257,0.0029397,-1.5534,0.19799,6.1035e-05
582,624,3,-0.95443,570.84,571.84,0,540.3,626.85,605.45,509.5,-0.017538,0.0017648,-1.1129,0.044099,0.00012207
583,625,1,-1.0501,492.53,507.52,0,489.64,579.55,495.42,435.48,-0.024916,0.0025988,-1.3351,0.077489,6.1035e-05
584,626,1,-1.0112,498.19,498.75,0,472.19,540.85,521.12,461.61,-0.031124,0.0023516,-1.4868,0.054037,6.1035e-05
585,627,0,-1.0136,407.21,412.28,0,395.79,457.65,416.09,377,-0.032932,0.0017172,-1.5651,0.12243,6.1035e-05
586,628,2,-0.99621,512.55,510.26,0,491.01,564.92,535.47,452.07,-0.01755,0.0013248,-1.3816,0.03698,0.00012207
587,629,3,-1.0194,468.9,453.25,0,445.3,488.44,494.02,415.79,-0.013139,0.0010497,-1.2458,0.052845,0.00012207
588,630,2,-1.0374,514.75,497.68,0,493.98,556.66,528.96,457.33,-0.0064639,0.0014369,-1.2444,0.067153,6.1035e-05
589,631,1,-1.0209,501.99,517.16,0,486.03,578.23,516.98,459.79,-0.00215,0.0041461,-1.3524,0.052942,6.1035e-05
590,632,3,-0.89952,566.32,606.29,0,542.93,654.33,605.3,526.24,-0.014891,0.0016279,-0.98465,0.04265,0.00012207
591,633,2,-0.91802,485.1,521.69,0,473.24,550.8,515.4,447.3,-0.010518,0.0013847,-0.77134,0.031183,6.1035e-05
592,634,3,-0.957,520.35,514.81,0,495.66,562.31,542.14,472.9,-0.0055388,0.00067454,-1.1624,0.054872,0.00012207
593,635,1,-0.97352,458.19,454.06,0,441.17,490.77,480.08,406.86,0.02061,0.0013504,-1.4198,0.088184,9.1553e-05
594,636,3,-0.94983,559.8,542.99,0,526.2,588.21,595.56,494.86,-0.012586,0.0010808,-1.1959,0.062139,0.00012207
595,637,0,-0.99041,348.29,353.38,0,338.7,378.02,357.89,328.75,0.0073821,0.006132,-1.3435,0.01071,6.1035e-05
596,638,2,-0.99723,452.12,438.08,0,428.25,475.6,475.99,400.56,-0.00055113,0.0030483,-1.42,0.062096,9.1553e-05
597,639,2,-1.0264,506.39,495.1,0,488.4,556.99,520.38,446.96,-0.028025,0.0014344,-1.3475,0.10027,6.1035e-05
598,640,3,-1.0266,513.08,505.68,0,493.51,557.78,532.65,453.58,-0.018294,0.0010508,-1.2072,0.048435,9.1553e-05
599,641,2,-0.99184,490.58,488.16,0,468.39,530.59,517.37,436.94,-0.020467,0.00052293,-1.3963,0.052563,6.1035e-05
600,642,0,-1.0012,449.87,456.86,0.015625,432.59,504.75,463.31,419.61,-0.0093209,0.0098901,-1.6174,0.0081549,6.1035e-05
601,643,0,-0.99202,408.21,427.69,0,396.59,464.64,422.23,383.1,-0.016697,0.0016623,-1.404,0.25353,6.1035e-05
602,644,0,-0.94954,389.97,409.19,0,379.77,440.39,402.29,371.53,-0.019537,0.0021491,-1.5635,0.054978,6.1035e-05
603,645,1,-0.97574,529.87,546.69,0,509.34,610.11,547.99,490.72,-0.01583,0.0016146,-1.4381,0.088076,0.00012207
604,646,3,-0.93469,506.4,516.25,0,486.54,559.85,531.94,460.19,0.0021198,0.00081074,-1.3291,0.053922,0.00012207
605,647,1,-0.99175,469.99,470.57,0,451.98,514.11,486.92,429.67,-0.029093,0.0020542,-1.5759,0.12309,6.1035e-05
606,648,0,-0.98051,420.74,453.47,0,409.1,491.18,436.69,401.79,-0.021826,0.0018606,-1.3942,0.043322,3.0518e-05
607,649,1,-1.0333,426.08,414.95,0,416.97,438.78,438.57,382.28,-0.015659,0.0012115,-1.2853,0.046107,6.1035e-05
608,650,0,-0.99669,398.57,411.12,0,382.98,444.79,412.32,381.42,-0.027073,0.0016963,-1.3412,0.062284,6.1035e-05
609,651,1,-1.0304,414.22,406.05,0,411.88,450.25,416.72,358.99,-0.040015,0.0018251,-1.6798,0.20188,6.1035e-05
610,652,1,-0.94294,465.5,443.34,0,453.45,487.67,476.14,404.23,-0.0042335,0.0017127,-1.7177,0.049602,6.1035e-05
611,653,3,-0.96107,524.92,492.85,0,500.92,533.83,548.91,451.88,-0.0066916,0.00091308,-1.521,0.083783,0.00012207
612,654,3,-0.93815,507.8,515.9,0,485.27,551.33,536.77,470.34,-0.00020105,0.00081418,-1.4454,0.031121,0.00012207
613,655,0,-0.98674,380.58,384.56,0,367.34,430.41,390.87,348.91,-0.0078694,0.0019386,-1.5942,0.010019,6.1035e-05
614,656,0,-0.97855,351.84,361.29,0,340.73,385.5,367.07,328.1,-0.0076387,0.00094659,-1.5959,0.0095472,6.1035e-05
615,657,3,-1.0149,564.86,552.32,0,541.7,615.72,584.05,499.79,-0.0092298,0.00078027,-1.4201,0.085081,0.00012207
616,658,3,-1.0926,529.4,501.81,0,503.88,545.29,554.92,458.33,-0.016249,0.0015083,-1.2783,0.051611,0.00012207
617,659,2,-0.96862,564.99,554.09,0,512.61,598.47,614.2,512.39,-0.018368,0.001386,-1.3108,0.10157,0.00012207
618,660,3,-1.048,496.68,481,0,463.39,540.86,522.57,434.45,-0.018318,0.0014262,-1.3806,0.20298,0.00012207
619,661,2,-0.98902,519.89,516.81,0,504.29,576.04,537.56,449.68,-0.020229,0.0015608,-1.347,0.12859,0.00012207
620,662,2,-0.93715,569.4,576,0,534.75,634.43,604.06,517.57,-0.0069774,0.001018,-1.3348,0.024985,0.00012207
621,663,2,-0.97022,540.34,554.81,0,515.61,599.3,576.49,489.79,-0.012957,0.00072631,-1.1814,0.041569,0.00012207
622,664,0,-0.92304,407.09,415.3,0,395.89,446.79,419.01,381.78,-0.032042,0.0010009,-1.7155,0.063265,6.1035e-05
623,665,1,-1.0408,538.12,539.87,0,518.08,589.2,559.45,487.36,-0.02084,0.0016025,-1.3174,0.095385,6.1035e-05
624,666,2,-0.95665,515.42,532.24,0,485.35,588.96,547.42,471.87,-0.024892,0.0013999,-1.177,0.041439,0.00012207
625,667,3,-1.0301,478.78,474.27,0,449.01,543.37,496.64,432.81,-0.023311,0.0013898,-1.425,0.090488,9.1553e-05
626,668,3,-1.078,504.04,501.95,0,486.31,538.62,529.96,448.34,-0.018849,0.0022758,-1.1148,0.034419,9.1553e-05
627,669,3,-1.0585,497.55,498.34,0,473.1,567.14,516.56,444.83,-0.017336,0.0013145,-1.2522,0.042967,0.00012207
628,670,1,-1.0976,487.28,502.4,0,467.8,533.39,515.76,457.12,-0.032248,0.0025446,-1.4161,0.15539,9.1553e-05
629,671,3,-1.0118,505.74,491.54,0,481.25,528.2,533.5,449.99,-0.009441,0.0014837,-1.1281,0.028784,0.00012207
630,672,3,-0.98066,512.43,488.19,0,495.56,536.25,529.31,440.13,-0.023352,0.0010409,-1.3867,0.047124,0.00012207
631,673,1,-1.0373,421.16,425.01,0,413.62,483.57,427.82,373.34,-0.042026,0.0029647,-1.6243,0.1827,6.1035e-05
632,674,1,-1.0077,409.47,397.54,0,392.59,422.57,428.61,369.18,-0.026052,0.0012512,-1.6059,0.054266,9.1553e-05
633,675,3,-0.93496,502.23,461.6,0,479.42,505.12,522.37,423.2,-0.015651,0.0014458,-1.637,0.056446,6.1035e-05
634,676,3,-0.96696,511.67,510.86,0,479.92,565.6,539.68,462.56,-0.012487,0.00091361,-1.4353,0.025435,6.1035e-05
635,677,1,-0.98081,295.46,280.32,0,286.13,298.1,306.05,260.16,-0.023385,0.0011452,-1.8059,0.10231,3.0518e-05
636,678,1,-0.9847,333.32,341.99,0,320.29,372.71,347.19,309.28,-0.023282,0.00068467,-1.6044,0.068276,6.1035e-05
637,679,0,-0.97214,405.98,437.96,0,396.94,468.96,422.08,382.7,-0.035953,0.00076294,-1.4634,0.18407,3.0518e-05
638,680,0,-0.98532,426.75,414.58,0.015625,416.86,441.07,436.64,388.09,-0.020035,0.011221,-1.9754,0.1796,6.1035e-05
639,681,1,-1.132,559.75,567.26,0,541.02,623.43,580.99,503.59,-0.033653,0.0060177,-1.6123,0.34705,6.1035e-05
640,682,1,-1.0863,479.12,463.01,0,458.23,518.73,493.41,424.89,-0.012733,0.0016653,-1.8645,0.072684,6.1035e-05
641,683,1,-0.78494,427.48,425.81,0,402.76,446.91,463.62,394.96,-0.009132,0.0091589,-1.6375,0.035026,6.1035e-05
642,684,0,-0.94373,388.08,389.01,0,375.82,424.29,399.6,355.87,0.0014525,0.0044971,-1.9369,0.032313,6.1035e-05
643,685,2,-1.1062,459.45,466.29,0,439.48,524.62,476.01,417.97,-0.020337,0.0040737,-1.4653,0.066668,9.1553e-05
644,686,1,-1.0502,549.27,561.98,0,518.53,604.45,586.36,510.72,-0.030535,0.0025817,-1.46,0.041988,0.00012207
645,687,2,-0.96146,478.09,481.61,0,453.64,526.19,505.81,431.09,-0.020347,0.0019744,-1.2901,0.11114,6.1035e-05
646,688,1,-1.0617,409.56,421.21,0,387.08,460.92,433.5,378.94,-0.018971,0.0020194,-1.3959,0.068184,6.1035e-05
647,689,3,-0.95976,548.31,524.9,0,516.94,564.13,575.99,490.28,-0.020129,0.0010608,-1.4424,0.036516,0.00012207
648,690,2,-1.087,500.74,474.49,0,479.97,503.59,520.25,447.16,-0.015938,0.0019211,-1.6434,0.063407,0.00012207
649,691,3,-1.0018,534,516.16,0,486.59,563.35,568.6,481.72,-0.022125,0.00082515,-1.5704,0.056245,0.00012207
650,692,1,-0.93433,335.32,332.33,0,326.21,350.25,352.71,298.13,-0.0080291,0.0022501,-1.6068,0.046098,9.1553e-05
651,693,0,-0.9837,404.49,409.51,0,391.14,444.45,417.84,374.58,-0.014601,0.0030322,-1.7538,0.033645,6.1035e-05
652,694,1,-1.0613,519.43,521.44,0,497.57,609.94,532.55,468.34,-0.019403,0.0022776,-1.8806,0.29839,6.1035e-05
653,695,2,-0.98452,497.28,490.69,0,472.11,535.65,520.92,448.45,-0.0041377,0.0015515,-1.485,0.059033,9.1553e-05
654,696,2,-0.99394,458.83,458.17,0,441.78,491.53,485.41,406.12,-0.010199,0.001509,-1.535,0.10728,6.1035e-05
655,697,3,-0.8607,492.74,510.78,0,468.5,555.46,525.95,449.55,-0.014332,0.002163,-1.428,0.04441,0.00012207
656,698,1,-1.047,429.78,427.54,0,412.76,455.81,449.08,395.5,-0.032085,0.0025982,-1.5867,0.23845,6.1035e-05
657,699,1,-0.92781,513.93,485.87,0,494.27,510.66,533.58,461.09,-0.011108,0.00075829,-2.0719,0.060787,0.00012207
658,700,2,-0.96858,499.34,517.53,0,473.57,554.21,539.54,460.3,-0.010403,0.0013061,-1.3149,0.086676,0.00012207
659,701,3,-0.99072,556.77,513.55,0,519.25,548.65,584.15,487.95,-0.011447,0.0008133,-1.8062,0.048951,0.00012207
660,702,3,-1.0542,492.44,464.98,0,464.51,497.22,517.09,436.53,-0.017458,0.0017802,-1.6358,0.057279,0.00012207
661,703,3,-0.94267,493.03,490.49,0,448.92,525.77,539.99,452.93,-0.014179,0.0010321,-1.6396,0.031157,0.00012207
662,704,1,-1.0118,462.74,442.03,0,441.26,461.69,488.66,418.29,-0.011406,0.0018527,-1.7879,0.047923,9.1553e-05
663,705,3,-0.96093,496.25,489.04,0,459.83,532.83,526.42,452.75,-0.0058355,0.0010572,-1.6537,0.032127,6.1035e-05
664,706,0,-0.99407,417.8,421.92,0,410.24,468.33,423.69,385.82,-0.026122,0.0035716,-2.1024,0.058397,6.1035e-05
665,707,1,-0.94695,501.69,500.59,0,483.97,530.82,525.98,459.17,-0.0072968,0.0028725,-1.7681,0.017901,6.1035e-05
666,708,0,-0.98452,463.69,483.77,0.015625,454.8,509.13,475.89,449.01,-0.025811,0.0088205,-1.9116,0.18002,6.1035e-05
667,709,1,-0.88756,471.9,453.48,0,455.38,498.77,483.95,420.43,-0.0097296,0.0020613,-2.0261,0.049106,6.1035e-05
668,710,0,-0.9338,366.55,393.65,0,356.14,447.08,376.95,340.22,-0.029319,0.0012664,-1.9276,0.065562,3.0518e-05
669,711,2,-0.97997,572.5,564.65,0,539.64,614.68,609.75,507.96,-0.0085405,0.0016421,-1.6036,0.029644,0.00012207
670,712,1,-0.9676,375.22,350.6,0,365.06,398.65,381.73,319.79,-0.026167,0.0015651,-1.9924,0.094638,3.0518e-05
671,713,2,-1.0543,460.15,436.74,0,450.3,480.14,468.85,398.45,-0.010913,0.0015148,-1.7841,0.076165,9.1553e-05
672,714,3,-0.93878,600.82,558.49,0,549.95,622.94,631.34,519.81,-0.016285,0.0013229,-1.6023,0.064788,0.00012207
673,715,0,-1.0127,401.76,415.64,0,388.88,441.98,420.59,377.14,-0.013776,0.0015238,-1.5923,0.075002,6.1035e-05
674,716,3,-0.99781,466.74,467.45,0,445.57,503.86,492.29,423.5,0.0025241,0.0012196,-1.2955,0.054351,0.00012207
675,717,3,-0.98642,515.46,522.73,0,481.92,564.53,551.18,478.24,-0.011153,0.00089745,-1.3197,0.041086,0.00012207
676,718,1,-1.0613,444.7,448.23,0,447.56,530.34,442.01,371.1,-0.020023,0.0039601,-1.808,0.18014,9.1553e-05
677,719,2,-0.96677,463.3,461.5,0,445.95,514.07,480.65,408.93,-0.0070678,0.0017969,-1.7177,0.031579,6.1035e-05
678,720,3,-0.99021,522.63,512.9,0,490.73,566.97,549.06,468.11,-0.0080072,0.00095697,-1.5787,0.03257,0.00012207
679,721,3,-0.97334,476.75,510.5,0,455.98,540.32,516.41,453.58,-0.0033405,0.00069818,-1.3664,0.075976,9.1553e-05
680,722,1,-1.0173,409.76,391.18,0,399.97,418.26,420.85,360.49,-0.02989,0.0012292,-1.7661,0.18158,3.0518e-05
681,723,3,-0.96188,494.16,491.08,0,454.59,526.02,536.28,453.88,-0.017647,0.0014769,-1.5549,0.042253,0.00012207
682,724,1,-0.96107,443.91,437.69,0,421.06,467.08,477.31,394.74,-0.0025985,0.0017017,-1.4102,0.071926,9.1553e-05
683,725,2,-0.91951,474.21,499.1,0,448.08,535.02,514.97,443.06,-0.02495,0.00078795,-1.5053,0.06853,6.1035e-05
684,726,0,-0.98407,411.81,428.04,0,401.14,466.05,423.9,384.97,-0.017908,0.002891,-1.4548,0.030651,6.1035e-05
685,727,1,-1.0927,403.42,402.05,0,387.07,461.32,416.13,355.94,-0.0080943,0.0042901,-1.7706,0.025104,6.1035e-05
686,728,2,-0.94666,516.17,496.88,0,484.97,572.3,533.68,454.58,-0.013429,0.0017393,-1.7156,0.044274,0.00012207
687,729,0,-1.498,452.3,463.48,0.57812,449.63,510.56,455.51,406.66,0.024618,0.23322,-1.6471,0.024417,6.1035e-05
688,730,0,-0.99416,434.57,431.06,0,423.18,464.57,445.96,397.54,-0.0095688,0.22786,-1.7519,0.029129,6.1035e-05
689,731,1,-0.93645,427.55,447.91,0,413.99,498.29,443.93,387.11,-0.022872,0.013371,-1.5093,0.15002,6.1035e-05
690,732,2,-0.91911,510.11,519.5,0,480.96,571.2,543.14,460.9,-0.01617,0.0027079,-1.4606,0.091825,6.1035e-05
691,733,2,-0.93173,498.02,477.55,0,467.91,520.84,522.96,441.68,-0.01807,0.0014305,-1.52,0.1356,0.00012207
692,734,3,-0.99804,534.58,489.24,0,498.86,529.82,557.48,463.22,0.02218,0.001093,-1.505,0.057722,0.00012207
693,735,3,-1.0296,576.36,583.99,0,543.52,619.36,621.35,535.52,-0.012469,0.001286,-1.0822,0.062782,0.00012207
694,736,3,-1.0372,449.24,436.69,0,411.51,476.87,480.5,403.4,-0.011217,0.0011719,-1.5531,0.067692,9.1553e-05
695,737,3,-0.99292,542.17,542.92,0,503.36,604.85,574.33,491.6,-0.0085786,0.000912,-1.4061,0.069057,0.00012207
696,738,3,-0.87036,493.71,454.36,0,465.55,491.22,512.99,429.14,-0.01223,0.0014323,-1.7052,0.053892,0.00012207
697,739,0,-0.98097,388.84,384.93,0,378.39,407.02,401.46,358.27,-0.0091104,0.0070934,-1.8937,-0.00054198,6.1035e-05
698,740,0,-1.0317,386.91,411.1,0,374.18,437.95,406.77,369.21,-0.038226,0.0036396,-1.6736,0.15632,3.0518e-05
699,741,0,-1.5943,434.44,422.57,0.6875,433.27,458.6,435.61,386.54,0.018674,0.23893,-1.9738,0.35838,6.1035e-05
700,742,0,-0.97463,429.13,425.33,0,412.8,448.27,446.51,400.9,-0.015576,0.22343,-1.7028,0.028245,6.1035e-05
701,743,0,-1.1845,452.05,467.53,0.1875,453.51,507.73,449.91,408.78,-0.04403,0.079441,-1.5807,0.053281,6.1035e-05
702,744,0,-1.04,443.57,464.35,0.046875,430.06,521.01,454.07,420.28,-0.026958,0.032816,-1.8672,0.068953,6.1035e-05
703,745,2,-0.97258,462.37,454.98,0,438.07,506.66,481.27,414.78,-0.012493,0.005728,-1.421,0.039611,6.1035e-05
704,746,2,-1.0141,552.94,531.61,0,531.76,588.56,568.39,490.05,-0.018674,0.0018584,-1.4043,0.080094,0.00012207
705,747,2,-1.0207,468.09,478.26,0,445.1,524.22,489.7,435.08,-0.011889,0.0016442,-1.3709,0.060591,0.00012207
706,748,0,-1.0093,334.49,364.15,0,322.3,400.76,349.21,319.96,-0.033601,0.0020902,-1.4268,0.37193,6.1035e-05
707,749,0,-0.99823,437.96,446.38,0,420.44,472.71,456.62,418.35,-0.032776,0.0023507,-1.5912,0.090449,6.1035e-05
708,750,3,-1.0535,522.93,507.89,0,507.88,574.25,533.23,462.48,-0.0013895,0.00249,-1.3531,0.07388,0.00012207
709,751,2,-0.93528,509.46,519.9,0,500.46,576.1,519.67,456.2,-0.010256,0.001921,-1.2964,0.059562,0.00012207
710,752,1,-1.0339,425.43,440.61,0,419.28,498.36,432.41,375.17,-0.011897,0.0021423,-1.5139,0.096657,6.1035e-05
711,753,2,-0.87248,567.99,588.28,0,542.34,663.59,592.08,517.53,0.00028285,0.0017195,-1.1085,0.04352,0.00012207
712,754,3,-0.99801,540.5,541.59,0,505.12,621.69,564.71,486.78,0.012904,0.0012374,-1.0884,0.035041,0.00012207
713,755,0,-0.99771,384.74,400.22,0,376.48,432.36,395.35,358.91,-0.029733,0.001586,-1.1937,0.068508,6.1035e-05
714,756,2,-1.0435,552.58,558.84,0,528.47,614.95,581.68,491.12,-0.017844,0.0016634,-0.91435,0.063469,0.00012207
715,757,0,-1.7559,437.55,435.43,0.92188,428.05,471.79,444.94,407.15,-0.042502,0.35927,-1.5499,0.10861,3.0518e-05
716,758,3,-0.99895,485.24,466.32,0,452.06,515.92,506.5,434.52,-0.0057255,0.072632,-1.0679,0.028808,6.1035e-05
717,759,3,-0.99017,501.08,501.65,0,483.7,554.1,520.77,442.21,-0.012671,0.0075407,-0.82421,0.028611,9.1553e-05
718,760,2,-1.0437,549.07,557.19,0,531.53,615.55,567.73,495.07,-0.0078701,0.0018934,-0.97972,0.042333,0.00012207
719,761,3,-1.0009,546.95,534.63,0,522.84,582.28,571.06,486.98,-0.0087256,0.0024498,-0.81265,0.065028,0.00012207
720,762,2,-1.0459,457.25,451.42,0,443.02,505.78,469.03,406.38,-0.010366,0.0017026,-1.1514,0.031496,9.1553e-05
721,763,1,-0.93271,515.37,518.71,0,487.2,578.28,537.28,472.38,-0.026513,0.0022574,-1.2401,0.039308,0.00012207
722,764,3,-0.95303,514.12,554.34,0,501.32,613.87,531.66,472.75,-0.013339,0.0012541,-0.80856,0.036679,0.00012207
723,765,0,-1.1955,462.43,505.57,0.21875,455.45,563.02,470.34,440.46,-0.033094,0.12587,-1.235,0.036994,6.1035e-05
724,766,0,-0.98611,438.68,455.24,0,425.61,505.46,450.97,408.06,-0.0072448,0.017417,-1.5572,0.0079156,6.1035e-05
725,767,1,-0.86341,433.24,419.31,0,427.98,452.48,438.85,384,-0.028953,0.0040511,-1.4652,0.1078,6.1035e-05
726,768,1,-0.91786,546.09,571.05,0,518.73,628.76,575.21,509.6,-0.0052685,0.0030543,-1.1801,0.057662,6.1035e-05
727,769,0,-0.91303,440.13,445.2,0.03125,419.79,491.58,454.04,413.47,-0.011251,0.02635,-1.4248,0.086646,6.1035e-05
728,770,3,-1.0191,569.45,554.14,0,536.61,619.18,593.42,506.68,-0.010196,0.0030624,-1.1095,0.034457,0.00012207
729,771,1,-0.98803,520.93,543.33,0,508.5,605.97,536.9,462.78,-0.024577,0.0018629,-1.258,0.14103,0.00012207
730,772,0,-0.97565,441.64,459.88,0.03125,430.31,507.96,452.97,411.8,-0.016703,0.022862,-1.252,0.031349,6.1035e-05
731,773,2,-1.0726,546.71,515.25,0,525.82,593.87,561.96,457.87,-0.017715,0.0032765,-1.3379,0.045619,0.00012207
732,774,2,-0.91065,468.81,492.06,0,458.59,551.29,481.96,415.91,-0.021709,0.0019205,-1.1474,0.058299,9.1553e-05
733,775,0,-1.0175,436.41,437.76,0,423.91,467.72,451.48,401.59,-0.05508,0.004055,-1.6542,0.16704,3.0518e-05
734,776,1,-0.97951,395.51,402.5,0,383.85,434.39,411.48,358.8,-0.0058919,0.0019157,-1.4445,0.018893,6.1035e-05
735,777,3,-1.0595,495.03,474.66,0,464.23,530.65,517.51,433.8,-0.019052,0.0024981,-0.93461,0.044898,0.00012207
736,778,3,-1.0352,546.68,559.48,0,495.04,605.49,605.21,507.34,-0.011212,0.0017468,-0.66371,0.061612,0.00012207
737,779,1,-1.0788,512.38,526.86,0,477.75,562.66,554.18,483.67,-0.019363,0.0031756,-1.2311,0.062706,6.1035e-05
738,780,0,-1.1286,433.82,464.56,0.10938,423.72,527.35,443.31,405.58,-0.028372,0.055338,-1.3606,0.12658,6.1035e-05
739,781,3,-0.91071,437.37,443.65,0,415.54,458,479.03,416.24,-0.013972,0.0044139,-0.85431,0.022518,0.00012207
740,782,2,-1.0222,536.7,526.91,0,501.24,554.51,582.29,491.41,-0.024233,0.0014614,-1.1219,0.069501,0.00012207
741,783,0,-0.98569,430.28,439.82,0,413.32,482.87,445.24,401.84,-0.021903,0.0020679,-1.6723,0.01953,6.1035e-05
742,784,1,-0.98889,433.34,409.72,0,419.69,442.9,442.09,388.45,-0.016451,0.00081166,-1.5488,0.073094,6.1035e-05
743,785,1,-0.96425,455.19,451.85,0,433.17,504.15,474.62,405.7,-0.019264,0.0013037,-1.416,0.044067,6.1035e-05
744,786,0,-1.0108,383.15,393.63,0,367.34,426.22,398.97,361.04,-0.050195,0.0018229,-1.684,0.11377,6.1035e-05
745,787,0,-1.0244,437.84,453.11,0,416.88,495.15,457.53,413.61,-0.01758,0.002796,-1.4928,0.069547,6.1035e-05
746,788,2,-1.0914,486.7,497.19,0,474.65,539.13,503.22,439.71,-0.010196,0.0031192,-1.0797,0.038038,9.1553e-05
747,789,3,-0.9778,514.47,507.14,0,486.44,563.13,540.8,454.55,-0.013765,0.0019147,-1.3324,0.064676,0.00012207
748,790,3,-0.96899,530.71,540.29,0,499.66,572.78,579.14,489.59,-0.020778,0.0012312,-0.94826,0.058942,0.00012207
749,791,1,-1.0311,542.94,558.92,0,516.15,603.55,575.27,505.07,-0.014794,0.0025086,-1.3432,0.063464,0.00012207
750,792,2,-0.94886,431.63,440.44,0,417.29,481.5,447.88,393.91,-0.016384,0.0028583,-1.2166,0.048519,9.1553e-05
751,793,0,-1.4145,466.83,499.61,0.40625,463.01,545.87,471.73,440.13,-0.017419,0.2401,-1.2561,0.049632,6.1035e-05
752,794,0,-1.0081,347.29,342.26,0,346.32,373.51,348.31,308.99,-0.015249,0.14961,-1.387,0.068755,3.0518e-05
753,795,1,-1.0026,371.6,376.39,0,359.83,433.41,381.35,329.14,-0.015868,0.017604,-1.5628,0.034729,6.1035e-05
754,796,0,-0.98281,362.83,369.06,0,348.25,408.9,374.91,336.05,-0.010771,0.005063,-1.7069,0.015102,3.0518e-05
755,797,2,-1.0429,535.33,548.79,0,494.33,643.82,563.39,483.77,0.00085547,0.00269,-1.2575,0.16469,9.1553e-05
756,798,0,-0.95165,449.23,467.28,0,433.27,513.32,463.31,426.65,-0.019499,0.0020686,-1.7211,0.022119,6.1035e-05
757,799,2,-0.99839,537.43,561.82,0,503.64,617.44,573.4,502.6,-0.02501,0.0015828,-1.3097,0.11082,0.00012207
758,800,3,-0.97044,558.76,607.47,0,527.07,646.26,615.24,538.33,-0.0015552,0.0013184,-0.86718,0.024566,0.00012207
759,801,3,-0.98514,456.38,449.47,0,429.24,486.52,481.87,414.67,-0.014535,0.0013266,-1.2963,0.063863,9.1553e-05
760,802,2,-0.97562,459.28,481.68,0,440.05,535.94,484,411.91,-0.013243,0.0017955,-1.2109,0.072432,9.1553e-05
761,803,1,-1.0095,431.31,432.84,0,410.62,480.5,452,385.18,-0.018906,0.0029291,-1.5079,0.018412,6.1035e-05
762,804,0,-1.0246,447.92,480.01,0.03125,424.14,541.82,466.42,431.93,-0.013839,0.01667,-1.7669,0.062335,6.1035e-05
763,805,3,-1.014,541.09,576.32,0,509.55,649.05,576.82,493.89,-0.014543,0.0016449,-0.91397,0.054699,0.00018311
764,806,0,-1.0012,415.25,437.5,0,397.23,485.35,432.18,392.55,-0.021014,0.001953,-1.5827,0.021626,6.1035e-05
765,807,3,-0.99596,510.87,521.96,0,485.66,580.49,537.71,459.66,-0.023537,0.0013296,-1.0652,0.042527,0.00012207
766,808,0,-1.0087,377.87,383.13,0,363.96,424.98,388.01,352.58,-0.02057,0.0034365,-1.6164,0.058602,6.1035e-05
767,809,1,-0.94813,435.96,450.99,0,412.75,504,456.43,404.21,-0.028382,0.0012243,-1.4444,0.057622,9.1553e-05
768,810,1,-0.95778,420.37,397.86,0,411.12,436.18,430.2,357.08,-0.025619,0.0016507,-1.569,0.068661,6.1035e-05
769,811,1,-1.0166,497.27,484.27,0,481.05,531.51,511.58,442.58,-0.017098,0.0021373,-1.7326,0.064199,6.1035e-05
770,812,2,-1.0463,518.07,507.83,0,490.28,548.31,541.1,474.29,0.00036879,0.001396,-1.2121,0.095968,0.00012207
771,813,1,-0.93116,435.9,431.34,0,425.57,462.86,451,385.28,-0.012039,0.0016545,-1.4252,0.048886,6.1035e-05
772,814,0,-0.98363,366.36,363.77,0,355.95,394.57,376.15,334.83,-0.0058967,0.0010615,-1.8303,0.019692,6.1035e-05
773,815,3,-1.0988,586.2,555.1,0,551.49,591.52,618.81,520.87,-0.0055819,0.0023297,-1.2244,0.035921,6.1035e-05
774,816,2,-1.0291,494.2,484.47,0,470.73,516.27,522.52,446.1,-0.024953,0.0018851,-1.1768,0.046572,0.00012207
775,817,1,-1.0096,411.17,396.89,0,392.3,426.53,427.81,370.74,-0.026466,0.0017143,-1.7229,0.034928,6.1035e-05
776,818,1,-1.0505,370.09,346.16,0,364.93,371.96,375.93,316.93,-0.055261,0.0024869,-1.5666,0.32731,6.1035e-05
777,819,3,-0.9443,543.31,514.58,0,520.12,540.65,571.29,483.12,-0.018941,0.0015895,-1.225,0.047029,0.00012207
778,820,0,-0.9819,414.44,394.84,0,399.61,431.17,421.19,378.33,-0.0049514,0.0013841,-2.2245,0.023371,6.1035e-05
779,821,2,-0.92088,507.7,526.3,0,481.98,579.76,536.85,465.72,-0.0095224,0.0010798,-1.2632,0.016515,0.00012207
780,822,3,-0.93071,473.49,494.09,0,455.95,526.79,502.73,439.59,-0.017405,0.0011257,-1.0634,0.041881,9.1553e-05
781,823,1,-0.90476,409.03,399.14,0,401.18,422.59,419.78,367,-0.016982,0.0014192,-1.4202,0.032998,6.1035e-05
782,824,0,-0.97769,417.87,412.76,0,406.08,438.09,430.43,385.79,-0.0062758,0.0016221,-1.7931,0.0083733,3.0518e-05
783,825,1,-1.1088,530.67,500.75,0,522.28,538.9,538.55,464.91,-0.021898,0.0036534,-1.6036,0.081218,0.00012207
784,826,1,-0.98435,502.15,497.5,0,483.83,530.02,522.92,460.64,-0.010146,0.0018766,-1.3855,0.035423,6.1035e-05
785,827,0,-1.0211,352.7,335.15,0,343.7,343.66,365.87,322.71,-0.026465,0.002168,-1.7627,0.020533,6.1035e-05
786,828,1,-0.98585,452.13,427.27,0,440.53,457.87,463.73,396.67,-0.012024,0.0015834,-1.7013,0.019842,6.1035e-05
787,829,3,-0.96701,519.13,504.7,0,474.98,546.56,553.46,472.15,-0.02357,0.0011219,-1.2399,0.046431,0.00012207
788,830,3,-0.97706,522.23,485.47,0,489.21,509.3,557.38,460.1,-0.015764,0.0016031,-1.2308,0.06211,0.00012207
789,831,1,-0.88134,503.02,481.01,0,487.88,542.25,513.38,439.11,-0.02295,0.0028024,-1.4352,0.04282,6.1035e-05
790,832,1,-1.0691,440.64,408.75,0,423.64,426.07,456.6,392.48,-0.029631,0.0041704,-1.5528,0.037679,6.1035e-05
791,833,3,-0.93865,496.45,486.2,0,472.38,524.23,523.73,443.11,-0.001066,0.0016348,-1.0872,0.044844,6.1035e-05
792,834,1,-0.96106,511.77,502.68,0,493.85,540.42,532.08,459.91,-0.0090923,0.001307,-1.4265,0.055814,6.1035e-05
793,835,2,-0.99159,513.01,494.26,0,497.25,531.98,533.26,445.77,-0.0080819,0.0012538,-1.3264,0.067066,6.1035e-05
794,836,1,-0.99555,460.46,462.22,0,441.89,512.48,476.85,417.87,-0.018444,0.0010681,-1.6174,0.043732,6.1035e-05
795,837,3,-1.008,555.01,510.02,0,517.61,539.38,592.4,480.66,-0.0055418,0.0015062,-1.4034,0.039503,0.00012207
796,838,1,-0.96364,481.85,481.06,0,466.48,519.28,500.39,434.93,-0.015266,0.0026028,-1.3732,0.07011,6.1035e-05
797,839,0,-0.99095,420.01,423.83,0,402.8,470.6,432.57,389.7,-0.013318,0.0014743,-1.7643,0.079539,6.1035e-05
798,840,1,-0.97137,348.53,313.91,0,339.08,346.95,353.83,295.38,-0.022957,0.0017421,-2.0578,0.070926,6.1035e-05
799,841,1,-0.96536,448.48,468.35,0,443.81,521.27,454.88,395.82,-0.021699,0.0016872,-1.3613,0.068098,6.1035e-05
800,842,2,-0.9916,537.56,537.07,0,518.35,593.72,558.02,476.76,-0.018396,0.0010496,-1.0774,0.034264,0.00012207
801,843,0,-0.98235,413.26,428.81,0,396.92,479.51,426.79,386.8,-0.015138,0.00068927,-1.7625,0.022284,6.1035e-05
802,844,3,-0.94716,536.89,578.26,0,507.74,631.49,576.84,505.32,-0.010553,0.0011968,-0.91161,0.042973,0.00012207
803,845,2,-0.92178,470.41,475.7,0,454.77,523.84,488.14,421.15,-0.015151,0.0011959,-1.3784,0.058086,0.00012207
804,846,1,-0.93052,517.7,541.51,0,501.68,589.41,542.69,466.79,-0.015006,0.0012338,-1.0972,0.031873,9.1553e-05
805,847,0,-0.99378,415.69,407.9,0,404.83,443.31,424.68,378.57,0.0052509,0.0011458,-1.7341,0.038377,6.1035e-05
806,848,0,-0.98785,401.18,416.38,0,388.51,460.56,413.85,372.21,-0.011939,0.00063007,-1.6607,0.015888,6.1035e-05
807,849,2,-1.0682,530.08,532.1,0,509.93,584.81,551.54,475.98,-0.011589,0.0023488,-1.2061,0.066695,9.1553e-05
808,850,0,-0.98067,409.8,403.66,0,400.87,429.04,419.31,376.65,-0.016368,0.00081383,-1.7194,0.021581,6.1035e-05
809,851,0,-0.98582,312.73,312.84,0,306.5,340.87,318.97,284.81,-0.0308,0.00086801,-1.6923,0.24391,3.0518e-05
810,852,1,-1.0485,379.56,379.91,0,370.77,421.21,388.91,335.96,-0.038478,0.0037825,-1.4159,0.098095,6.1035e-05
811,853,3,-1.0944,539.02,523.36,0,500.23,592.36,560.78,484.66,-0.0035221,0.004094,-1.5681,0.049949,0.00012207
812,854,0,-0.95679,375.5,399.93,0,367.06,453.69,383.43,349.43,-0.037069,0.0074732,-1.5866,0.1397,3.0518e-05
813,855,2,-1.0144,494.85,503.63,0,469.52,590.27,514.56,436.25,-0.014541,0.0020334,-1.5208,0.052897,9.1553e-05
814,856,1,-1.0297,556.71,550.43,0,519.33,625.29,580.67,502.44,-0.021706,0.0024465,-1.6707,0.046078,6.1035e-05
815,857,0,-1.0572,436.77,465.65,0.078125,415.82,519.93,457.72,411.37,-0.034678,0.044068,-1.5689,0.04091,6.1035e-05
816,858,3,-0.96632,504.64,484.27,0,470.02,551.3,528.32,438.4,-0.0073003,0.0040534,-1.479,0.051038,0.00012207
817,859,2,-1.0635,494.96,511.14,0,477.07,561.36,517.97,446.57,-0.024419,0.0014793,-1.2026,0.04909,0.00012207
818,860,0,-1.0733,455.25,487.34,0.15625,446.46,563.8,462.54,424,-0.0084907,0.068616,-1.7945,0.031827,6.1035e-05
819,861,3,-0.96907,473.62,493.87,0,429.67,565.25,499.99,451.04,-0.004946,0.0015095,-1.6479,0.082901,9.1553e-05
820,862,2,-0.95897,432.82,439.01,0,412.51,486.66,451.89,394.25,-0.0089965,0.001586,-1.5312,0.069789,6.1035e-05
821,863,3,-0.98668,492.51,526.62,0,466.88,594.12,519.79,454.77,-0.021466,0.0010993,-1.2293,0.041874,9.1553e-05
822,864,3,-1.0517,464.42,469.04,0,451.22,506.17,485.01,411.12,-0.0087295,0.0011341,-1.1437,0.066453,9.1553e-05
823,865,2,-0.9988,550.02,574.11,0,528.08,634.41,580.09,491.49,-0.019221,0.0014984,-1.0799,0.049004,0.00012207
824,866,0,-1.0058,373.98,394.37,0,364.97,423.84,385.56,356.49,-0.025137,0.0020775,-1.4814,0.053333,6.1035e-05
825,867,1,-0.91808,372.21,363.38,0,356.23,397.85,388.19,328.91,-0.018137,0.0015455,-1.5412,0.03003,3.0518e-05
826,868,1,-0.88699,372.77,375.4,0,356.6,428.59,386.17,331.33,-0.01867,0.00053542,-1.7508,0.083348,3.0518e-05
827,869,0,-1.0349,414.8,450.64,0,399.62,491.8,434.31,397.73,-0.010554,0.0037103,-1.7089,-0.0055379,3.0518e-05
828,870,0,-0.91633,352.41,372.71,0,341.37,411.52,364.16,331.4,-0.042203,0.0092912,-1.5756,0.079075,6.1035e-05
829,871,0,-0.95157,364.86,382.63,0,353.82,414.52,379.98,338.94,-0.016116,0.0022795,-1.5248,0.027525,3.0518e-05
830,872,3,-1.0233,489.14,517.33,0,461.52,573.99,522.47,448.95,0.0082586,0.0015205,-1.2619,0.05177,6.1035e-05
831,873,1,-1.0142,403.79,398.84,0,387.32,441.95,418.33,360.8,-0.009892,0.0018216,-1.5966,0.048433,6.1035e-05
832,874,2,-0.98941,515.57,531.02,0,486.2,582.71,544.94,479.34,-0.019472,0.0014702,-1.4303,0.070485,6.1035e-05
833,875,2,-1.0501,478.35,514.39,0,453.33,564.94,512.64,445.11,-0.024034,0.0014015,-1.2002,0.096794,6.1035e-05
834,876,1,-1.0335,452.99,466.79,0,436.2,519.85,470.86,410.31,-0.016069,0.0025299,-1.6843,0.068967,9.1553e-05
835,877,0,-0.98583,361.22,361.32,0,347.21,399.02,372.82,330.08,-0.020562,0.0061488,-1.8881,0.064232,6.1035e-05
836,878,2,-1.02,481.09,492.08,0,460.13,548.73,499.57,442.11,-0.016213,0.0021945,-1.6086,0.055728,0.00012207
837,879,3,-1.0188,505.65,505.46,0,485.54,541.74,531.5,458.81,-0.0079112,0.001531,-1.3605,0.036938,0.00012207
838,880,1,-1.0036,422.95,441.8,0,406.48,497.85,438.41,389.15,-0.005664,0.0017745,-1.8299,0.032496,6.1035e-05
839,881,0,-1.413,461.76,452.79,0.42188,450.39,498.9,470.61,416.93,-0.031148,0.30279,-1.8935,0.061331,6.1035e-05
840,882,1,-1.0853,530.03,526.93,0,498.18,580.51,558.13,479.65,-0.011225,0.019846,-1.6287,0.025988,0.00012207
841,883,1,-0.97534,337.24,335.55,0,328.43,363.27,348.58,299.9,-0.0077384,0.0097281,-1.404,0.06462,6.1035e-05
842,884,3,-0.92986,498.59,493.52,0,476.08,538.3,527.53,435.94,-0.0066092,0.0020326,-1.6008,0.076447,9.1553e-05
843,885,1,-0.93084,402.62,410.56,0,387.33,447.75,418.89,370.98,-0.028924,0.00094509,-1.8337,0.041578,6.1035e-05
844,886,2,-1.05,477.82,465.25,0,445.28,507.88,506.53,427.65,-0.0035461,0.002719,-1.5491,0.04028,6.1035e-05
845,887,1,-0.9811,484.19,504.58,0,463.08,552.78,508.12,449.96,-0.029421,0.0011994,-1.6103,0.1158,6.1035e-05
846,888,1,-1.0021,532.86,527.26,0,511.7,554.86,561.84,489.43,-0.016509,0.0016811,-1.5943,0.075032,0.00012207
847,889,1,-1.0112,467.9,459.62,0,438.94,516.09,485.27,425.73,-0.041618,0.00077299,-1.8744,0.054924,6.1035e-05
848,890,1,-0.88025,416.6,411.18,0,407.26,457.06,426.55,362.33,-0.030961,0.0054223,-1.7871,0.063955,6.1035e-05
849,891,2,-0.96267,489.64,500.76,0,476.22,548.15,508.02,435.83,-0.019342,0.0015483,-1.3104,0.030821,9.1553e-05
850,892,2,-1.0163,465.23,478.05,0,445.35,509.94,492.46,434.34,-0.014171,0.0011387,-1.2873,0.011954,6.1035e-05
851,893,1,-0.97083,360.12,339.48,0,348.08,371.61,372.93,305.27,-0.019071,0.0013545,-1.6026,0.025659,6.1035e-05
852,894,0,-1.0168,353.23,363.61,0,351.68,405.97,354.69,323.82,-0.035993,0.0020556,-1.8187,0.12449,6.1035e-05
853,895,0,-0.98081,342.1,324.33,0,328.28,347.69,349.85,311.22,-0.0087689,0.0039713,-2.067,0.023637,3.0518e-05
854,896,2,-0.98072,493.94,510.4,0,475.71,560.44,517.37,446.06,-0.013983,0.0031229,-1.3553,0.040344,6.1035e-05
855,897,3,-1.001,470.41,450.46,0,434.56,493.19,504.1,410.32,-0.018655,0.0018145,-1.3923,0.061367,6.1035e-05
856,898,3,-1.0266,592.14,574.97,0,546.58,622.16,640.65,524.73,-0.011229,0.0014672,-1.0952,0.028968,0.00012207
857,899,1,-0.95437,465.67,501.61,0,439.55,538.25,506.42,444.45,-0.02673,0.0018046,-1.4177,0.032973,6.1035e-05
858,900,1,-0.93236,437.68,436.3,0,418.19,492.43,451.9,395.34,-0.018818,0.0010959,-1.7655,0.05882,6.1035e-05
859,901,1,-0.97502,438.77,452.76,0,421.45,499.26,459.67,396.64,-0.01818,0.0016515,-1.3541,0.039683,9.1553e-05
860,902,2,-1.0047,561.34,580.17,0,526.79,645.3,603.05,501.55,-0.006597,0.0014993,-1.1161,0.08175,0.00012207
861,903,1,-0.99243,384.71,403.02,0,368.41,443.8,405.67,350.59,-0.019028,0.0012868,-1.4848,0.013141,6.1035e-05
862,904,1,-0.98483,375.21,371.32,0,358.27,420.57,389.25,330.52,-0.011874,0.00059008,-1.8389,0.039595,3.0518e-05
863,905,2,-1.0757,515.06,528.12,0,489.15,561.28,558.24,472.85,-0.0015794,0.0034128,-1.0928,0.070717,9.1553e-05
864,906,3,-0.97939,570.97,603.23,0,535.08,674.87,614.3,516.76,-0.0006194,0.0015993,-1.3565,0.046318,0.00012207
865,907,1,-1.0229,456.33,490.69,0,425.64,552.11,487.01,429.26,-0.02472,0.00094143,-1.586,0.077108,6.1035e-05
866,908,1,-0.90282,443.66,422.51,0,425.36,461.08,459.8,388.47,-0.015877,0.0028141,-1.6714,0.04698,6.1035e-05
867,909,2,-0.92691,496.41,497.88,0,468.26,565.08,519.74,442.19,-0.023466,0.0010758,-1.496,0.054872,6.1035e-05
868,910,3,-0.98931,504.25,523.86,0,462.16,587.8,541.39,467.44,-0.0179,0.0013102,-1.3357,0.040427,0.00012207
869,911,0,-1.01,365.37,382.82,0,353.7,407.13,384.82,342.29,-0.039649,0.0042195,-1.4985,0.1405,3.0518e-05
870,912,1,-0.87276,357.74,371.49,0,343.7,398.36,381.15,326.72,-0.031507,0.0066662,-1.5057,0.067535,6.1035e-05
871,913,1,-1.001,407.73,402.56,0,389.07,442.12,425.25,365.4,-0.020882,0.0036701,-1.6351,0.087263,3.0518e-05
872,914,0,-1.0087,397.07,424.02,0,389.02,475.4,405.63,369.32,-0.015246,0.0035102,-1.6478,0.078323,6.1035e-05
873,915,1,-1.0025,463.52,468.47,0,457.29,521.58,471.03,404.37,-0.019357,0.0022834,-1.8438,0.040963,6.1035e-05
874,916,2,-1.0521,502.78,513.23,0,485.56,584.45,521.1,437.42,-0.0081712,0.002879,-1.5448,0.066146,9.1553e-05
875,917,2,-1.0226,508.16,555.66,0,487.63,618.6,536.28,469.41,-0.013799,0.00098658,-1.3278,0.085163,9.1553e-05
876,918,2,-0.92426,427.53,404.88,0,413.43,450.65,438.49,369.29,-0.027052,0.0030649,-1.7736,0.048558,6.1035e-05
877,919,3,-0.96869,488.83,493.56,0,453.85,552.79,514.36,450.34,-0.011215,0.00083194,-1.7341,0.073675,6.1035e-05
878,920,2,-1.0824,432.24,416.07,0,408.33,465.51,447.56,384.38,-0.011344,0.0021871,-1.8805,0.075706,6.1035e-05
879,921,2,-0.94862,528.68,495.96,0,500.67,544.56,550.47,458.16,-0.01366,0.0016761,-2.1055,0.078114,9.1553e-05
880,922,1,-1.0008,364.43,360.92,0,350.23,396.35,380.52,320.77,-0.022674,0.0012999,-1.9041,0.031178,6.1035e-05
881,923,1,-1.1078,491.24,490.26,0,470.27,547.4,508.61,442.92,-0.049698,0.0034265,-2.0475,0.18249,6.1035e-05
882,924,3,-1.0483,544.79,533.67,0,500.64,576.97,583.75,495.46,-0.017273,0.0016299,-1.7373,0.045844,0.00012207
883,925,0,-0.97899,407.54,427.66,0,392.83,465.18,425.29,382.37,-0.012008,0.0026573,-1.7108,0.0075521,6.1035e-05
884,926,1,-0.95273,467.14,456.18,0,442.22,501.16,487.79,418.9,-0.030452,0.0011806,-1.9321,0.15046,6.1035e-05
885,927,0,-0.97422,458.79,495.32,0,446.23,536.54,477.14,435.07,-0.0049825,0.002826,-1.8368,0.023718,6.1035e-05
886,928,3,-0.98599,516.83,523.85,0,486.76,569.05,553.12,469.3,-0.016694,0.0019303,-1.4213,0.042876,0.00012207
887,929,0,-0.97805,414.59,441.78,0,404.91,467.1,433.06,393.43,-0.014631,0.0013361,-1.8002,0.0078175,6.1035e-05
888,930,0,-1.0099,382.66,375.34,0,366.93,408.1,395.7,348.2,-0.013432,0.001651,-1.9372,0.034751,6.1035e-05
889,931,0,-0.96023,393.51,388.86,0,383.36,415.05,405.76,357.25,-0.0085169,0.0019701,-1.9115,0.01546,6.1035e-05
890,932,2,-0.95159,526.32,538.21,0,491.95,583.31,570.5,480.23,-0.01162,0.0012265,-1.679,0.05596,0.00012207
891,933,2,-1.0045,545.96,530.28,0,516.5,605.79,567.45,475.18,-0.022202,0.0017471,-1.8229,0.094532,0.00012207
892,934,1,-1.0652,460.29,446.4,0,448.25,465.07,481.76,413.11,-0.0034567,0.0030935,-1.8774,0.018235,6.1035e-05
893,935,2,-1.0319,477.64,486.58,0,451.35,525.28,509.36,439.87,-0.0125,0.0020992,-1.5847,0.043575,9.1553e-05
894,936,0,-0.99064,421.59,421.17,0,404.86,462.1,436.35,385.05,-0.009895,0.0017219,-2.0609,0.089612,6.1035e-05
895,937,3,-0.98499,509.09,480.25,0,481.01,505.13,537.18,455.37,-0.016812,0.0017937,-2.0956,0.11988,9.1553e-05
896,938,1,-0.88829,429.38,426.65,0,412.39,454.66,451.23,390.65,-0.0026763,0.0044561,-1.7728,0.085575,9.1553e-05
897,939,2,-0.96266,533.81,540.74,0,507.84,594.19,561.45,483.85,-0.018333,0.0011727,-1.7887,0.044227,6.1035e-05
898,940,1,-0.96015,478.81,452.57,0,453.89,498.76,496.99,418.87,-0.013765,0.00075497,-1.9605,0.11162,9.1553e-05
899,941,2,-0.97752,566.3,540.23,0,540.63,619.02,582.75,489.72,-0.0042142,0.0012146,-1.7561,0.069439,0.00012207
900,942,2,-0.96484,543.72,541.09,0,507.03,583.99,585.3,492.46,-0.0088017,0.0012479,-1.6561,0.021185,0.00012207
901,943,0,-1.007,394.47,392.23,0,381.98,419.26,408.61,361.6,-0.037269,0.0033892,-1.9089,0.12204,6.1035e-05
902,944,3,-0.95378,496.32,486.24,0,472.63,511.93,530.94,448.7,-0.014039,0.0026021,-1.473,0.044659,6.1035e-05
903,945,3,-1.0255,582.07,545.35,0,543.89,584.01,622.7,504.21,-0.023968,0.0011081,-1.3999,0.061083,0.00012207
904,946,0,-0.98008,343.85,344.15,0,333.28,371.35,355.11,315.19,-0.011286,0.00083436,-2.2192,0.0087835,3.0518e-05
905,947,2,-1.013,512.35,492.9,0,478.12,525.08,544.51,462.68,-0.01991,0.0019082,-1.8747,0.05415,0.00012207
906,948,1,-0.99856,429.91,416.87,0,412.65,451.76,446.11,384.1,-0.017067,0.00099146,-1.9276,0.090934,6.1035e-05
907,949,1,-0.93759,402.51,390.15,0,380.64,422.58,418.48,366.49,-0.018119,0.0019696,-1.759,0.031254,6.1035e-05
908,950,2,-1.0156,528.65,522.39,0,508.23,573.89,551.78,464.03,-0.0028261,0.001516,-1.6235,0.05439,0.00012207
909,951,0,-0.9757,377.2,384.5,0,363.01,419.76,390.53,351.37,-0.014026,0.00069019,-2.1366,0.017984,3.0518e-05
910,952,0,-0.86834,437.7,434.68,0,419.88,467.49,452.47,407.5,-0.035907,0.0018853,-2.2,0.10361,6.1035e-05
911,953,0,-1.7204,467.44,462.94,0.75,459.68,502.02,476.24,418.64,-0.014963,0.52298,-1.884,0.091893,3.0518e-05
912,954,2,-1.1368,606.88,581.8,0,580.39,644.35,626.21,536.17,-0.0035555,0.06091,-1.7475,0.050828,0.00012207
913,955,0,-0.96555,453.72,473.58,0,443.83,505.93,468.17,426.31,-0.0030997,0.042537,-1.8683,0.010255,6.1035e-05
914,956,1,-1.0263,407.47,378.76,0,400.63,408.53,414.76,347.07,-0.022941,0.0037202,-2.092,0.029151,6.1035e-05
915,957,0,-0.9808,433.71,434,0,416.24,471.39,448.18,403.02,-0.012357,0.0040251,-2.2397,0.042655,6.1035e-05
916,958,0,-1.7557,468.1,463.45,0.875,459.97,504,477.32,417.49,-0.0051137,0.28657,-2.1384,0.02451,3.0518e-05
917,959,1,-1.0006,420.44,400.8,0,403.81,455.98,429.15,371.89,-0.013026,0.12077,-2.4176,0.019356,6.1035e-05
918,960,2,-0.95978,597.65,576.67,0,566.61,614.82,632.82,533.42,-0.034793,0.0045996,-1.5307,0.38091,0.00012207
919,961,0,-1.0093,408.79,398.08,0,388.52,429.42,423.59,375.2,-0.018044,0.010342,-1.8948,0.039723,6.1035e-05
920,962,1,-1.0181,381.15,370.71,0,366.68,409.69,394.74,334.1,-0.010641,0.005518,-2.0451,0.071387,3.0518e-05
921,963,1,-1.0416,486.77,464.37,0,470.49,498.33,502.07,432.48,-0.0095128,0.002826,-1.8122,0.043597,6.1035e-05
922,964,2,-1.0725,551.66,516.39,0,540.52,568.22,562.81,464.55,-0.024694,0.0037041,-1.6669,0.10861,6.1035e-05
923,965,2,-0.97763,486.4,482.1,0,458.09,521.98,512.99,444.62,-0.022102,0.0024238,-1.6734,0.033572,9.1553e-05
924,966,2,-1.039,501.23,472.85,0,483.74,506.56,517.65,441.18,-0.024141,0.0021722,-1.7334,0.066794,0.00012207
925,967,3,-0.96294,569.73,552.58,0,529.37,585.94,612.69,517.06,-0.0108,0.0017443,-1.4822,0.097872,0.00012207
926,968,3,-0.99101,505.88,479.77,0,466.85,523.01,536.23,446.13,-0.019444,0.00093211,-1.9139,0.083593,0.00012207
927,969,0,-1.0017,388.45,386.66,0,379.06,414.34,399.79,353.25,-0.031775,0.0036648,-1.9318,0.17597,3.0518e-05
928,970,3,-0.97323,559.72,539.67,0,538.6,576.24,586.87,492.64,-0.0031833,0.0021322,-1.4952,0.056421,0.00018311
929,971,3,-1.0518,513.96,499.3,0,496.65,527.16,539.26,458.58,-0.0065738,0.0012583,-1.3369,0.058938,9.1553e-05
930,972,0,-0.98141,358.91,352.95,0,350.03,382.6,366.27,328.37,-0.013508,0.0021867,-1.852,0.038545,6.1035e-05
931,973,3,-1.0681,484.92,464.89,0,439.45,494.72,516.03,444.48,-0.018334,0.0020521,-1.7367,0.082898,0.00012207
932,974,0,-0.98255,396.48,407.08,0,381.98,448.53,410.09,368.14,-0.03297,0.0013861,-1.9698,0.086637,6.1035e-05
933,975,3,-0.99878,466.75,457.85,0,451.6,490.18,488.9,410.6,-0.012859,0.001271,-1.2095,0.086534,0.00012207
934,976,2,-1.0315,522.89,517.22,0,506.36,556.07,545.54,463.98,-0.019618,0.001644,-1.3826,0.02916,6.1035e-05
935,977,2,-0.91119,430.66,430.8,0,416.07,475.04,446.18,383.71,-0.018413,0.0011644,-1.496,0.036247,9.1553e-05
936,978,3,-0.94263,567.97,527,0,539.18,561.72,598.63,490.04,-0.0063133,0.00087616,-1.6681,0.072949,0.00012207
937,979,1,-0.9692,377.95,376.94,0,362.27,416.27,393.62,337.6,-0.041189,0.0048084,-1.678,0.17862,3.0518e-05
938,980,2,-1.0333,493.77,467.38,0,465.86,489.38,525.4,442.44,-0.026419,0.0019806,-1.7484,0.053204,6.1035e-05
939,981,2,-1.0547,535,499.27,0,508.11,541.28,552.24,472.33,-0.005894,0.00095408,-1.9755,0.053765,0.00012207
940,982,0,-0.99101,364.88,356.67,0,352.81,377.51,376.21,337.08,-0.016954,0.0025145,-2.0961,0.017389,3.0518e-05
941,983,0,-1.2105,454.77,478.61,0.23438,445.46,539.4,463.52,421.51,-0.01077,0.11593,-1.7699,0.018203,3.0518e-05
942,984,3,-1.0624,535.6,515.27,0,508.34,570.21,559.65,466.79,-0.009006,0.0070163,-1.5298,0.057915,0.00012207
943,985,2,-1.013,509.52,497.86,0,490.83,540.58,530.7,449.44,-0.015159,0.0021182,-1.5922,0.045446,6.1035e-05
944,986,0,-0.98519,413.74,413.49,0,400.09,446.22,426.57,382.74,-0.016699,0.0042142,-2.0586,0.0070219,6.1035e-05
945,987,0,-0.91451,393.12,406.25,0,377.67,447.4,409.58,362.44,-0.018929,0.0038894,-1.9827,0.16968,6.1035e-05
946,988,0,-1.0574,429.62,443.57,0.015625,417.27,513.59,438.07,395.66,-0.029412,0.017024,-2.1988,0.22949,6.1035e-05
947,989,1,-0.98421,352.6,337.64,0,342.09,365.03,364.5,306.59,-0.014538,0.0031012,-1.8024,0.013118,3.0518e-05
948,990,0,-0.95759,448.94,477.12,0,432.57,505.35,474.49,433.08,-0.0064203,0.0018646,-1.7144,0.00044214,6.1035e-05
949,991,2,-1.0631,512.77,523.56,0,490.49,571.34,539.65,465.89,-0.0046549,0.0039852,-1.4076,0.09855,0.00012207
950,992,2,-1.051,559.84,578.14,0,522.23,619.93,614.79,517.06,-0.018308,0.0013481,-1.3992,0.054004,0.00012207
951,993,0,-0.96339,411.88,456.61,0,400.73,486.99,436.41,389.76,-0.019799,0.0057193,-1.5427,0.038698,6.1035e-05
952,994,1,-0.99419,349.58,334.8,0,334.71,351.79,367.52,314.3,-0.014322,0.003402,-2.0222,0.031737,6.1035e-05
953,995,1,-0.93861,431.97,407.44,0,415.54,437.45,445.58,382.58,-0.028303,0.0013465,-2.0966,0.048372,6.1035e-05
954,996,0,-1.0346,457.74,478.05,0.0625,447.76,519.53,469.78,427.98,-0.005063,0.033745,-1.697,0.097924,6.1035e-05
955,997,0,-0.93213,406.62,408.66,0,390.1,441.84,421.19,379.38,-0.027228,0.0044845,-1.9717,0.047099,6.1035e-05
956,998,1,-1.0568,494.74,471.24,0,472.66,493.37,519.78,446.17,-0.015618,0.0035555,-1.4762,0.064505,6.1035e-05
957,999,3,-1.0031,528.52,502.9,0,509.11,549.37,547.93,456.43,-0.013424,0.0018097,-1.4887,0.047174,0.00012207
958,1000,1,-0.94961,386.05,372.26,0,377.56,397.88,396.96,339.33,-0.037533,0.002077,-1.6975,0.099188,6.1035e-05
959,1001,0,-0.95179,376.18,378.97,0,357.82,407.16,394.54,350.78,-0.02019,0.0016093,-1.8194,0.039946,6.1035e-05
960,1002,3,-0.9647,512.91,542.09,0,492.05,574.6,550.09,484.13,-0.0049378,0.0013998,-1.2173,0.071798,0.00012207
961,1003,3,-1.0403,556.5,532.29,0,536.42,580.47,579.27,477.7,-0.0085721,0.0012232,-1.3889,0.043166,0.00012207
962,1004,1,-1.0165,428.93,414.76,0,424.07,459.49,433.5,372.74,-0.030229,0.0030019,-1.8105,0.21876,6.1035e-05
963,1005,2,-1.0426,510.91,503.58,0,484.77,543.88,540.54,457.91,-0.020703,0.00094231,-1.5516,0.10049,9.1553e-05
964,1006,2,-0.9144,545.38,514.06,0,508.2,564.6,563.54,489.37,-0.013842,0.0014993,-1.7463,0.039327,6.1035e-05
965,1007,1,-0.99143,372.24,365.38,0,359.93,392.29,389.11,328.49,-0.030687,0.0011945,-1.7323,0.093622,9.1553e-05
966,1008,0,-0.9914,384.22,397.28,0,374.72,425.53,395.69,363.17,-0.025205,0.0022702,-1.9093,0.14387,6.1035e-05
967,1009,0,-1.4156,465.87,473.6,0.51562,460.86,521,471.54,419.88,-0.010461,0.23133,-1.7424,0.0098254,6.1035e-05
968,1010,0,-0.9858,441.81,450.14,0.0625,429,484.69,458.28,405.72,-0.017647,0.13361,-1.847,0.071447,6.1035e-05
969,1011,3,-0.95476,497.37,457.92,0,467.21,499.61,520.82,425.49,-0.0080693,0.016532,-2.0575,0.053974,9.1553e-05
970,1012,3,-1.0563,547.72,486.21,0,528.01,528.89,561.21,457,0.00026897,0.0035276,-2.0365,0.034846,6.1035e-05
971,1013,3,-1.0713,510.38,496.69,0,484.84,524.55,545.38,458.52,-0.012186,0.0024735,-1.4748,0.062533,0.00012207
972,1014,2,-0.95729,456.25,437.18,0,447.98,466.47,469.16,391.51,-0.016547,0.0019508,-1.7164,0.074841,9.1553e-05
973,1015,1,-0.92087,544.76,550.03,0,527.67,585.52,571.42,494.65,-0.023825,0.0011906,-1.4973,0.11424,0.00012207
974,1016,2,-1.0371,447.65,427.47,0,427.78,457.63,466.31,399.13,-0.01769,0.0015576,-1.6993,0.018227,6.1035e-05
975,1017,0,-0.95582,428.27,437.86,0,411.44,473.47,445.09,402.26,-0.02918,0.0015963,-1.5826,0.051149,6.1035e-05
976,1018,1,-0.967,347.74,330.13,0,339.19,345.66,361.08,305.91,-0.016496,0.002155,-1.6575,0.047725,6.1035e-05
977,1019,2,-1.0082,610.57,614.27,0,572.42,647.05,662.85,569.34,-0.021336,0.0034304,-1.1374,0.055939,0.00012207
978,1020,3,-1.0342,580.15,553.86,0,527.52,614.63,613.88,514.9,-0.016581,0.0012909,-1.4753,0.035913,0.00018311
979,1021,2,-1.05,511.95,498.67,0,481.79,544.4,538.55,458.31,-0.011878,0.0023188,-1.7697,0.12624,0.00012207
980,1022,0,-0.97287,402.6,383.71,0,389.9,421,409.73,362.8,-0.021179,0.0043463,-2.1135,0.033984,6.1035e-05
981,1023,1,-0.90097,341.92,337.09,0,332.09,360.47,356.28,302.93,-0.018481,0.002189,-1.814,0.03643,3.0518e-05
982,1024,2,-0.94803,486.29,465.15,0,444.59,501.37,520.85,435.13,-0.024054,0.0014254,-1.5016,0.20706,9.1553e-05
983,1025,2,-1.0004,564.27,564.88,0,544.13,616.46,587.09,506.43,-0.010877,0.0014665,-1.6332,0.049275,0.00012207
984,1026,2,-0.94213,545.4,542.88,0,524.79,592.37,568.77,486.8,-0.019924,0.001565,-1.5389,0.088456,0.00012207
985,1027,0,-0.98122,383.69,377.6,0,369.35,408.87,394.85,353.27,-0.0088268,0.0011744,-2.3164,0.01317,6.1035e-05
986,1028,3,-0.9395,498.36,477.52,0,483.07,526.6,512.72,431.41,-0.0086432,0.0011857,-1.597,0.043599,9.1553e-05
987,1029,3,-0.99854,565.59,528.29,0,531.58,560.13,595.6,500.2,-0.012136,0.00084406,-1.6251,0.049693,0.00012207
988,1030,0,-1.0008,316.58,310.78,0,310.39,326.23,323.61,293.27,-0.038756,0.0022154,-2.1258,0.076756,6.1035e-05
989,1031,3,-0.97114,500.67,498.85,0,469.49,537.57,536.01,454.96,0.0059394,0.00094858,-1.4195,0.074918,0.00012207
990,1032,3,-1.0719,569.99,538.6,0,534.51,578.03,599.4,505.94,-0.0084426,0.001186,-1.4076,0.048929,0.00012207
991,1033,0,-1.2754,441.72,453.98,0.32812,450.93,526.09,432.51,381.87,-0.013943,0.12323,-1.7505,0.062049,6.1035e-05
992,1034,1,-0.9991,490.23,488.91,0,473.69,524.8,512.9,439.73,-0.021313,0.019519,-1.7066,0.088148,6.1035e-05
993,1035,3,-1.0119,566.15,545.91,0,524.75,587.18,605.04,507.14,-0.00015294,0.0050161,-1.4641,0.05786,0.00012207
994,1036,3,-0.93232,522.08,508.74,0,489.79,556.65,550.57,466.47,-0.007707,0.002267,-1.354,0.035714,0.00012207
995,1037,0,-0.98678,461.29,474.11,0,447.25,506.07,477.21,437.88,-0.016505,0.0017661,-1.7742,0.061304,6.1035e-05
996,1038,1,-1.0285,380.49,359.13,0,382.39,384.58,377.88,324.26,-0.020396,0.0033886,-1.7399,0.23984,3.0518e-05
997,1039,2,-0.99124,527.24,529.19,0,506.03,575.1,554.52,470.16,-0.019071,0.001854,-1.2692,0.090529,6.1035e-05
998,1040,1,-0.87122,465.89,484.05,0,454.45,534.04,480.6,419.77,-0.020899,0.0021043,-1.1781,0.12151,6.1035e-05
999,1041,3,-1.0553,514.11,512.64,0,490.98,543.53,540.34,477.65,-0.0128,0.0017083,-0.95865,0.086998,0.00012207
